age,account_balance,recency_days,frequency,monetary_total,monetary_avg,share_ATM Withdrawal,share_Airtime/Data,share_Bill Payment,share_Loan Repayment,share_Other/Unclassified,share_POS Purchase,share_Salary Credit,share_Savings Deposit,share_Transfer,location
37,18817.93,222,7,42112.560000000005,6016.080000000001,0.12546803139016,0.1141863615035514,0.0,0.1066814746004517,0.0,0.2427919366573773,0.1684257618154774,0.2424464340329821,0.0,Edo
33,21414.28,130,11,94522.05,8592.913636363637,0.0165838553014878,0.0652751395044859,0.4825373550404376,0.0,0.048490167109156,0.0,0.0,0.2758926620825511,0.1112208209618813,Rivers
34,17345.83,170,9,56047.06,6227.451111111111,0.1126919056949642,0.4216988366561957,0.0859996938287217,0.0,0.0288641366737166,0.0548492641719298,0.0,0.0,0.2958961629744718,Lagos
60,42563.79,26,8,188895.34,23611.9175,0.0,0.0095857314426073,0.0,0.0216524663869421,0.0,0.3998214566860146,0.2353044813069501,0.0,0.3336358641774858,Kwara
20,14084.71,26,5,19563.33,3912.666,0.0,0.0,0.2196052512532375,0.3239637628154307,0.0,0.1703447214763539,0.1836788522199441,0.1024074122350336,0.0,Kwara
36,71258.53,153,10,82528.37000000001,8252.837000000001,0.0,0.5226966193564709,0.0841977128592264,0.1856560356153889,0.0,0.0508758382117567,0.0464286402360788,0.0,0.1101451537210779,Anambra
28,32461.65,100,8,129539.52,16192.44,0.0697314611016005,0.3941726818194169,0.0903437036048921,0.0,0.0,0.0,0.2456226485940352,0.2001295048800551,0.0,Delta
21,12226.78,30,8,106271.09,13283.88625,0.2116904042294099,0.558457808233641,0.0561720972279478,0.0,0.051665321208242,0.0,0.1220143691007592,0.0,0.0,Kano
54,34106.14,46,4,9234.03,2308.5075,0.1882861545825604,0.0,0.1160002729035968,0.0,0.0,0.6957135725138429,0.0,0.0,0.0,Rivers
18,38378.41,218,8,122467.0,15308.375,0.0,0.0212296373717001,0.0,0.0148400793683196,0.0,0.4902888124964276,0.4156857765765471,0.0579556941870054,0.0,Edo
65,6638.03,671,1,27208.16,27208.16,0.0,0.0,0.0,0.0,0.0,1.0,0.0,0.0,0.0,Delta
38,7576.28,28,6,106029.35,17671.55833333333,0.0120058266885536,0.0,0.0718403913633347,0.0,0.0,0.0,0.0,0.688392034846955,0.2277617471011564,Edo
22,4109.6,239,9,46973.11,5219.234444444444,0.0,0.0093632293028926,0.2601639533767298,0.1136609860407369,0.0,0.0412438094901529,0.0314622557458937,0.5261386780649611,0.0179670879786328,Abuja FCT
59,82153.13,42,5,13192.96,2638.592,0.0533375375958086,0.0782493087222276,0.7861291173474337,0.0822840363345299,0.0,0.0,0.0,0.0,0.0,Imo
37,32325.1,154,5,16984.760000000002,3396.952,0.0527720144411813,0.0,0.0,0.0,0.0,0.7758902686879297,0.0,0.0,0.1713377168708889,Imo
36,20286.98,164,3,16039.07,5346.356666666667,0.0,0.0,0.7345712687830405,0.0,0.0,0.1308629490363219,0.0,0.1345657821806376,0.0,Kaduna
36,67741.14,84,5,44737.27,8947.454000000002,0.0,0.0,0.0,0.0,0.0,0.4368031397534985,0.1404871151055931,0.2408287318381295,0.1818810133027786,Cross River
37,40610.95,33,8,85245.2,10655.65,0.2806779736571678,0.2649434806886487,0.0,0.0,0.0,0.3659386100331748,0.0884399356210085,0.0,0.0,Rivers
42,6494.54,124,6,18499.09,3083.181666666667,0.011608679129622,0.0,0.514962627891426,0.0,0.0,0.0,0.0961198631932706,0.323781872513729,0.0535269572719523,Abuja FCT
23,89704.18,61,6,23774.56,3962.426666666666,0.0,0.0869597586664064,0.3300326062816725,0.0411275750213673,0.0,0.0,0.0,0.4435139914261294,0.0983660686044242,Anambra
18,11768.4,125,6,123747.45,20624.575,0.0,0.0426947787610977,0.2290038299779106,0.4214024612224333,0.0,0.0124765399206205,0.0,0.2347515847801308,0.0596708053378069,Delta
41,44238.71,269,4,12803.9,3200.975,0.0,0.0,0.0,0.2764438960004373,0.0,0.0,0.6524629214536195,0.0,0.071093182545943,Abuja FCT
42,62393.46,48,6,76374.25,12729.041666666666,0.0451298703424256,0.5418128492260154,0.0,0.1034909017109824,0.0,0.0,0.0,0.0046285233570215,0.3049378553635551,Kaduna
27,74095.38,324,4,23591.9,5897.975,0.8276315175971414,0.0,0.0,0.0,0.0,0.1375917158007621,0.0,0.0,0.0347767666020964,Edo
47,41067.78,70,8,86081.88,10760.235,0.0,0.0,0.0140067805210573,0.0169150580819099,0.0,0.5135339748620732,0.2502229272873687,0.0095470730890171,0.1957741861585736,Abuja FCT
32,52727.52,107,4,81075.86,20268.965,0.6281751436247485,0.0,0.1933749453906502,0.0,0.0,0.0,0.0095741198428237,0.1688757911417776,0.0,Lagos
49,10573.16,351,2,4317.6900000000005,2158.8450000000003,0.0,0.0,0.0,0.506249869722004,0.0,0.4937501302779958,0.0,0.0,0.0,Ogun
76,11722.72,526,5,66357.51,13271.502,0.0,0.0,0.2040528645514276,0.7372767603847703,0.0,0.0586703750638021,0.0,0.0,0.0,Kwara
46,276890.68,206,7,115786.43,16540.91857142857,0.388019217796075,0.0,0.1094878734926018,0.502492908711323,0.0,0.0,0.0,0.0,0.0,Plateau
35,12477.61,144,7,120880.04,17268.577142857142,0.044187940374606,0.6132786686701955,0.0072813509988911,0.0311348341711336,0.0,0.0,0.1813105786530183,0.1228066271321551,0.0,Anambra
18,11827.92,72,11,405018.91,36819.90090909091,0.0295240288904041,0.0,0.104958284540344,0.0099909902972184,0.0,0.3547136107793091,0.0167736859496264,0.4785287679530816,0.0055106315900163,Plateau
37,39139.19,36,10,118186.96,11818.696,0.0,0.1229878490825045,0.0,0.1152117797090304,0.0,0.2565301620415653,0.0230549969302874,0.2185372227189869,0.2636779895176253,Unknown
37,12665.97,382,4,32133.870000000003,8033.467500000001,0.0466601128342151,0.1802994784008275,0.0,0.0,0.0,0.0,0.6570643374109623,0.0,0.115976071353995,Unknown
34,38200.47,311,2,8494.0,4247.0,0.0,0.0,0.0,0.0,0.4063197551212621,0.0,0.0,0.5936802448787379,0.0,Kaduna
32,26249.47,225,5,46159.12,9231.824,0.0058586472185778,0.0,0.14272434136526,0.7902046226184555,0.044093778217609,0.0,0.0,0.0171186105800977,0.0,Lagos
58,139571.18,2,7,22775.78,3253.682857142857,0.0,0.0301680118090357,0.0,0.1803841624743477,0.0,0.1319454262378719,0.2402653169287725,0.0,0.4172370825499719,Kwara
33,42519.89,41,8,68253.24,8531.655,0.0802153861120732,0.3103813093708079,0.0,0.0,0.0,0.0,0.3714745263375043,0.1711819101921022,0.0667468679875124,Abuja FCT
44,5191.32,158,5,16135.925,3227.185,0.0,0.3138924480623206,0.3035394624107388,0.0,0.193018993333199,0.0,0.0,0.1895490961937416,0.0,Rivers
46,23827.5,17,6,31419.67,5236.611666666667,0.2657153942100601,0.0,0.0406127753728794,0.1127637559528792,0.0,0.0,0.0,0.0,0.5809080744641811,Abuja FCT
43,23543.73,59,7,53893.880000000005,7699.125714285715,0.0,0.456036566675103,0.2714298914830403,0.0,0.0,0.2005940192096022,0.0502734262220496,0.0,0.0216660964102046,Edo
41,56339.49,238,6,41712.47,6952.078333333334,0.0128517922817804,0.1182418590891404,0.0,0.0930071990462324,0.0,0.0603301602614278,0.0,0.0,0.7155689893214187,Kaduna
29,23309.5,231,7,34644.38,4949.197142857142,0.0,0.4848757576264895,0.0,0.0,0.0,0.1463712151869942,0.3629102324821515,0.0,0.0058427947043647,Rivers
19,5943.55,5,4,46208.77,11552.1925,0.0,0.0,0.0,0.1516329043166481,0.3696893468490937,0.3696893468490937,0.0,0.0,0.1089884019851642,Plateau
44,261973.05,245,7,97804.82,13972.117142857142,0.0191642906760627,0.0,0.0059174997714836,0.0790782090289619,0.0,0.8102763238049004,0.0514515542281045,0.0341121224904866,0.0,Kwara
46,14991.71,149,5,87670.17,17534.034,0.0,0.0,0.0024950333733811,0.0,0.0,0.7786118128891504,0.1704631119113833,0.0,0.0484300418260852,Ogun
38,94072.28,157,6,23194.46,3865.743333333333,0.0,0.0,0.0,0.1134313969801409,0.0,0.0,0.0597392653245645,0.0,0.8268293376952945,Kano
37,5628.11,215,5,32629.9,6525.9800000000005,0.0,0.0,0.0,0.0217935084079326,0.0,0.0,0.0,0.064510157861348,0.9136963337307192,Unknown
37,36236.485,87,3,81186.14,27062.046666666665,0.0,0.0,0.9807246655648366,0.0,0.0,0.0,0.0116211954405025,0.0076541389946609,0.0,Unknown
40,36822.03,32,8,97271.89,12158.98625,0.1170001939923239,0.0187010862028074,0.2068304625313644,0.0,0.0,0.0,0.5240335106061988,0.1026009672475779,0.0308337794197275,Kaduna
20,131700.33,5,5,39455.64,7891.128,0.0478486725852121,0.3070493850815751,0.6079384341503521,0.0,0.0,0.0,0.0371635081828605,0.0,0.0,Cross River
36,212404.08,96,6,109973.05,18328.841666666667,0.0,0.0660329962659033,0.203245977082567,0.6366572537544426,0.0,0.0185755510099974,0.0,0.0754882218870896,0.0,Enugu
20,8478.56,4,4,11067.24,2766.81,0.0,0.0,0.4369382068157915,0.0,0.1599802660826005,0.1193974288079051,0.0,0.2836840982937028,0.0,Delta
40,121006.25,196,3,48948.74,16316.246666666666,0.0,0.0,0.044349047595505,0.0,0.8466918658171793,0.0,0.0,0.0,0.1089590865873156,Kwara
24,52587.9,280,1,1884.08,1884.08,0.0,0.0,0.0,0.0,0.0,0.0,1.0,0.0,0.0,Oyo
58,95261.94,116,5,100827.79,20165.558,0.0090388770794242,0.0,0.0,0.0,0.626209897092855,0.0,0.0,0.0,0.3647512258277207,Imo
21,20223.78,413,3,177102.94,59034.31333333333,0.0,0.035209127527753,0.9598265844711557,0.0049642880010913,0.0,0.0,0.0,0.0,0.0,Oyo
40,30725.67,6,8,158041.34000000003,19755.167500000003,0.0613212340517993,0.0052800741881839,0.0088221221105819,0.2512505905100526,0.561505616188777,0.0,0.0918392618032724,0.0199811011473327,0.0,Ogun
23,33702.98,11,6,54203.5,9033.916666666666,0.5754237272500853,0.0631782080492957,0.2147684190135323,0.0498128349645318,0.0,0.0,0.0,0.0968168107225548,0.0,Enugu
33,18644.52,18,6,170307.45,28384.575,0.0031348599253878,0.0246513584696382,0.0,0.1504075717180898,0.0,0.0331125855034527,0.7040504100084876,0.0846432143749436,0.0,Plateau
27,17728.39,151,8,62673.62,7834.202499999999,0.0,0.0,0.316529825467238,0.3395209978297088,0.0,0.0057922296494123,0.1710603280933828,0.0087491356012306,0.1583474833590272,Lagos
29,38475.58,64,9,25590.44,2843.382222222222,0.0,0.0,0.1477309495264637,0.0676315061405743,0.0,0.0,0.0546915176136088,0.7299460267193529,0.0,Edo
36,37714.99,95,10,105311.4,10531.14,0.0,0.0,0.3825002801216203,0.0316887820311951,0.0,0.5075715449609445,0.0144945371536224,0.0,0.0637448557326177,Abuja FCT
45,31523.06,226,3,31233.59,10411.196666666669,0.2099848272324763,0.0,0.0,0.0,0.0,0.0,0.0,0.0,0.7900151727675238,Abuja FCT
35,74166.1,25,9,84318.09999999999,9368.677777777775,0.0,0.2159711853089668,0.4560520220450887,0.0050664092288607,0.0,0.0,0.1053340860384662,0.0591142352590962,0.1584620621195211,Ogun
41,10602.28,210,4,8740.869999999999,2185.2175,0.0,0.0,0.0,0.2291053407727148,0.0,0.4824794328253367,0.2884152264019485,0.0,0.0,Abuja FCT
31,94740.5,499,6,40978.6,6829.766666666666,0.2047583372784819,0.0,0.0,0.0,0.0,0.0,0.0367042797948197,0.0519903071359197,0.7065470757907787,Anambra
27,20885.27,13,3,10550.45,3516.816666666667,0.6867015151012515,0.0,0.0,0.0,0.0,0.0,0.0,0.3132984848987484,0.0,Kaduna
37,36236.485,42,5,62449.4,12489.88,0.0,0.0,0.0381608149958206,0.1415951154054322,0.0,0.6105707981181564,0.0,0.2096732714805906,0.0,Unknown
33,6766.86,21,9,47951.24,5327.915555555555,0.5345505142307061,0.0073059633077267,0.0,0.0,0.0,0.3355721353608374,0.0,0.0,0.1225713871007298,Rivers
37,36588.15,102,10,69987.28,6998.728,0.2934824728150601,0.1555029713970881,0.1915766693604895,0.06995213987456,0.0,0.0468499418751521,0.2426358046776499,0.0,0.0,Edo
44,17504.62,158,4,39987.09,9996.7725,0.1939298408561363,0.2977653537679286,0.0,0.0,0.0,0.0,0.4126574351872067,0.0,0.0956473701887284,Edo
46,42664.53,25,6,45127.75,7521.291666666667,0.0,0.2716734160245082,0.1274109611048634,0.0,0.0,0.0,0.0,0.3855343995656775,0.2153812233049509,Delta
32,22053.89,375,2,57442.6,28721.3,0.950322582891443,0.0,0.0,0.0,0.0,0.0,0.049677417108557,0.0,0.0,Abuja FCT
18,12377.68,60,5,17860.6,3572.12,0.0,0.0628080803556431,0.4344708464441284,0.0,0.0,0.1715250327536589,0.1206773568637111,0.2105186835828583,0.0,Kaduna
27,7949.39,8,4,120330.03,30082.5075,0.0076971642074717,0.0,0.0,0.7152566985980141,0.0,0.0,0.0,0.2770461371945141,0.0,Delta
32,10373.73,19,5,54749.14,10949.828,0.0,0.0,0.3786567241056207,0.0,0.0814944307800999,0.0,0.3160164707610019,0.0327734828346162,0.1910588915186613,Edo
45,105345.76,352,3,30349.96,10116.653333333334,0.0,0.5472886949439142,0.0,0.0,0.2584728283002679,0.1942384767558178,0.0,0.0,0.0,Kano
18,92241.36,1,5,512797.1941500111,102559.43883000224,0.0,0.0,0.0356570593766763,0.0,0.0008552113876654,0.000813869507792,0.0,0.9168644242083572,0.0458094355195088,Kano
46,26134.83,58,8,98057.79,12257.22375,0.1982220892394168,0.0,0.0,0.4161367495637011,0.0,0.014069356447866,0.2098636936443295,0.0,0.1617081111046863,Cross River
34,179617.83,64,8,110796.18,13849.5225,0.0200439220918988,0.0,0.0,0.0,0.300423895480873,0.0086734037220416,0.1283226551673532,0.5359297585891499,0.0066063649486832,Cross River
39,11617.2,189,6,57398.560000000005,9566.426666666668,0.3515999356081407,0.0,0.4199756927699928,0.0,0.0,0.0,0.0,0.0,0.2284243716218664,Plateau
33,202755.22,36,7,38977.95,5568.278571428571,0.1138856712577239,0.1359945815518774,0.113762781264792,0.0,0.2624471015022596,0.1007182265870832,0.14256239745805,0.0,0.1306292403782138,Enugu
36,95378.52,90,7,93096.18,13299.454285714284,0.0,0.0611138931801498,0.3217971994124786,0.0,0.0,0.0,0.1017000912389745,0.0237954983759806,0.4915933177924164,Lagos
27,17995.72,272,4,8358.54,2089.635,0.3523103317086477,0.1656485462772206,0.0,0.0,0.0,0.0,0.0,0.4820411220141316,0.0,Ogun
54,62352.19,96,5,25964.87,5192.974,0.2860464928189511,0.0,0.0,0.0996053513843897,0.0,0.588945756323833,0.0254023994728261,0.0,0.0,Kaduna
54,23485.71,69,7,543891.9641500112,77698.85202143017,0.0,0.0,0.8651666418447514,0.0,0.0189681052120758,0.0990879688473126,0.0,0.0075614832927843,0.0092158008030755,Delta
52,1669.1,205,5,27111.2,5422.24,0.0,0.4950769423706807,0.0598818938298562,0.3525247868039777,0.0,0.0,0.0271028209743574,0.0654135560211278,0.0,Plateau
37,28884.82,13,9,147142.89,16349.21,0.2007167998399379,0.0,0.6419653032504664,0.0193332481100513,0.0073500663198881,0.0,0.0832077581186559,0.0,0.0474268243610003,Kaduna
19,134643.62,43,7,34612.21,4944.601428571428,0.2825439346404058,0.2299711575770515,0.0,0.0,0.0,0.0,0.2086457351321975,0.0,0.2788391726503451,Kwara
35,40336.35,17,10,112613.4,11261.34,0.1160534181545002,0.0,0.105860847820952,0.4405294574180337,0.0,0.1874640140516137,0.0393397233366544,0.1107525392182458,0.0,Plateau
78,124434.21,168,6,60713.630000000005,10118.938333333334,0.1985007320432001,0.0,0.0,0.1873011052048773,0.0,0.4928145459265077,0.1213836168254146,0.0,0.0,Enugu
32,35025.72,32,7,53968.5,7709.785714285715,0.0046021290197059,0.0771765011071273,0.0,0.0,0.0,0.8263720503627116,0.0,0.0,0.0918493195104551,Anambra
18,205262.51,322,5,47676.11,9535.222,0.3082552246817116,0.0,0.0,0.0,0.0,0.0307365680631242,0.0366676308113224,0.6243405764438416,0.0,Kano
22,42120.15,162,3,6768.110000000001,2256.036666666667,0.0,0.4583273617006815,0.0,0.0,0.0,0.3159611767539239,0.2257114615453945,0.0,0.0,Ogun
47,85359.32,275,7,43124.87,6160.695714285714,0.2092298481131653,0.0,0.0490125535450889,0.5547344258660953,0.0,0.0,0.1870231724756504,0.0,0.0,Cross River
49,92646.91,34,8,65872.34,8234.0425,0.0931785632634274,0.0158436758129436,0.0727039604179842,0.7456343588219273,0.0,0.0,0.0,0.0169805718151199,0.0556588698685973,Edo
30,45817.07,89,5,41166.41,8233.282,0.0,0.0,0.0,0.0,0.0,0.1039041296046946,0.3865384423854302,0.3151795359371875,0.1943778920726874,Oyo
42,62951.77,99,6,41731.55,6955.258333333332,0.0420149742820479,0.0,0.4786867489944658,0.4149881804054725,0.0,0.0,0.056391147704794,0.0,0.0079189486132194,Kwara
33,10016.44,128,3,47817.78,15939.26,0.0,0.452665305666637,0.0,0.0,0.0,0.0,0.0245343886729998,0.5228003056603632,0.0,Rivers
42,16143.42,6,9,141457.83,15717.536666666663,0.4182040683078483,0.0437878200167498,0.0,0.2143939292720664,0.0,0.0,0.2461752028855525,0.0,0.0774389795177827,Imo
35,16545.5,104,5,49488.3,9897.66,0.0,0.0489651089247357,0.0,0.1143171214206186,0.0,0.0750462230466595,0.0,0.0020206796353885,0.7596508669725975,Kano
44,20211.95,231,7,42026.91,6003.844285714286,0.0,0.0,0.3369783788529778,0.0183380124781955,0.0,0.0,0.4113926053569011,0.0,0.2332910033119256,Rivers
18,116259.62,12,9,49835.62,5537.291111111112,0.0,0.6393162159916943,0.0575237149653199,0.0,0.0,0.0187386050379226,0.0,0.1839722270937935,0.1004492369112695,Kano
55,41709.81,65,5,61391.06,12278.212,0.0,0.0131805836224362,0.2206850639164725,0.0,0.0,0.2013333863269342,0.5449076787401944,0.0198932873939625,0.0,Rivers
43,153462.44,52,10,88496.84,8849.684,0.0,0.0899064870564869,0.0247265326083959,0.0372259619665515,0.0,0.0692086858694615,0.0275291185538376,0.4913465836746262,0.2600566302706402,Kano
34,26903.3,23,8,86869.8,10858.725,0.0392396436966586,0.0225641131900844,0.4985655544274305,0.1888255757466922,0.0,0.1970309589753862,0.0,0.053774153963748,0.0,Delta
41,14296.62,122,7,83909.39,11987.055714285714,0.1583555785592053,0.0787305211013928,0.0574432730353539,0.5891370441377299,0.0,0.0907629050813025,0.0,0.0255706780850152,0.0,Enugu
23,1102.82,12,7,296610.48,42372.92571428571,0.0337515720954971,0.0,0.502810925628791,0.2195867455526184,0.0,0.0,0.0,0.081434546749663,0.1624162099734305,Cross River
41,27628.93,70,4,8055.43,2013.8575,0.0,0.0,0.5146069173216079,0.1786782331917724,0.0,0.0,0.3067148494866195,0.0,0.0,Kano
58,97394.33,75,6,54469.14,9078.19,0.0,0.5998168871401311,0.0660104051578563,0.2721263820210857,0.0,0.0,0.0,0.0,0.0620463256809268,Lagos
53,48405.83,287,5,37912.27,7582.454000000001,0.0,0.0,0.0984066635946621,0.0787552420364172,0.0,0.5842446258163915,0.0,0.2090716277342401,0.0295218408182891,Enugu
36,25107.77,79,4,46186.850000000006,11546.7125,0.1869315616890955,0.0,0.5857299209623519,0.2273385173485527,0.0,0.0,0.0,0.0,0.0,Oyo
44,90849.86,50,5,28425.46,5685.092,0.0,0.631090226860005,0.0,0.0,0.0,0.0948019838553184,0.0,0.2526333786682784,0.0214744106163981,Anambra
24,52726.5,391,7,390131.43,55733.06142857143,0.0181455516157721,0.0,0.0,0.0103790150924266,0.0,0.0164499435485113,0.0011466392236072,0.9538788505196824,0.0,Enugu
53,64431.18,16,11,231339.72,21030.88363636364,0.1673960701603685,0.0051863553738199,0.0022083972436726,0.0171512700024016,0.0,0.0049706120505376,0.0,0.774821029436709,0.0282662657324907,Cross River
39,42799.26,18,5,17726.84,3545.368,0.0136273582883356,0.5494047444440183,0.0,0.1497390397837404,0.0,0.0,0.0,0.0,0.2872288574839058,Cross River
31,135521.4,107,5,43208.73,8641.746,0.6959632926031384,0.0,0.0,0.0090537259484368,0.0,0.0,0.0,0.0,0.2949829814484249,Edo
24,111724.05,24,5,94598.15,18919.63,0.0,0.0969108803924812,0.7308770837484665,0.0,0.0,0.0,0.0,0.0,0.1722120358590522,Oyo
36,20743.68,196,4,18314.37,4578.5925,0.0,0.0691599001221445,0.0,0.8558285106176189,0.0,0.0,0.0,0.0,0.0750115892602366,Kano
18,15417.82,20,4,9079.51,2269.8775,0.0,0.4457740560889299,0.0,0.0216157039311592,0.1849152652510983,0.0,0.3476949747288124,0.0,0.0,Kwara
57,26594.51,18,4,32962.13,8240.5325,0.0,0.7082530770918021,0.0,0.0,0.0,0.0,0.0,0.1770088886852882,0.1147380342229097,Abuja FCT
28,57096.23,47,9,77403.385,8600.37611111111,0.3029234444979377,0.1450919103860897,0.0332935051871439,0.0,0.0,0.1176084224223527,0.0233143550504929,0.0230055830245666,0.3547627794314164,Ogun
22,11542.04,27,4,30735.28,7683.82,0.0,0.0,0.560234362595688,0.0,0.0,0.0,0.0386877881053954,0.1829545720748273,0.218123277224089,Anambra
42,69061.01,20,8,89187.95,11148.49375,0.0033567314867086,0.6679257679989281,0.1080870229666675,0.0,0.0395572496060286,0.0,0.0,0.0,0.181073227941667,Imo
23,3400.98,274,5,93068.88,18613.776,0.6634998723526059,0.0764414485271553,0.211188530473344,0.0,0.0,0.0,0.0,0.0488701486468946,0.0,Edo
24,29455.25,37,6,13140.49,2190.0816666666665,0.2329844625276531,0.0,0.0720650447586049,0.0,0.0,0.1567133341298536,0.0,0.0287340883026432,0.5095030702812452,Abuja FCT
50,214730.95,192,4,38122.07,9530.5175,0.0,0.4369941086619903,0.0,0.0,0.0,0.2672800821151632,0.0,0.0,0.2957258092228465,Kano
49,229834.51,177,8,47635.030000000006,5954.378750000001,0.0,0.0,0.2797225067350645,0.0480990565136623,0.0,0.0212354227550607,0.0,0.4852013318769821,0.1657416821192303,Enugu
35,121619.74,73,8,51195.45,6399.43125,0.0,0.1082502448948099,0.0,0.2179879266614513,0.0,0.0,0.4108638560653339,0.0,0.2628979723784047,Kwara
24,39873.62,116,8,98079.83,12259.97875,0.0040336529947084,0.1213741907994742,0.0,0.0,0.0511602640420563,0.6149932152207034,0.1823196471690458,0.0261190297740116,0.0,Edo
34,92011.95,235,5,15289.81,3057.9620000000004,0.0,0.1524433593354005,0.0,0.0926159317872491,0.2988003121032897,0.4301937041729099,0.0,0.0259466926011507,0.0,Edo
57,45321.37,181,7,25631.79,3661.684285714286,0.0946874954890001,0.0,0.0,0.2223461568622402,0.0,0.4997044685525279,0.0,0.0,0.1832618790962316,Plateau
23,31688.79,63,7,124024.39,17717.77,0.0,0.4315609212026763,0.1342040061636263,0.0730478093865246,0.0,0.0255901278772667,0.0,0.3355971353699058,0.0,Plateau
45,25208.81,279,4,51385.54,12846.385,0.0,0.0215274569460591,0.0,0.8926365277079895,0.0,0.0,0.0858360153459514,0.0,0.0,Kaduna
27,47479.62,22,6,33677.32,5612.886666666666,0.0087916734466994,0.0,0.538853447958448,0.0392059106841043,0.0,0.0844146743268169,0.1317981953433349,0.0,0.1969360982405963,Rivers
25,18514.97,141,6,20267.14,3377.8566666666666,0.3098532896106702,0.0,0.1892847239423026,0.0,0.2475825400130457,0.0,0.0,0.2532794464339813,0.0,Cross River
18,283616.97,28,6,28446.85,4741.141666666666,0.138405130972322,0.0,0.0,0.0,0.0,0.3480881011430088,0.1807029600816962,0.1965591972397647,0.1362446105632082,Enugu
55,38998.19,207,5,66920.51,13384.102,0.0,0.0,0.0,0.8925153140644027,0.0,0.0327316692595439,0.0432235199642082,0.0315294967118451,0.0,Rivers
34,12569.25,70,9,86196.01000000001,9577.334444444445,0.2401122743384525,0.434411523224799,0.0,0.1676955812687849,0.0,0.0493100550709945,0.0,0.0,0.1084705660969689,Delta
32,27670.2,362,5,17474.2,3494.84,0.0,0.0,0.0945485344107312,0.0,0.0,0.0,0.0,0.9054514655892688,0.0,Ogun
44,38587.66,212,7,27398.41,3914.058571428571,0.1187612711832547,0.0,0.0315846795489227,0.329699424163665,0.0,0.0213837226320797,0.4985709024720778,0.0,0.0,Kano
38,20682.85,5,10,22948.02,2294.802,0.0,0.2943883611745153,0.0696975163870347,0.14142919519854,0.0,0.0278372600337632,0.0,0.0,0.4666476672061468,Rivers
42,8706.64,215,4,31613.23,7903.3075,0.0,0.0,0.3669773699175946,0.1788131108399869,0.0,0.0,0.4542095192424184,0.0,0.0,Kano
36,39320.72,149,4,45664.48,11416.12,0.0,0.0,0.0826732287327042,0.510351809546501,0.0,0.0,0.4069749617207948,0.0,0.0,Lagos
49,36484.87,218,5,29848.0,5969.6,0.0,0.0359327258107745,0.0,0.1717806888233717,0.0,0.3001561243634414,0.4538340927365318,0.0382963682658804,0.0,Kano
33,35040.89,63,4,32479.76,8119.94,0.0,0.0,0.1566258494520895,0.0,0.0,0.6087323305344621,0.1265932999504922,0.0,0.1080485200629561,Edo
56,19018.73,127,6,34443.259999999995,5740.543333333332,0.0,0.4937372362546403,0.0,0.0,0.0,0.0,0.0348500693604496,0.4028674986049521,0.0685451957799581,Lagos
37,22352.77,125,6,555803.0941500111,92633.84902500184,0.0,0.0,0.0,0.95399322121604,0.0,0.02128881635338,0.0,0.0133016531894379,0.0114163092411418,Unknown
24,92109.22,75,8,88104.36,11013.045,0.5770939145349901,0.0324618441130495,0.0,0.0273835483283687,0.0,0.0,0.0,0.0118381201565961,0.3512225728669954,Ogun
45,51142.71,178,6,28682.72,4780.453333333333,0.0,0.0829300707882655,0.3024789838620605,0.2083052095477695,0.0,0.4062857358019043,0.0,0.0,0.0,Ogun
38,5440.64,49,6,151520.01,25253.335000000003,0.0,0.0,0.1157441845469783,0.0,0.0,0.0324582871925628,0.0619428417408367,0.7767664482070717,0.0130882383125502,Oyo
26,35883.98,91,9,44167.21,4907.467777777778,0.0,0.2998509527769582,0.0,0.1146780609415899,0.1136089420182981,0.2788593619565283,0.0398397363111683,0.1531629459954568,0.0,Edo
43,31147.95,167,2,5441.849999999999,2720.925,0.0,0.0,0.0,0.8508099267712267,0.1491900732287733,0.0,0.0,0.0,0.0,Cross River
57,41288.03,504,6,18886.25,3147.708333333333,0.1209562512409822,0.1297277119597591,0.3966944205440466,0.0,0.0,0.0,0.0917916473624991,0.260829968892713,0.0,Plateau
37,57703.33,42,7,29943.04,4277.577142857143,0.0505142430427905,0.2104155089129226,0.0418781793698969,0.1559794863848159,0.0,0.1656445036976873,0.1352942119437438,0.2402738666481426,0.0,Unknown
40,45001.48,334,4,17826.440000000002,4456.610000000001,0.0,0.0,0.1786402669293476,0.7817713463821155,0.0,0.0,0.0395883866885368,0.0,0.0,Imo
27,309854.91,79,9,44196.86,4910.762222222223,0.0177512610624374,0.5210066959507983,0.0785444938848596,0.1468147284671354,0.0,0.0,0.174861969832246,0.0030868708772523,0.0579339799252707,Edo
47,25154.66,324,1,3066.96,3066.96,0.0,1.0,0.0,0.0,0.0,0.0,0.0,0.0,0.0,Kaduna
33,49827.4,41,7,46249.53,6607.075714285714,0.1465593271974872,0.0,0.0624456075553632,0.0,0.0,0.5434234683033536,0.0,0.2475715969437959,0.0,Enugu
54,36899.74,6,7,21334.75,3047.8214285714284,0.4487833229824582,0.0,0.1001174140779713,0.1398043098700476,0.259665569083303,0.0,0.0516293839862196,0.0,0.0,Imo
45,44590.23,277,4,19414.38,4853.595,0.0,0.2341295472737218,0.0,0.0,0.0,0.3202718809459792,0.0,0.0,0.4455985717802989,Plateau
65,21660.79,287,3,17002.7,5667.566666666667,0.8636828268451481,0.0,0.0,0.1363171731548519,0.0,0.0,0.0,0.0,0.0,Kwara
50,5504.92,44,5,55139.41,11027.882,0.5427011279228414,0.0645534654795907,0.1628951053339163,0.0,0.0,0.0,0.0,0.0,0.2298503012636515,Abuja FCT
46,6637.15,2,6,23088.75,3848.125,0.0,0.1067576200530561,0.0,0.0,0.0,0.0126403551513182,0.4273808673055059,0.2151649612906719,0.2380561961994478,Imo
27,20999.25,98,6,132465.64,22077.60666666667,0.1974885713759432,0.0,0.0,0.1518210307216271,0.0,0.0,0.0188674587613814,0.5145335801797356,0.1172893589613125,Ogun
36,19716.27,68,6,55994.44,9332.406666666668,0.0,0.0,0.053332080828025,0.5019778749461554,0.0626930102345875,0.0,0.2370730022480803,0.1449240317431516,0.0,Oyo
59,28038.07,6,8,44593.64,5574.205,0.0,0.253052228972562,0.1804934515325503,0.0,0.2929792230461563,0.0,0.0,0.094808587054118,0.1786665093946132,Oyo
62,159525.98,17,6,36484.18,6080.696666666667,0.0,0.3605831349368411,0.0355970724845672,0.5426006559555402,0.0,0.0612191366230514,0.0,0.0,0.0,Enugu
43,14084.12,140,9,130816.85,14535.205555555556,0.3738041391456834,0.0,0.1253762798905492,0.4229235759766421,0.0,0.0127510332193444,0.0629606201341799,0.0,0.0021843516336007,Plateau
37,48808.19,76,3,54629.83,18209.943333333333,0.2691943211245578,0.0,0.0,0.0,0.0,0.0813949082396925,0.0,0.6494107706357497,0.0,Unknown
34,35749.9,281,3,22888.52,7629.506666666667,0.765526560913506,0.0789858846268784,0.0,0.0,0.1554875544596155,0.0,0.0,0.0,0.0,Enugu
24,12462.41,84,8,73164.62,9145.5775,0.1724561680221943,0.0,0.0197125331888554,0.0,0.0,0.1873833281714577,0.6204479706174925,0.0,0.0,Enugu
53,30504.13,342,6,82073.07999999999,13678.846666666665,0.4376359459155182,0.0,0.0998696527533754,0.0,0.0666265966867577,0.0,0.2673162747151685,0.0319217945762483,0.0966297353529318,Cross River
48,32389.51,171,5,38839.65,7767.93,0.0,0.1333235495170528,0.0,0.0272883509506393,0.0,0.7503682448219796,0.0,0.0890198547103282,0.0,Ogun
33,36287.21,23,3,8509.91,2836.6366666666668,0.1341718067523628,0.0,0.5557320817728977,0.0,0.0,0.0,0.0,0.3100961114747394,0.0,Rivers
28,141450.13,74,6,60259.73,10043.288333333334,0.1096372320287528,0.7043046824139437,0.0,0.0840529819831585,0.0,0.0,0.0673331924985392,0.0346719110756055,0.0,Plateau
31,6284.41,50,4,505068.8741500111,126267.21853750278,0.0,0.0,0.0071450849274234,0.0,0.0,0.0619610742251068,0.0,0.0,0.9308938408474696,Delta
32,118021.67,148,3,17161.350000000002,5720.450000000001,0.1226675057614931,0.0,0.0,0.0,0.0,0.0,0.8773324942385068,0.0,0.0,Cross River
21,10544.71,4,4,22879.04,5719.76,0.0,0.925168625956334,0.0,0.0,0.0,0.0,0.0208924849993706,0.0539388890442955,0.0,Edo
18,22662.8,93,8,224828.68,28103.585,0.1860077192998687,0.0877002435810235,0.0045400346610583,0.0,0.0,0.0023921770122922,0.7064299358960788,0.0077999390469223,0.0051299505027561,Kwara
18,52293.01,48,10,246900.96,24690.096,0.2026523509669626,0.0,0.2967387004084553,0.0,0.0,0.1035948584404045,0.0775095001655724,0.0,0.319504590018605,Rivers
35,167364.07,233,6,41022.24,6837.04,0.178314251001408,0.0227944646611204,0.0,0.3122957205652348,0.0,0.0,0.0559891414998303,0.0,0.4306064222724063,Lagos
37,36236.485,43,5,116482.53,23296.506,0.0296772400118713,0.113510068848951,0.0,0.0,0.0,0.0,0.8568126911391778,0.0,0.0,Unknown
33,41506.58,34,5,619640.6441500111,123928.12883000224,0.0,0.2087695686545091,0.0,0.0,0.0207253835287327,0.0,0.0,0.7705050478167581,0.0,Kwara
41,10946.45,302,4,88137.02,22034.255,0.6160202602720174,0.3314079600149857,0.0,0.0,0.0,0.0,0.0,0.0500926852303379,0.0024790944826589,Delta
27,367995.94,134,4,166835.02,41708.755,0.0,0.8323739823929054,0.0087301215296404,0.0,0.0,0.0,0.0,0.1344171625357793,0.0244787335416748,Abuja FCT
38,82203.29,83,6,25690.32,4281.72,0.0,0.0,0.096343681199767,0.073038794378583,0.0,0.704032491615519,0.1265850328061308,0.0,0.0,Plateau
45,13190.59,260,3,17028.82,5676.2733333333335,0.0,0.0,0.0,0.2079574509566722,0.0,0.7920425490433277,0.0,0.0,0.0,Edo
34,24928.85,130,8,67144.62000000001,8393.077500000001,0.0,0.2204830409346273,0.0,0.1080548225606161,0.0,0.0,0.0995467693465239,0.5487867829172315,0.0231285842410009,Anambra
38,85631.76,138,6,24457.03,4076.1716666666666,0.0,0.6640855410489336,0.0966989859357411,0.0779080697860696,0.0,0.0,0.0630444497962344,0.098262953433021,0.0,Ogun
24,39703.35,110,5,43082.85,8616.57,0.0,0.1205936933141609,0.1163212275882398,0.0,0.0,0.0,0.0,0.3083479853352319,0.4547370937623671,Kwara
18,80754.0,52,6,55741.100000000006,9290.183333333334,0.8044694130542813,0.0,0.0,0.0792241272597778,0.0344480105344171,0.0484900728546799,0.0,0.0,0.0333683762968438,Ogun
64,272200.68,17,6,98779.65,16463.274999999998,0.3328035683463143,0.0,0.0,0.4235836024930237,0.0,0.1117135968795192,0.0,0.0,0.1318992322811429,Edo
37,26811.23,55,5,74156.14,14831.228,0.4748382264772682,0.4895314130428041,0.0,0.028861130042637,0.0,0.0,0.0067692304372908,0.0,0.0,Oyo
37,36236.485,121,11,113443.31,10313.02818181818,0.0783300487265401,0.1584457470431707,0.0246403247578019,0.1120618747813335,0.4177819740978996,0.1796846371989675,0.0290553933942865,0.0,0.0,Unknown
31,50235.07,153,4,14157.35,3539.3375,0.0,0.0,0.2476543985986077,0.0,0.0,0.0,0.0,0.7523456014013922,0.0,Kano
44,55369.19,65,4,6385.2300000000005,1596.3075,0.618038817708994,0.0,0.0,0.0,0.0,0.0,0.1301628915481509,0.0,0.251798290742855,Anambra
18,61004.12,6,11,491662.44,44696.58545454546,0.0494552726053265,0.0073698125079475,0.1534295155839034,0.0,0.0,0.0112180218606896,0.7663245538951482,0.0,0.0122028235469848,Rivers
53,5793.05,230,3,27711.98,9237.326666666666,0.0,0.6175552955797456,0.0698481306640665,0.3125965737561877,0.0,0.0,0.0,0.0,0.0,Edo
27,79042.08,57,11,73170.51,6651.864545454545,0.0,0.0,0.4601342808735377,0.006167922022137,0.0,0.0230126863951064,0.3417741655757216,0.130453375273727,0.03845756985977,Delta
47,33336.11,140,6,41524.39,6920.731666666667,0.0077934919694184,0.4588043316229329,0.0,0.0,0.0,0.0756059270226486,0.3007719077872064,0.0,0.1570243415977935,Anambra
21,54176.1,103,6,37553.65,6258.941666666667,0.0,0.4228161576837405,0.0,0.1691950050128283,0.0,0.0,0.0,0.2003706696952227,0.2076181676082085,Edo
59,21511.25,27,6,48896.33,8149.388333333332,0.0,0.0,0.1902373859142393,0.502799085330126,0.0,0.0,0.2857695045824502,0.0,0.0211940241731843,Rivers
56,13693.78,141,5,73306.31999999999,14661.264,0.0,0.0328832493569449,0.0,0.0,0.0,0.6026502216998479,0.2057121405084854,0.1587543884347216,0.0,Kaduna
34,15680.73,77,8,44599.83,5574.97875,0.0302965280360934,0.0,0.3247519104893449,0.0,0.0,0.0441026344719251,0.0399073270010222,0.0684957767776244,0.4924458232239898,Ogun
42,27512.92,56,6,74457.48999999999,12409.581666666663,0.0317574497877916,0.0291965254267905,0.0555876917150981,0.0,0.0,0.7390465351437445,0.0,0.0,0.1444117979265753,Plateau
18,38288.06,31,15,330527.62,22035.174666666662,0.040135707872159,0.0790974140073377,0.0,0.0791066114232753,0.0,0.5053370426350452,0.1245292299626881,0.130233745670029,0.0415602484294655,Delta
55,26004.15,70,6,23986.22,3997.703333333333,0.3616534827079882,0.1134476378520667,0.0,0.1163134499725258,0.0,0.0,0.0129787019380294,0.2053720844718342,0.1902346430575555,Cross River
28,54353.64,29,7,31969.89,4567.127142857143,0.0839077019032596,0.1247173512326755,0.6446831690693963,0.034554075725628,0.0,0.1121377020690406,0.0,0.0,0.0,Lagos
37,10269.26,73,5,63945.39,12789.078,0.081689235142674,0.0,0.0,0.1744028772050651,0.0,0.0,0.0135797123138978,0.697399296493461,0.0329288788449018,Cross River
50,75350.07,81,8,304949.12,38118.64,0.0554136703198225,0.4306422658311,0.0147821380825758,0.0144432290868719,0.0,0.3514645328374779,0.0,0.1332541638421517,0.0,Ogun
42,163217.06,49,3,29885.52,9961.84,0.9383858805200646,0.0,0.0,0.0,0.0,0.0,0.0,0.0616141194799354,0.0,Abuja FCT
40,47493.52,92,8,101490.69,12686.33625,0.0,0.0658223921819824,0.0535734854103366,0.11132696013792,0.0,0.0902084713386025,0.3058422403079534,0.373226450623205,0.0,Kaduna
19,34961.21,51,6,146288.78999999998,24381.465,0.0,0.078880343463091,0.1623070366499032,0.7083627528807914,0.0,0.0,0.0,0.0504498670062142,0.0,Imo
18,138468.18,73,10,294245.34,29424.534000000003,0.1236364524923317,0.178054612521646,0.2312848183084225,0.0,0.0,0.0,0.3869294922393673,0.0,0.0800946244382324,Cross River
21,12017.91,228,6,81914.02,13652.336666666668,0.1635177958547267,0.0,0.0,0.0,0.2799070293461363,0.0,0.0232751365395081,0.2045624180085411,0.3287376202510876,Edo
69,50582.79,137,6,533612.7041500112,88935.45069166854,0.0409505430250344,0.0,0.0,0.0290519507489872,0.0,0.8810987828690011,0.0,0.0488987233569773,0.0,Plateau
40,6089.24,187,8,19633.75,2454.21875,0.0616407970968358,0.077122811485325,0.0,0.0730935251798561,0.0,0.0,0.06876882918444,0.719374037053543,0.0,Oyo
51,23197.36,59,4,40802.77,10200.6925,0.0,0.8107447116948188,0.0,0.0,0.0,0.0,0.0577392172149096,0.1315160710902715,0.0,Edo
33,78651.87,16,5,76759.68,15351.935999999998,0.0,0.0,0.1284000923401452,0.0304960885715,0.0,0.0534620519522749,0.0,0.0,0.7876417671360798,Enugu
60,35078.01,4,9,80650.0,8961.111111111111,0.0183701177929324,0.0069843769373837,0.500035833849969,0.0,0.1455311841289522,0.1871773093614383,0.0987811531308121,0.043120024798512,0.0,Abuja FCT
51,44631.95,295,7,26952.72,3850.388571428572,0.2383833616792665,0.0,0.0640076400452347,0.0,0.2054994820559854,0.0116006844578209,0.0,0.0,0.4805088317616923,Delta
30,26655.8,71,7,102837.76,14691.108571428573,0.0217422083094769,0.0,0.0308095975641632,0.4990608508003286,0.0,0.0,0.216378886510169,0.2320084568158621,0.0,Delta
41,9265.6,47,6,57545.18,9590.863333333333,0.3708821486004562,0.0733281223553388,0.0044092311467267,0.0,0.0,0.0,0.4419171162554362,0.0,0.1094633816420419,Plateau
34,7760.85,77,6,70741.26,11790.21,0.7449600134348752,0.0,0.0258515327547176,0.0624077094470751,0.0,0.0607413551864923,0.0,0.0,0.1060393891768396,Imo
34,159326.85,32,5,22244.55,4448.91,0.0,0.2671701607809553,0.0,0.0,0.0,0.0620830720333744,0.6163644578110145,0.0543823093746558,0.0,Abuja FCT
56,27582.83,121,7,56333.52,8047.645714285715,0.3407738412227747,0.0,0.1869323983305144,0.2089354615156305,0.0,0.2633582989310805,0.0,0.0,0.0,Abuja FCT
62,46474.46,61,5,13351.37,2670.274,0.0,0.0,0.5565548703990677,0.0,0.0,0.2465417406603217,0.0,0.0,0.1969033889406105,Cross River
31,11877.55,311,2,20192.81,10096.405,0.9366150624900648,0.0,0.0,0.0633849375099354,0.0,0.0,0.0,0.0,0.0,Delta
44,159667.42,60,7,56170.14,8024.305714285714,0.100679293304236,0.4440154502018332,0.1175749250402438,0.0,0.1207176980509573,0.1911259256252521,0.0258867077774774,0.0,0.0,Abuja FCT
39,54255.36,21,6,61084.96,10180.826666666666,0.0,0.0,0.0,0.1929191735576154,0.0,0.5342999324219906,0.0754390278719999,0.0355501583368475,0.1617917078115464,Oyo
32,58568.54,83,5,6207.65,1241.53,0.0,0.0,0.2984865448277529,0.0511352927436308,0.0,0.5742092418225899,0.0,0.0761689206060264,0.0,Abuja FCT
63,46083.5,82,6,67671.39,11278.565,0.1612510102127353,0.4469414622634469,0.0,0.2953784457508557,0.0,0.0064832420318246,0.0540016985021291,0.035944141239008,0.0,Kaduna
37,36236.485,109,8,125372.35,15671.54375,0.4606271638044593,0.0035782211947052,0.0,0.0,0.0989596988490683,0.0682423995402495,0.0458558844912773,0.3227366321202402,0.0,Unknown
47,141706.3,17,9,76232.24,8470.24888888889,0.0,0.0911573633412844,0.1047365261731781,0.2313775641382176,0.0,0.0,0.0,0.4636248390444777,0.1091037073028419,Delta
55,31892.45,49,4,123637.49,30909.3725,0.0,0.0,0.1435112440409458,0.0,0.0,0.3837781727856171,0.4207546594483599,0.0519559237250772,0.0,Kwara
41,30114.25,53,6,41336.38,6889.3966666666665,0.0,0.0149110783285812,0.1166050341128081,0.2028876258637064,0.0,0.0,0.0,0.1816591099656041,0.4839371517292999,Kano
44,5315.67,151,11,80749.27,7340.842727272728,0.0,0.0131651964160171,0.0,0.4393640957992561,0.0,0.3300910336403041,0.0039356392943242,0.1275509982938545,0.0858930365562438,Plateau
40,59292.95,432,7,100812.52,14401.788571428571,0.0,0.0184716144383653,0.0,0.1565000061500297,0.0,0.5640058397508563,0.0,0.0908094550161031,0.1702130846446453,Ogun
18,190177.97,81,6,56478.52,9413.086666666668,0.0,0.0,0.1873214808036754,0.0,0.2317527088174406,0.0,0.3976403772620103,0.1832854331168734,0.0,Anambra
37,34277.5,77,4,35699.93,8924.9825,0.6263858220450292,0.0,0.0,0.0,0.0,0.3170636469035093,0.0,0.0,0.0565505310514614,Unknown
28,412850.67,102,6,22398.69,3733.115,0.485687779062079,0.0,0.0,0.1498025107718353,0.0,0.2189820029653519,0.0,0.1455277072007336,0.0,Kaduna
27,25501.07,21,8,518262.7541500111,64782.84426875139,0.0,0.0369820903518995,0.0,0.9157472929506312,0.0024065592018966,0.0,0.0202095171148809,0.0246545403806918,0.0,Kano
19,35835.78,267,3,16438.93,5479.643333333333,0.0,0.0,0.0945779317753649,0.0,0.0,0.5694147976784377,0.0,0.0,0.3360072705461974,Cross River
48,19358.89,192,4,67400.83,16850.2075,0.0601887246789097,0.2292017768920649,0.0,0.0,0.0,0.0,0.7106094984290252,0.0,0.0,Edo
46,34418.79,23,4,504426.2541500111,126106.56353750278,0.0,0.0,0.9778595584426524,0.0102338051549252,0.0,0.0,0.0,0.0,0.0119066364024222,Oyo
35,22058.41,7,5,50888.83,10177.766,0.0,0.1568633037937795,0.0,0.6168082465248268,0.0,0.2263284496813937,0.0,0.0,0.0,Delta
36,12431.86,134,8,46574.36,5821.795,0.0,0.1954154603520048,0.0,0.1288885129071016,0.0,0.3023601397850662,0.0426792767522731,0.0,0.3306566102035541,Oyo
51,7591.07,500,2,8957.07,4478.535,0.2084922859819115,0.7915077140180885,0.0,0.0,0.0,0.0,0.0,0.0,0.0,Ogun
57,70697.6,247,5,33218.84,6643.767999999999,0.2990974398865222,0.3987192207795336,0.0,0.0,0.0,0.0,0.0,0.3021833393339442,0.0,Plateau
18,83789.38,97,3,25276.1,8425.366666666667,0.0,0.0,0.0,0.0,0.0,0.91966363481708,0.0,0.0803363651829198,0.0,Kwara
31,72886.56,46,7,94244.31,13463.472857142857,0.1172202332427284,0.0,0.0,0.0892392336471029,0.0,0.0,0.6526499053364602,0.0,0.1408906277737085,Kano
51,34585.94,194,10,99582.98,9958.298,0.4419853673790441,0.0431141948152184,0.0,0.0424125688948051,0.0,0.0561064752229748,0.0,0.3382281791527026,0.0781532145352549,Kaduna
32,23040.82,207,4,34822.73,8705.682499999999,0.0,0.3081472934488479,0.5722506535242929,0.1196020530268591,0.0,0.0,0.0,0.0,0.0,Imo
39,2647.01,117,6,54215.49,9035.915,0.0,0.0,0.4024087949772288,0.046207458421938,0.0,0.1221672994194094,0.3651476727407609,0.0640687744406626,0.0,Kwara
34,2072.58,14,10,197741.21,19774.121,0.1002878459173988,0.0308411686162939,0.0493927391260526,0.3631164692478619,0.0,0.0,0.0414440672230133,0.0,0.4149177098693793,Cross River
39,16565.16,77,6,108062.69,18010.448333333334,0.499163587358412,0.0614621013043447,0.2921090526249161,0.1277149402814236,0.0,0.0195503184309033,0.0,0.0,0.0,Kano
40,40573.49,43,7,48974.74,6996.391428571428,0.0,0.0813113045623111,0.0321951683663864,0.1741205772608491,0.0,0.548756971450997,0.0481535991819456,0.1154623791775106,0.0,Oyo
36,287179.29,21,6,50794.280000000006,8465.713333333335,0.7008265497611149,0.0,0.0,0.0121495963718749,0.0,0.065750316767951,0.02176603349826,0.0594909505558499,0.1400165530449491,Anambra
38,103920.66,74,9,129907.75,14434.194444444443,0.0,0.1292101510494947,0.1612890685890564,0.0,0.0131214650396146,0.1593561585047851,0.0336394864817534,0.0,0.5033836703352956,Imo
21,18434.93,66,5,63349.17,12669.834,0.3427353507551874,0.0881133880680678,0.0,0.0847807477193466,0.0,0.4843705134573981,0.0,0.0,0.0,Imo
37,49717.36,6,12,174642.35,14553.529166666667,0.0,0.0,0.2552921442021365,0.3707700337289323,0.0,0.3114425567452568,0.0,0.0624952653236743,0.0,Lagos
42,67225.73,129,4,14353.0,3588.25,0.0817668780045983,0.0,0.0,0.0,0.0,0.0,0.0,0.0544617849926844,0.8637713370027171,Ogun
49,7353.87,95,8,41951.71,5243.96375,0.0,0.0,0.0,0.0,0.0,0.0651398953701768,0.3793876340201627,0.3198298710588912,0.2356425995507692,Delta
30,130941.79,64,5,77380.18,15476.035999999998,0.0,0.4973062869587535,0.1621557354867874,0.0,0.0,0.0,0.2432102122274722,0.0298505379542926,0.0674772273726941,Oyo
32,39854.06,39,4,66392.94,16598.235,0.0,0.0427048418099876,0.0,0.0,0.0,0.0,0.4615427483705345,0.0,0.4957524098194777,Rivers
30,41005.43,110,3,18452.51,6150.836666666667,0.0,0.0060430803180705,0.0,0.0,0.0,0.5621468298892671,0.0,0.4318100897926624,0.0,Edo
24,10997.69,23,7,45151.78,6450.254285714285,0.0,0.0,0.0079378930354462,0.3621409831461794,0.0,0.0,0.0,0.4868184598702421,0.1431026639481322,Delta
55,96260.21,77,7,112939.0,16134.142857142857,0.0,0.1436452421218533,0.0,0.5071365073181097,0.0627785795872107,0.1833132930165841,0.0,0.0,0.1031263779562418,Kwara
37,36236.485,44,6,43169.02,7194.836666666667,0.0,0.2435503516178963,0.593869863156495,0.0,0.0,0.0070346744030788,0.1555451108225296,0.0,0.0,Unknown
18,108582.24,117,6,41772.71,6962.118333333333,0.0,0.0476143396011415,0.0209220325901767,0.0,0.0,0.3398012721702758,0.0,0.5916623556384061,0.0,Edo
53,15550.59,47,6,48319.45,8053.241666666668,0.3561201545133481,0.0,0.0,0.0054623966125442,0.0,0.6384174488741078,0.0,0.0,0.0,Anambra
30,29564.56,162,2,3843.03,1921.515,0.0,0.0,0.0,0.6113977772747026,0.0,0.0,0.0,0.3886022227252975,0.0,Kano
37,36236.485,295,4,71747.5,17936.875,0.23355531551622,0.0,0.0229720896198473,0.0,0.0,0.0,0.6756420781211888,0.0678305167427436,0.0,Unknown
31,88021.95,158,3,6346.52,2115.5066666666667,0.0,0.4382149587490466,0.0539145862614472,0.0,0.0,0.0,0.0,0.507870454989506,0.0,Kaduna
18,49620.87,134,9,94469.06,10496.562222222225,0.1006020383816669,0.0072712695564029,0.0,0.0,0.0,0.2231115668981992,0.2703806939541899,0.0,0.398634431209541,Lagos
44,13817.33,138,8,57436.880000000005,7179.610000000001,0.067655137256759,0.0,0.1642967027456923,0.4108903547685738,0.2144646436227037,0.0,0.0,0.0,0.142693161606271,Kano
35,164412.42,312,3,41835.71,13945.236666666666,0.5955820995986443,0.0,0.0,0.0,0.0,0.0,0.0,0.0,0.4044179004013557,Imo
48,1425.88,25,4,10068.98,2517.245,0.0,0.0,0.1960019783533188,0.0,0.0,0.5730371894670563,0.2309608321796249,0.0,0.0,Oyo
47,131029.95,36,7,45446.25,6492.321428571428,0.0,0.0,0.0761719613829523,0.2045216051929477,0.2367783920565503,0.0418802431443738,0.0,0.0690637841406056,0.37158401408257,Lagos
18,17000.3,152,4,48108.97,12027.2425,0.5397644139959763,0.1860950255222675,0.0,0.0,0.0,0.0,0.0,0.2672457963660415,0.0068947641157148,Plateau
53,6382.63,66,4,33399.600000000006,8349.900000000001,0.1313150456891699,0.0,0.0,0.2511134863890585,0.0,0.5409840237607637,0.0765874441610079,0.0,0.0,Imo
45,149121.27,160,5,94505.35,18901.07,0.4474084271419555,0.1467438615909046,0.0,0.0,0.0,0.0,0.3320190867501152,0.0,0.0738286245170247,Kaduna
30,164700.16,5,3,17623.300000000003,5874.433333333334,0.0539887535251627,0.0,0.5235370220106337,0.0,0.0,0.4224742244642037,0.0,0.0,0.0,Ogun
34,15334.66,493,3,64868.44,21622.81333333333,0.5906783021142484,0.0,0.0,0.3297424756938814,0.0,0.0,0.0795792221918702,0.0,0.0,Delta
40,22226.65,63,4,9438.98,2359.745,0.0,0.2636948060065812,0.5132747394315911,0.0,0.0,0.1602312961781887,0.0,0.0,0.0627991583836389,Oyo
22,96354.34,35,2,34591.68,17295.84,0.0,0.0,0.9153706902931572,0.0,0.0,0.0846293097068427,0.0,0.0,0.0,Kwara
38,41693.62,162,3,24003.28,8001.093333333333,0.0,0.0,0.0,0.0,0.0,0.0,0.0,0.3303481857479478,0.6696518142520522,Enugu
42,20725.43,70,6,92242.49,15373.748333333331,0.6714291862676299,0.0,0.0,0.0419453117538349,0.0,0.1204976144941447,0.1661278874843903,0.0,0.0,Plateau
58,102876.05,78,8,78680.08,9835.01,0.1241834019487524,0.0115419303081542,0.2030989292334222,0.0,0.0,0.0,0.0,0.661175738509671,0.0,Ogun
40,4267.67,168,8,108953.89,13619.23625,0.0864512501572913,0.3154986022068602,0.0068241712159152,0.0102276293209907,0.0,0.2734210774851637,0.0,0.2286273578667085,0.0789499117470702,Oyo
46,63657.82,143,5,110489.19999999998,22097.84,0.8704803727423133,0.0088671109936536,0.0436244447421105,0.0,0.0,0.0,0.0,0.0,0.0770280715219225,Enugu
18,31536.79,460,4,16981.699999999997,4245.424999999999,0.0,0.4884787742098848,0.0,0.0,0.0,0.0,0.0,0.1142441569454177,0.3972770688446975,Delta
18,37700.65,59,4,23957.56,5989.389999999999,0.0,0.0,0.0,0.0107055977319894,0.0,0.2037640728020716,0.0,0.785530329465939,0.0,Ogun
25,47202.68,69,6,20502.81,3417.135,0.5321260841806563,0.0,0.0,0.0,0.0,0.0,0.4229532439699729,0.0449206718493708,0.0,Ogun
36,9041.62,89,5,86777.68,17355.536,0.0713283646209486,0.0,0.0,0.0,0.0,0.2269151468442115,0.0100765542475899,0.0,0.6916799342872499,Anambra
23,24396.84,29,8,131510.85,16438.85625,0.0,0.0,0.0,0.0,0.0,0.4570889017902325,0.1578290308366191,0.3793838303075373,0.0056982370656109,Imo
22,16431.13,35,6,153025.16999999998,25504.195,0.0,0.0,0.0150248485265528,0.0,0.0,0.0,0.0328848515574267,0.940582585204774,0.0115077147112465,Abuja FCT
52,50126.73,3,4,18167.36,4541.84,0.0,0.0,0.240985481655012,0.0,0.0,0.0,0.0699435691261691,0.642710333257006,0.0463606159618128,Kwara
18,33141.88,75,10,135338.02,13533.802,0.0217083122687918,0.8836225770112494,0.08824076190859,0.0,0.0,0.0,0.0007388906679734,0.0,0.0056894581433953,Abuja FCT
35,19731.02,43,6,14233.16,2372.193333333333,0.0,0.3871859797824236,0.0,0.3586441802101571,0.0,0.0,0.1025260729170472,0.0,0.151643767090372,Kaduna
63,20820.19,53,4,24019.22,6004.805,0.4944040647448168,0.0,0.0,0.2936131980971905,0.0,0.0,0.0,0.0,0.2119827371579926,Oyo
48,36561.26,9,7,97646.75,13949.535714285714,0.0180946114438012,0.0,0.0271705919551854,0.0,0.1600074759272582,0.0518608146200462,0.6262938602667267,0.10306456692107,0.013508078865912,Ogun
37,135440.79,54,5,124973.01,24994.602,0.0,0.2273779754524597,0.0,0.0,0.0,0.6039696091180007,0.0,0.0353893212622469,0.1332630941672926,Lagos
27,22708.97,26,1,43252.42,43252.42,0.0,0.0,0.0,1.0,0.0,0.0,0.0,0.0,0.0,Abuja FCT
33,322519.36,466,4,44925.42,11231.355,0.0,0.0,0.0,0.7372741312156904,0.1135539745649567,0.0,0.0,0.1491718942193528,0.0,Cross River
32,7259.99,156,4,13705.54,3426.385,0.0,0.0,0.0,0.26634193180276,0.0,0.445946675577905,0.1538793801630581,0.0,0.1338320124562768,Oyo
29,298174.6,28,11,138878.72999999998,12625.339090909089,0.0200978220350949,0.3318129421258389,0.0,0.0078101232636559,0.0,0.0465326115813415,0.0,0.0943164586830539,0.4994300423110148,Ogun
44,30681.45,147,3,26098.63,8699.543333333333,0.6011871121204447,0.0,0.0,0.0,0.0,0.0,0.0,0.3988128878795554,0.0,Lagos
38,37173.26,444,3,38173.02,12724.340000000002,0.5591257909382071,0.0,0.0,0.4408742090617928,0.0,0.0,0.0,0.0,0.0,Lagos
33,47169.6,13,6,65429.09,10904.848333333332,0.0182272136140056,0.0287754269545854,0.0,0.3201207597415767,0.0067861252540727,0.0,0.6260904744357594,0.0,0.0,Rivers
36,22071.46,117,3,2866.19,955.3966666666666,0.2874652413133811,0.7125347586866189,0.0,0.0,0.0,0.0,0.0,0.0,0.0,Anambra
36,104853.35,227,4,9326.11,2331.5275,0.2711494931970564,0.5823542720383954,0.0,0.1464962347645481,0.0,0.0,0.0,0.0,0.0,Rivers
23,96690.68,45,8,54070.59,6758.8237500000005,0.0289183084556687,0.4153315138599375,0.0,0.0,0.0,0.0549818302334041,0.0,0.1208496152899385,0.3799187321610509,Imo
43,38563.94,127,7,39401.8,5628.828571428572,0.5920607687973646,0.0,0.0421782761193651,0.0,0.0,0.0,0.2013986670659715,0.1250222071072895,0.0393400809100091,Enugu
35,39195.09,107,3,10468.25,3489.4166666666665,0.5471707305423543,0.0,0.0,0.4528292694576457,0.0,0.0,0.0,0.0,0.0,Edo
18,5089.77,54,8,71843.01,8980.37625,0.5746606385228014,0.0499451512401832,0.2460024990601034,0.0,0.0,0.0051497007154906,0.1242420104614213,0.0,0.0,Oyo
30,69385.71,56,5,19533.07,3906.614,0.0,0.1751926348495142,0.0,0.2284315778318513,0.0,0.0,0.160177586011825,0.0,0.4361982013068095,Lagos
32,184874.03,14,6,30633.57,5105.595,0.50280362360639,0.0,0.0,0.0,0.0740602548119595,0.3380836774819258,0.0193633977365354,0.0,0.0656890463631891,Cross River
48,13523.31,141,6,70735.98,11789.33,0.0,0.2178092393715334,0.0,0.7216473144218825,0.0,0.0,0.0,0.0,0.0605434462065839,Oyo
29,8243.7,279,2,16548.71,8274.355,0.0,0.0572515924201946,0.0,0.0,0.0,0.9427484075798054,0.0,0.0,0.0,Kwara
18,2010.62,107,7,45064.87,6437.838571428571,0.0,0.0165399345432484,0.0,0.4360913500915458,0.0,0.0837219767859088,0.0,0.0,0.4636467385792969,Rivers
58,41243.22,26,4,45776.76,11444.19,0.0,0.6299069658927369,0.0,0.0,0.0,0.1641070709241982,0.09305398634591,0.1129319768371549,0.0,Ogun
40,118391.22,95,4,24082.39,6020.5975,0.0505095216878391,0.1029142041134621,0.0,0.3388268357085821,0.0,0.0,0.5077494384901167,0.0,0.0,Cross River
27,44849.98,143,5,58151.61,11630.322,0.0,0.0265760483673624,0.0,0.0100759033154886,0.0,0.0,0.0,0.0,0.9633480483171488,Plateau
52,21824.02,24,8,226307.74,28288.4675,0.0,0.9251843529523118,0.0059164127572481,0.0,0.0,0.0,0.052939196865295,0.0,0.015960037425145,Abuja FCT
37,54879.53,101,7,166810.05,23830.007142857143,0.0,0.1725411628376108,0.10817231935366,0.0265813720456291,0.0,0.6927051457631,0.0,0.0,0.0,Delta
41,51733.85,7,10,57189.56,5718.956,0.4174795189891302,0.1029555044661997,0.1099534600371116,0.0,0.0,0.2421359772657806,0.0550056688668351,0.0724698703749425,0.0,Kaduna
44,187633.88,65,6,98116.28,16352.713333333331,0.0,0.0,0.0282023533709186,0.0490746285937461,0.0,0.3571417505841028,0.0,0.0341834199176731,0.5313978475335591,Kwara
20,57141.06,260,6,14672.31,2445.385,0.096626229952884,0.0,0.2806115737740001,0.2933880213817729,0.0287221303257632,0.3006520445655796,0.0,0.0,0.0,Kano
50,8031.15,173,4,8806.68,2201.67,0.0,0.0411028900788946,0.0,0.0,0.0,0.0,0.7715313829956352,0.1873657269254702,0.0,Imo
27,8397.12,61,4,33263.2,8315.8,0.0,0.4750396834940715,0.1645966112701123,0.255776052815123,0.0,0.0,0.0,0.1045876524206931,0.0,Enugu
27,93215.85,88,5,23821.110000000004,4764.222000000001,0.0597944428282309,0.7484029921359668,0.0,0.0,0.0,0.0,0.1644390206837548,0.0273635443520474,0.0,Cross River
39,7464.35,13,4,26832.97,6708.242499999999,0.0,0.6797644837675441,0.0,0.2673464771137894,0.0,0.0,0.0,0.0528890391186663,0.0,Edo
23,14705.89,78,9,134882.52000000002,14986.946666666669,0.3773632787999512,0.2097806298399525,0.0,0.0,0.0,0.0,0.0373080959638061,0.3711872376049913,0.0043607577912986,Kano
51,84173.42,160,8,429972.38,53746.5475,0.0662559069491859,0.3709219880588609,0.5526401253959615,0.0,0.0,0.0017031791669967,0.0,0.0084788004289949,0.0,Lagos
35,10475.59,121,7,44381.32,6340.188571428572,0.2045660201183741,0.2863328535518997,0.007969569179105,0.0,0.0,0.0208957282027663,0.368955677749107,0.0771229877795432,0.0341571634192042,Kano
62,24622.34,359,4,38574.46,9643.615,0.0,0.0,0.0907717178672105,0.0,0.0,0.0,0.7175270891672884,0.0,0.1917011929655009,Oyo
40,167913.21,28,5,23373.05,4674.61,0.185423382913227,0.0,0.1226759023747435,0.120478071967501,0.0,0.5714226427445284,0.0,0.0,0.0,Enugu
33,43075.5,118,3,27794.09,9264.696666666669,0.0,0.0,0.0,0.2958100085305905,0.0,0.7041899914694095,0.0,0.0,0.0,Cross River
22,78339.85,183,6,111279.8,18546.63333333333,0.2279833356997406,0.632117329470398,0.0,0.0491409042791234,0.0,0.0,0.0,0.0034212858038925,0.0873371447468453,Abuja FCT
51,20155.68,48,4,54625.83,13656.4575,0.0,0.2221478373875509,0.0,0.6800952955772022,0.0589556259373999,0.0,0.0388012410978469,0.0,0.0,Kwara
66,4878.17,11,4,113988.41,28497.1025,0.9699244861824108,0.0,0.0,0.001129413069276,0.0,0.0,0.0,0.0289461007483129,0.0,Lagos
49,111392.53,39,4,32663.39,8165.8475,0.5074960069974366,0.3066332061675166,0.0,0.0486131415018465,0.0,0.0,0.0,0.0,0.1372576453332002,Edo
30,9723.82,322,3,16912.23,5637.41,0.0,0.17076104097449,0.0,0.0,0.0,0.82923895902551,0.0,0.0,0.0,Kaduna
41,27105.27,165,7,111785.67,15969.381428571429,0.3059651563568031,0.1015549667502104,0.3538837312510628,0.0,0.0,0.0,0.0,0.2226238837231999,0.0159722619187235,Cross River
41,19639.94,25,9,69883.01000000001,7764.77888888889,0.0,0.081779963398829,0.473975577182494,0.2709083366615148,0.0,0.0177437978129448,0.0801319233387342,0.0754604016054832,0.0,Edo
31,42521.26,17,9,35075.36,3897.262222222222,0.0,0.0418316447785568,0.1009934039165955,0.0,0.0,0.6610133153301918,0.0,0.1532594391048302,0.0429021968698254,Cross River
28,28715.95,180,6,51609.87,8601.644999999999,0.0,0.2436900151075753,0.0690393136041613,0.0,0.0,0.0,0.0,0.1216906766089509,0.5655799946793123,Rivers
40,75243.84,39,7,142578.3,20368.32857142857,0.0,0.0077876507154314,0.0,0.0,0.0,0.0,0.0690412916972638,0.8825863402775878,0.0405847173097168,Oyo
37,36236.485,117,6,51050.41,8508.401666666667,0.0,0.1966785379392644,0.0,0.50837319426034,0.0,0.1234080196417619,0.0,0.0,0.1715402481586338,Unknown
38,140503.74,84,1,27633.47,27633.47,1.0,0.0,0.0,0.0,0.0,0.0,0.0,0.0,0.0,Kaduna
40,107424.46,41,3,483178.2241500112,161059.40805000372,0.0,0.9730684882935452,0.0227051623017554,0.0,0.0,0.0042263494046991,0.0,0.0,0.0,Rivers
21,4436.96,92,7,34678.29,4954.041428571429,0.4009321105510104,0.0,0.265787326883765,0.0130300542500798,0.0,0.1954000615370596,0.0,0.124850446778085,0.0,Oyo
48,85946.12,494,7,243879.27,34839.89571428572,0.0,0.0,0.0,0.0,0.0,0.211243169622412,0.0197874956735765,0.4599453655901135,0.309023969113898,Kano
24,11219.59,65,5,10889.05,2177.8100000000004,0.5509755212805526,0.0,0.0,0.0384257579862338,0.0,0.1406725104577534,0.2699262102754602,0.0,0.0,Cross River
23,38789.15,130,3,7679.98,2559.9933333333333,0.0,0.0,0.2904695064310064,0.0,0.0,0.363915010195339,0.0,0.0,0.3456154833736546,Kano
52,14964.1,294,6,22219.06,3703.176666666666,0.0945791586142708,0.0,0.0,0.0337764063826282,0.1964592561521504,0.3061308624217225,0.2216934469775048,0.0,0.1473608694517229,Delta
39,117245.86,24,8,48569.74,6071.2175,0.6431646535476616,0.1276710560937736,0.200317934582314,0.0,0.0,0.0288463557762508,0.0,0.0,0.0,Abuja FCT
31,23684.47,121,7,55042.66,7863.237142857142,0.6444982855116377,0.0,0.1385703379887527,0.139715631475659,0.0,0.0,0.0,0.0,0.0772157450239505,Oyo
39,30708.14,318,5,57486.83,11497.366,0.2912987200720582,0.0,0.0312325449150701,0.6539810944524163,0.0,0.0,0.0234876405604553,0.0,0.0,Kano
39,20955.19,294,5,25442.620000000003,5088.524,0.417427136041807,0.0,0.2273075650227846,0.0,0.0,0.1972414790615117,0.0,0.03405859931092,0.1239652205629766,Abuja FCT
46,31075.86,41,11,218190.69,19835.51727272728,0.0250643599871286,0.0,0.0333937254609717,0.0831247199410754,0.0,0.2337129508138042,0.3139737538755663,0.3040321747916925,0.006698315129761,Kwara
42,98112.76,173,5,42344.35,8468.869999999999,0.2100797390915198,0.0,0.0560972124970627,0.5201853375952163,0.0,0.2136377108162009,0.0,0.0,0.0,Abuja FCT
45,108429.56,114,4,20497.33,5124.3325,0.6528835706894508,0.1029607270800636,0.0,0.0,0.2441557022304856,0.0,0.0,0.0,0.0,Kano
21,17103.85,272,6,86516.7,14419.45,0.0,0.119653431071689,0.0206763549696185,0.0,0.0,0.0,0.1867424439443483,0.0,0.672927770014344,Rivers
29,26761.91,122,6,22762.52,3793.7533333333336,0.0,0.0,0.6729026487401218,0.1137018221181134,0.0,0.1017866211649676,0.0,0.0861468765321238,0.025462031444673,Anambra
25,15554.5,206,7,21852.71,3121.815714285714,0.1974125863565663,0.0075569574666025,0.5390164423542894,0.0,0.0,0.0453724046125171,0.0,0.0,0.2106416092100247,Rivers
29,16856.8,85,6,177777.69,29629.615,0.1362606297786859,0.0,0.2904593934143255,0.4629877911002218,0.0,0.0251561936708706,0.025491275086317,0.0,0.059644716949579,Delta
43,33766.26,111,7,118778.105,16968.300714285717,0.0565237170604801,0.1102713753515431,0.0,0.0,0.0,0.2533684133115274,0.0495912104339432,0.5137227100903824,0.0165225737521237,Oyo
30,27464.6,489,2,10771.44,5385.72,0.4734371634618955,0.5265628365381044,0.0,0.0,0.0,0.0,0.0,0.0,0.0,Rivers
43,121960.84,68,7,84391.98000000001,12055.997142857144,0.3231049917302568,0.0192449566890123,0.0126956376660436,0.0,0.0,0.0380478097563299,0.6069066041583572,0.0,0.0,Oyo
60,118030.4,515,1,383.81,383.81,1.0,0.0,0.0,0.0,0.0,0.0,0.0,0.0,0.0,Rivers
21,77550.03,37,8,33543.619999999995,4192.952499999999,0.0,0.0,0.3344972903938216,0.119316281307742,0.1774590816375811,0.0627436752503158,0.0,0.3059836714105395,0.0,Enugu
41,19887.6,57,6,41785.05,6964.175,0.0,0.0,0.0,0.0,0.0,0.1729831602451115,0.5430109572682095,0.2840058824866788,0.0,Oyo
28,50052.35,41,9,38089.29,4232.143333333333,0.2158430887002619,0.3443303878859385,0.2537970647391957,0.0315792182001817,0.0,0.0587004903478116,0.0571121173432216,0.0,0.0386376327833887,Plateau
37,139514.77,103,5,79444.29,15888.857999999998,0.0,0.0,0.6652976570122283,0.0949876951509038,0.0,0.2184875716052091,0.0,0.0,0.0212270762316586,Edo
44,63323.84,86,5,33474.3,6694.860000000001,0.0,0.0,0.3272331310886262,0.2186489336595537,0.0,0.0,0.0323776748132149,0.0,0.4217402604386051,Oyo
34,51304.95,318,2,27984.69,13992.345,0.0,0.0,0.0,0.0,0.0,0.0,0.0,0.1546227598018773,0.8453772401981227,Oyo
49,22860.41,73,6,131091.92500000002,21848.65416666667,0.0,0.4060436598211521,0.0,0.0,0.0,0.584330499380492,0.0,0.0,0.0096258407983558,Kaduna
54,55146.27,256,5,56674.02,11334.804,0.0,0.0877959601242333,0.0850483166713778,0.1596895720472978,0.0,0.0119493905673181,0.0,0.0,0.6555167605897728,Lagos
36,210878.11,205,7,22397.83,3199.69,0.0275575803548825,0.0,0.0751237954748294,0.2373412960094794,0.0,0.4347617604026818,0.1891763621743713,0.0,0.0360392055837552,Kano
47,19560.87,146,7,77047.31,11006.75857142857,0.1986293875801764,0.0,0.0586524046069875,0.3169665495135391,0.0,0.3028903929287083,0.1228612653705885,0.0,0.0,Rivers
35,10185.51,179,5,18060.74,3612.148,0.2356874635258577,0.3244545904542117,0.0,0.0,0.0,0.0,0.4165748468778134,0.0232830991421171,0.0,Oyo
57,29355.34,82,5,26818.89,5363.778,0.2099740145844962,0.0,0.0,0.0080480586631288,0.0,0.0,0.1671057228692164,0.5173569823359581,0.0975152215472005,Plateau
34,13382.19,27,6,95200.69,15866.781666666668,0.0,0.2236198077976115,0.0,0.076842720362636,0.0,0.0,0.5224877046584432,0.1513782095486913,0.0256715576326179,Plateau
39,77202.05,124,9,36053.59,4005.954444444445,0.200720094725657,0.0,0.4758555250669906,0.0,0.0,0.0404592164053565,0.2026921590887343,0.0802730047132615,0.0,Abuja FCT
54,35413.38,203,4,71631.48,17907.87,0.1722100394966012,0.0,0.0604463289045542,0.0,0.0,0.0,0.0,0.0,0.7673436315988446,Cross River
50,25937.63,339,1,7562.56,7562.56,1.0,0.0,0.0,0.0,0.0,0.0,0.0,0.0,0.0,Delta
37,12352.0,138,5,54919.62,10983.924,0.005901169745894,0.0,0.0,0.0,0.0,0.2834067315105239,0.6933503909895953,0.0,0.0173417077539866,Unknown
40,151127.99,214,4,89191.13,22297.7825,0.9451030612573248,0.0,0.014066981772739,0.0,0.0,0.0,0.0,0.0,0.0408299569699363,Anambra
50,33203.1,85,10,105152.82,10515.282,0.0,0.1294316215199934,0.1974945607735484,0.0,0.0,0.1585787238040786,0.5144950939023794,0.0,0.0,Kaduna
50,32315.44,67,4,518989.9041500111,129747.47603750275,0.0,0.0,0.0,0.0,0.0,0.0081240308651193,0.0849334633439401,0.0,0.9069425057909404,Kwara
41,12112.18,143,7,63424.34,9060.62,0.066208808794857,0.0,0.0685497082035067,0.6971156499224115,0.0,0.0843611458944626,0.0772282376135092,0.0065364495712529,0.0,Imo
45,24871.86,420,3,10286.41,3428.8033333333333,0.0,0.3999918338856802,0.0,0.5094731786891636,0.0,0.0,0.0,0.0905349874251561,0.0,Cross River
47,615399.93,78,13,111648.56,8588.350769230768,0.0159955488901961,0.2783617630178123,0.0346377060304226,0.1475004245464518,0.0,0.1733600505013231,0.1767734398007462,0.1733710672130478,0.0,Enugu
18,161016.1,130,5,47691.16,9538.232,0.1322576343288777,0.8174724624018372,0.0,0.0502699032692851,0.0,0.0,0.0,0.0,0.0,Kwara
20,5023.91,19,5,47819.73,9563.946,0.2262693662218502,0.0,0.0,0.0,0.0,0.0,0.5226357405196558,0.0,0.2510948932584939,Ogun
35,54399.05,49,6,31698.64,5283.106666666667,0.0,0.0,0.0,0.263964006026757,0.0,0.0,0.0,0.400838963438179,0.335197030535064,Edo
51,19716.11,107,5,41966.92,8393.384,0.199399431742906,0.6150954132445269,0.0,0.0,0.0,0.0,0.0,0.0,0.185505155012567,Ogun
41,61548.94,414,4,29332.82,7333.205,0.6605999695903769,0.0,0.0,0.0,0.0,0.0149511707363969,0.3244488596732261,0.0,0.0,Kaduna
25,10786.51,75,5,25745.69,5149.138,0.1818805400049484,0.1920239853738626,0.0,0.0743188471546111,0.0,0.4726410517643924,0.0791355757021855,0.0,0.0,Kano
23,125580.2,243,5,45748.75,9149.75,0.0,0.0,0.0,0.9793242438317988,0.0,0.007928959807645,0.0061186371212328,0.0066281592393234,0.0,Imo
22,70257.45,256,2,8510.84,4255.42,0.0,0.0,0.7464433592923847,0.0,0.0,0.0,0.0,0.0,0.2535566407076152,Kano
21,4730.0,64,7,39299.96,5614.28,0.3216598693739128,0.0,0.0,0.1865900117964496,0.0,0.0,0.4917501188296375,0.0,0.0,Kwara
42,8379.45,28,14,87754.37,6268.169285714285,0.0,0.3576890814668261,0.2027092212045964,0.0310830104529267,0.0,0.0053932356872939,0.1025340390455768,0.277932141726959,0.0226592704158208,Oyo
35,56345.03,558,2,6200.83,3100.415,0.0,0.0,0.0,0.4772586895625263,0.0,0.5227413104374736,0.0,0.0,0.0,Oyo
39,18005.1,130,5,16634.73,3326.946,0.0,0.0,0.1846774789852315,0.2051653378203313,0.0,0.0,0.0,0.6101571831944371,0.0,Delta
52,37888.79,132,7,301861.12,43123.01714285714,0.0791869453078289,0.0049424715577812,0.0049790446679585,0.0,0.7859519304771677,0.1212500304775918,0.0036895775116715,0.0,0.0,Enugu
49,52460.31,136,4,76693.9,19173.475,0.2546326370154602,0.0,0.089456918998773,0.0,0.0,0.0,0.0344190346298727,0.0,0.6214914093558941,Abuja FCT
42,8544.28,197,5,42162.785,8432.557,0.0,0.1201283311811589,0.0,0.0,0.0,0.7108726332949781,0.0193300798322501,0.1496689556916129,0.0,Plateau
26,103863.27,57,6,489348.0341500112,81558.00569166853,0.9853184247230518,0.0044605267573852,0.0,0.001403929212045,0.0,0.0088171193075179,0.0,0.0,0.0,Edo
18,31235.53,3,5,13145.65,2629.13,0.0,0.0,0.2182181938511979,0.0,0.0,0.0773168310429685,0.4553917075230209,0.1321304005507525,0.11694286703206,Oyo
22,81132.63,53,6,35409.72,5901.62,0.1667488474915927,0.0097035503246001,0.0402556134304366,0.0,0.1326850367639168,0.1244836163629647,0.0,0.526123335626489,0.0,Rivers
18,33916.28,264,1,67999.12,67999.12,0.0,0.0,0.0,0.0,0.0,0.0,0.0,1.0,0.0,Anambra
28,14894.13,29,8,55120.41,6890.05125,0.0,0.0,0.0097653482621047,0.1322112807216056,0.0,0.1626107280406659,0.248022284304489,0.4473903586711347,0.0,Enugu
30,9983.93,17,12,37223.1,3101.925,0.4442467177639691,0.0,0.0,0.0,0.0,0.0470960237057096,0.1066345898111656,0.3131227651646424,0.0888999035545132,Delta
51,17806.89,51,8,61291.04,7661.38,0.0,0.1069156274718131,0.2808173919058968,0.2585390947844905,0.0,0.0,0.141152605666342,0.132378729419504,0.0801965507519533,Kwara
37,7140.93,519,2,29191.19,14595.595,0.4321471649494248,0.0,0.0,0.0,0.0,0.0,0.0,0.0,0.5678528350505752,Ogun
18,26840.58,57,6,54977.04,9162.84,0.0,0.2755270200068974,0.4495684016454869,0.0,0.0,0.0819927737106254,0.0,0.0712377385177521,0.1216740661192381,Enugu
45,92844.74,121,8,53008.34,6626.0425000000005,0.2657687450691721,0.0753990787110103,0.4585038882560743,0.0,0.0,0.0920928668960393,0.0,0.1082354210677036,0.0,Ogun
31,33200.66,240,9,58205.07,6467.23,0.0666768376019477,0.0448500448500448,0.2725319289195941,0.0,0.0,0.4862028342204554,0.0953286371788574,0.0344097172291004,0.0,Oyo
24,72090.43,80,8,73959.66,9244.9575,0.0,0.0,0.0794090995009982,0.0495278101602954,0.0,0.039510322248642,0.6977694326880356,0.1337833354020286,0.0,Delta
46,68581.38,70,5,54855.1,10971.02,0.0,0.4649368973896684,0.0,0.0063718779110784,0.027063117194208,0.5016281075050452,0.0,0.0,0.0,Imo
36,7682.63,350,3,11260.77,3753.59,0.0623518640377167,0.9256160990767062,0.012032036885577,0.0,0.0,0.0,0.0,0.0,0.0,Lagos
30,28211.82,125,9,89284.01000000001,9920.445555555556,0.0218475850267029,0.3059021430601067,0.0,0.5524679055073803,0.0,0.0,0.0104090306875777,0.0,0.1093733357182321,Rivers
26,40108.39,278,4,5580.34,1395.085,0.0,0.0,0.0,0.7176426525982288,0.0,0.0,0.0,0.2823573474017712,0.0,Rivers
44,137764.34,188,7,120715.825,17245.117857142857,0.0,0.0419575892390247,0.0,0.0,0.0,0.4955828285148199,0.2672956921762329,0.004433055898015,0.1907308341719074,Oyo
23,197425.57,43,4,19395.41,4848.8525,0.6600025469943662,0.0,0.0,0.0981680717241862,0.0,0.2418293812814475,0.0,0.0,0.0,Plateau
57,294435.14,40,10,57148.33,5714.8330000000005,0.0566646479433432,0.0,0.3667297014628423,0.1398802029735601,0.0,0.0778591430405752,0.2066445336197925,0.0861984943392046,0.0660232766206816,Kano
18,228545.93,9,11,75925.1,6902.281818181818,0.1588692013576537,0.0786901828249156,0.1826430258241345,0.0885555633117374,0.0,0.0,0.4850108857281715,0.0062311409533869,0.0,Cross River
76,80574.71,77,9,41591.98,4621.331111111112,0.0,0.2487070824711879,0.3290470903284719,0.0719064108032365,0.0,0.0,0.1450919143546424,0.0,0.205247502042461,Ogun
18,24139.79,89,5,72379.69,14475.938,0.428184757353893,0.3220971242070807,0.1575618795825182,0.0,0.0,0.003187496381927,0.0,0.0,0.0889687424745809,Enugu
52,31575.15,88,10,124484.61000000002,12448.461,0.7330105303780123,0.0551454513132185,0.1511113703131656,0.0132505536226526,0.0,0.0070577399085718,0.0404243544643791,0.0,0.0,Ogun
42,35875.1,131,6,61150.17,10191.695,0.1786636079670751,0.1189944361561055,0.026779484014517,0.2809908786843928,0.0,0.0,0.3583770903662246,0.0,0.0361945028116847,Rivers
24,20946.21,250,4,14830.83,3707.7075,0.1182934468266442,0.0,0.0,0.0,0.0,0.196676787475819,0.6850297656975368,0.0,0.0,Cross River
62,11191.47,94,3,12709.91,4236.636666666666,0.0,0.5295922630451356,0.0,0.0,0.0,0.0,0.0506171955584264,0.4197905413964379,0.0,Edo
61,63371.75,46,7,181774.16,25967.737142857142,0.0,0.0,0.0,0.0,0.0355172044255355,0.0,0.7651157898350349,0.0162940651190466,0.183072940620383,Lagos
45,61077.8,18,4,28675.88,7168.97,0.1250528318572961,0.0,0.2375822468220678,0.0,0.0,0.5666323056171249,0.0707326157035111,0.0,0.0,Lagos
52,35323.1,164,4,32668.43,8167.1075,0.0,0.0798734435661585,0.0,0.0,0.0,0.0,0.9201265564338414,0.0,0.0,Oyo
21,7271.21,65,4,51893.16,12973.29,0.1011670902292325,0.6820633008280861,0.0,0.0,0.0,0.0612203997598142,0.0,0.0,0.1555492091828672,Imo
53,42096.76,94,11,102699.93,9336.357272727271,0.1749786002775269,0.0,0.0160833605241989,0.0069822832401151,0.0,0.2489717373711939,0.0796674350216207,0.2111589559992884,0.2621576275660558,Imo
61,62474.59,22,6,74153.47,12358.911666666669,0.2376355415329855,0.1589738147115704,0.0,0.5571461456894734,0.0,0.0,0.0317931177057526,0.0144513803602178,0.0,Anambra
21,12102.53,170,3,13164.46,4388.153333333333,0.0,0.0,0.5578846378810829,0.4421153621189171,0.0,0.0,0.0,0.0,0.0,Rivers
36,28781.19,13,6,87778.67,14629.778333333334,0.1252437522692016,0.0,0.8246553519209167,0.0,0.0,0.0113183533083834,0.0387825425014983,0.0,0.0,Kwara
42,236200.53,40,6,62694.65,10449.108333333332,0.0081692776018368,0.9065689018121962,0.0,0.0,0.0,0.0,0.0,0.0296409661749447,0.0556208544110223,Oyo
18,44582.64,47,8,32679.11,4084.88875,0.1724076940895881,0.3881969245796474,0.0475949314409113,0.0421899494814883,0.0,0.1493825872246826,0.0212566988513457,0.1789712143323364,0.0,Ogun
48,87369.38,44,3,23884.47,7961.490000000001,0.0,0.0,0.0,0.0,0.0,0.0,0.0,0.7868213110862414,0.2131786889137586,Kwara
43,6805.13,112,8,38658.26,4832.2825,0.0,0.3327433774825872,0.0639511452403703,0.215737852660725,0.0,0.0702576887837166,0.1874295428713036,0.0568838328471069,0.0729965601141903,Imo
44,17777.67,69,6,65505.67,10917.611666666666,0.418900226499477,0.0,0.0,0.5323742204300788,0.0,0.0,0.0,0.0,0.0487255530704441,Ogun
37,36236.485,138,2,12457.52,6228.76,0.0,0.8380006614478643,0.0,0.1619993385521355,0.0,0.0,0.0,0.0,0.0,Unknown
37,26435.83,386,3,16979.29,5659.763333333333,0.0,0.0,0.0,0.0,0.0,0.0,0.0,0.0,1.0,Kwara
43,39433.71,11,6,38597.44,6432.906666666667,0.261740156860144,0.0368757617085485,0.0,0.4667682623510782,0.0,0.2119485126474709,0.0,0.0226673064327582,0.0,Kano
27,45419.44,2,6,71037.28,11839.546666666669,0.7166705988742813,0.0,0.1338891353948237,0.100928977010381,0.0,0.0,0.0,0.0,0.048511288720514,Kano
26,208662.91,12,6,70791.79,11798.631666666666,0.1183973452288747,0.0,0.54787285361763,0.0110286800206634,0.0,0.0,0.2398467392899657,0.0297622083012733,0.0530921735415928,Imo
43,11636.97,53,8,57935.64,7241.955,0.1049119333108256,0.2534916331294519,0.4625285920721683,0.0,0.0,0.0832278714794554,0.0958399700080986,0.0,0.0,Kwara
36,66471.71,225,3,3892.25,1297.4166666666667,0.0,0.2423919326867493,0.0,0.0,0.0,0.0,0.0,0.0,0.7576080673132507,Plateau
24,13168.62,87,6,63365.71,10560.951666666666,0.0,0.0,0.4472614604965367,0.5422983503222799,0.0,0.0,0.0,0.0104401891811833,0.0,Cross River
27,9236.14,39,5,34853.99,6970.798,0.0,0.2438891501374735,0.0977827789587361,0.4867293529377842,0.0,0.078537636580489,0.0930610813855171,0.0,0.0,Kwara
30,68175.54,54,4,124244.78,31061.195,0.3516559005537295,0.0,0.5188834492684522,0.0,0.0,0.0,0.0,0.1294606501778183,0.0,Edo
25,15187.44,6,6,44487.77,7414.628333333334,0.0,0.0377789221622032,0.0629557291813008,0.1339846883761537,0.0,0.0,0.7652806602803423,0.0,0.0,Edo
35,8383.78,3,7,55471.87,7924.552857142857,0.0363400404565412,0.0,0.5593609878304083,0.0,0.0,0.0279799473138367,0.0,0.05862863465753,0.3176903897416834,Plateau
54,5832.84,256,6,91131.56,15188.593333333332,0.0194245550059715,0.8128389330765324,0.0670216772323441,0.0081949656079628,0.0,0.0,0.0,0.0099547291849278,0.0825651398922612,Cross River
28,10527.85,91,6,20914.36,3485.726666666667,0.2747523710981355,0.1596644602082015,0.0,0.0,0.0,0.4868516177401555,0.0,0.0,0.0787315509535075,Delta
19,7608.46,270,6,78208.34,13034.723333333332,0.0,0.0504194309711726,0.0,0.0,0.0,0.1709278064206451,0.0282568329669188,0.0,0.7503959296412633,Rivers
29,86906.56,46,4,11808.94,2952.235,0.7408234778057979,0.0,0.1830308224108175,0.0,0.0,0.0,0.0761456997833844,0.0,0.0,Ogun
40,13433.74,19,6,33243.86,5540.643333333333,0.0,0.5080556229029962,0.0732947377350283,0.4186496393619753,0.0,0.0,0.0,0.0,0.0,Cross River
27,18782.26,34,7,83386.31,11912.33,0.0,0.2329147314469246,0.2522878155898732,0.0264857624710818,0.0,0.0238536757412577,0.4644580147508626,0.0,0.0,Imo
35,5709.2,366,3,10115.23,3371.7433333333333,0.1090860019989659,0.0,0.0,0.0,0.0,0.6092031520785983,0.0,0.0,0.2817108459224358,Delta
34,6950.32,419,3,13307.815,4435.9383333333335,0.0,0.5611586124393824,0.0,0.0,0.0,0.0,0.4388413875606176,0.0,0.0,Kaduna
56,7484.22,34,8,552948.9941500111,69118.62426875139,0.0307245336906987,0.0429954484980041,0.0323852293601276,0.0256362524391431,0.0,0.0,0.8502872943511648,0.0,0.0179712416608612,Delta
35,79650.26,41,9,180739.67,20082.185555555552,0.350154783396473,0.0279960674930965,0.0,0.0,0.0,0.0289427329373789,0.3661856857434785,0.1059212955296421,0.1207994348999309,Cross River
32,99192.84,54,5,31492.59,6298.518,0.0430475867497719,0.0663625951374593,0.0,0.0,0.0,0.0,0.7993883640564337,0.0,0.0912014540563351,Enugu
51,51902.59,46,6,39134.93,6522.488333333334,0.0,0.5253669803421138,0.0,0.0,0.0,0.269673920459293,0.0100799975878326,0.1948791016107605,0.0,Delta
37,23149.95,720,1,2041.57,2041.57,0.0,0.0,0.0,0.0,0.0,0.0,0.0,1.0,0.0,Oyo
50,33851.36,224,5,32077.49,6415.4980000000005,0.0,0.2799115516831273,0.2961300899789852,0.0,0.0,0.0,0.0,0.4239583583378874,0.0,Imo
41,540813.71,127,4,11471.0,2867.75,0.0,0.0,0.3580777613111324,0.0,0.0,0.5352828872809694,0.0,0.1066393514078981,0.0,Edo
44,62654.17,11,5,34030.72,6806.144,0.0,0.0,0.0,0.0606510823162131,0.0,0.0,0.036580477874109,0.177983598348786,0.7247848414608918,Oyo
48,63925.19,78,5,30790.99,6158.197999999999,0.0,0.5311277747159153,0.0,0.0,0.0,0.4512709724500576,0.0,0.0176012528340271,0.0,Abuja FCT
53,64875.73,62,4,36941.97,9235.4925,0.0,0.0,0.0,0.0,0.0,0.0299629391718958,0.5807337832822668,0.0,0.3893032775458374,Kwara
40,37676.35,75,10,161144.78,16114.478,0.7348063027545788,0.0,0.029911176769114,0.0833267450549747,0.0,0.0541998319771822,0.057627929368857,0.0221731042110082,0.0179549098642847,Plateau
46,322624.39,150,5,63814.31,12762.862,0.5631479835792317,0.1283574170119523,0.0838918418141636,0.0,0.0,0.0,0.0,0.0,0.2246027575946523,Abuja FCT
51,361236.1,8,6,79673.82,13278.97,0.8597623410048622,0.0045086328231783,0.0705063470033192,0.0,0.0,0.0458611122197981,0.0193615669488421,0.0,0.0,Plateau
68,16520.42,128,8,43675.68,5459.46,0.3441997926534859,0.1071683371615507,0.0149634762412399,0.0,0.0,0.1025346371252834,0.3839660882211794,0.0,0.0471676685972605,Rivers
58,163858.61,36,4,16089.309999999998,4022.3275,0.7361540053613237,0.0273902361257257,0.1831004561413758,0.0,0.0,0.0,0.0533553023715746,0.0,0.0,Imo
26,51885.53,316,5,73505.385,14701.077,0.0,0.12144314324726,0.0,0.0113229799422178,0.0,0.8672338768105222,0.0,0.0,0.0,Kwara
37,28599.82,108,6,102121.97,17020.328333333335,0.0,0.5389048017777174,0.0,0.1911865781672641,0.0,0.0,0.0,0.2699086200550185,0.0,Unknown
52,27394.32,137,8,97967.06,12245.8825,0.0841154159367444,0.0,0.0214531292456872,0.0391890907004864,0.0,0.6366958445012028,0.0660370945091135,0.1525094251067655,0.0,Oyo
33,37599.57,1,12,63898.145,5324.845416666667,0.1138522878872305,0.6138385550942049,0.0233837774163866,0.0437849956364148,0.0,0.0,0.0113192644324807,0.0700414699049557,0.1237796496283264,Kaduna
33,41137.19,5,4,25070.58,6267.645,0.7562294131208771,0.0436479730425063,0.1259396471880586,0.0,0.0,0.0741829666485577,0.0,0.0,0.0,Kano
35,26316.89,31,6,48695.21,8115.868333333333,0.7243020412069278,0.1105032712663114,0.0,0.0,0.0,0.0,0.0504575296009607,0.0,0.1147371579258001,Lagos
39,18234.18,68,8,33970.21,4246.27625,0.2670042369476079,0.0,0.0,0.6485567796018924,0.0,0.0,0.0696645678669634,0.0147744155835362,0.0,Edo
19,47035.07,64,6,54568.1,9094.683333333332,0.0270278789255993,0.0124310723664558,0.0564080479254362,0.2695351313313089,0.0,0.059048968170048,0.0,0.5755489012811514,0.0,Cross River
62,125394.69,539,2,12399.37,6199.685,0.8981738588331504,0.0,0.0,0.0,0.0,0.0,0.1018261411668496,0.0,0.0,Abuja FCT
41,24344.7,100,6,110431.05,18405.175,0.0,0.1433578690051394,0.4760738940723645,0.087619378788846,0.0,0.0,0.1915703961883908,0.0,0.101378461945259,Kano
24,4175.58,39,9,710461.5441500111,78940.17157222347,0.0,0.1199772889917347,0.6617747406898882,0.0,0.0,0.0,0.1700765101150733,0.0,0.0481714602033037,Kano
21,11031.31,82,6,518354.3341500111,86392.38902500186,0.0,0.0,0.0224706522790048,0.0,0.0,0.0,0.0097080503980963,0.9070349627171166,0.0607863346057821,Kano
44,20191.96,6,6,54565.16,9094.193333333336,0.0,0.0,0.068000167139618,0.0250084486144638,0.0,0.0,0.0571590003584705,0.7943194888459962,0.0555128950414513,Ogun
43,24549.05,27,7,135131.34,19304.477142857144,0.0,0.0612413819029693,0.0,0.4807966826940367,0.0,0.0,0.3732191214858078,0.0,0.084742813917186,Plateau
37,36236.485,43,7,92484.17,13212.024285714286,0.180629398523012,0.6108459426083404,0.0,0.0,0.0,0.0,0.0,0.1845306066973407,0.0239940521713067,Unknown
48,330066.52,78,7,153718.24,21959.74857142857,0.0191208928751721,0.0,0.5208059238773486,0.1254855637170969,0.0,0.0,0.3345876195303823,0.0,0.0,Cross River
32,104950.79,255,5,69204.96,13840.992000000002,0.7742332341496909,0.0,0.0058127336537727,0.1220606153084981,0.0,0.0,0.0,0.097893416888038,0.0,Anambra
45,72272.14,72,9,202360.98,22484.553333333333,0.238856522635935,0.0369313293501543,0.0,0.0,0.4623783201682458,0.1002277711839505,0.1191573592893254,0.0,0.0424486973723886,Delta
37,109522.6,93,9,108521.83,12057.981111111112,0.0,0.3233505185085802,0.0,0.0,0.0370764112621396,0.0619548159112318,0.0791760514912068,0.3991426425448225,0.0992995602820188,Imo
48,6136.8,64,7,53615.78,7659.397142857143,0.2017732466076218,0.0,0.225971906032142,0.039464500936105,0.0,0.0,0.0,0.0,0.5327903464241311,Delta
24,20604.4,55,7,95537.21,13648.172857142858,0.1425615213171915,0.0,0.3542853093574745,0.0187032884883282,0.0,0.0,0.2930110686715679,0.0,0.1914388121654379,Enugu
40,14818.7,9,8,31652.9,3956.6125,0.1763168619620951,0.0,0.0689532396715625,0.602405466797671,0.0,0.0,0.0,0.1523244315686714,0.0,Plateau
21,44563.72,52,4,20498.02,5124.505,0.0842427707651763,0.0,0.2482366589553527,0.0,0.0,0.0,0.0,0.0413166735128563,0.6262038967666146,Delta
49,65817.99,15,6,14665.63,2444.271666666667,0.0357325256398804,0.0,0.0,0.1800188604239981,0.0,0.0,0.5121109696617193,0.0,0.2721376442744021,Imo
36,162749.59,93,6,24895.92,4149.32,0.2242965915700243,0.3993578064196864,0.0060736859694279,0.0,0.0,0.0,0.0,0.272629410762888,0.0976425052779732,Kaduna
22,10230.73,14,6,26741.04,4456.84,0.2151991844745006,0.1248519130146022,0.1609084762597116,0.0,0.0,0.0,0.013817712400116,0.4852227138510693,0.0,Lagos
53,42378.48,199,4,62970.89,15742.7225,0.0,0.058746350893246,0.6271470833586757,0.0,0.0,0.303355883964797,0.0107506817832811,0.0,0.0,Abuja FCT
49,70960.8,19,7,188332.4,26904.62857142857,0.0,0.0,0.0,0.0,0.0444495477145727,0.1102570773802065,0.0694562380132149,0.7132386142798586,0.0625985226121474,Oyo
18,10493.91,203,4,81092.39,20273.0975,0.4822471011151601,0.0318862226159569,0.0,0.0926243510642614,0.0,0.3932423252046215,0.0,0.0,0.0,Delta
27,118721.18,310,3,38955.11,12985.036666666669,0.0,0.0,0.0816652808835605,0.1248187978419262,0.0,0.0,0.0,0.7935159212745131,0.0,Kano
32,129222.47,212,6,132089.58000000002,22014.930000000004,0.0,0.4546500942769292,0.0,0.0189749259555522,0.0,0.0932632233367688,0.0,0.0,0.4331117564307494,Edo
45,28305.74,3,9,125092.5,13899.166666666666,0.0644248855846673,0.2626684253652298,0.0157826408457741,0.0,0.0,0.0,0.0,0.2225713771808861,0.4345526710234426,Oyo
58,95847.64,174,3,116754.32,38918.10666666667,0.0,0.0842033939300918,0.0,0.8570696142121336,0.0,0.0587269918577745,0.0,0.0,0.0,Edo
36,11046.78,21,9,77964.89,8662.765555555556,0.0343237834363647,0.0543575447871471,0.0,0.0679870131286018,0.0,0.5003276474833735,0.0,0.2709606849955152,0.0720433261689973,Delta
48,9481.26,125,2,8139.29,4069.645,0.0,0.0,0.0,0.2947234955383086,0.0,0.0,0.0,0.0,0.7052765044616913,Cross River
35,39786.63,9,7,66678.82,9525.545714285716,0.0,0.2569895508048883,0.1036441556704212,0.0251235699731938,0.0,0.0,0.1645552515776374,0.0,0.4496874719738592,Cross River
32,7329.18,194,5,69031.3,13806.26,0.0724874078859879,0.0,0.0,0.333729482133467,0.0,0.0,0.0882948749335446,0.0512986138172104,0.4541896212297899,Oyo
42,52907.98,67,3,10793.11,3597.7033333333334,0.0,0.0,0.0,0.2210243386753215,0.0,0.0,0.0,0.0,0.7789756613246783,Abuja FCT
53,12341.44,96,6,80614.45999999999,13435.743333333332,0.2962747626170293,0.0,0.0,0.1173030247923263,0.0,0.0,0.0624231682504602,0.0161265112983452,0.507872533041839,Anambra
46,107163.36,59,7,44492.8,6356.114285714286,0.1083795580408515,0.0531301693757192,0.4754272601409666,0.029666372986191,0.0,0.0,0.1230502463319908,0.0,0.2103463931242807,Edo
48,91596.23,200,4,26350.1,6587.525,0.0549185771590999,0.0,0.0,0.0927651128458715,0.0,0.0,0.2150451041931529,0.6372712058018756,0.0,Kwara
43,77840.42,106,5,26646.82,5329.364,0.3848977101207573,0.0436806343120867,0.0,0.0,0.0,0.0,0.3809426415609817,0.1904790140061741,0.0,Cross River
46,104689.4,69,9,48662.5,5406.944444444444,0.2336090418700231,0.0,0.0,0.103660724377087,0.4370659131774981,0.0,0.0834757770357051,0.0629211405086051,0.0792674030310814,Kwara
43,43583.98,93,10,42242.33,4224.233,0.2579585453737992,0.0645975257520122,0.0590611360689621,0.0982722780679948,0.0,0.2518450094963985,0.1211363104260584,0.1471291948147746,0.0,Oyo
71,38759.85,583,3,8406.86,2802.286666666667,0.0,0.0,0.0,0.04325515115037,0.0,0.3400603792616982,0.0,0.0,0.6166844695879318,Kwara
18,10046.75,25,8,126479.53,15809.94125,0.0,0.0,0.0716930241597197,0.0399698670607014,0.0,0.8095537673171302,0.0,0.0787833414624485,0.0,Oyo
53,39115.35,125,2,9233.02,4616.51,0.7006504913885164,0.0,0.0,0.0,0.0,0.0,0.0,0.0,0.2993495086114836,Edo
34,24045.35,53,5,48660.91,9732.182,0.0,0.7812102157563432,0.0,0.0,0.0,0.0,0.1477337764542422,0.0,0.0710560077894145,Plateau
37,36236.485,4,8,126559.17,15819.89625,0.0671068718292005,0.150490399075784,0.0,0.0252811392489378,0.0,0.0,0.0,0.750883005948917,0.0062385838971605,Unknown
25,39550.91,724,1,666.23,666.23,0.0,0.0,1.0,0.0,0.0,0.0,0.0,0.0,0.0,Plateau
33,8686.32,11,8,81504.63,10188.07875,0.0045890644494674,0.0018037012130476,0.0,0.0,0.0,0.0,0.0253669024692216,0.2647810314579675,0.7034593004102957,Rivers
22,57141.84,178,5,23052.53,4610.505999999999,0.9388487944707156,0.0,0.0,0.0,0.0,0.0,0.0,0.0,0.0611512055292846,Abuja FCT
35,15091.29,205,2,8060.540000000001,4030.27,0.0,0.0,0.0,0.0,0.0,0.3154131112803857,0.6845868887196143,0.0,0.0,Edo
73,25947.44,107,4,42491.560000000005,10622.89,0.5490398563855975,0.0,0.0,0.0,0.0,0.3415800690772473,0.0,0.0,0.1093800745371551,Rivers
28,75358.42,163,9,50472.86,5608.095555555556,0.0451038439272115,0.0,0.3384521899492123,0.380507662930137,0.0,0.1341306991519799,0.0,0.0667538950636044,0.0350517089778546,Enugu
28,311322.63,152,7,66935.29,9562.184285714286,0.0,0.0,0.3237765907938847,0.0294222972665091,0.0,0.0571302522182245,0.2661194117482721,0.2271215975907477,0.0964298503823618,Anambra
18,10533.28,86,8,35711.2,4463.9,0.4059337126727749,0.1402688792311655,0.0,0.0849859427854566,0.0,0.2216727525258182,0.0646133425928,0.0,0.0825253701919845,Kano
27,9105.78,152,8,35315.6,4414.45,0.0,0.1605703994835143,0.0,0.1494557645912854,0.0,0.0107652142395994,0.2666257970981662,0.2185835721324287,0.1939992524550057,Kano
46,23357.13,56,12,162812.68,13567.723333333332,0.1487873671755787,0.0271597396468137,0.0547939509379736,0.3535034249175187,0.0,0.0198476556002886,0.0,0.2592215790563733,0.1366862826654533,Abuja FCT
39,21351.76,245,6,39313.84,6552.306666666666,0.0,0.0524797374156276,0.0,0.024082104419207,0.0,0.0,0.7267171052229953,0.1967210529421699,0.0,Plateau
40,7642.61,99,4,10172.22,2543.055,0.886144814013067,0.0,0.0,0.0,0.0,0.0,0.0,0.0,0.113855185986933,Kwara
43,21746.16,458,2,3323.1800000000003,1661.59,0.0,0.0,0.8634891880668516,0.1365108119331483,0.0,0.0,0.0,0.0,0.0,Oyo
40,124209.78,80,10,63236.81,6323.681,0.3194239241353256,0.1061620597243915,0.0,0.0,0.1486581944914679,0.2573145293065859,0.0800092541037411,0.0306652090768019,0.057766829161686,Lagos
29,46425.21,179,7,26252.43,3750.347142857143,0.1036761168394697,0.1519657418379936,0.5417605151218383,0.0,0.0,0.0,0.0,0.0,0.2025976262006983,Oyo
20,81464.65,84,7,33816.58,4830.9400000000005,0.0,0.0,0.1519772253728792,0.4342233898283031,0.0,0.1585633437798854,0.0,0.2552360410189321,0.0,Anambra
27,20911.77,34,10,87092.81,8709.280999999999,0.0548293251762114,0.1297597356199668,0.0977898175521033,0.1015451218074144,0.0,0.0423290969713803,0.0163393510899464,0.0,0.5574075517829773,Rivers
24,102623.66,49,6,82659.95,13776.658333333333,0.0,0.0,0.0,0.0,0.0,0.5967792141175987,0.0046503778431997,0.0167111158426783,0.3818592921965232,Kaduna
46,156658.98,51,9,103536.53,11504.058888888889,0.0,0.2432846648424473,0.0563838676069209,0.0493610322849336,0.0484639576002788,0.3372943829583626,0.1711534083670758,0.0,0.0940586863399806,Delta
38,4165.72,112,9,61988.37,6887.596666666667,0.055190191321372,0.0919548295914217,0.0588320034871057,0.0,0.0221760952901326,0.1314044876482475,0.572067308754852,0.0366580053645546,0.0317170785423136,Abuja FCT
33,3991.0,84,3,10524.28,3508.093333333333,0.2732405447213491,0.2629091966386299,0.0,0.0,0.0,0.463850258640021,0.0,0.0,0.0,Imo
18,19585.18,541,2,4926.92,2463.46,0.1397932176694567,0.0,0.0,0.8602067823305433,0.0,0.0,0.0,0.0,0.0,Kwara
46,48179.9,258,6,144083.96,24013.99333333333,0.0,0.0,0.6275900523555848,0.0,0.196512089201324,0.0629481588373889,0.0156818288447929,0.0972678707609091,0.0,Abuja FCT
39,55865.72,263,4,30341.53,7585.3825,0.2060133421089839,0.2288358563328876,0.0,0.4324874190589598,0.0,0.0,0.0,0.1326633824991686,0.0,Oyo
29,9449.01,36,9,706237.4241500112,78470.8249055568,0.0299776807006237,0.0,0.0,0.0254972186183312,0.0120549544797156,0.0001580346724535,0.0,0.2593696308581513,0.6729424806707245,Kano
62,3444.13,50,7,174647.56,24949.65142857143,0.7768642172842266,0.0599221082733706,0.0284351524865277,0.1103506971411452,0.0,0.0118114447175786,0.0,0.0,0.012616380097151,Edo
42,9737.95,5,7,209997.3,29999.614285714288,0.0166293090434972,0.1773741852871441,0.0,0.6599290562307231,0.0,0.0046992508951305,0.0736601375351016,0.0188040512901832,0.0489040097182201,Ogun
41,13430.07,18,4,23947.15,5986.7875,0.0,0.0,0.1805379763353885,0.0,0.0,0.3627550668868738,0.0,0.2031982929075067,0.2535086638702309,Anambra
49,68372.47,10,8,86722.75,10840.34375,0.0990856493826591,0.1329610742279275,0.0728537782761732,0.6635141297986976,0.0,0.0,0.0,0.0315853683145426,0.0,Abuja FCT
18,16964.89,409,4,55729.01,13932.2525,0.0,0.0,0.0,0.0,0.0,0.1894498036121581,0.0,0.5876006051426358,0.222949591245206,Lagos
50,63856.52,48,4,14929.93,3732.4825,0.0,0.0,0.0,0.1907222605866202,0.0,0.0,0.1811515526194697,0.62812618679391,0.0,Plateau
30,35392.9,139,4,64126.14,16031.535,0.4039454113408354,0.0651631300433801,0.0,0.0,0.0,0.0,0.0,0.0,0.5308914586157845,Anambra
29,11066.81,149,8,45396.76,5674.594999999999,0.2852589039394001,0.1477799296689896,0.0,0.0438011435177312,0.0,0.0,0.5089530618484668,0.0,0.0142069610254123,Enugu
32,189500.75,230,5,27968.88,5593.776,0.3008887020145247,0.0,0.0,0.3642741504128874,0.0,0.0,0.0,0.2716680110179599,0.0631691365546278,Abuja FCT
18,45424.64,66,6,69620.66,11603.443333333336,0.0475526948466159,0.1146672553808021,0.3887004231215274,0.0,0.0,0.0965145978219683,0.3525650288290861,0.0,0.0,Kaduna
23,7449.81,81,6,59355.43,9892.571666666669,0.4688721823765744,0.0,0.0,0.1908308978639359,0.0,0.2918204787666436,0.0484764409928459,0.0,0.0,Edo
46,11107.21,187,1,9881.62,9881.62,0.0,0.0,0.0,1.0,0.0,0.0,0.0,0.0,0.0,Abuja FCT
49,43853.78,89,5,75925.82,15185.164,0.0,0.0,0.0877465663195998,0.7791502284730016,0.0,0.0,0.0068150729224919,0.0,0.1262881322849065,Delta
26,83738.16,122,5,37920.4,7584.08,0.1590009599054862,0.0323664834759127,0.1084247529034503,0.0,0.0,0.0,0.0817549392938893,0.6184528644212614,0.0,Kwara
39,61124.64,15,5,16495.23,3299.046,0.1626949124080113,0.0,0.0,0.0,0.0,0.2213979435267044,0.1961567071207858,0.0,0.4197504369444985,Cross River
30,173616.97,77,7,431911.88,61701.69714285714,0.9266426985060008,0.0293947691367044,0.0230835049038243,0.0,0.0,0.0,0.0166027848087901,0.00189304818381,0.0023831944608701,Anambra
18,72599.51,25,6,76657.96,12776.326666666668,0.0664084982172758,0.0995372170091664,0.4047616190151682,0.0,0.0,0.0815534355466803,0.0,0.3477392302117092,0.0,Kwara
40,32650.5,171,7,39702.37,5671.767142857143,0.0,0.3430084904251309,0.0,0.0,0.0,0.1229571433644893,0.0259609187058606,0.4350833464097988,0.0729901010947205,Cross River
39,26736.63,68,9,25982.72,2886.968888888889,0.2504733915463815,0.0900205983053352,0.1205135567023006,0.0,0.0,0.0,0.2913928949701955,0.0,0.2475995584757869,Lagos
27,8727.83,115,4,17811.86,4452.965,0.0,0.0,0.6267666599670108,0.0,0.0,0.0,0.0,0.3732333400329892,0.0,Edo
36,19600.92,471,5,35540.06,7108.012,0.066040406234542,0.0,0.0,0.1041596440748834,0.0,0.0,0.0,0.0,0.8297999496905746,Cross River
37,49916.26,31,8,59111.58,7388.9475,0.0,0.2081713938284173,0.0,0.0422769954719532,0.0,0.2846339076032141,0.3349413093001405,0.097690503282098,0.0322858905141767,Oyo
18,35827.52,134,6,496367.1741500111,82727.86235833519,0.0,0.0,0.9914918829851472,0.0,0.0,0.006513625735901,0.0019944912789515,0.0,0.0,Plateau
27,216616.14,52,6,27968.51,4661.418333333333,0.0,0.1386566535006691,0.0,0.251179987779113,0.2630039998555518,0.0,0.297947584622849,0.0492117742418169,0.0,Lagos
22,79562.51,17,2,29520.13,14760.065,0.0,0.0,0.9538799456506458,0.0,0.0,0.0,0.0,0.0,0.0461200543493541,Ogun
53,40875.15,62,5,51834.01,10366.802,0.0,0.2907068158531435,0.3329553318371471,0.0,0.0,0.0,0.1832920123293567,0.1930458399803526,0.0,Kwara
30,92462.86,196,4,77127.13,19281.7825,0.0,0.0,0.0,0.1846298442584341,0.0,0.063294070452252,0.7520760852893139,0.0,0.0,Abuja FCT
35,105593.05,68,4,23861.47,5965.367499999999,0.0,0.7149165579488606,0.0364960750532134,0.0820066827399988,0.0,0.1665806842579271,0.0,0.0,0.0,Kano
39,47209.42,208,4,24292.81,6073.202499999999,0.2059827578612766,0.0838684367926147,0.0,0.0,0.0,0.1748303304558015,0.535318474890307,0.0,0.0,Enugu
51,27341.2,127,6,72999.23,12166.538333333332,0.0,0.0,0.0978766488358849,0.0,0.0,0.0746750342435118,0.0,0.5526507608367924,0.2747975560838107,Enugu
39,210643.41,191,4,185385.41,46346.3525,0.0192911621254337,0.0,0.7211653279511048,0.0,0.0,0.2595435099234616,0.0,0.0,0.0,Oyo
25,74328.51,11,5,55091.52,11018.304,0.0,0.0,0.0,0.7945364368236708,0.0,0.0,0.0,0.0387765667020986,0.1666869964742305,Plateau
37,13385.68,7,8,33563.75,4195.46875,0.0746120442441622,0.0580969051431976,0.0,0.1223671371643514,0.0,0.3736572939555324,0.1499299095005772,0.0,0.221336709992179,Ogun
44,50346.44,35,2,30501.99,15250.995,0.0,0.0,0.0,0.0,0.0,0.0,0.0,0.4766823410538132,0.5233176589461868,Enugu
51,4227.84,5,8,96903.79,12112.97375,0.3080816550106038,0.0,0.0283636997066884,0.1671502218850263,0.1706513233383338,0.312930072188095,0.0,0.0128230278712525,0.0,Kano
52,83044.04,56,11,111378.27,10125.297272727274,0.2807071792370271,0.0830340604141184,0.0442140105067173,0.0,0.0,0.2703034442894471,0.2025578238915005,0.0913006639445917,0.0278828177165976,Ogun
38,7380.15,148,5,59291.66,11858.332,0.0,0.0,0.0,0.0699666698486768,0.0,0.0,0.5498714321710676,0.0467799349857973,0.3333819629944582,Imo
66,24545.87,78,5,27737.54,5547.508,0.0,0.2102306116548187,0.5866367385139418,0.1714088560124654,0.0,0.0,0.0,0.0,0.0317237938187741,Edo
27,13693.15,311,8,108722.65,13590.33125,0.0,0.0,0.1494016196257173,0.0,0.0,0.6734371356842388,0.0,0.1673668734159809,0.0097943712740629,Ogun
23,51822.1,275,2,29301.1,14650.55,0.0,0.0,0.0,0.0,0.0,0.0,0.0979874475702277,0.9020125524297724,0.0,Rivers
58,70580.36,256,4,481644.4391500111,120411.10978750278,0.0011411530069151,0.986683143251235,0.0,0.0,0.0,0.0,0.0121757037418499,0.0,0.0,Enugu
18,13021.95,333,4,28892.8,7223.2,0.5233646444789014,0.0,0.0,0.0,0.0,0.0,0.15487803189722,0.0,0.3217573236238786,Enugu
42,11614.83,283,7,27786.54,3969.5057142857145,0.0,0.2352023677651121,0.0470821484071064,0.0,0.0,0.0,0.4581297275587389,0.2595857562690424,0.0,Lagos
45,52820.16,123,6,80821.59999999999,13470.266666666665,0.0,0.0,0.0924056192898928,0.3296550674572144,0.0,0.5681320340107099,0.0098072792421827,0.0,0.0,Abuja FCT
58,25483.06,64,5,71679.70999999999,14335.942,0.0,0.1646302698490269,0.0,0.5464846328200825,0.0,0.0,0.041905721995806,0.0,0.2469793753350843,Cross River
43,10493.4,12,5,18972.15,3794.43,0.5107802752982661,0.0,0.173915449751346,0.1195167653639676,0.0,0.0,0.0,0.0,0.19578750958642,Enugu
26,14463.55,74,7,59975.83,8567.975714285714,0.1515944006110461,0.0102731383625703,0.1125946902277134,0.0,0.0,0.3217882937176526,0.0638905705848505,0.0255824721391934,0.3142764343569735,Kano
18,106542.96,92,4,14769.3,3692.325,0.2775480219103139,0.0,0.0,0.1257520667871869,0.0,0.0,0.0,0.5966999113024991,0.0,Lagos
36,29206.14,219,4,124636.29,31159.0725,0.0,0.0043961513937874,0.0834123031101134,0.0717390577014126,0.0,0.0,0.0,0.8404524877946864,0.0,Cross River
28,124697.88,7,3,18760.0,6253.333333333333,0.1359163113006396,0.0,0.0,0.671430170575693,0.0,0.0,0.1926535181236673,0.0,0.0,Lagos
40,84327.74,259,6,30021.48,5003.579999999999,0.0,0.4630477911148951,0.0580800813284355,0.0,0.0,0.3245079856156325,0.0,0.1543641419410369,0.0,Enugu
46,57742.3,45,3,17131.96,5710.653333333333,0.0,0.1845346358501887,0.0,0.2081507311480998,0.0,0.0,0.0,0.0,0.6073146330017114,Ogun
57,21675.9,121,6,43589.17,7264.861666666667,0.0813396997465196,0.0,0.0301822677513703,0.49707530563211,0.0,0.0123771569864716,0.0,0.2681925349805927,0.1108330349029357,Edo
77,162125.74,7,9,61345.33,6816.147777777778,0.2484766159053998,0.0784736181221944,0.1852644691943135,0.0,0.0,0.0409698668178979,0.4133445854802639,0.0,0.0334708444799302,Imo
50,29631.93,29,3,16692.58,5564.193333333334,0.5492356484138461,0.0,0.1346184951637194,0.0,0.0,0.0,0.0,0.3161458564224343,0.0,Oyo
57,148194.14,47,13,151210.04,11631.54153846154,0.0519927115950766,0.4364630152865511,0.3538953498061372,0.0,0.0,0.0213093654363162,0.0,0.1107026358831728,0.0256369219927459,Kano
46,50797.07,243,5,53380.98,10676.196,0.0,0.2170186834336874,0.0,0.0,0.0939995856201965,0.1024737650001929,0.0,0.5865079659459231,0.0,Rivers
37,68680.5,207,5,40945.76,8189.151999999999,0.0,0.0182785714564829,0.0,0.2529561058336687,0.0,0.3347135332205337,0.3940517894893147,0.0,0.0,Abuja FCT
42,29725.35,15,4,26996.81,6749.2025,0.2169374826136866,0.0,0.0974241030699553,0.0,0.474526064375754,0.0,0.0,0.2111123499406041,0.0,Kano
31,12727.58,181,8,76181.86,9522.7325,0.0,0.0503621203262823,0.5182962190736744,0.0,0.0,0.1115762991347284,0.0576641210912939,0.0312851379580388,0.2308161024159819,Plateau
34,23212.04,31,12,69482.23,5790.185833333333,0.0939126450029022,0.4383856131272701,0.007554017768284,0.0852835322067239,0.0,0.0,0.0446157240491561,0.0,0.3302484678456636,Ogun
65,11893.71,49,3,24248.35,8082.783333333333,0.0,0.0433914060131926,0.0,0.7851358958444595,0.0,0.0,0.0,0.0,0.1714726981423478,Delta
29,20610.74,29,3,91262.88,30420.960000000003,0.0,0.0089751715045591,0.0235826438964012,0.0,0.9674421845990396,0.0,0.0,0.0,0.0,Kano
18,21625.1,123,10,127130.25,12713.025,0.1367250516694492,0.1951356974441566,0.3576997606785167,0.0,0.0,0.0449277021007981,0.0,0.1517660824233414,0.1137457056837377,Rivers
33,41657.11,1,6,47905.19,7984.198333333334,0.0114981278646426,0.0,0.0,0.2161909805597264,0.0,0.3480036296693532,0.2123442157311139,0.2119630461751639,0.0,Enugu
45,72797.58,140,4,9387.56,2346.89,0.0,0.3670059099489111,0.1285083663912667,0.0,0.0,0.3971447319644295,0.0,0.0,0.1073409916953926,Rivers
54,15929.23,83,5,29953.71,5990.742,0.4112949614588643,0.0,0.1453075428719848,0.0,0.0,0.0710212524592112,0.0,0.3723762432099396,0.0,Imo
37,56493.61,36,11,88408.12,8037.101818181818,0.1525040912531564,0.0611009486458936,0.0147685529338255,0.1939789014855197,0.0,0.181906933435526,0.1751659236730743,0.2205746485730044,0.0,Kwara
57,39399.34,2,6,39084.96,6514.16,0.6166545904102242,0.0,0.0,0.0180588645862756,0.0,0.0,0.1176188999553792,0.0923828500783933,0.1552847949697274,Cross River
59,55940.57,150,5,65755.95999999999,13151.192,0.0,0.0371692543155023,0.0473003511772925,0.0,0.0,0.0,0.0,0.9155303945072052,0.0,Kaduna
38,12346.57,21,10,52921.97,5292.197,0.0882504940764676,0.1296202692378987,0.0,0.0,0.0,0.4973909701396225,0.1747334802540419,0.1100047862919691,0.0,Cross River
39,27179.19,56,4,39039.55,9759.8875,0.0,0.0293968552403908,0.0,0.0,0.0,0.0,0.9646801768975308,0.0059229678620783,0.0,Abuja FCT
19,56008.6,33,4,20856.84,5214.21,0.7312814405250269,0.0,0.2311006844756923,0.0,0.0,0.0376178749992808,0.0,0.0,0.0,Ogun
39,55609.46,85,4,20206.94,5051.735,0.0,0.0,0.0,0.0,0.0,0.1964607209206341,0.0230603941022242,0.3678849939674191,0.4125938910097224,Imo
33,24052.94,119,4,47316.600000000006,11829.15,0.0,0.4117631021671041,0.0,0.0,0.0,0.3603105464044331,0.0,0.2279263514284627,0.0,Ogun
31,205127.18,32,3,28173.23,9391.076666666666,0.0,0.4849000274373936,0.0909892120995711,0.0,0.0,0.4241107604630353,0.0,0.0,0.0,Enugu
41,27868.95,208,4,48835.9,12208.975,0.560971334612447,0.0,0.0,0.0,0.0,0.0,0.0,0.439028665387553,0.0,Cross River
53,26526.62,97,7,128385.4,18340.77142857143,0.0,0.2651102851258788,0.3204663458617569,0.0,0.1328759344909935,0.0542986196249729,0.0694305583033585,0.0,0.1578182565930394,Edo
57,108721.48,73,5,32639.88,6527.976000000001,0.0,0.0356527046055316,0.7133341176499423,0.0878823696655747,0.0,0.0,0.0,0.0,0.1631308080789512,Kaduna
43,33438.74,290,2,13804.89,6902.445,0.0,0.0,0.4104349980333056,0.0,0.0,0.0,0.0,0.5895650019666945,0.0,Cross River
42,20211.4,91,5,65808.61,13161.722,0.0,0.0,0.334644965149697,0.0442233926533321,0.0,0.0,0.4515258717666275,0.0,0.1696057704303434,Lagos
50,35787.89,74,6,100857.18,16809.530000000002,0.0,0.0,0.0,0.0,0.0,0.0,0.0745053549980278,0.0797326476905263,0.8457619973114459,Enugu
29,1471.91,297,6,50132.63,8355.438333333334,0.0792571624508828,0.029857001318303,0.1835209922160477,0.1204125935543377,0.0,0.0,0.041614613077351,0.5453376373830776,0.0,Lagos
32,16371.01,117,8,41124.31,5140.53875,0.0,0.1259641803108672,0.3401632756877866,0.0,0.0,0.3683745696888288,0.1103836149469741,0.0551143593655431,0.0,Ogun
37,64434.72,79,4,25094.9,6273.724999999999,0.743498081283448,0.0,0.0398845980657424,0.0,0.0,0.1100406855576232,0.1065766350931862,0.0,0.0,Unknown
34,141082.02,69,5,15664.1,3132.82,0.1829884896036159,0.0,0.0983344079774771,0.0,0.0,0.0,0.2284216775939888,0.284589602977509,0.205665821847409,Cross River
57,3465.53,21,9,278069.61,30896.623333333333,0.0,0.0066407832197125,0.2015848477652772,0.5033603276532089,0.0,0.0608560209078582,0.0503509894518858,0.1697292271528701,0.0074778038491872,Anambra
26,7724.9,330,2,13082.57,6541.285,0.2703536078920273,0.7296463921079727,0.0,0.0,0.0,0.0,0.0,0.0,0.0,Delta
56,47560.57,235,4,71702.84999999999,17925.712499999998,0.3221818937462039,0.0,0.0,0.0536783405401598,0.0,0.0,0.0,0.6241397657136362,0.0,Delta
50,34017.94,8,11,101993.89,9272.171818181818,0.0493381515304495,0.0310808814135827,0.1293706907345136,0.0310992158451844,0.0,0.3152082933595336,0.443902767116736,0.0,0.0,Kano
39,18529.84,264,7,491901.7,70271.67142857143,0.0472701761347846,0.0,0.0691284661142663,0.840350826191493,0.0,0.0354894890584846,0.0,0.0,0.0077610425009712,Kaduna
19,66512.24,52,5,17622.03,3524.406,0.0429723476807155,0.051970175967241,0.0,0.1138449996964027,0.0,0.7912124766556408,0.0,0.0,0.0,Edo
21,9391.13,50,5,17975.8,3595.16,0.0,0.0,0.2293071796526441,0.0,0.0,0.208780694044215,0.0,0.3843700975756294,0.1775420287275114,Oyo
30,18773.4,246,6,28558.79,4759.798333333333,0.1099675441431517,0.3282695100177563,0.0,0.0,0.0,0.1332643995071219,0.0,0.4284985463319699,0.0,Anambra
52,77713.2,23,5,35216.99,7043.397999999999,0.0,0.0,0.1768490152054448,0.59103262374212,0.0,0.0,0.0,0.0,0.2321183610524352,Enugu
61,220923.44,54,5,20722.42,4144.484,0.0,0.200461143051825,0.0313901561690188,0.2049326285250467,0.0,0.0,0.2820293189695025,0.0,0.2811867532846067,Cross River
47,100558.47,143,7,38722.6,5531.8,0.0,0.0,0.0394240056194573,0.6054229313114305,0.0,0.0313700526307634,0.0,0.3237830104383487,0.0,Edo
49,9848.06,76,5,98010.82,19602.164,0.0,0.0699103425519753,0.426387515174345,0.0,0.0,0.0,0.0,0.3312445503465842,0.1724575919270953,Ogun
31,32961.64,279,6,98970.74,16495.123333333333,0.4859032073519911,0.0322406400113811,0.0024718416776513,0.0,0.0,0.0,0.0,0.4793843109589764,0.0,Imo
28,52656.38,15,8,32120.04,4015.005,0.0360479003139473,0.2318854521974443,0.129653014130742,0.2480650709027759,0.0370852589224671,0.0,0.0,0.2687169754458587,0.0485463280867645,Kwara
25,11879.07,467,3,97345.68,32448.56,0.0,0.0,0.0,0.0758988996738222,0.0,0.0,0.0,0.0,0.924101100326178,Rivers
45,45242.47,112,4,19840.05,4960.0125,0.2698723037492345,0.1949314643864304,0.5351962318643351,0.0,0.0,0.0,0.0,0.0,0.0,Rivers
73,27537.19,28,8,109712.16,13714.02,0.2720217157332423,0.0,0.0,0.0,0.0,0.0223525815187669,0.1282225233738903,0.1306822324890878,0.4467209468850125,Anambra
18,1145696.59,62,7,46695.740000000005,6670.820000000001,0.0,0.4522663095177419,0.0,0.113877411515483,0.0,0.3809867880881639,0.0528694908786112,0.0,0.0,Lagos
41,251320.06,74,5,9250.37,1850.074,0.0,0.0,0.0672081224859113,0.0,0.0,0.0116027791320779,0.2476863087638656,0.6735027896181449,0.0,Kwara
35,14234.91,180,3,21183.24,7061.079999999999,0.0,0.0,0.0,0.0,0.2587470094282084,0.3273148961159861,0.4139380944558056,0.0,0.0,Imo
52,70972.8,248,6,64515.61,10752.601666666667,0.0522878106554367,0.180578777756267,0.0629060160788993,0.0,0.0,0.704227395509397,0.0,0.0,0.0,Kwara
45,347841.32,45,6,62594.28,10432.38,0.0231473227266133,0.6219873445305226,0.2543654148589935,0.0,0.0,0.0,0.0,0.0829034218462134,0.0175964960376571,Kano
56,91425.89,617,1,6175.43,6175.43,0.0,0.0,0.0,0.0,0.0,0.0,1.0,0.0,0.0,Delta
25,39546.35,84,4,19381.71,4845.4275,0.0,0.2906405059202722,0.0934272569345016,0.1176052061453813,0.0,0.0,0.4983270309998447,0.0,0.0,Edo
18,28716.41,1,5,38226.8,7645.360000000001,0.0,0.0,0.0,0.0,0.0,0.3996656795755857,0.4673867548421527,0.0314679753471386,0.101479590235123,Delta
47,3903.21,95,8,69547.77,8693.47125,0.0928804762539474,0.0,0.0,0.7324705019298247,0.0,0.1746490218162279,0.0,0.0,0.0,Imo
32,114641.11,24,13,116016.47,8924.343846153846,0.0,0.0442050167532247,0.2777019504213497,0.0645143745538887,0.0,0.0,0.3601495546278904,0.1943107732893442,0.0591183303543022,Anambra
33,24246.78,41,5,54552.77,10910.554,0.0,0.0,0.1939126097538218,0.373582496360863,0.0,0.432504893885315,0.0,0.0,0.0,Enugu
18,10202.83,91,4,60378.79,15094.6975,0.0,0.9307894378141728,0.023185294041169,0.0,0.0,0.0,0.0,0.0,0.046025268144658,Anambra
37,8001.68,17,8,204651.9,25581.4875,0.0543316724643162,0.017769148490681,0.0,0.1012523216251596,0.0,0.0,0.0,0.7936705693912444,0.0329762880285988,Kwara
44,20153.87,21,5,43161.27,8632.254,0.0100238014312368,0.0540528580368464,0.0,0.0178884912329966,0.0,0.8067702827094754,0.0,0.1112645665894446,0.0,Kano
18,311205.62,7,3,12198.5,4066.1666666666665,0.2962175677337377,0.0,0.0,0.0,0.0,0.0,0.0,0.0,0.7037824322662622,Imo
44,93335.24,54,12,88689.37,7390.780833333333,0.2574302873050063,0.0064961561909843,0.0064529717597497,0.1284014081958187,0.0164219229429637,0.248732288886481,0.2278075715274559,0.0499862610366947,0.0582711321548456,Abuja FCT
20,25544.85,57,3,41050.4,13683.466666666664,0.0,0.2492416639058328,0.0,0.0,0.0,0.0,0.5528199481612847,0.1979383879328825,0.0,Edo
41,90210.54,55,7,52535.74,7505.105714285714,0.0,0.4091186304789844,0.4457394147298581,0.0760615535252763,0.0,0.0,0.0,0.069080401265881,0.0,Kwara
33,14378.29,71,8,81804.2,10225.525,0.0474556318624227,0.2907838472841247,0.0653272081384574,0.0,0.0,0.2577965434537591,0.2696463017791263,0.0689904674821097,0.0,Kano
50,68399.32,83,4,39742.44,9935.61,0.7351687515914976,0.1886922393290396,0.0,0.0,0.0,0.0761390090794626,0.0,0.0,0.0,Edo
46,356852.49,76,11,130175.47,11834.133636363636,0.0127627732014334,0.0153217038509636,0.0967414214060452,0.2107782672111727,0.0,0.064650966883392,0.4830354751167788,0.0508713354366994,0.0658380568935145,Kaduna
30,69765.39,457,3,102602.82,34200.939999999995,0.0,0.0,0.8251790740254508,0.0,0.0,0.0,0.0719596206030204,0.0,0.1028613053715288,Enugu
25,30886.92,2,5,120792.05,24158.41,0.0761036839758907,0.7913195446223489,0.0,0.0,0.0,0.0,0.0605993523580401,0.0719774190437201,0.0,Rivers
38,8578.21,83,3,13639.41,4546.47,0.0,0.0,0.6204351947774867,0.0,0.0,0.0,0.0,0.0,0.3795648052225133,Kaduna
38,134988.54,119,11,240397.73,21854.33909090909,0.3754603256861036,0.0086878524185731,0.2869171019210539,0.0,0.0,0.0140499246810691,0.0976588672447115,0.2172259280484886,0.0,Edo
30,52132.85,3,6,38219.49,6369.915,0.5057893237193902,0.0295406872252874,0.0,0.2629129797388714,0.0,0.1441442572886241,0.0,0.0,0.0576127520278266,Imo
24,27374.31,15,6,42867.39,7144.565,0.0,0.0,0.3173533541463569,0.2267175584984297,0.0,0.3895214987429839,0.0088556826062888,0.0,0.0575519060059406,Edo
18,101493.69,67,5,25945.230000000003,5189.046,0.0,0.0945079307448806,0.1685747245254715,0.2493903503649803,0.0,0.0,0.4875269943646673,0.0,0.0,Rivers
25,18102.98,92,8,162215.08,20276.885,0.0608598164856189,0.0802644858912007,0.0267057785256463,0.031224039096735,0.0,0.0300939345466525,0.761539740941471,0.0,0.0093122045126753,Kano
50,60181.76,257,3,117628.74,39209.58,0.4555266850601307,0.0,0.0,0.0,0.0,0.0031221111439262,0.5413512037959431,0.0,0.0,Ogun
43,32718.41,149,5,20922.71,4184.542,0.500928894966283,0.0232794891292762,0.0,0.0,0.0,0.0,0.0,0.4341612534896292,0.0416303624148114,Kwara
34,72350.31,473,4,69287.77,17321.9425,0.0,0.0,0.6432519043404051,0.0803345236828952,0.0,0.0,0.2764135719766995,0.0,0.0,Edo
50,54552.46,97,7,132553.17,18936.167142857143,0.8781358454120711,0.0,0.0363629930540325,0.0295571958030124,0.0,0.0,0.0,0.0371632002463615,0.0187807654845221,Enugu
27,46579.76,106,5,85219.51000000001,17043.902000000002,0.0325738789157553,0.0,0.010489382067557,0.0,0.0,0.0748915359874751,0.8820452030292124,0.0,0.0,Imo
41,27943.59,364,5,105410.59,21082.118,0.272995246492786,0.1649912024968269,0.0,0.0234576051609235,0.0,0.0,0.0,0.5385559458494635,0.0,Rivers
38,23392.96,92,6,67999.53,11333.255,0.4498154619598106,0.4513194429432086,0.0988650950969808,0.0,0.0,0.0,0.0,0.0,0.0,Ogun
30,10863.26,147,4,76719.72,19179.93,0.8284876430727328,0.0,0.0,0.0,0.0,0.0,0.0,0.0,0.1715123569272671,Kwara
25,34013.82,215,7,63176.74,9025.24857142857,0.0,0.1218894802105965,0.1458372179381209,0.6372987906625128,0.0,0.051898214437782,0.0209862047329444,0.0,0.0220900920180433,Imo
60,21670.75,102,4,76485.01999999999,19121.255,0.0,0.0,0.038964754144014,0.0,0.0,0.9387903670548822,0.0,0.0,0.0222448788011038,Abuja FCT
28,37863.07,235,4,96924.31,24231.0775,0.5902510938690201,0.2557744285205641,0.0,0.036091564644618,0.0,0.0,0.0,0.0,0.1178829129657977,Ogun
23,37525.49,369,6,129319.34,21553.22333333333,0.0,0.8763978380959877,0.0683602313466802,0.0235330616441438,0.0075758970004022,0.0210932100333948,0.0,0.0030397618793909,0.0,Kano
66,17062.07,66,7,51606.09,7372.298571428572,0.0162042890674337,0.1941509228852641,0.3379719331575013,0.0,0.0,0.05185550775112,0.0,0.3814582736262328,0.0183590735124478,Anambra
32,13721.47,153,6,156736.68,26122.78,0.0,0.1770170836845593,0.0,0.054743599264703,0.0,0.013604664842971,0.0,0.5135681067124811,0.2410665454952854,Delta
20,28360.65,25,10,77020.37,7702.036999999999,0.0,0.2390204046020553,0.1217101397980819,0.0,0.0,0.1623640603128756,0.2023408872224321,0.2745645080645548,0.0,Ogun
37,61374.2,51,6,57942.83,9657.138333333334,0.5050122681270487,0.2604424050395882,0.0,0.0499689090091043,0.0,0.0,0.0,0.1845764178242588,0.0,Edo
53,193580.29,6,6,24620.17,4103.361666666667,0.0829864294194556,0.4483153446950204,0.1081475066987758,0.0,0.0,0.0,0.0531649456522842,0.2426648556853994,0.0647209178490644,Abuja FCT
42,26240.48,72,6,13404.2,2234.0333333333333,0.0,0.5994486802643947,0.2719699795586458,0.0,0.0,0.0454678384386983,0.0407700571462675,0.0423434445919935,0.0,Abuja FCT
38,7242.77,50,10,104543.48,10454.348,0.2918555992205349,0.4331496330521999,0.0652794416256279,0.0,0.0,0.0530081837719578,0.1567071423296794,0.0,0.0,Abuja FCT
27,64522.26,51,4,32468.29,8117.0725,0.0,0.0,0.0,0.189239408666117,0.0,0.0,0.8107605913338829,0.0,0.0,Anambra
43,6215.64,18,9,167367.76,18596.41777777778,0.0340783075545732,0.349898988909214,0.0203626433191195,0.0,0.0,0.0,0.0,0.5753228698286934,0.0203371903883997,Abuja FCT
36,9293.24,242,2,50840.48,25420.24,0.0,1.0,0.0,0.0,0.0,0.0,0.0,0.0,0.0,Ogun
43,29000.89,227,3,27306.97,9102.323333333334,0.3675427921882215,0.0,0.4893662680260754,0.143090939785703,0.0,0.0,0.0,0.0,0.0,Cross River
27,34072.29,315,3,13682.22,4560.74,0.0,0.0,0.0,0.0,0.0,0.0,0.0,0.0,1.0,Kano
36,17509.85,651,1,29832.52,29832.52,0.0,0.0,0.0,0.0,0.0,1.0,0.0,0.0,0.0,Edo
43,1847.66,8,7,73992.46,10570.35142857143,0.0,0.0774957340247911,0.0112804737131323,0.0977790169430777,0.0,0.3769919259340749,0.0,0.0,0.4364528493849238,Ogun
18,70729.0,400,5,50543.2,10108.64,0.0,0.5090336583358395,0.0,0.0938686114056886,0.0,0.1943367258107915,0.0,0.0,0.2027610044476804,Delta
42,93348.72,119,4,24631.67,6157.9175000000005,0.0720856523329518,0.0,0.0,0.1663435731316634,0.0,0.0,0.5697928723468607,0.0,0.1917779021885239,Anambra
49,40795.59,61,9,542030.0341500111,60225.55935000124,0.0707291987244194,0.0,0.0357324295329357,0.0159008716436083,0.0,0.8674159631897613,0.0032714423339671,0.0069500945753079,0.0,Edo
70,38200.62,68,4,28440.47,7110.1175,0.0,0.0,0.0,0.4410584635204693,0.0,0.0,0.4861653130204951,0.0094618689494231,0.0633143545096125,Kaduna
39,23896.77,4,4,26566.13,6641.5325,0.0,0.1684588609631888,0.0,0.0,0.0,0.0,0.0,0.7144194506313114,0.1171216884054997,Ogun
18,22145.39,9,3,12055.25,4018.4166666666665,0.0,0.0,0.0,0.0,0.0,0.1882457850314178,0.0,0.0,0.8117542149685821,Kaduna
37,44389.18,144,7,31182.55,4454.65,0.150258397725651,0.3129891557938655,0.2467254923025859,0.0,0.0,0.1919698677625787,0.0,0.0980570864153188,0.0,Edo
31,156030.02,16,11,94170.215,8560.928636363637,0.353459955464687,0.0537849998537223,0.0,0.0933242002261543,0.0,0.1521429042080874,0.0,0.0072711950376241,0.3400167452097247,Cross River
40,37753.18,52,4,82208.20999999999,20552.0525,0.0,0.0077439953989996,0.0,0.0,0.0,0.0104642833118492,0.026867024595232,0.0,0.954924696693919,Anambra
40,109223.41,156,3,37286.64,12428.88,0.0,0.0,0.0,0.8686475906651819,0.0,0.0,0.0,0.0,0.131352409334818,Cross River
36,9445.29,384,2,28095.93,14047.965,0.0,0.8838187595142784,0.0,0.0,0.0,0.0,0.0,0.1161812404857215,0.0,Imo
38,12428.07,12,6,73019.4,12169.9,0.0051015209656611,0.0,0.0,0.0,0.0,0.4935904704777087,0.1716443849168851,0.2451181466843058,0.0845454769554392,Lagos
35,44502.9,27,6,130994.24,21832.373333333333,0.0,0.1633306930136775,0.0,0.2438798835735067,0.0,0.0568000547199632,0.0,0.5330390099595219,0.0029503587333305,Cross River
33,50575.27,32,6,111967.01,18661.16833333333,0.0,0.0,0.0,0.0676240260412419,0.0,0.1297024900459519,0.7571453412929399,0.0,0.0455281426198663,Abuja FCT
50,33404.77,29,10,51981.65,5198.165,0.0168197815960055,0.0,0.0,0.2592251304065954,0.0,0.1180285735447028,0.4602683831698301,0.1456581312828662,0.0,Oyo
23,112656.48,82,8,75994.70999999999,9499.33875,0.2630654160006664,0.5256243493790554,0.0,0.0,0.0302522372938853,0.0,0.1320599815434522,0.0147426051102767,0.0342554106726639,Kano
28,17589.49,100,4,34728.27,8682.0675,0.5083351402186173,0.0,0.1387926896444885,0.0,0.0,0.0,0.3528721701368942,0.0,0.0,Lagos
72,50617.91,97,8,44081.5,5510.1875,0.3243603325658156,0.0192586459172215,0.1628637863956535,0.2023152569672084,0.0,0.169686830076109,0.0876261016526207,0.0338890464253711,0.0,Enugu
53,36726.59,36,4,96809.41,24202.3525,0.0,0.0924670442677008,0.0,0.0,0.0,0.4979736990443387,0.0259765037303708,0.0,0.3835827529575895,Oyo
37,36236.485,94,4,153792.55000000002,38448.1375,0.0065670281167715,0.0,0.0,0.9574198490108916,0.0,0.0,0.033336530280563,0.0,0.0026765925917737,Unknown
31,92829.68,568,4,32454.17,8113.5425,0.0,0.7993465862784351,0.0701013151776797,0.0,0.0,0.0,0.0759628115585762,0.0,0.0545892869853088,Imo
57,70072.9,4,11,133067.38,12097.034545454546,0.5370951167746746,0.026922751466212,0.0483099614646354,0.0,0.0,0.0920493812984068,0.0340389207332405,0.0,0.2615838682628304,Ogun
40,112384.9,65,6,68302.12,11383.686666666666,0.5685423819934139,0.0,0.0,0.0,0.0,0.1775814572080632,0.0,0.2258306184346839,0.0280455423638387,Kano
44,11377.37,103,8,44854.53,5606.81625,0.0899893500165981,0.2545448586798257,0.0,0.3955199173862707,0.0,0.104686862174233,0.0,0.0,0.1552590117430725,Anambra
24,39904.96,611,1,4303.38,4303.38,0.0,0.0,0.0,0.0,0.0,0.0,1.0,0.0,0.0,Imo
33,112872.18,72,7,41836.57,5976.652857142857,0.1069475819838958,0.0,0.1042759958572129,0.0,0.0,0.0704900043191877,0.0,0.6845441679372853,0.0337422499024179,Enugu
24,21939.62,21,7,45592.7,6513.242857142856,0.1083223849432036,0.0,0.0,0.1437741129610661,0.0,0.5235500420023381,0.0,0.2243534600933921,0.0,Anambra
28,127002.92,17,6,50917.44,8486.24,0.0,0.0334463005210002,0.0,0.3848335658666265,0.0,0.2769098367867669,0.2604769603499312,0.0,0.0443333364756751,Anambra
29,80345.7,76,6,36611.755,6101.9591666666665,0.0,0.1383420434229388,0.124902507405067,0.0,0.179805092653985,0.018722128999279,0.0,0.3739812527424593,0.1642469747762706,Oyo
34,4643.83,113,11,102622.16,9329.287272727272,0.1606024468789197,0.3910311379140723,0.1621026101964721,0.012495059546593,0.0,0.0,0.0,0.2737687454639427,0.0,Kwara
18,36163.86,38,9,88422.84999999999,9824.761111111113,0.0,0.183664516581404,0.4833194134773986,0.1030071978001161,0.0,0.0847640626828924,0.0246536952835155,0.1205911141746731,0.0,Abuja FCT
66,18652.09,5,6,49472.72,8245.453333333333,0.0285444180146149,0.1429187641188921,0.0,0.0,0.0,0.0147853200713443,0.0,0.494448859896929,0.3193026378982194,Delta
18,4016.18,205,3,33300.89,11100.296666666669,0.2341219709142908,0.7658780290857092,0.0,0.0,0.0,0.0,0.0,0.0,0.0,Lagos
47,505750.17,57,9,58948.31,6549.812222222222,0.2472966570203624,0.4698446825702043,0.0,0.0,0.0,0.0056059283124486,0.1677786861065228,0.1094740459904618,0.0,Kwara
37,57763.53,7,5,82041.53,16408.306,0.3688010206538079,0.1479467776868617,0.0,0.0,0.0,0.0,0.0,0.1608436605216894,0.3224085411376409,Unknown
40,149903.91,514,2,185450.7,92725.35,0.0,0.0,0.0,1.0,0.0,0.0,0.0,0.0,0.0,Delta
29,9359.55,368,6,33236.25,5539.375,0.0,0.1492003460077475,0.1431148219188386,0.101920944751589,0.0,0.0056146526759186,0.6001492346459062,0.0,0.0,Ogun
56,25830.68,11,7,58844.22,8406.317142857142,0.5628930080133614,0.0,0.0700891268505216,0.0,0.0,0.0225288057178768,0.0309818024608024,0.2634280818065054,0.0500791751509324,Kano
23,40612.1,78,7,31946.11,4563.7300000000005,0.0,0.1878782737553962,0.0,0.1420113434781261,0.0,0.3022681008736275,0.3372999091282163,0.0,0.0305423727646339,Rivers
37,49487.89,51,8,101276.12,12659.515,0.0,0.0327991435690861,0.0,0.4306344871821708,0.0,0.0984222144371249,0.3249799656621916,0.0,0.1131641891494263,Plateau
50,57185.69,75,9,580555.5641500112,64506.17379444568,0.0,0.0386975707189931,0.0,0.8436716214530173,0.0,0.0,0.1005772980326001,0.0,0.0170535097953893,Cross River
55,74130.39,6,8,113625.89,14203.23625,0.0280172062898693,0.3065884896479138,0.0,0.0,0.0,0.111288897275084,0.0323518698071363,0.0,0.5217535369799964,Enugu
43,45736.62,358,4,32311.53,8077.8825,0.7324103810621162,0.0312742850617101,0.0,0.0,0.0,0.0401769894523719,0.0,0.0,0.1961383444238016,Cross River
42,51419.44,162,8,22245.67,2780.70875,0.0499454500583708,0.0,0.0,0.2119976606683457,0.0755621206284189,0.0,0.3843309731736558,0.1918031688863495,0.0863606265848589,Enugu
35,13928.43,103,5,85603.37,17120.674,0.0,0.7157565175296253,0.0,0.0835444912974804,0.0,0.010750744976512,0.1811703207478864,0.0,0.0087779254484957,Cross River
26,23700.19,65,6,13239.57,2206.595,0.4800178555647956,0.0,0.0,0.0107782956697234,0.0,0.0760515636081836,0.3347412340430996,0.0984110511141978,0.0,Kano
49,62645.68,39,5,65567.95,13113.59,0.0,0.169891539997819,0.2202574581026248,0.0,0.0,0.0,0.4876963516474131,0.122154650252143,0.0,Edo
18,8176.4,150,9,197497.29,21944.14333333333,0.6578786979811216,0.0,0.0,0.0627933679495045,0.0020242303071601,0.0151193973345153,0.2019587205475072,0.060225585880191,0.0,Rivers
26,10781.34,170,3,53125.89,17708.63,0.0,0.5390593926991153,0.0,0.4609406073008847,0.0,0.0,0.0,0.0,0.0,Oyo
32,13165.42,24,6,38339.64,6389.94,0.0538768752132257,0.0547000441318697,0.0,0.0542229921825035,0.0,0.0,0.1007289061660464,0.0,0.7364711823063546,Kano
43,160819.02,79,8,42641.42,5330.1775,0.2978425671565347,0.252913950801826,0.0617345763813681,0.1836343630207437,0.0,0.2038745426395274,0.0,0.0,0.0,Kaduna
38,7591.89,178,8,92611.82,11576.4775,0.8639032253118446,0.0124193650443323,0.0817313599927093,0.017663728020894,0.0,0.0097869796749486,0.0,0.0,0.0144953419552709,Edo
34,2886.75,48,6,388359.53,64726.588333333326,0.0488334095985748,0.1415901394257017,0.0,0.0,0.0,0.0104187478030988,0.0,0.7504089058919193,0.0487487972807053,Rivers
18,33674.72,52,5,35410.46,7082.092,0.0,0.254651309245912,0.3337559015048096,0.0,0.0,0.0,0.3871195121441517,0.0244732771051265,0.0,Enugu
43,8441.21,102,7,23385.22,3340.7457142857143,0.0,0.0,0.0217919694576317,0.2544534539337239,0.0,0.0,0.0,0.3235175893149604,0.4002369872936838,Lagos
36,19121.43,73,3,17658.88,5886.293333333334,0.2978654365395767,0.7021345634604232,0.0,0.0,0.0,0.0,0.0,0.0,0.0,Oyo
32,16955.32,33,3,21172.65,7057.55,0.0,0.6031696551919574,0.0,0.0,0.0,0.3968303448080424,0.0,0.0,0.0,Imo
50,395926.13,106,5,43969.02,8793.804,0.0,0.3537713599256931,0.1508170980385735,0.1372484535702637,0.0,0.0,0.0,0.290036939645232,0.0681261488202375,Anambra
45,76744.91,45,4,24634.51,6158.6275000000005,0.0881328672662861,0.0,0.0,0.0,0.0,0.4090866836807388,0.0,0.3343756380784517,0.1684048109745231,Abuja FCT
33,15025.36,13,6,288042.87,48007.145,0.0060574663764459,0.0,0.0513049324914725,0.0,0.0,0.0175123932073027,0.0,0.1149479589618031,0.8101772489629756,Kwara
23,147227.11,298,4,13556.17,3389.0425,0.0,0.0,0.0,0.4200235022133833,0.0,0.3601083491871229,0.076729636763186,0.0,0.1431385118363077,Abuja FCT
46,72488.27,181,5,82286.70999999999,16457.341999999997,0.0,0.0,0.0,0.0,0.0,0.0,0.0,0.5263089264353867,0.4736910735646132,Delta
18,51156.25,85,4,33532.44,8383.11,0.0,0.1558669753826443,0.0,0.4005810492764617,0.0,0.3506118254442563,0.0929401498966374,0.0,0.0,Abuja FCT
18,199745.73,201,3,18683.69,6227.8966666666665,0.0,0.0,0.0,0.0,0.0,0.0,0.4944194642492997,0.0,0.5055805357507002,Enugu
18,158460.28,54,6,71976.45,11996.075,0.0,0.0,0.0,0.0138564766670209,0.0,0.0,0.2660268740678374,0.6638269878550555,0.0562896614100862,Abuja FCT
41,28245.24,576,1,5835.95,5835.95,1.0,0.0,0.0,0.0,0.0,0.0,0.0,0.0,0.0,Kwara
28,4660.18,230,5,42435.15,8487.03,0.0403549887298619,0.0,0.0,0.0,0.0,0.0,0.3261072483542535,0.5512043671343214,0.0823333957815631,Kano
36,19239.34,2,3,14757.59,4919.196666666667,0.0,0.0,0.3793342950983189,0.0,0.0,0.3761908279061825,0.0,0.2444748769954985,0.0,Anambra
59,95779.48,87,5,49945.96,9989.192,0.0,0.0271715670296456,0.0,0.2394620105409926,0.0,0.0,0.0,0.0,0.7333664224293616,Ogun
37,27195.86,38,8,131748.16,16468.52,0.3372935910452184,0.2986510020329695,0.0,0.0,0.0,0.1531857446813678,0.0,0.1609922294170939,0.0498774328233502,Enugu
45,172061.29,58,5,37773.99,7554.798,0.0,0.6881820003658602,0.0,0.2017970566519449,0.0,0.1100209429821949,0.0,0.0,0.0,Enugu
29,3810.57,187,8,447910.33,55988.79125,0.0022017799857395,0.0012900573201783,0.013877174924722,0.0,0.0,0.0494136851007655,0.0,0.002632580498869,0.9305847221697252,Kwara
25,427204.97,116,4,48365.13,12091.2825,0.0470036987391536,0.0552809431092193,0.6237646833576174,0.2739506747940096,0.0,0.0,0.0,0.0,0.0,Anambra
35,52436.68,128,3,39114.46000000001,13038.153333333335,0.1279296710219187,0.0,0.0,0.5541648791776749,0.0,0.0,0.3179054498004062,0.0,0.0,Edo
31,229768.48,154,8,53847.33,6730.91625,0.1678304198184013,0.0,0.268496320987503,0.3317923098508319,0.0,0.0,0.1207933615278603,0.0444012730064796,0.0666863148089236,Enugu
40,101895.91,226,3,12822.8,4274.266666666666,0.7666788844870075,0.0,0.0,0.0,0.0,0.0,0.0,0.0297719686807873,0.2035491468322051,Cross River
37,290165.48,1,5,57316.87,11463.374,0.0,0.0,0.3065111545693266,0.0,0.0337980772502057,0.0,0.0,0.0647338209500972,0.5949569472303704,Kano
40,14385.79,111,6,19300.18,3216.6966666666667,0.0,0.0779671484929156,0.0862204393948657,0.2480888779275633,0.0,0.2081472815279443,0.240110713993341,0.1394655386633699,0.0,Ogun
37,89379.14,79,6,129524.07,21587.345,0.0,0.0141298061433677,0.123170233918684,0.0,0.0,0.0089834267870056,0.2748754729526334,0.578841060198309,0.0,Delta
24,535173.64,197,7,53841.53,7691.647142857143,0.1668544708889216,0.0,0.4553117268398576,0.0,0.0,0.0462293697820251,0.1160394216137617,0.1628100092995128,0.052755001575921,Cross River
50,19252.69,41,5,49970.62,9994.124,0.6484624365277035,0.0,0.0,0.1839821078865941,0.0,0.1445373301351874,0.0,0.0,0.0230181254505147,Rivers
33,222496.21,91,4,46805.73,11701.4325,0.2408271380448505,0.0,0.596825858714307,0.0,0.0,0.0,0.0,0.1623470032408425,0.0,Rivers
34,22529.11,199,7,77292.75,11041.82142857143,0.0,0.4493055299494454,0.0,0.1152399157747654,0.0,0.0,0.0206871925245252,0.0,0.4147673617512639,Plateau
42,63241.54,150,8,155093.18,19386.6475,0.1822158137450015,0.0065941003982251,0.1534738664846513,0.0,0.0,0.0221690599161097,0.467935533980282,0.015429047234701,0.152182578241029,Cross River
37,212183.88,3,10,213373.59,21337.359,0.1926015773554731,0.0315696052168405,0.3786471887172166,0.3064058677552363,0.0,0.0208785913945582,0.0,0.0149311355730575,0.0549660339876176,Unknown
25,10431.42,11,3,35341.31,11780.436666666666,0.0,0.1487185958867965,0.0,0.8512814041132036,0.0,0.0,0.0,0.0,0.0,Rivers
56,28753.97,5,6,56027.54,9337.923333333334,0.0017848365286071,0.0,0.0,0.0,0.0,0.1359784848665495,0.0,0.536782982083454,0.3254536965213893,Kano
36,17732.55,353,5,101068.46,20213.692000000003,0.0295075239100308,0.0,0.0227427033121905,0.7744320038120696,0.0,0.0,0.0,0.173317768965709,0.0,Imo
61,73491.66,36,10,75624.95999999999,7562.495999999999,0.029847552977218,0.0,0.0637359675958836,0.5225325077857892,0.0,0.0447459410226464,0.2032310496428692,0.0345843488710605,0.1013226321045326,Oyo
32,11852.54,18,7,69247.26,9892.465714285714,0.0806605199974699,0.0,0.0304780290223757,0.0937137440528332,0.0,0.3384705763087232,0.0469071267224147,0.3959629594008484,0.0138070444953345,Kaduna
67,96562.03,141,3,7486.73,2495.576666666667,0.0,0.0,0.0,0.0,0.0,0.1782914570179504,0.0,0.3519988032158232,0.4697097397662264,Cross River
32,37632.97,19,8,60952.44,7619.055,0.0376127682501307,0.0,0.331039413680568,0.0,0.0,0.2174647971434777,0.0064515875000246,0.3916028628222266,0.0158285706035722,Kano
38,14782.55,22,9,662297.5391500111,73588.61546111235,0.0426859052447674,0.0868048899498904,0.0066423770887718,0.0,0.0,0.1199034048985242,0.709900726421872,0.034062696396174,0.0,Delta
19,46006.37,194,6,26545.6,4424.266666666667,0.2331791332650232,0.0,0.0,0.3436079802302453,0.0,0.1962886504731481,0.1939647248508227,0.0,0.0329595111807606,Rivers
43,169695.08,357,3,32193.23,10731.076666666666,0.0,0.0,0.0,0.6667193692586919,0.0,0.0,0.0,0.251584572284297,0.0816960584570109,Plateau
32,43211.37,278,3,20266.15,6755.383333333334,0.0,0.0,0.0,0.0755175502007041,0.0,0.0,0.0,0.9244824497992958,0.0,Enugu
32,14391.68,11,6,46840.69,7806.781666666667,0.0,0.0240391420365498,0.6210455055209477,0.0498867544436258,0.0,0.015273472700765,0.0,0.0,0.2897551252981115,Rivers
50,7091.22,24,3,20475.34,6825.113333333334,0.9121650727167412,0.0,0.0878349272832587,0.0,0.0,0.0,0.0,0.0,0.0,Kano
29,811600.62,27,8,521053.9741500111,65131.746768751385,0.0101811141708569,0.0,0.0,0.9100066743056834,0.0,0.0394883275452694,0.0159045519488047,0.0138949520763382,0.0105243799530472,Cross River
51,37261.79,80,9,42144.44,4682.715555555556,0.0,0.0,0.032240314499374,0.3391870908712988,0.0,0.4043539313845432,0.047825288460352,0.0,0.1763933747844318,Kwara
40,3843.32,98,6,35600.96,5933.493333333333,0.0161540587669546,0.0385096356952172,0.4020843819941934,0.0,0.0,0.0,0.317704354039891,0.2255475695037437,0.0,Imo
36,88600.17,76,3,33449.11,11149.703333333331,0.0,0.0,0.0,0.7232578086532049,0.0,0.0,0.0,0.2767421913467952,0.0,Ogun
39,35145.68,100,2,9727.7,4863.85,0.0,0.0,0.0,0.0,0.0,0.0,0.4035938608304121,0.0,0.5964061391695878,Plateau
22,134114.25,40,5,30159.61,6031.9220000000005,0.1501438513296425,0.0,0.0,0.0,0.0,0.1795752663910441,0.0592205933697418,0.0,0.6110602889095714,Kaduna
37,49423.3,31,8,525091.554150011,65636.44426875138,0.8979698500641007,0.0771347961700959,0.0043691047434836,0.0,0.0,0.0,0.0095834906507796,0.0,0.01094275837154,Oyo
27,361671.85,36,8,47951.73,5993.96625,0.0,0.3047819129779051,0.0958271995608917,0.1965430652866956,0.0,0.0,0.0,0.0,0.4028478221745076,Lagos
37,29977.74,69,6,47349.45,7891.575,0.0,0.1729443531023063,0.0,0.2115352976644924,0.0,0.0,0.031386848210486,0.0,0.5841335010227151,Plateau
36,22042.32,104,4,19355.88,4838.97,0.2674732432728453,0.0,0.0,0.7325267567271547,0.0,0.0,0.0,0.0,0.0,Abuja FCT
32,111723.83,276,6,62076.55,10346.091666666667,0.0955550848106088,0.0,0.0,0.7059772168395311,0.0,0.1609472498068916,0.0,0.035909534276631,0.0016109142663372,Kaduna
32,347736.59,98,3,22605.46,7535.153333333333,0.0,0.1090519723995884,0.0,0.2041139618481552,0.0,0.6868340657522564,0.0,0.0,0.0,Plateau
56,259388.2,34,6,55715.68,9285.946666666669,0.3689885863369163,0.4607252392863193,0.0484197626233764,0.0,0.0,0.0,0.0,0.1218664117533879,0.0,Enugu
57,95329.87,108,8,21842.870000000003,2730.3587500000003,0.0,0.0443879398632139,0.1734607219655658,0.1769657558736558,0.0,0.0,0.1938142744062478,0.0,0.4113713078913165,Ogun
30,69687.99,306,4,39130.92,9782.73,0.0,0.0,0.0228451056095793,0.8305025795457914,0.0,0.0,0.0,0.0,0.1466523148446292,Plateau
27,16235.52,21,5,73254.85,14650.97,0.0113196600634633,0.0,0.0,0.2408655536118086,0.0,0.3473349546139265,0.0,0.0,0.4004798317108013,Ogun
22,58462.19,118,4,35321.02,8830.255,0.7439111328042055,0.0,0.0,0.0,0.0,0.2213353408253782,0.0347535263704162,0.0,0.0,Ogun
31,14747.18,179,5,21691.09,4338.218,0.0,0.4299106222877688,0.0,0.0,0.0,0.1482124688063163,0.0,0.3506195400968784,0.0712573688090363,Rivers
36,8698.12,98,6,125936.16,20989.36,0.0208425443494545,0.6476658491095806,0.0,0.0,0.0,0.0,0.1591431722231327,0.0,0.1723484343178321,Kaduna
35,26685.56,226,3,14694.6,4898.2,0.0746267336300409,0.0,0.0958889660147264,0.0,0.0,0.0,0.8294843003552326,0.0,0.0,Kwara
60,7043.16,335,5,44385.75,8877.15,0.0213742023059202,0.0,0.0,0.0952625561131669,0.0,0.0,0.826992672197721,0.0,0.0563705693831916,Kaduna
43,26786.71,5,6,51863.2,8643.866666666667,0.0,0.8342497184901819,0.0,0.0,0.0,0.1173105400360949,0.0484397414737231,0.0,0.0,Abuja FCT
25,26492.21,6,5,27833.9,5566.780000000001,0.5106618188611729,0.1957645173691074,0.0,0.0,0.0,0.0,0.2935736637697196,0.0,0.0,Edo
29,82592.89,85,6,42827.98,7137.996666666667,0.2769350784230309,0.0420547501890119,0.0,0.2862801374241792,0.0746988300638974,0.0,0.0,0.3200312038998804,0.0,Imo
26,7934.06,122,5,46570.145,9314.029,0.3646155707696422,0.1087594852882678,0.0,0.0,0.0,0.4896665020046641,0.0369584419374257,0.0,0.0,Anambra
56,42472.65,201,7,161068.40000000002,23009.771428571432,0.0006208542457738,0.0274156196994568,0.3410749718753026,0.0872522481132239,0.0,0.0,0.5436363060662427,0.0,0.0,Kano
53,56894.25,229,3,14002.46,4667.486666666667,0.0,0.0,0.0,0.0,0.0,0.3425790896742429,0.0,0.6574209103257571,0.0,Edo
39,16746.06,460,5,49103.67,9820.734,0.0,0.0409417463093899,0.2085308491198315,0.5654143570124188,0.0,0.0994159906988622,0.0,0.0,0.0856970568594974,Delta
48,19093.42,307,6,76513.22,12752.203333333331,0.0075894074252789,0.0,0.0867812124492996,0.2972551671462787,0.0,0.0,0.0133531172782951,0.050313658214881,0.5447074374859665,Anambra
50,45011.72,58,7,32681.710000000003,4668.815714285714,0.084330348687385,0.0128634639986708,0.0,0.0721253569657156,0.0,0.0,0.0814348453615187,0.5934505874998585,0.1557953974868512,Edo
60,58685.97,84,8,56274.59,7034.3237500000005,0.2429974167737161,0.0391341811641808,0.037440166156697,0.0676518478410948,0.0,0.299088807221874,0.0,0.3136875808424371,0.0,Imo
32,85964.92,50,7,106569.56,15224.222857142857,0.0,0.0,0.148287278280965,0.2237817252881591,0.0,0.0,0.0521947355323602,0.4371877860807532,0.1385484748177622,Delta
47,27504.71,93,10,85840.44,8584.044,0.081419317049167,0.192572871248097,0.1582117938817648,0.4870374615973543,0.0,0.0,0.0091004892332797,0.0,0.0716580669903369,Cross River
28,6119.86,89,10,113247.77,11324.777,0.0,0.005505450570903,0.0131494862989355,0.0952461138969888,0.0,0.1820922389906662,0.0119837238296171,0.6920229864128892,0.0,Anambra
34,7873.37,56,6,76621.11,12770.185,0.2934749966425702,0.0771087758973995,0.0,0.0,0.0,0.568991234922073,0.0,0.0604249925379572,0.0,Abuja FCT
23,23722.76,154,5,33915.88,6783.176,0.1804095898440494,0.0,0.0,0.0,0.0,0.6743457636953545,0.0,0.145244646460596,0.0,Kaduna
54,42252.89,171,3,9754.87,3251.623333333333,0.0,0.0,0.0,0.4457394101612836,0.0,0.0906255029539091,0.0,0.4636350868848073,0.0,Oyo
27,16990.42,327,3,24622.99,8207.663333333332,0.0,0.5153196260892767,0.2253654003839501,0.0,0.0,0.0,0.0,0.0,0.2593149735267732,Edo
57,120787.93,32,6,530100.7941500111,88350.13235833519,0.0,0.0053781847366808,0.0110389761052575,0.0029347060354709,0.0,0.0687308157280172,0.8869360494052775,0.0,0.0249812679892958,Imo
46,10328.83,238,2,86961.34,43480.67,0.0,0.0,0.0497870662986563,0.9502129337013436,0.0,0.0,0.0,0.0,0.0,Delta
22,206969.85,126,8,56257.735,7032.216875,0.0,0.0900310863919423,0.4109477567840227,0.0,0.0,0.162659765808204,0.0,0.201207531728748,0.1351538592870829,Enugu
40,11725.92,120,8,196982.5,24622.8125,0.0204383130481134,0.0212140672394755,0.1965439061845595,0.0,0.0,0.0,0.0182371022806594,0.7435666112471919,0.0,Rivers
19,67458.38,38,6,22824.92,3804.153333333333,0.2576854595766382,0.2255837041268929,0.0,0.0,0.0,0.1967345340093196,0.1817049084947504,0.0,0.1382913937923988,Ogun
21,99672.8,49,8,63912.98,7989.122499999999,0.0,0.2063868716495459,0.0262838628397549,0.0,0.0,0.5774756551799024,0.1898536103307966,0.0,0.0,Oyo
37,36236.485,253,5,37398.95,7479.789999999999,0.2902121583627348,0.0,0.0,0.3476811514761778,0.0,0.3521296720897245,0.0099770180713629,0.0,0.0,Unknown
29,86654.84,327,9,110494.16,12277.128888888888,0.1454182736897588,0.5426743820668893,0.0,0.1678061537369938,0.0102658819253433,0.0798840409303079,0.0,0.0,0.0539512676507066,Rivers
29,10878.86,4,8,80681.16,10085.145,0.7994570231761665,0.0,0.0963224871828813,0.0,0.0,0.0,0.0299701937850174,0.0,0.0742502958559346,Rivers
27,28394.96,8,6,45697.0,7616.166666666667,0.36763507451255,0.0463767862222903,0.0715906952316344,0.0,0.0,0.0,0.243184891787207,0.2712125522463181,0.0,Abuja FCT
53,63428.84,107,6,112985.51,18830.91833333333,0.1502934314320482,0.0,0.1983293255922817,0.0896141460971411,0.0,0.0632637760364138,0.498499320842115,0.0,0.0,Oyo
19,15435.13,50,11,685879.4941500111,62352.68128636465,0.0,0.1739613605854556,0.0159652535079362,0.0008006945894782,0.0,0.0,0.0216759797118943,0.0902067207544595,0.697389990850776,Ogun
44,164558.99,82,7,42408.880000000005,6058.4114285714295,0.0,0.2708656771883624,0.0,0.0,0.0,0.0,0.3382864626465023,0.0,0.3908478601651352,Cross River
31,61837.44,60,6,99047.31,16507.885,0.0,0.0,0.1895072162989585,0.0,0.0,0.0,0.5353030789023951,0.0,0.2751897047986462,Lagos
63,12156.97,176,4,32444.390000000003,8111.097500000001,0.1756201919653906,0.3117463450537981,0.0,0.2720997374276415,0.0,0.2405337255531695,0.0,0.0,0.0,Kano
18,37600.93,47,3,22032.07,7344.023333333333,0.1768694453131276,0.0,0.0,0.0,0.0,0.150259598848406,0.0,0.0,0.6728709558384663,Imo
34,24487.82,89,5,125194.91,25038.982,0.0276105474256101,0.0,0.0,0.0,0.0,0.201759640228185,0.4600184624119303,0.0,0.3106113499342744,Lagos
59,15561.15,139,4,317832.68,79458.17,0.8638228139409705,0.080158717473609,0.0438711966308813,0.0121472719545391,0.0,0.0,0.0,0.0,0.0,Oyo
36,58508.0,13,8,35261.270000000004,4407.6587500000005,0.029091975416654,0.3850530624676876,0.0789461071594982,0.0,0.0,0.0,0.0347089029975381,0.0632518340944611,0.4089481178641609,Cross River
18,20456.51,290,2,7767.74,3883.87,0.0,0.0,0.8551921150810918,0.0,0.0,0.0,0.1448078849189082,0.0,0.0,Kano
35,32306.68,29,8,354058.15,44257.26875,0.0025191907035609,0.0380981768107865,0.0816993479743369,0.0,0.0,0.016697031264497,0.0,0.0,0.8609862532468183,Kwara
37,33415.26,42,10,62673.59,6267.359,0.1439124517998729,0.0955820466004899,0.1811389773587248,0.0,0.0,0.0927355525668786,0.1541639787987252,0.0794963237306176,0.2529706691446908,Kano
45,71805.23,182,3,72805.26,24268.42,0.0,0.0,0.0,0.0,0.0,0.0,0.0,0.9791163440663492,0.0208836559336509,Kaduna
27,39575.18,240,2,139632.52,69816.26,0.9629327036423894,0.0,0.0370672963576106,0.0,0.0,0.0,0.0,0.0,0.0,Rivers
34,20093.42,71,6,50560.01,8426.668333333333,0.0,0.0686716636329779,0.0,0.1499178896523161,0.0,0.0,0.0,0.3307424187613887,0.4506680279533173,Abuja FCT
37,36236.485,124,6,87170.01999999999,14528.336666666664,0.0899459470125164,0.0,0.1555409761291783,0.0,0.0,0.0,0.7239264141501861,0.0305866627081191,0.0,Unknown
20,26104.38,50,11,606302.2841500111,55118.38946818283,0.0022751027598944,0.7754638510213545,0.030426819232361,0.0576156496737805,0.0,0.0,0.0093031811811621,0.1029624852684119,0.0219529108630354,Oyo
29,18479.96,67,10,165976.43,16597.643,0.1216484774374288,0.5802957685015878,0.0,0.1711460476647196,0.0,0.0061893125427507,0.094940528603971,0.0,0.0257798652495417,Rivers
29,25353.9,71,8,47264.24,5908.03,0.1231766341741663,0.0,0.0,0.0976467621186757,0.0,0.0174874281274807,0.7429585242458145,0.0,0.0187306513338625,Lagos
21,50110.56,30,9,64327.69,7147.521111111111,0.0,0.0,0.0,0.3404109490018995,0.0875692878136926,0.0,0.4575547481963055,0.0702252793470432,0.044239735641059,Kano
35,26782.54,563,2,19835.75,9917.875,0.0,0.0,0.142734708795987,0.0,0.0,0.857265291204013,0.0,0.0,0.0,Cross River
41,628.16,20,12,161834.64,13486.22,0.1453998970801306,0.0250251738441164,0.0331127501504004,0.4070094634869272,0.0,0.2638045229377344,0.1094475200117848,0.006332883985777,0.0098677885031288,Delta
28,32049.88,78,3,23350.42,7783.473333333334,0.0,0.0,0.3514446421092211,0.0,0.0,0.6485553578907788,0.0,0.0,0.0,Abuja FCT
31,8646.86,409,3,50961.97,16987.323333333334,0.6284301803874536,0.0,0.2757789779319755,0.0,0.0,0.0957908416805708,0.0,0.0,0.0,Oyo
38,4395.6,231,8,44142.28,5517.785,0.5403357053600312,0.13377831865504,0.0,0.2588744849609037,0.0,0.0344193820527621,0.0,0.0,0.0325921089712629,Lagos
28,25325.62,32,3,8445.36,2815.1200000000003,0.0,0.2138132655091079,0.0,0.5997387914783976,0.0,0.0,0.0,0.0,0.1864479430124944,Imo
23,40945.26,43,4,28060.89,7015.2225,0.0,0.0326429418311393,0.0160593623366899,0.0,0.0,0.1448282645347314,0.8064694312974392,0.0,0.0,Abuja FCT
25,6264.42,2,8,51746.2,6468.275,0.1204115471280983,0.0,0.0410391487684119,0.0731448879337999,0.0,0.0490608005998508,0.5542420506240072,0.0,0.1621015649458317,Abuja FCT
39,21974.35,187,5,20086.76,4017.352,0.0,0.0,0.2437575796196101,0.0,0.0,0.4623567962180063,0.0,0.2938856241623836,0.0,Lagos
18,20065.65,116,11,67795.84,6163.258181818182,0.1812443064353211,0.0165541130547243,0.0,0.0700183079079778,0.0,0.2068526623462442,0.0,0.5253306102557326,0.0,Kano
35,395660.64,55,7,141850.93,20264.41857142857,0.0127432368614009,0.001082615390678,0.2390413654672549,0.0,0.0,0.1709821007165762,0.5545101466729897,0.0048110364873885,0.0168294984037115,Enugu
48,52788.91,308,3,13606.31,4535.4366666666665,0.1351431798922706,0.8648568201077295,0.0,0.0,0.0,0.0,0.0,0.0,0.0,Abuja FCT
35,32002.01,512,4,37617.880000000005,9404.47,0.0,0.1912502777934322,0.0,0.1644002798669143,0.3504256486543101,0.0,0.0,0.0,0.2939237936853432,Kwara
29,37423.15,229,3,6386.7300000000005,2128.9100000000003,0.0,0.5655413646733148,0.0,0.0,0.0,0.0252852398645316,0.4091733954621535,0.0,0.0,Delta
56,21419.11,190,5,165288.53,33057.706,0.0,0.2855541760822726,0.0,0.0,0.6347799209055826,0.0,0.0336422618072772,0.0,0.0460236412048676,Ogun
47,6195.6,381,4,51614.35999999999,12903.589999999998,0.8850515631696295,0.0,0.0,0.0611775482637002,0.0,0.0,0.0,0.0,0.0537708885666702,Cross River
51,32944.24,125,5,23755.73,4751.146,0.1251453859763518,0.0276640625230207,0.0,0.0,0.0,0.1054065692782331,0.0,0.6437625785442082,0.0980214036781862,Kaduna
32,15999.54,5,4,28513.51,7128.3775000000005,0.2334258391899138,0.0,0.7336497681274595,0.0,0.0,0.0,0.0,0.0329243926826265,0.0,Plateau
62,27187.77,43,7,30043.35,4291.907142857142,0.6085406587481089,0.0,0.0,0.0156816733153925,0.0,0.0196585933326343,0.0109335343761597,0.1857555831823015,0.1594299570454027,Imo
46,8082.44,48,4,80962.94,20240.735,0.0,0.0,0.0,0.4022892449310759,0.5574882779701429,0.0,0.0,0.0402224770987812,0.0,Lagos
39,71428.87,60,7,81877.96,11696.85142857143,0.0403633651839884,0.0,0.1126112570464627,0.2664386118071334,0.0,0.4388794005126654,0.0,0.0481552056255431,0.0935521598242066,Ogun
30,42345.57,93,12,74493.67,6207.805833333333,0.1747194090450906,0.1939668162408967,0.2336640146739985,0.0,0.0,0.1238177686775265,0.0,0.2738319913624876,0.0,Abuja FCT
58,144478.32,76,4,49752.11,12438.0275,0.0,0.0084565257634299,0.0433738388180923,0.0,0.033696259314429,0.0,0.0,0.0,0.9144733761040488,Ogun
43,79814.46,46,11,104723.04,9520.276363636363,0.0,0.0,0.044353181496641,0.0,0.0,0.5180839861027716,0.020789312456934,0.0881040122593843,0.3286695076842688,Lagos
29,12519.7,315,4,45474.14,11368.535,0.0373458409548811,0.0,0.0846973686583187,0.0,0.0,0.0,0.8779567903868001,0.0,0.0,Kwara
41,5052.39,97,6,103860.29,17310.048333333332,0.1243665890014364,0.0,0.0,0.0,0.0,0.0,0.3017653811673355,0.0872450866447609,0.4866229431864671,Imo
42,180047.85,22,10,31817.96,3181.796,0.0,0.4049621660219574,0.1873734205461318,0.3429462479681286,0.0,0.0,0.0,0.0,0.064718165463782,Delta
42,26397.39,155,9,586636.1341500111,65181.79268333457,0.0,0.0025243245579231,0.0,0.0,0.0039023849141461,0.1392816521921,0.0089164470026703,0.0255211691344119,0.8198540221987483,Plateau
27,27987.12,101,4,94889.33,23722.3325,0.1055382096174564,0.476802502452067,0.0,0.2471129261846405,0.0,0.1705463617458359,0.0,0.0,0.0,Kwara
18,10728.44,165,5,25294.88,5058.976,0.0681244583884169,0.0,0.0,0.0,0.0,0.1080538828411125,0.0,0.4750827044840695,0.348738954286401,Delta
54,14005.53,167,6,38998.71,6499.785,0.517932003391907,0.1538127799611833,0.1235946009496211,0.0,0.0,0.0,0.1974934555527606,0.0,0.0071671601445278,Anambra
40,24641.79,309,2,2712.17,1356.085,0.0,0.0,0.0,0.0,0.0,0.0,0.7642072583945696,0.0,0.2357927416054303,Lagos
36,433411.07,122,8,59422.0,7427.75,0.3587491164888425,0.0938305678031705,0.0,0.4249525428292551,0.0,0.024878159604187,0.0,0.0,0.0975896132745447,Plateau
55,41250.03,52,9,146091.33,16232.37,0.0,0.4269152727954493,0.1283979685858154,0.3872644598416621,0.0,0.0,0.0,0.0,0.0574222987770732,Kano
41,14660.71,62,8,69142.13,8642.76625,0.198170059267772,0.0,0.1990755853196886,0.2718357100077768,0.0,0.0054215859418852,0.0,0.2116392711650624,0.1138577882978149,Lagos
39,7307.77,43,11,100675.53,9152.32090909091,0.013223570812093,0.0,0.7969523478048738,0.0,0.0,0.0306959397184201,0.0,0.0658501623979531,0.0932779792666599,Enugu
23,157622.27,170,11,52526.23,4775.111818181817,0.0033341437220984,0.0329663865082264,0.0392594328585927,0.0114596078949507,0.0,0.1080229820415438,0.1149284843020334,0.6755491494440016,0.0144798132285526,Enugu
21,7228.03,32,6,90923.06,15153.843333333332,0.0653379901644313,0.0972509064257186,0.6395677840143084,0.0,0.0,0.0,0.1540666361206936,0.0,0.0437766832748479,Ogun
42,42740.33,342,6,46180.12,7696.686666666666,0.0,0.0,0.1139275948178566,0.0,0.0,0.5584171284093675,0.0,0.0,0.3276552767727758,Anambra
55,18989.36,115,4,28753.79,7188.4475,0.0,0.0,0.0,0.0,0.0,0.7762441055596496,0.0,0.1998136593471677,0.0239422350931824,Rivers
18,7597.25,20,6,18787.46,3131.2433333333333,0.0,0.0,0.0585986610217666,0.0,0.0,0.2782292018186599,0.0612930114022864,0.2892807223541661,0.312598403403121,Ogun
27,21913.49,17,9,91952.35,10216.92777777778,0.4866073569626007,0.051081674367213,0.1215999373588603,0.0,0.0,0.3341044573629712,0.0,0.0066065739483547,0.0,Kaduna
56,49663.4,60,5,40668.28999999999,8133.6579999999985,0.0,0.0398300494070441,0.0,0.0,0.0,0.0,0.7932630066324402,0.0927007257988964,0.0742062181616193,Plateau
18,11663.43,58,7,42799.03,6114.147142857143,0.4868780904613959,0.1598809599189514,0.0,0.1047327474477809,0.0,0.1249170834011892,0.0,0.1235911187706824,0.0,Lagos
34,143274.3,17,9,182028.54,20225.393333333333,0.4510261412853171,0.0808845140437867,0.0,0.0,0.0,0.1291511210275047,0.2932255568275172,0.045712666815874,0.0,Abuja FCT
39,39008.2,127,9,74161.87999999999,8240.208888888888,0.030215388283037,0.0,0.7166831531239499,0.0,0.0,0.0996691292076198,0.0821087599181682,0.0,0.0713235694672249,Plateau
36,90135.07,21,8,154201.41999999998,19275.1775,0.0095499120565815,0.0105606679886605,0.0085153560842695,0.6092108620011412,0.0,0.2129315021872042,0.0,0.0,0.149231699682143,Imo
56,27281.39,46,8,612450.8741500111,76556.35926875139,0.0,0.0507195455359763,0.823126287230236,0.0,0.0,0.0,0.1261541672337877,0.0,0.0,Cross River
33,51316.75,11,6,18117.97,3019.661666666667,0.0,0.1213276101020147,0.4232190471669839,0.1571070048134531,0.0,0.0,0.0607954423150054,0.0,0.2375508956025426,Ogun
54,20195.24,56,12,248329.9,20694.158333333336,0.0539544372224206,0.5470194285907578,0.0189202750051443,0.0196569160620609,0.0,0.0092971486719883,0.0044165442824243,0.3080296009461607,0.0387056492190429,Lagos
18,40068.06,136,6,64759.44,10793.24,0.0,0.0,0.2801055722532498,0.4463336928176031,0.0,0.0015441764165965,0.0,0.0,0.2720165585125504,Kano
50,86659.29,37,7,45606.380000000005,6515.197142857143,0.0,0.1338321524313045,0.0,0.1110592421498921,0.0,0.2686468428320774,0.1103400445288575,0.3761217180578682,0.0,Oyo
52,46723.58,140,6,29695.800000000003,4949.3,0.0319132671960344,0.3729119942887546,0.2168943082860202,0.1198863138895062,0.0,0.0,0.2583941163396844,0.0,0.0,Imo
52,25147.53,237,3,19625.09,6541.696666666667,0.0,0.1432054579112758,0.0,0.0,0.0,0.4322502470052368,0.4245442950834875,0.0,0.0,Anambra
43,3962.1,79,5,38526.58,7705.316000000001,0.0,0.0,0.0,0.0869506195462976,0.0,0.0952630625401995,0.592078248315838,0.2257080695976648,0.0,Rivers
33,229198.94,642,1,9590.6,9590.6,0.0,0.0,1.0,0.0,0.0,0.0,0.0,0.0,0.0,Anambra
48,10481.03,206,4,30544.71,7636.1775,0.0,0.0,0.6619106876444399,0.0,0.0,0.0,0.0209735171818622,0.0,0.3171157951736978,Oyo
37,36236.485,486,2,5539.799999999999,2769.9,0.0,0.0,0.0,0.0,0.0,0.2858514747824831,0.7141485252175169,0.0,0.0,Unknown
32,13262.15,142,2,32291.66,16145.83,0.0,0.0,0.0,0.0,0.0,0.9172733764693424,0.0,0.0827266235306577,0.0,Imo
28,52928.43,77,8,30474.52,3809.315,0.0,0.4534558706749114,0.1887931294734093,0.0,0.0032814298633743,0.2651966298402731,0.0244292609038632,0.0,0.0648436792441685,Abuja FCT
18,1611.03,29,6,112393.58,18732.26333333333,0.0,0.6418661101461489,0.358133889853851,0.0,0.0,0.0,0.0,0.0,0.0,Abuja FCT
67,24364.38,17,4,59541.23,14885.3075,0.0,0.0,0.049583624658073,0.494427810779186,0.0,0.0,0.4269197999436693,0.0,0.0290687646190715,Abuja FCT
59,72070.21,109,6,51770.03,8628.338333333333,0.0595916208663583,0.1212104764088411,0.0029824205239981,0.5743199298899382,0.0,0.0,0.0,0.0,0.241895552310864,Kwara
21,38727.08,152,4,7633.07,1908.2675,0.0,0.0,0.0,0.1694665449157416,0.3595355472961731,0.0,0.110809936237975,0.0,0.3601879715501102,Imo
46,5839.08,67,3,9867.42,3289.14,0.1782137580036119,0.5567666117384281,0.0,0.0,0.0,0.0,0.0,0.26501963025796,0.0,Cross River
18,34114.56,24,7,33881.03,4840.147142857143,0.195167620346843,0.0810586336956107,0.0,0.4949787535975146,0.0,0.2176976319787208,0.0,0.0110973603813107,0.0,Kaduna
30,18866.89,225,8,136218.18,17027.2725,0.1125296931731139,0.6075511359790596,0.1929209449135203,0.0,0.0,0.0181838430083267,0.0688143829259795,0.0,0.0,Abuja FCT
63,12729.22,46,9,75177.28,8353.031111111111,0.0,0.0,0.1660443155166029,0.0914818945298366,0.0,0.1960286405680014,0.089672039211847,0.2766236022372717,0.1801495079364403,Abuja FCT
38,59118.69,318,5,101525.13,20305.026,0.0,0.8792788544077708,0.0,0.0,0.0,0.031530814094993,0.0756933775903562,0.0,0.01349695390688,Plateau
18,8012.69,90,6,73672.4,12278.733333333332,0.2081889554297132,0.0,0.5162891394877864,0.0,0.0,0.1852513288558537,0.0,0.0902705762266466,0.0,Rivers
46,24183.57,25,9,34887.8,3876.4222222222215,0.0963872757812186,0.1963333887490756,0.0,0.0,0.0,0.1727165370129386,0.0,0.2356408257327776,0.2989219727239894,Ogun
28,80308.22,90,3,11249.29,3749.763333333333,0.0,0.2029256957550209,0.0,0.0,0.0,0.0,0.0,0.0,0.797074304244979,Kaduna
45,17795.2,85,3,22936.31,7645.436666666667,0.984108603345525,0.0158913966544749,0.0,0.0,0.0,0.0,0.0,0.0,0.0,Anambra
56,33321.11,35,5,33314.41,6662.882,0.0912740162590302,0.0,0.0598017494531645,0.0,0.0,0.0,0.1788706448650899,0.6700535894227152,0.0,Kaduna
34,6648.88,263,4,28630.370000000003,7157.592500000001,0.4183536573226263,0.0,0.2318314433239947,0.0,0.0,0.0,0.0,0.235602613588298,0.1142122857650809,Anambra
35,30905.98,180,3,9534.15,3178.05,0.5125417577864833,0.0,0.0,0.0,0.0,0.246314563962178,0.0,0.0,0.2411436782513386,Abuja FCT
64,42692.75,35,4,34871.86,8717.965,0.2492319021698297,0.0,0.0,0.5765278938376099,0.0,0.0,0.1742402039925601,0.0,0.0,Kano
32,56813.68,250,5,505902.21415001113,101180.44283000224,0.0,0.9422994223319524,0.0220052209471037,0.0,0.0,0.0,0.0356953567209439,0.0,0.0,Lagos
30,240702.18,130,8,177443.33000000002,22180.41625,0.0187274438548915,0.0158601622275686,0.0,0.4361814557921112,0.0,0.0,0.0,0.5292309381254285,0.0,Plateau
49,1847.71,138,8,47322.05,5915.25625,0.0,0.1852478918390052,0.0,0.2465886410246386,0.0,0.0,0.2151485406908619,0.3084126744297848,0.0446022520157093,Lagos
33,19590.54,57,3,15782.34,5260.78,0.099623376508173,0.0,0.453842079184709,0.0,0.0,0.0,0.0,0.0,0.4465345443071179,Kano
37,66561.21,24,6,36848.11,6141.3516666666665,0.0,0.0,0.1346834342385539,0.0704166373797733,0.0704166373797733,0.0,0.5389749976321716,0.0,0.1855082933697278,Ogun
50,26111.6,4,3,44679.380000000005,14893.126666666669,0.0,0.5155861607748361,0.0,0.0,0.0,0.0,0.0,0.0,0.4844138392251638,Cross River
40,42018.17,56,6,499477.9791500111,83246.32985833519,0.9463659738401516,0.0124938741255813,0.0409399430076947,0.0,0.0,0.0,0.0002002090265724,0.0,0.0,Oyo
49,99345.07,27,6,26977.26,4496.21,0.0,0.2334521741644629,0.0,0.0135232414262975,0.0,0.0,0.6231833774074905,0.0430577456717249,0.0867834613300238,Rivers
18,20396.26,172,7,44573.895,6367.699285714285,0.0254202599974716,0.1136302986310709,0.1996484713754541,0.0,0.0,0.597291979980659,0.0539490659274896,0.0,0.0100599240878545,Edo
28,224544.48,294,5,66716.95999999999,13343.391999999998,0.136895625939791,0.0,0.0,0.0,0.0,0.3436006376789349,0.2160204841467596,0.0,0.3034832522345142,Oyo
46,21533.44,85,6,80422.68,13403.78,0.0,0.3743992366332482,0.4751200780675302,0.0,0.089906852146683,0.0605738331525385,0.0,0.0,0.0,Kwara
31,19275.69,18,5,69817.84999999999,13963.569999999998,0.6855378674651252,0.2955865870977121,0.0188755454371625,0.0,0.0,0.0,0.0,0.0,0.0,Kwara
31,7480.99,230,3,38356.04,12785.346666666666,0.0,0.0,0.3852146884819183,0.0,0.0,0.1515774308296685,0.0,0.0,0.463207880688413,Delta
43,120581.18,14,12,65535.71000000001,5461.309166666667,0.0172620392759916,0.142085589673172,0.010386398499383,0.1771978971464565,0.0,0.0,0.4671199869506258,0.0989011944785522,0.0870468939758186,Cross River
48,38013.48,47,6,34327.8,5721.3,0.422387394473284,0.0,0.0,0.0,0.0,0.5247455415144576,0.0528670640122582,0.0,0.0,Kaduna
40,51146.0,17,5,44319.41,8863.882,0.0058696629761091,0.0,0.1426557799393087,0.0,0.0,0.7655465178800892,0.085928039204493,0.0,0.0,Kaduna
50,27981.16,244,4,49039.48,12259.87,0.0,0.0,0.7198642807794862,0.1702291704561304,0.0,0.1099065487643833,0.0,0.0,0.0,Anambra
41,18759.26,53,6,49980.84,8330.14,0.2621338496912017,0.0,0.1832932379687896,0.0,0.0,0.052573946336236,0.0,0.5019989660037727,0.0,Ogun
31,12545.65,159,8,72144.3,9018.0375,0.0,0.0,0.0,0.1180811235260443,0.0,0.0116364009353476,0.4177505360783873,0.4525319394602206,0.0,Rivers
40,91273.3,5,10,68966.22,6896.622,0.3622912782518746,0.0646504912114945,0.0,0.0,0.0123789588584092,0.3114179666509198,0.1000133108643622,0.0,0.1492479941629394,Abuja FCT
27,118418.8,170,7,78148.32,11164.045714285716,0.6088510923843277,0.1578713400364844,0.0,0.0,0.0,0.0121517647468301,0.0,0.2187920354525855,0.0023337673797722,Oyo
42,43614.39,127,14,115547.13,8253.36642857143,0.1560971700465429,0.0869584558266397,0.0303461453348084,0.1054326489978591,0.0,0.6089767872209374,0.0121887925732123,0.0,0.0,Delta
62,12393.15,156,4,36566.32,9141.58,0.0,0.0,0.0,0.9404665276680836,0.0073275079362648,0.0,0.0386700110921744,0.013535953303477,0.0,Rivers
18,20205.2,39,7,50916.5,7273.785714285715,0.0450396236976225,0.1918643268881403,0.0,0.0867630335942179,0.0,0.0,0.0,0.1094843518309389,0.5668486639890802,Oyo
27,13935.56,36,5,20057.57,4011.514,0.0,0.0,0.4937273059498235,0.0956775920512804,0.0,0.0,0.0,0.265956444374867,0.1446386576240292,Oyo
54,12479.37,113,10,184567.82,18456.782,0.1094621478435406,0.0792736783692845,0.0,0.163241078536876,0.0,0.0,0.0,0.6295972396488185,0.0184258556014802,Abuja FCT
29,25589.53,15,7,40604.38,5800.625714285714,0.0,0.0,0.0,0.5391504561823134,0.0,0.0200599048674059,0.0,0.0403099370067958,0.4004797019434848,Delta
53,61635.85,135,3,36393.72,12131.24,0.984587725574632,0.0,0.0,0.0,0.0,0.0,0.0154122744253678,0.0,0.0,Kwara
38,84135.15,34,7,48310.71,6901.53,0.228386003848836,0.0,0.0,0.0,0.1041255655319493,0.6621595915274274,0.0,0.0,0.0053288390917873,Cross River
31,4625.94,82,9,95489.37,10609.93,0.0,0.0098556519956095,0.3310243852273818,0.0,0.0,0.0,0.186143546658649,0.0201999447687213,0.4527764713496381,Kano
38,19567.42,6,6,49391.03999999999,8231.839999999998,0.0,0.0,0.4978388792785088,0.0470836410814593,0.2258229427847642,0.0,0.0,0.0,0.2292545368552677,Abuja FCT
46,57249.78,6,11,51436.25,4676.022727272727,0.0751460302802012,0.1963807625944737,0.1309028165933558,0.0,0.0,0.0375085664293178,0.0179190745826144,0.2258720260516659,0.316270723468371,Rivers
32,15643.77,28,4,70935.68,17733.92,0.0,0.0,0.1602099253859271,0.0828061421276288,0.0,0.0827451009139547,0.0,0.6742388315724893,0.0,Edo
32,90049.32,115,4,15904.16,3976.04,0.0,0.0,0.0,0.0763240560960151,0.0,0.4024204987877385,0.0,0.426202955704671,0.0950524894115753,Kano
60,25505.08,136,1,72629.51,72629.51,0.0,0.0,0.0,0.0,0.0,1.0,0.0,0.0,0.0,Abuja FCT
44,13516.75,23,9,274033.24,30448.13777777777,0.0020267979169242,0.0,0.0,0.6176595948725053,0.0,0.077020291406984,0.001144167765925,0.0,0.3021491480376614,Delta
52,55283.9,122,6,45947.4,7657.900000000001,0.8357241106134407,0.009916339118209,0.0,0.0364288294876315,0.0,0.0128198766415509,0.0,0.1051108441391678,0.0,Delta
25,20193.22,9,6,45003.67,7500.611666666667,0.010269384696848,0.0,0.0546650973131746,0.0,0.0,0.0,0.2104641688111214,0.0,0.7246013491788559,Kano
26,116907.59,85,6,36243.26,6040.543333333334,0.1806884921499887,0.0,0.2048951998247399,0.2396340726524049,0.0,0.3747822353728666,0.0,0.0,0.0,Kaduna
18,37052.0,99,8,120359.19,15044.898749999998,0.2619561497547465,0.0,0.0,0.5569884609559104,0.0,0.0,0.0062868485572227,0.1747685407321202,0.0,Kwara
20,22476.58,13,6,104346.58,17391.096666666668,0.80260886365418,0.0,0.0,0.158942727207734,0.0,0.0,0.0,0.0384484091380857,0.0,Rivers
50,168486.7,41,9,503281.90415001113,55920.21157222346,0.944667273410054,0.0113459871155986,0.0056347545513075,0.0096743593597371,0.0,0.0016994650372826,0.0095880459047096,0.0173901146213103,0.0,Edo
54,16673.29,198,14,162774.18,11626.727142857142,0.0466315972226061,0.00361967727314,0.122774693136221,0.0110575891090343,0.4845607577319695,0.3060661095021336,0.0,0.0252895760248953,0.0,Rivers
41,18306.85,15,8,30560.46,3820.0575,0.303205187356473,0.0,0.0,0.0,0.0,0.011629078881666,0.2376472736339701,0.2963924626788994,0.1511259974489912,Kaduna
35,169253.14,58,6,62635.96,10439.326666666666,0.1693116861304592,0.0,0.0,0.5728198306531903,0.0,0.0,0.1257657741655113,0.0,0.1321027090508391,Ogun
49,119306.21,30,10,147187.74,14718.774,0.021324805992673,0.1228956976987349,0.0,0.3263438245603879,0.0,0.5211001948939498,0.0,0.0,0.0083354768542543,Kano
45,25220.83,162,5,26428.75,5285.75,0.279869838717306,0.0,0.6041163505651989,0.0,0.0,0.0,0.0,0.0169130208579671,0.0991007898595279,Kwara
29,3083.72,78,6,490135.0541500111,81689.17569166851,0.0172848889877749,0.0,0.009583868691347,0.0044682378488475,0.0,0.9592570459286348,0.0068533355685511,0.0,0.0025526229748445,Imo
22,12221.9,410,4,16682.92,4170.73,0.0,0.0,0.0,0.0,0.2533902937855004,0.2926160408369757,0.2533902937855004,0.0,0.2006033715920234,Anambra
36,123415.34,130,5,66838.49,13367.698,0.0,0.0,0.0171473053924467,0.0,0.0,0.9762889616447048,0.0,0.0065637329628482,0.0,Oyo
23,1598.81,46,5,15778.62,3155.724,0.4171194946072597,0.0,0.0,0.391134332406763,0.0,0.0,0.0,0.0,0.1917461729859772,Kano
31,65995.08,28,5,31144.94,6228.988,0.044893006697075,0.0,0.0,0.0664570231954211,0.0,0.0,0.0,0.4025803228389587,0.486069647268545,Rivers
37,6284.04,189,4,24829.8,6207.45,0.0,0.4721971179792024,0.0,0.0,0.0,0.0097693094587954,0.0,0.5180335725620021,0.0,Lagos
26,43006.12,38,9,50436.44,5604.048888888889,0.2345010869125576,0.0,0.0257976177541475,0.0340166752451203,0.0,0.3036602107523846,0.4020244093357897,0.0,0.0,Enugu
25,78729.3,129,6,42235.36,7039.2266666666665,0.0,0.1062664080523996,0.1216639327804948,0.0,0.0,0.1082230623818525,0.663846596785253,0.0,0.0,Delta
39,45118.48,118,5,50203.66,10040.732,0.0,0.1657305463386534,0.0,0.1708498942109002,0.0,0.0,0.6534631140438765,0.0,0.0099564454065699,Rivers
43,20923.8,37,6,50510.99,8418.498333333333,0.0206869831694053,0.7915180438950019,0.0254107076499589,0.0,0.0,0.1623842652856339,0.0,0.0,0.0,Imo
42,353291.45,228,7,132893.99,18984.85571428572,0.4642398802233269,0.0185638944244205,0.0,0.0,0.0,0.0503873049488543,0.0,0.4633785169667944,0.0034304034366038,Anambra
42,34423.08,94,4,32243.33,8060.8325,0.0,0.0,0.2501159154466986,0.0,0.4955707118340444,0.0588072013653676,0.1955061713538893,0.0,0.0,Kwara
36,74144.42,31,5,75579.74,15115.948,0.0,0.0329199333048777,0.0,0.0,0.0,0.5229134156852088,0.088340340943221,0.0,0.3558263100666924,Imo
37,45365.56,179,5,100749.86,20149.972,0.0,0.5749700297350289,0.0703119587461461,0.1483113723433461,0.2064066391754787,0.0,0.0,0.0,0.0,Unknown
18,599535.63,384,3,88023.66,29341.22,0.0,0.3080045751335493,0.0,0.0,0.0,0.0,0.6380895772795633,0.0539058475868874,0.0,Anambra
42,23560.51,7,7,123442.35,17634.62142857143,0.0521236026371824,0.0095914408628805,0.0,0.4325648369461534,0.0,0.0244630793240731,0.1212578989301483,0.359999141299562,0.0,Oyo
34,49281.68,65,6,136618.33000000002,22769.721666666668,0.1585713278737926,0.0,0.6629242210763372,0.0,0.0,0.0,0.0,0.1785044510498701,0.0,Lagos
34,13625.37,103,9,63811.97,7090.218888888889,0.4948610738706233,0.1848505852428627,0.1560827850950221,0.0,0.0,0.0631879880843672,0.0,0.1010175677071245,0.0,Oyo
43,74007.04,198,5,37174.32,7434.864,0.366716055599672,0.4894636942921888,0.0799261425629305,0.0638941075452086,0.0,0.0,0.0,0.0,0.0,Anambra
19,46462.21,191,3,17197.61,5732.536666666667,0.0,0.5681522025444233,0.280273247270987,0.0,0.0,0.0,0.0,0.1515745501845896,0.0,Kwara
39,51690.18,45,6,28739.01,4789.835,0.0549037701716238,0.0498360938668381,0.4630378708243604,0.0,0.0,0.0,0.0138111925219414,0.0,0.4184110726152363,Kano
47,8755.17,82,4,24634.75,6158.6875,0.2434195597682136,0.0,0.039367560052365,0.0,0.0,0.7172128801794214,0.0,0.0,0.0,Anambra
52,1601.58,179,7,178400.49,25485.78428571429,0.0243464017391432,0.0293065338553722,0.0,0.0,0.0,0.4380754223264745,0.1907063147640458,0.0568531510199327,0.2607121762950315,Ogun
42,12942.63,51,4,39165.23,9791.3075,0.0,0.2182632401239569,0.0,0.0,0.0,0.7010672476581907,0.0806695122178524,0.0,0.0,Abuja FCT
23,5360.83,35,7,39689.490000000005,5669.927142857144,0.0,0.0,0.2570824165289097,0.0,0.0,0.0337588112117338,0.1524491748319265,0.4692463924328581,0.0874632049945716,Delta
33,54560.6,196,3,47616.53,15872.176666666666,0.0,0.0,0.0,0.0,0.0,0.6270797137044635,0.3729202862955364,0.0,0.0,Plateau
37,33519.69,481,3,92390.29,30796.76333333333,0.0,0.6673708893001635,0.0,0.3326291106998365,0.0,0.0,0.0,0.0,0.0,Unknown
23,40651.69,31,5,28400.61,5680.122,0.4632777253728001,0.2073969537978233,0.1193914496906932,0.0,0.0,0.0,0.1477119681584303,0.0,0.0622219029802528,Anambra
33,33442.43,58,6,54573.36,9095.56,0.0,0.0,0.0308097210800287,0.0,0.0,0.0209882624049536,0.9482020165150176,0.0,0.0,Oyo
40,154717.68,188,7,42455.91,6065.13,0.0933156302620765,0.0,0.0,0.3481133722018912,0.2261053879189022,0.1975454065170196,0.0,0.0,0.1349202031001102,Delta
30,40220.39,36,5,89767.44,17953.488,0.0,0.0,0.4767285331964462,0.0687240273310679,0.0,0.3632605541608405,0.0,0.0,0.0912868853116452,Oyo
18,44431.14,14,8,52110.72,6513.84,0.0,0.502123555383614,0.0130366650086584,0.0,0.0,0.0029233908109502,0.0,0.0,0.4819163887967773,Anambra
40,24624.99,15,10,41656.88,4165.688,0.3036866899297306,0.1494007712531519,0.0806887121647132,0.2540672753216275,0.0,0.110697680671236,0.089620250004321,0.0,0.0118386206552194,Lagos
32,114850.2,24,8,16585.93,2073.24125,0.2398225483889055,0.1656542623778106,0.1625450004913803,0.0,0.0,0.0,0.3770292048742518,0.0549489838676516,0.0,Abuja FCT
38,17242.32,188,8,75881.47,9485.18375,0.0,0.1276950749636242,0.0,0.0,0.0,0.401088961507994,0.0,0.0234184972958483,0.4477974662325334,Lagos
32,25774.9,2,6,72745.41,12124.235,0.1047785695344902,0.4904688831913931,0.0,0.3852871267066884,0.0,0.0,0.0194654205674282,0.0,0.0,Lagos
39,35679.82,250,8,94511.9,11813.9875,0.3517680842306631,0.0557472656882361,0.1030043835749784,0.1167128160580837,0.0,0.3690168116395925,0.0,0.0,0.0037506388084463,Delta
58,101334.77,22,6,61999.66,10333.276666666668,0.0,0.0,0.1948318748844751,0.0,0.2561341465420939,0.4792182731324655,0.0,0.0698157054409653,0.0,Lagos
54,49518.91,123,4,492432.0841500111,123108.02103750278,0.0,0.0361308707792889,0.954782434539304,0.0047293425326253,0.0,0.0,0.0,0.0043573521487814,0.0,Enugu
18,8888.07,366,4,24877.65,6219.4125,0.0,0.0,0.0,0.1608700982608888,0.0,0.3731216573912728,0.0,0.0,0.4660082443478383,Kano
44,166294.23,107,5,37760.93,7552.186,0.0718237077317746,0.0,0.1075333684843037,0.2733190098866739,0.0,0.0,0.5473239138972478,0.0,0.0,Abuja FCT
33,44202.51,101,7,55394.87,7913.552857142858,0.660470364855085,0.077462046575793,0.0,0.0295108554275874,0.0,0.0989403892454301,0.1037740498353006,0.0298422940608038,0.0,Plateau
38,37523.84,23,9,195466.14,21718.46,0.0,0.0,0.021233805507184,0.1099487614581226,0.0,0.2595520124355042,0.5903315530761492,0.01893386752304,0.0,Oyo
24,38892.8,299,4,59634.19,14908.5475,0.1295129522175114,0.1762556010235068,0.0,0.0,0.0,0.4446102143753441,0.0,0.2496212323836376,0.0,Ogun
20,56014.89,43,8,35001.36,4375.17,0.2826144469814887,0.1385220460004982,0.0607219262337234,0.0631278327470704,0.0,0.1394714376812786,0.0,0.3155423103559404,0.0,Rivers
41,20075.87,86,12,170797.39,14233.115833333335,0.0206889578347772,0.3788694312014956,0.0,0.5713638247048155,0.0,0.0045453856174265,0.0245324006414852,0.0,0.0,Kaduna
37,5369.1,132,8,98719.26,12339.9075,0.0,0.0,0.003523122033127,0.3398933500919678,0.0,0.5209693630199416,0.0,0.0,0.1356141648549634,Anambra
53,42441.78,31,14,150514.13,10751.009285714286,0.0096006268647335,0.3692106515182328,0.0,0.1566330018317881,0.0066726625599868,0.0,0.204193719220913,0.2536893380043455,0.0,Kano
66,39640.81,203,6,22841.26,3806.876666666667,0.6267644604544582,0.0,0.0,0.0,0.0,0.0726356602043845,0.0,0.3005998793411572,0.0,Lagos
30,113802.15,38,5,57168.23,11433.646,0.0,0.1364840226818287,0.0,0.0,0.0,0.1913356421914759,0.505838819917986,0.0,0.1663415152087095,Plateau
44,48375.13,6,11,108942.8,9903.890909090907,0.0459314429223409,0.0856634857925443,0.193017161299324,0.032138149561054,0.4465726968647767,0.0281986510352221,0.0,0.1684784125247377,0.0,Kaduna
29,8220.52,274,6,125944.13,20990.68833333333,0.0,0.0007940028646035,0.0,0.0150343648409814,0.0,0.0,0.0476880502489476,0.9364835820454672,0.0,Kano
59,13480.33,344,6,32357.01,5392.835,0.0,0.0941854639844658,0.0,0.0,0.155075824373142,0.1844879981184911,0.566250713523901,0.0,0.0,Anambra
41,272615.42,18,5,35075.43,7015.086,0.4144393953260159,0.0,0.0,0.0,0.0,0.0583733399704579,0.1434682340316284,0.0,0.3837190306718976,Cross River
46,25814.89,40,8,612286.41,76535.80125,0.5749256136519508,0.0265073170577148,0.0,0.1010745771737772,0.0,0.0,0.2939531190966659,0.0035393730198911,0.0,Enugu
28,423550.28,28,3,24624.79,8208.263333333334,0.0,0.0,0.0,0.0,0.0,0.0,0.8619955743785023,0.1380044256214976,0.0,Anambra
31,11326.1,30,11,95434.95,8675.904545454545,0.2136010968727913,0.341388872734779,0.0174117553370122,0.0952508488766432,0.0,0.0,0.1380178854811576,0.0900775868798589,0.1042519538177575,Ogun
20,19511.29,124,2,3080.53,1540.265,0.0,0.4153408666690472,0.0,0.0,0.0,0.0,0.5846591333309529,0.0,0.0,Enugu
47,4422.83,100,6,106165.97,17694.328333333335,0.2233527372283228,0.0,0.0,0.0,0.0,0.1468686246638164,0.0,0.6046512832690174,0.0251273548388433,Cross River
48,13295.69,20,14,129781.0,9270.07142857143,0.0,0.1284990098704741,0.3056284047741965,0.1323734599055331,0.0,0.1101337638020973,0.0547841363527789,0.0970119663124802,0.1715692589824396,Kano
18,12562.23,15,10,89259.22,8925.922,0.1729579308445671,0.0061393097542192,0.0551666259239101,0.0471403402360002,0.0,0.0,0.2862161466344877,0.4323796466068155,0.0,Kaduna
18,39160.32,233,8,67948.47,8493.55875,0.0,0.0,0.4410013941447099,0.4231465403120924,0.0,0.1358520655431976,0.0,0.0,0.0,Edo
30,36176.72,26,8,525967.6041500111,65745.95051875139,0.0,0.0,0.0245375568726455,0.0,0.0038631086476962,0.0,0.8939058231729331,0.0098762166320008,0.0678172946747242,Kaduna
34,31838.08,278,7,42929.12,6132.731428571429,0.3148774072238144,0.233885996265472,0.0,0.0,0.0,0.143720160115092,0.0795949229800191,0.1426810053408968,0.0852405080747054,Oyo
28,261444.51,166,4,89311.3,22327.825,0.0,0.5904695150557656,0.0630304339988332,0.0,0.346500050945401,0.0,0.0,0.0,0.0,Enugu
47,5160.8,88,7,49402.84,7057.5485714285705,0.0,0.0,0.0155551786091649,0.287944174869299,0.0,0.0190302824695908,0.0,0.547992180206644,0.1294781838453012,Ogun
46,14858.95,43,4,23572.32,5893.08,0.0,0.4738689276235857,0.4992720275305952,0.0268590448458191,0.0,0.0,0.0,0.0,0.0,Kwara
18,206249.03,83,6,66157.5,11026.25,0.1303657181725428,0.4212326644749272,0.3104239126327325,0.0,0.0,0.0,0.0410411517968484,0.096936552922949,0.0,Kaduna
21,9428.75,150,2,33809.71,16904.855,0.0,0.0,0.0,0.7857795881715638,0.0,0.0,0.0,0.2142204118284362,0.0,Kwara
33,41284.25,483,2,44328.42,22164.21,0.0,0.0,0.1428557570966887,0.8571442429033113,0.0,0.0,0.0,0.0,0.0,Oyo
63,20250.44,18,11,105190.13,9562.739090909092,0.5288046511588113,0.0,0.1981381713284317,0.0,0.0846718223468304,0.0,0.0,0.0046949271761523,0.1836904279897743,Abuja FCT
46,30145.72,138,7,41580.36,5940.051428571429,0.1397640616868156,0.0866336895592053,0.4154040513357749,0.083833810000683,0.0,0.0,0.1032828960595819,0.1710814913579391,0.0,Abuja FCT
32,31660.02,53,5,53802.5,10760.5,0.0,0.0,0.2398102318665489,0.2041347521025975,0.5560550160308536,0.0,0.0,0.0,0.0,Kano
34,53233.38,19,6,23675.83,3945.971666666667,0.0,0.0631293601956087,0.2758247546126154,0.1117236439018188,0.0,0.1681339154741354,0.3811883258158214,0.0,0.0,Imo
40,7693.4,17,5,52982.44,10596.488,0.8002925120096395,0.0,0.0,0.0,0.0,0.0,0.1695556112553518,0.0301518767350088,0.0,Imo
54,625746.03,99,7,51622.8,7374.685714285713,0.2529054991205436,0.0,0.0077428965495866,0.4496852166097151,0.0,0.2397752543449794,0.0,0.0245591095407455,0.0253320238344297,Imo
35,31482.82,665,4,14514.03,3628.5075,0.1718178893112388,0.0,0.0,0.1031395139737205,0.0,0.0,0.7250425967150406,0.0,0.0,Anambra
58,6744.57,74,4,26270.91,6567.7275,0.848482599194318,0.0,0.0,0.0,0.0,0.0,0.0,0.0,0.151517400805682,Imo
43,78662.83,35,14,86606.39,6186.170714285714,0.0251578434339544,0.0943356489053521,0.1053919924384332,0.0,0.0,0.3098724008701899,0.4269269276782002,0.0383151866738701,0.0,Oyo
26,21348.09,115,4,40467.1,10116.775,0.0519691304788334,0.0,0.0,0.0,0.0,0.4646977421164354,0.1243531164822781,0.0,0.3589800109224531,Rivers
27,36180.95,307,3,27439.74,9146.58,0.0,0.0,0.8093906866464479,0.0,0.0579006943943346,0.0,0.0,0.1327086189592175,0.0,Plateau
54,74760.67,427,3,12068.55,4022.85,0.525812131531957,0.0249416872780905,0.0,0.0,0.0,0.0,0.0,0.4492461811899524,0.0,Oyo
49,15010.47,10,6,74545.54999999999,12424.258333333331,0.0473650003253044,0.0,0.4834185273299344,0.3868505900083908,0.0,0.0,0.0486042426409088,0.0,0.0337616396954613,Abuja FCT
27,35606.35,356,1,5032.209999999999,5032.209999999999,0.0,0.0,0.0,0.0,0.0,0.0,1.0,0.0,0.0,Kwara
18,24045.32,76,4,20253.24,5063.31,0.0,0.1132623718476648,0.0,0.0,0.1587775585535944,0.0,0.7279600695987408,0.0,0.0,Kwara
43,13445.2,11,4,9505.46,2376.365,0.0,0.0,0.0,0.0,0.0,0.0,0.7394676322871276,0.1718128317829963,0.0887195359298761,Kano
30,71261.24,132,8,74720.06,9340.0075,0.0030892641146166,0.2302733696948316,0.0,0.0,0.0,0.4058198026072249,0.3255373456605896,0.0352802179227372,0.0,Imo
40,34644.46,155,4,230696.36,57674.09,0.5297124323938185,0.0,0.0,0.394983258513485,0.0,0.0753043090926965,0.0,0.0,0.0,Kaduna
56,6002.65,204,5,26318.51,5263.702,0.0,0.6038639725425186,0.003799607196608,0.0,0.0,0.3681507805723045,0.0,0.0,0.0241856396885689,Enugu
37,36236.485,8,10,118428.33,11842.833,0.2396347225364066,0.1368768773485195,0.1026708727548551,0.0028364834664138,0.0,0.1403223367246671,0.0662664077083582,0.0819246543457971,0.2294676451149822,Unknown
33,24134.92,145,2,25740.050000000003,12870.025,0.0,0.0,0.0,0.0,0.0,0.0,0.1316621374084354,0.0,0.8683378625915644,Delta
26,78016.98,275,8,75811.6,9476.45,0.3015980404054261,0.050594368144189,0.2766180901075825,0.1221983179355138,0.0,0.0453292108331706,0.0,0.0,0.2036619725741179,Ogun
31,10598.0,60,3,7270.65,2423.55,0.0204672209499838,0.0,0.0,0.0,0.0,0.0,0.0,0.0,0.979532779050016,Cross River
32,4016.33,90,8,84497.11,10562.13875,0.1123489312238016,0.1902924253859096,0.0,0.0,0.0,0.0,0.1029978421747205,0.4924892697513559,0.1018715314642122,Delta
30,33358.13,91,5,10799.16,2159.832,0.0,0.0,0.0,0.4428594446234706,0.2652576681890073,0.2214329633045533,0.0,0.0704499238829686,0.0,Plateau
23,25641.07,118,7,49259.18,7037.0257142857145,0.0404917418438553,0.0,0.0354390795786694,0.8306486222466555,0.0,0.0934205563308199,0.0,0.0,0.0,Plateau
37,36236.485,138,4,78708.47,19677.1175,0.0,0.0,0.0,0.5541847021038523,0.0,0.0,0.1649099518768437,0.0585422382114656,0.2223631078078382,Unknown
56,44828.34,168,3,9237.45,3079.15,0.0,0.0,0.0,0.5483125754401919,0.0,0.0,0.1332326561984097,0.3184547683613984,0.0,Edo
37,47450.19,86,5,60836.65,12167.33,0.0,0.0901139362538864,0.0,0.7700695222370069,0.0,0.0,0.1285419233307554,0.0,0.0112746181783513,Lagos
43,14081.02,247,6,49485.05,8247.508333333333,0.0,0.0,0.0395258770072981,0.1704821961380255,0.0,0.0,0.0,0.103949980852803,0.6860419460018733,Kano
18,26513.13,18,6,24984.21,4164.035,0.0499699610273849,0.0135377504431799,0.8663832076339417,0.0,0.0,0.0,0.0,0.0,0.0701090808954935,Kano
53,14757.91,39,3,42015.380000000005,14005.126666666669,0.0,0.0,0.0,0.0,0.0,0.0,0.0,0.8969686814685479,0.103031318531452,Edo
63,37751.86,11,11,148407.55000000002,13491.595454545455,0.0,0.1266777195634588,0.0098286778536536,0.0054346965501418,0.0,0.1832693148023803,0.0713024371064679,0.0856827701825143,0.5178043839413831,Cross River
51,60934.87,69,5,22586.32,4517.264,0.0,0.0,0.0,0.0,0.1965353364337351,0.3826599463746196,0.0,0.0,0.4208047171916452,Abuja FCT
41,15327.74,158,8,45148.4,5643.55,0.0,0.0,0.161108477819812,0.0091586855791124,0.0,0.4563785206120261,0.0718142835626511,0.3015400324263982,0.0,Ogun
21,6952.4,53,7,97299.63,13899.94714285714,0.0,0.0051689816292209,0.2511819418018342,0.0,0.0,0.0,0.47687478359373,0.2641276230957918,0.0026466698794229,Cross River
39,4079.27,317,5,16103.3,3220.66,0.0,0.511148646550707,0.0,0.0,0.0,0.2101258748206889,0.1771792117143691,0.0,0.1015462669142349,Abuja FCT
37,19065.35,116,5,129396.01,25879.202,0.0,0.4019463969561349,0.2821177407247719,0.0,0.0,0.0114725330402382,0.0,0.0122695437054048,0.29219378557345,Unknown
30,26347.72,74,8,107965.24,13495.655,0.7159230137403483,0.0,0.0446442762503931,0.0,0.0,0.0851275836556284,0.1543051263536301,0.0,0.0,Abuja FCT
38,35953.05,162,6,34097.43,5682.905,0.0,0.0,0.1013589587250417,0.5990477874725455,0.0,0.1502664570320989,0.0,0.0,0.1493267967703137,Imo
24,4192.75,93,13,79815.03,6139.617692307692,0.2933814596072944,0.1742364815248456,0.0749262388299547,0.0530261029783488,0.0,0.13169737579501,0.2489405817425614,0.0,0.0237917595219847,Oyo
31,37717.71,95,6,46675.02,7779.169999999999,0.1450653904379687,0.1089008638882211,0.0,0.6889852430700619,0.0,0.0570485026037482,0.0,0.0,0.0,Anambra
49,139558.83,149,7,116591.16,16655.88,0.2947252604742932,0.6155918681999561,0.0,0.0,0.0,0.0,0.0,0.018679889624565,0.0710029817011855,Anambra
20,82526.85,43,8,321171.73999999993,40146.46749999999,0.0,0.1003117522108265,0.0,0.8386161559544436,0.0,0.0,0.000902694614414,0.0,0.0601693972203158,Kano
47,1114817.44,58,10,83433.13,8343.313,0.0,0.0122955952869082,0.2434669537149091,0.3622525008950281,0.0,0.0881133190136819,0.0573165599804298,0.0406181573195204,0.1959369137895222,Lagos
30,78076.96,223,3,28125.15,9375.05,0.0,0.0,0.0261058163245351,0.0,0.0,0.0,0.367088886637049,0.6068052970384158,0.0,Enugu
37,36236.485,79,3,13447.57,4482.5233333333335,0.0,0.0,0.0,0.0,0.0,0.3916781991095789,0.2557911949891319,0.3525306059012892,0.0,Unknown
28,193319.77,28,8,79720.77,9965.09625,0.0,0.0,0.0,0.4078150524637431,0.3007247672093483,0.2914601803269085,0.0,0.0,0.0,Kaduna
20,16252.09,150,5,34500.53,6900.106,0.086170850128969,0.1151585207531594,0.0,0.0,0.0,0.0,0.0,0.0903844085873463,0.7082862205305253,Cross River
36,64298.7,39,8,100957.7,12619.7125,0.8388609288840773,0.0692155229368339,0.0,0.0182014843840539,0.0,0.0,0.0737220637950349,0.0,0.0,Oyo
18,23583.01,64,7,88004.44,12572.062857142855,0.6038676003165295,0.0,0.0,0.0,0.0,0.2650026521389148,0.0,0.1311297475445557,0.0,Kaduna
18,36524.03,151,10,261196.58,26119.658,0.0,0.0,0.62295991777534,0.0,0.0,0.0079829529161522,0.0926861293513108,0.1991802496035744,0.0771907503536225,Kwara
28,31079.93,173,4,13551.85,3387.9625,0.0,0.0,0.0,0.0708781457882134,0.0718115976785457,0.5385810793360316,0.0,0.0,0.3187291771972091,Delta
52,15442.7,269,2,27335.76,13667.88,0.6212561860361665,0.0,0.0,0.0,0.3787438139638335,0.0,0.0,0.0,0.0,Imo
41,27652.53,111,8,550604.6241500111,68825.57801875139,0.0,0.0,0.0030974676295768,0.0055452494695506,0.0,0.0132438589873035,0.0,0.853907656289344,0.1242057676242249,Kano
22,269035.41,31,1,25509.15,25509.15,0.0,0.0,0.0,1.0,0.0,0.0,0.0,0.0,0.0,Imo
51,114921.44,185,11,161207.84,14655.25818181818,0.5315074006326242,0.0066473193859554,0.0,0.1448964889052542,0.0,0.2610182606503505,0.0205069430866389,0.0354235873391765,0.0,Anambra
31,46875.71,303,6,60098.58999999999,10016.431666666664,0.1371379927549049,0.0,0.0983202767319499,0.0,0.0,0.1647491230659488,0.0,0.5997926074471963,0.0,Kwara
42,39949.34,135,7,155134.07,22162.01,0.1026013176860505,0.0158881282493265,0.0,0.8074922549250464,0.0,0.0,0.0606896344561836,0.0,0.0133286646833928,Oyo
42,42059.87,12,11,138701.925,12609.265909090907,0.0977132797544086,0.0365167606722112,0.0990894682968531,0.0403522878287377,0.0,0.5336125652185433,0.0,0.0719294991760208,0.1207861390532251,Cross River
39,243083.99,316,3,19631.31,6543.77,0.0,0.6656621488835947,0.0,0.0,0.0,0.0,0.0,0.0749736008447729,0.2593642502716324,Delta
35,176660.68,52,6,19418.25,3236.375,0.4778087623756002,0.1045506160441852,0.0,0.0,0.0,0.0470351344740128,0.0,0.0256773911140293,0.3449280959921723,Ogun
70,21324.61,48,10,92666.69,9266.669,0.0,0.0848012376399761,0.2857235971199575,0.0810412026155245,0.0,0.1044161607585206,0.1876023628339374,0.2102330405888027,0.0461823984432809,Lagos
35,70922.34,2,9,42485.92,4720.6577777777775,0.0474204159872258,0.4881883221547279,0.1554613857955765,0.0,0.0,0.0350313703928266,0.0230834121045278,0.1158131917585873,0.1350019018065279,Kaduna
26,41735.41,7,7,256866.27,36695.18142857143,0.0,0.0,0.0030083747469062,0.9219162951990544,0.0,0.0,0.0339066316492235,0.0252018297303106,0.0159668686745052,Plateau
20,253973.76,11,5,47255.52,9451.104,0.0,0.0449009978093564,0.0,0.0,0.0,0.0,0.0,0.1865674105374356,0.7685315916532078,Cross River
25,64218.13,61,5,534486.1441500111,106897.22883000222,0.0,0.0,0.0,0.0051503860860186,0.0829829369487857,0.0,0.0,0.9108307848170828,0.0010358921481126,Delta
25,61062.12,3,11,122390.05,11126.36818181818,0.6162103046775451,0.0,0.0,0.0243349030415462,0.0,0.1163390324621976,0.154493032726108,0.0,0.0886227270926027,Cross River
52,25164.59,53,3,103786.43,34595.47666666666,0.0,0.0392080159226981,0.910339627251848,0.0,0.0,0.0,0.0504523568254539,0.0,0.0,Ogun
44,44246.87,5,3,16282.68,5427.56,0.0,0.1560768866058904,0.430614616267101,0.0,0.0,0.0,0.4133084971270086,0.0,0.0,Anambra
22,97058.33,14,9,226895.37,25210.596666666665,0.0,0.052491198916928,0.0016335723377696,0.1844428557532927,0.0,0.0,0.041876262173177,0.5238547617785236,0.1957013490403087,Lagos
34,24257.79,58,3,25012.06,8337.353333333333,0.4856029451392649,0.168818162118594,0.3455788927421412,0.0,0.0,0.0,0.0,0.0,0.0,Kano
43,135533.16,157,9,89942.29,9993.587777777777,0.4448942760963724,0.0220516955928073,0.3164733742047262,0.0,0.0532355802815338,0.0,0.0323922150525631,0.0831761121492459,0.047776746622751,Kano
31,37633.42,39,7,57285.57,8183.652857142857,0.0557061752200423,0.0,0.0,0.1148315361093552,0.0,0.121269806689538,0.0172216144484553,0.6778440015522232,0.0131268659803856,Plateau
18,85896.02,354,4,32653.63,8163.407499999999,0.0,0.0,0.7716860269440182,0.0,0.0,0.2045114126668306,0.0238025603891512,0.0,0.0,Imo
18,60378.59,157,8,78856.04000000001,9857.005,0.0,0.0,0.1786143458383149,0.0899804250885537,0.0,0.5136745390714521,0.217730690001679,0.0,0.0,Cross River
18,20366.96,7,7,87117.5,12445.357142857143,0.0,0.0,0.6770425000717422,0.2671248601027348,0.0,0.0086953826728269,0.0,0.047137257152696,0.0,Lagos
29,12381.02,18,5,11395.45,2279.09,0.1473588142635876,0.1550662764524437,0.4696813201760351,0.0,0.0,0.0,0.0,0.2278935891079334,0.0,Rivers
56,78252.31,43,7,59675.79,8525.112857142858,0.0364729147280664,0.0,0.1909826413693057,0.0385570094673233,0.0,0.0,0.0947478030873156,0.0,0.6392396313479889,Cross River
46,71019.62,19,7,31759.77,4537.11,0.0,0.0614037822062313,0.0,0.0,0.0,0.3432452439044741,0.370273462307819,0.1008968263938939,0.1241806851875816,Ogun
18,109955.34,99,5,69692.88,13938.576,0.0166341238875477,0.3153708097584717,0.1106725679868589,0.5258649090122262,0.0,0.0,0.0314575893548953,0.0,0.0,Oyo
52,37567.25,16,7,116830.49,16690.07,0.1095860335773649,0.0,0.2132234487760858,0.0,0.0,0.0,0.6771905176465494,0.0,0.0,Lagos
37,17575.77,57,8,369274.19,46159.27375,0.0141905395554452,0.8399561583223566,0.0,0.0988937515508462,0.0,0.0197403723233405,0.0,0.0272191782480113,0.0,Plateau
49,12546.88,37,9,96468.19,10718.687777777775,0.0,0.1359827524492788,0.2811838804065878,0.0166267243119208,0.0,0.0076285250091247,0.5440817330562541,0.0144963847668335,0.0,Kano
36,45525.83,311,8,92143.27,11517.90875,0.0,0.4199934515022095,0.1727971017308155,0.0,0.0,0.0,0.041568961032097,0.0,0.3656404857348778,Edo
25,12129.25,30,9,111066.59,12340.73222222222,0.2171551318897969,0.3487861651285053,0.1047772331895667,0.1654077072142036,0.1377533063723303,0.0,0.0,0.026120456205597,0.0,Delta
39,26136.6,122,4,16177.27,4044.3175,0.5912357276598585,0.0,0.0,0.0,0.0,0.2972120759559554,0.0767280264222579,0.034824169961928,0.0,Plateau
41,44050.41,34,7,78713.99,11244.855714285715,0.0,0.1346578924534253,0.0727611444928658,0.1635286179750258,0.0727611444928658,0.539866674272261,0.0,0.0,0.0164245263135562,Plateau
36,13676.76,118,10,50564.86,5056.486,0.0233326068736272,0.0,0.0,0.0151257216968463,0.0,0.3193300643964999,0.197978793968776,0.3960635904064601,0.0481692226577904,Kwara
28,13141.51,19,7,93675.92,13382.274285714288,0.101243841533662,0.0208099370681387,0.0,0.0110539613595468,0.0,0.5499082368232946,0.1902213503747814,0.0151377216257924,0.1116249512147838,Plateau
32,68864.47,156,7,115911.05,16558.72142857143,0.41010024497233,0.0,0.3220566977867942,0.0,0.0,0.0928055608158152,0.0212961577002365,0.0,0.1537413387248238,Enugu
32,148615.54,204,6,53542.21,8923.701666666666,0.1245206352147212,0.0,0.0900229930740624,0.2032036032879479,0.2005245954546889,0.3422184104839901,0.0,0.0395097624845892,0.0,Delta
29,70220.51,41,7,85170.33,12167.19,0.0,0.0087617366282366,0.0,0.0,0.0,0.0821127498273166,0.0,0.6283665919810338,0.280758921563413,Rivers
26,40537.67,10,3,32671.730000000003,10890.576666666668,0.0,0.391473301230146,0.0,0.0,0.0,0.0727472955977537,0.0,0.5357794031721002,0.0,Plateau
38,17024.97,315,2,14074.04,7037.02,0.0,0.0,0.0,0.4456446052448337,0.0,0.0,0.0,0.5543553947551663,0.0,Anambra
53,43090.71,20,7,111772.09,15967.441428571428,0.0,0.0128591135765645,0.3370908605180416,0.0742440263933509,0.0,0.0,0.0,0.4805531506121072,0.0952528488999355,Kwara
44,161412.32,116,8,44547.22,5568.4025,0.0730261057816851,0.0,0.1930255131521114,0.2080277961228556,0.0,0.3828290519587979,0.0,0.0,0.1430915329845498,Abuja FCT
18,44887.59,97,7,40175.66,5739.38,0.0197208956865923,0.079916297579181,0.0,0.0,0.0,0.0,0.1907844202186099,0.5211633113183456,0.1884150751972712,Ogun
42,184036.95,17,6,29320.46,4886.743333333333,0.0885828530657431,0.1638135963760459,0.0,0.2942348107771843,0.0,0.0,0.3109016707104868,0.1424670690705398,0.0,Imo
24,61742.0,37,4,52976.43,13244.1075,0.0,0.0,0.0,0.5302652519242991,0.0,0.0,0.1596017323175608,0.31013301575814,0.0,Imo
18,11757.65,187,5,19023.85,3804.77,0.2090044864735582,0.0,0.0,0.0,0.2443364513492274,0.0,0.2296254438507452,0.0,0.3170336183264691,Imo
47,69526.57,4,4,5688.73,1422.1825,0.2746781794882162,0.0,0.4109599154820145,0.1412951572670877,0.0,0.0,0.0,0.1730667477626816,0.0,Anambra
45,12795.1,73,6,251416.25,41902.708333333336,0.9183318898440336,0.0061217204536301,0.0,0.0,0.0,0.0,0.0068610123649525,0.0228855931150035,0.0457997842223802,Enugu
31,8024.77,122,5,111497.64,22299.528,0.1844888376112714,0.7348808459084875,0.0446624699859118,0.0171716639024826,0.0,0.0,0.0,0.0187961825918467,0.0,Abuja FCT
27,11751.13,528,1,2176.62,2176.62,0.0,0.0,0.0,1.0,0.0,0.0,0.0,0.0,0.0,Kwara
31,13122.3,14,7,143213.01,20459.00142857143,0.0177809962935629,0.0,0.0,0.7813003860473291,0.054908558936091,0.0,0.0,0.0,0.1460100587230168,Anambra
47,79877.4,25,15,333232.93,22215.528666666665,0.0334183659460066,0.0026524389411334,0.1049579343794144,0.0,0.0,0.2311867257536642,0.266113436028066,0.3356017966171591,0.0260693023345561,Abuja FCT
40,11619.52,68,7,79799.62000000001,11399.945714285715,0.0987919491345948,0.0,0.0,0.4919569792437608,0.0,0.1855448685093989,0.06306057597768,0.0342234712395873,0.1264221558949779,Rivers
18,132984.44,55,2,81322.65,40661.325,0.0,0.0,1.0,0.0,0.0,0.0,0.0,0.0,0.0,Ogun
57,7706.83,356,2,5527.51,2763.755,0.0,0.0,0.2827041470752653,0.0,0.0,0.0,0.0,0.0,0.7172958529247346,Lagos
41,27427.3,38,8,44169.84,5521.2300000000005,0.0705347811991168,0.0542322544070795,0.0453239133309063,0.52968428230666,0.0,0.0663581756239099,0.0,0.2338665931323274,0.0,Kwara
37,20906.36,282,4,23453.870000000003,5863.467500000001,0.6438762558162043,0.0,0.0,0.0,0.0,0.277775053754455,0.0783486904293406,0.0,0.0,Lagos
37,12406.3,87,6,63427.26,10571.21,0.0,0.0,0.0627235040580343,0.0443757147951842,0.0,0.2654533713106951,0.5759421106949913,0.0,0.0515052991410948,Lagos
31,26546.07,455,2,4495.1,2247.55,0.0,0.0,0.574347622967231,0.0,0.0,0.0,0.0,0.0,0.425652377032769,Anambra
58,107365.55,224,10,160245.25,16024.525,0.0,0.00144952814514,0.0,0.0510624183868164,0.0752034147658042,0.0,0.8070092561245964,0.0,0.0652753825776426,Cross River
21,236278.42,33,4,34006.149999999994,8501.537499999999,0.0,0.0,0.200915422651491,0.0,0.0,0.4424926079547376,0.1337378680032876,0.0,0.2228541013904838,Ogun
28,68887.45,32,6,150977.94999999998,25162.991666666665,0.6582929494008893,0.1046791269850994,0.1546068813359831,0.0,0.0,0.0278944706826394,0.0222566937754817,0.0,0.0322698778199068,Imo
23,89516.12,388,4,15325.44,3831.36,0.4663918295331161,0.2539150588824856,0.0,0.0,0.0,0.084086329658398,0.1956067819260001,0.0,0.0,Delta
44,20289.91,1,9,182948.04,20327.56,0.0,0.0558708363314523,0.056093249208901,0.0,0.0,0.6488470715510262,0.0,0.0,0.2391888429086203,Anambra
19,106474.36,331,4,118337.35,29584.3375,0.7425484008218877,0.0,0.0344695905392507,0.0,0.0,0.0,0.0,0.0,0.2229820086388616,Kwara
31,3167.28,79,8,79533.53,9941.69125,0.0127143859954411,0.0503553658438145,0.0,0.1608896273056156,0.0,0.671414056436323,0.016492666677815,0.0,0.0881338977409905,Plateau
31,29257.37,35,5,102904.68,20580.936,0.0,0.1555489021490567,0.1872152947757089,0.624502209228968,0.0,0.0,0.0327335938462662,0.0,0.0,Anambra
39,34832.9,41,6,80369.03,13394.838333333331,0.3844554301576117,0.0,0.0041270872623447,0.0,0.0,0.0,0.0537116100567594,0.5577058725232842,0.0,Abuja FCT
45,32267.33,190,4,12858.91,3214.7275,0.0,0.8474155274436169,0.0,0.0,0.0,0.0,0.0,0.0,0.152584472556383,Oyo
46,88599.24,206,7,71008.0,10144.0,0.0,0.0096913023884632,0.1400299966200991,0.2084749605678233,0.0,0.5324966200991437,0.0804146011716989,0.0,0.0288925191527715,Edo
38,545559.05,288,6,45228.99,7538.165,0.0,0.3658239991651372,0.0,0.024337045775287,0.0,0.0,0.2885439184027766,0.0680475066986903,0.2532475299581087,Abuja FCT
34,53490.59,14,5,29873.19,5974.638,0.318694789542061,0.0,0.0,0.0,0.0,0.1634137499209157,0.0,0.2875585098210134,0.2303329507160099,Cross River
65,31146.32,33,4,5885.91,1471.4775,0.0,0.304741322922029,0.0,0.078822136254207,0.0,0.0,0.0,0.3100913877378349,0.3063451530859289,Plateau
33,28622.24,24,8,663080.4241500112,82885.0530187514,0.0,0.0016845166277255,0.1002094430478428,0.7266024400699433,0.0,0.0059845380069646,0.0076709246944217,0.0,0.1578481375531017,Anambra
36,14001.33,112,11,232560.73,21141.884545454548,0.0,0.0014919113815991,0.0512638139723761,0.0,0.0,0.0617320903662454,0.0,0.8685969036990897,0.0169152805806896,Kaduna
43,15261.92,200,4,90568.95,22642.2375,0.0,0.0,0.0444284713469682,0.005151323936073,0.0,0.8856889695640725,0.0,0.0,0.0647312351528862,Abuja FCT
48,18127.46,239,5,41181.66,8236.332,0.0,0.035519209279082,0.0,0.1601938824224181,0.3723876113784631,0.0,0.0,0.4318992969200367,0.0,Plateau
37,254709.94,34,7,89832.58,12833.225714285714,0.0,0.0285625771852483,0.0,0.0902069160208913,0.0,0.0,0.8812305067938604,0.0,0.0,Ogun
41,1915.96,190,5,23543.24,4708.647999999999,0.4405587336322444,0.0,0.0,0.0,0.0,0.176733108951869,0.0,0.0,0.3827081574158866,Kaduna
22,115772.73,52,6,107891.65,17981.94166666667,0.0,0.0119022185683507,0.0,0.8680973921522195,0.0,0.0,0.0,0.0787099835807497,0.0412904056986801,Edo
49,56266.41,402,2,10388.26,5194.13,0.0,0.0,0.0,0.0,0.2606211242306219,0.0,0.0,0.0,0.7393788757693781,Edo
34,16961.96,130,2,7565.34,3782.67,0.351793838743533,0.0,0.0,0.6482061612564669,0.0,0.0,0.0,0.0,0.0,Kaduna
36,14525.17,89,5,40892.67,8178.534,0.3333631675310025,0.4072456017178629,0.0,0.0,0.0,0.0,0.1912068837764812,0.0681843469746534,0.0,Enugu
45,39482.23,30,9,580402.1441500111,64489.127127779015,0.0929945048343063,0.810068516956567,0.0404787443271879,0.0,0.0,0.0070682543842217,0.0484000279515498,0.000989951546167,0.0,Delta
53,6798.75,96,6,49091.7,8181.95,0.0,0.0,0.0,0.164528015937521,0.5213256008653194,0.0,0.0471515551508707,0.0493217794454052,0.2176730486008836,Rivers
23,72040.4,136,7,93919.03,13417.004285714283,0.5948144907373937,0.044960323802322,0.0398728564381467,0.3169897517042073,0.0,0.0,0.0,0.0,0.0033625773179301,Anambra
63,15489.59,324,6,27880.88,4646.8133333333335,0.6351176863857956,0.0,0.1737129531062147,0.1176049679924019,0.0,0.0,0.0,0.0,0.0735643925155877,Kano
30,33348.11,243,6,52403.26,8733.876666666665,0.0117996475791773,0.0,0.0,0.0,0.0,0.337672121925239,0.2381359480307141,0.0,0.4123922824648695,Cross River
41,208955.23,315,3,108085.05,36028.35,0.0,0.0,0.9259262960048592,0.0,0.0,0.0,0.0,0.0740737039951408,0.0,Kano
35,126392.46,147,8,565998.8041500112,70749.8505187514,0.0,0.010692602096728,0.0,0.0,0.0302361769574768,0.0410765178822499,0.023210685082151,0.0561662317427342,0.8386177862386599,Edo
33,85615.93,237,3,20770.58,6923.526666666666,0.0,0.0,0.0,0.8405191381271009,0.0,0.0515382815501541,0.1079425803227449,0.0,0.0,Imo
53,54535.46,5,5,17716.59,3543.318,0.0,0.0732697432180797,0.2068287407452562,0.3531497878542089,0.0,0.0,0.0,0.2658508211794708,0.1009009070029842,Imo
53,75657.33,97,3,13867.47,4622.49,0.0,0.2692380080865508,0.1275647252166401,0.0,0.0,0.0,0.6031972666968092,0.0,0.0,Abuja FCT
41,4253.43,14,5,29471.05,5894.21,0.262984861414846,0.0,0.0,0.2575490184435233,0.0,0.0,0.4794661201416305,0.0,0.0,Enugu
26,10523.23,69,10,631296.9641500111,63129.696415001104,0.0057756019861574,0.0,0.0042829605614221,0.0171390179494494,0.0,0.0,0.9446865231689878,0.0,0.0281158963339831,Edo
45,63617.98,144,8,66711.62,8338.9525,0.0,0.0,0.0265298609147851,0.2842360896047795,0.0,0.0,0.3609056413260538,0.1969502464488196,0.1313781617055619,Oyo
48,3189.92,80,7,160071.80000000002,22867.4,0.5946448406277683,0.0179072141376557,0.0,0.14220462317535,0.0,0.0,0.1879559672596922,0.0287724633570685,0.0285148914424651,Cross River
30,71556.12,279,6,62557.35,10426.225,0.0,0.0639450040642706,0.3013380522032983,0.0,0.0,0.6262752498307553,0.0084416939016758,0.0,0.0,Rivers
54,10744.27,145,10,156534.04,15653.404,0.0,0.0159822745263586,0.0168631691867149,0.0599856107974981,0.0,0.0495144698239437,0.836467774038158,0.0211867016273265,0.0,Ogun
37,42330.01,52,5,48236.98,9647.396,0.0277334940951941,0.9459279996384518,0.0,0.0,0.0,0.0196293383209313,0.0,0.0067091679454227,0.0,Kwara
51,64202.3,49,6,31718.78,5286.463333333333,0.2388203455492298,0.0,0.0,0.0956398701337188,0.0,0.6655397843170513,0.0,0.0,0.0,Cross River
22,162708.28,249,8,28423.005,3552.875625,0.0180543893933804,0.2560976575136935,0.3368113258960479,0.0539577008131265,0.0,0.0,0.3350789263837515,0.0,0.0,Plateau
41,84791.6,112,5,42786.0,8557.2,0.0,0.0,0.0023372131070911,0.0,0.2832805123171131,0.1320497358949189,0.0,0.0,0.582332538680877,Plateau
27,57920.89,55,7,108097.94,15442.562857142855,0.0662241112087797,0.0,0.2984951424606241,0.0,0.0,0.0356540559422316,0.5916149743464122,0.0080117160419523,0.0,Cross River
44,61034.98,110,7,57935.15,8276.45,0.3088498087948335,0.0431604992823873,0.1085971124610879,0.0,0.0,0.0045502600752738,0.0402398198675588,0.0502480791022375,0.444354420416621,Rivers
24,70828.58,56,6,22474.09,3745.681666666667,0.0,0.1190944772402353,0.0647541235262473,0.39670393773452,0.0,0.0,0.0,0.4194474614989973,0.0,Oyo
37,48809.75,241,6,156519.64,26086.60666666667,0.5082675886553278,0.0,0.061964236564817,0.2846256865911524,0.0080759194181637,0.0,0.0,0.0,0.1370665687705389,Kaduna
18,56063.1,9,5,34971.36,6994.272,0.4599163429732215,0.1443701360198745,0.0,0.2612958146323162,0.0,0.0,0.0,0.1344177063745876,0.0,Oyo
44,28226.34,95,2,5452.42,2726.21,0.0,0.0,0.0,0.0965296143730673,0.0,0.0,0.0,0.9034703856269328,0.0,Kaduna
18,12631.5,123,5,73846.01000000001,14769.202,0.0,0.4724610036479967,0.0277393457006004,0.1129099595225253,0.0,0.1588924032591605,0.0,0.0,0.2279972878697169,Edo
55,17693.51,78,7,523874.52415001113,74839.21773571588,0.8974773203809764,0.0149022898425281,0.0620488848025982,0.020491395372618,0.0,0.0,0.0,0.0,0.0050801096012791,Kano
18,63169.53,72,4,12047.06,3011.7650000000003,0.0,0.4723600612929628,0.0,0.0,0.0,0.2420167244124292,0.0,0.2545019282712961,0.0311212860233119,Lagos
18,28491.97,326,3,5162.51,1720.8366666666668,0.0,0.0,0.1800190217549215,0.0,0.0,0.4981956451416074,0.0,0.0,0.3217853331034709,Lagos
29,21251.06,291,6,35967.81,5994.634999999999,0.0,0.1673877280824159,0.3659030116095475,0.0,0.0,0.0,0.0,0.1276941798791753,0.3390150804288612,Abuja FCT
53,48043.54,129,3,34650.270000000004,11550.090000000002,0.0,0.2105198603070048,0.4254180414755787,0.0,0.0,0.0,0.0,0.0,0.3640620982174165,Abuja FCT
47,23594.91,127,3,103219.9,34406.63333333333,0.0,0.0,0.0,0.0,0.0,0.0,0.0,0.6630768873056455,0.3369231126943545,Plateau
40,62787.88,80,10,216446.16,21644.616,0.0468582579612408,0.0130693471300206,0.0910860234249478,0.0,0.2655259395685282,0.0,0.0,0.0116739885798851,0.5717864433353773,Ogun
41,128399.27,89,5,28071.230000000003,5614.246000000001,0.0533763572169797,0.1107984936890902,0.0384653611544631,0.0,0.0,0.112487055251943,0.0,0.0,0.6848727326875238,Anambra
33,14427.18,411,3,18300.17,6100.056666666667,0.0,0.0,0.0,0.0,0.0,0.1486685642810968,0.0,0.0,0.8513314357189032,Imo
34,10751.73,69,10,131188.36,13118.836,0.0405968181933214,0.7430719463220671,0.1146729786087729,0.0,0.0,0.0,0.0547628615831465,0.0468953952926921,0.0,Imo
48,43207.6,72,11,92267.5,8387.954545454546,0.1213848863359254,0.0077948356680304,0.101994635164061,0.3531630314032568,0.0,0.3719226163058498,0.0,0.0437399951228764,0.0,Abuja FCT
35,15814.47,45,6,481586.1041500111,80264.35069166851,0.0,0.0024121750814432,0.001028663401479,0.9817785440144956,0.0,0.0015990079310098,0.0,0.0,0.0131816095715722,Oyo
29,16690.96,68,9,134565.46,14951.717777777776,0.0,0.0507116016249637,0.035687538243469,0.0117941112080321,0.0,0.4084788919831285,0.0,0.3889137673218669,0.1044140896185395,Kaduna
23,48317.8,18,1,2745.05,2745.05,0.0,0.0,0.0,0.0,0.0,0.0,1.0,0.0,0.0,Kwara
44,7453.44,126,6,40765.04,6794.173333333333,0.0,0.0895149373090275,0.0,0.7768843106740482,0.0,0.0513506180786281,0.0,0.0,0.0822501339382961,Kano
23,7153.68,26,2,102485.41,51242.705,0.0057943857569579,0.0,0.0,0.0,0.0,0.0,0.994205614243042,0.0,0.0,Abuja FCT
42,159053.2,209,5,22555.22,4511.044,0.0,0.0,0.0,0.1711475215049997,0.0,0.282245528972894,0.0114017952385301,0.5352051542835761,0.0,Oyo
29,46766.24,5,11,170815.07,15528.642727272729,0.0,0.1913525545491975,0.0376428145362115,0.4787389660642939,0.0,0.1757616585000375,0.0,0.1165040063502593,0.0,Oyo
20,26439.48,36,13,105135.13,8087.317692307692,0.0750795666491304,0.0751864766800592,0.0062330260113817,0.0383799401779405,0.0,0.0309994385321062,0.0,0.7703006597319088,0.0038208922174728,Abuja FCT
29,7696.23,99,6,198198.35,33033.058333333334,0.0,0.0,0.276403259663867,0.4640050737052049,0.0,0.0284206705050773,0.0,0.0,0.2311709961258506,Abuja FCT
49,39647.44,32,7,49269.28,7038.468571428572,0.0,0.1927702211195292,0.0,0.0,0.0,0.1190031597782634,0.4364756294388714,0.0965626045276082,0.1551883851357275,Lagos
36,37076.35,57,7,21070.29,3010.0414285714287,0.0637010691357356,0.0,0.2848090842603495,0.3124484760295183,0.0903029811170135,0.2014742084707899,0.0,0.0,0.0472641809865929,Kano
48,57988.69,27,9,35536.575,3948.508333333333,0.2806497249664606,0.5051824774897412,0.0673109324688718,0.0442195118691095,0.0,0.0,0.0,0.1026373532058168,0.0,Imo
68,4656.45,23,6,84255.26000000001,14042.543333333337,0.0,0.0,0.0783916636183901,0.3325235718221034,0.0,0.0,0.0,0.3007599762910944,0.2883247882684119,Kano
44,17852.0,67,7,73774.44,10539.205714285714,0.6252950208771493,0.0,0.0,0.1139993743090425,0.0,0.0892840392959946,0.0,0.0041723122534037,0.1672492532644097,Ogun
52,30656.58,109,6,79641.29000000001,13273.548333333334,0.9109288661697972,0.042260867447024,0.0121509834911011,0.0,0.0346592828920777,0.0,0.0,0.0,0.0,Oyo
40,152948.57,65,3,11778.13,3926.0433333333335,0.0,0.0,1.0,0.0,0.0,0.0,0.0,0.0,0.0,Plateau
30,30892.6,81,5,50120.47,10024.094,0.0310900915334592,0.0,0.0,0.0093490743402845,0.0,0.0,0.0239127845369367,0.0,0.9356480495893196,Ogun
41,20791.31,210,4,31325.83,7831.4575,0.0496309275763802,0.0,0.0,0.8467146760357187,0.0823716402725801,0.0,0.0212827561153208,0.0,0.0,Ogun
19,102798.14,60,4,37010.21,9252.5525,0.0,0.0979683714304782,0.0607459401067975,0.0,0.0,0.5264358132526132,0.0,0.0,0.3148498752101109,Rivers
35,56639.16,30,9,153253.95,17028.216666666667,0.2854100008515278,0.0,0.0022289800687029,0.3186984740034433,0.0,0.0,0.0,0.280719028775441,0.1129435163008849,Oyo
51,48954.42,244,5,19371.9,3874.38,0.0,0.0,0.4442326256071938,0.0,0.0,0.0,0.3049876367315544,0.0,0.2507797376612516,Plateau
18,40226.34,55,7,21099.23,3014.175714285714,0.0770118151231111,0.4490945878119722,0.0,0.0,0.0,0.0,0.1387647795677851,0.3351288174971313,0.0,Cross River
22,88435.09,41,10,73904.3,7390.43,0.0547513473505601,0.003896525641945,0.2483624092238205,0.0573944953135338,0.0,0.0,0.2598732414758004,0.3646908231320775,0.0110311578622624,Enugu
23,25020.83,198,5,14503.6,2900.7200000000003,0.0,0.0,0.3347789514327477,0.0,0.0,0.0,0.0653479136214457,0.352659339750131,0.2472137951956755,Cross River
18,30810.13,46,6,124530.48,20755.08,0.0,0.0,0.2165501971886721,0.0,0.3678964378841228,0.024151757866829,0.3678964378841228,0.023505169176253,0.0,Anambra
52,88091.57,41,5,52978.35,10595.67,0.0,0.042770112696979,0.0,0.0,0.290822571861902,0.0,0.2870006332775558,0.379406682163563,0.0,Abuja FCT
32,23231.83,237,5,84279.95000000001,16855.99,0.0,0.0,0.0,0.1106630936539473,0.7089339753998429,0.1219536793745131,0.0,0.0584492515716964,0.0,Kaduna
37,86505.42,6,4,75910.61,18977.6525,0.0,0.0,0.0,0.0557143461236841,0.0,0.0,0.7289120717117147,0.2153735821646012,0.0,Unknown
40,24252.36,69,10,86585.59,8658.559,0.0,0.0,0.2242463208947354,0.2586970880489466,0.0,0.1098203523242146,0.0630589916867229,0.3219468736079525,0.0222303734374276,Kano
45,12516.73,9,8,528706.8241500111,66088.35301875138,0.0051083887641171,0.0120008286448743,0.0,0.9610582669646832,0.0,0.0028561764876549,0.0095179592358963,0.0043975411207106,0.0050608387820634,Kaduna
32,32190.58,353,3,13824.23,4608.076666666667,0.5968665162544315,0.1215445634223389,0.0,0.2815889203232296,0.0,0.0,0.0,0.0,0.0,Anambra
29,25950.62,135,8,141912.41,17739.05125,0.0,0.0,0.0,0.0278221615713523,0.0,0.0065308594223718,0.6275654821167508,0.0399976295237322,0.2980838673657927,Imo
18,28986.18,4,3,71681.99,23893.99666666667,0.7116840645746582,0.2648432332863527,0.0,0.0,0.0,0.0,0.0234727021389891,0.0,0.0,Enugu
37,28647.73,115,9,90180.13,10020.014444444443,0.0444688868822877,0.0,0.0047443932493776,0.0,0.0,0.1451370717695793,0.1228486807459692,0.1193794020922347,0.5634215652605513,Oyo
39,44552.4,65,9,28843.48,3204.831111111111,0.0,0.0,0.121895485565542,0.3564940846250174,0.0,0.0722326154819044,0.0,0.420484629455253,0.028893184872283,Cross River
20,24844.35,151,7,118450.17,16921.452857142856,0.0,0.1117808442149133,0.2461906133186638,0.3601642783627917,0.0,0.1744280316355814,0.0,0.0415879521321075,0.0658482803359421,Imo
18,4592.06,183,8,35277.56,4409.695,0.0,0.2550405980458966,0.1371753035073854,0.607784098446718,0.0,0.0,0.0,0.0,0.0,Plateau
33,15129.66,2,5,41816.05,8363.210000000001,0.0,0.3611651507017042,0.0,0.0,0.0163033093752279,0.0,0.2945811476693757,0.327950392253692,0.0,Abuja FCT
30,31684.3,138,9,94865.87,10540.652222222225,0.287239130363744,0.0,0.0246930745483069,0.0,0.0,0.6115363723539351,0.0,0.0373058297994842,0.0392255929345295,Edo
20,97919.56,181,5,128785.19,25757.038,0.0,0.0,0.0,0.0,0.0,0.7605619869800246,0.0152772224818707,0.1914715504166279,0.0326892401214767,Edo
42,4543.19,25,9,33156.31,3684.034444444444,0.009355383635875,0.009355383635875,0.0,0.2420911735956142,0.0,0.0,0.2446737890917294,0.2849361102004415,0.2095881598404647,Ogun
28,112273.84,27,4,24342.67,6085.6675,0.5924444606939173,0.1294167813144573,0.0,0.0,0.0,0.0,0.0,0.2781387579916254,0.0,Kaduna
51,8728.48,38,7,26306.09,3758.012857142857,0.0,0.0,0.0667567852158948,0.0867145212382379,0.0,0.4591731420366918,0.0,0.1928515412210632,0.194504010288112,Oyo
34,8893.41,80,8,82872.29,10359.03625,0.0,0.163245881102115,0.0103741552212446,0.337737378802975,0.0,0.031971482868399,0.1813849961187267,0.1228462493313506,0.1524398565551887,Rivers
37,248227.15,27,6,27118.53,4519.755,0.0,0.2478202173937894,0.0,0.4383622563612407,0.0,0.0,0.0,0.0,0.3138175262449698,Oyo
37,36236.485,129,6,47053.76,7842.293333333334,0.6003951650197562,0.1804858952823324,0.0,0.0,0.0,0.0156680358806607,0.0,0.0,0.2034509038172507,Unknown
37,66685.24,53,10,68769.89,6876.989,0.5040457386219463,0.0,0.3252232917632993,0.0,0.0,0.0865522687327259,0.0,0.0682838085097998,0.0158948923722286,Cross River
37,46987.47,204,5,44310.37,8862.074,0.0,0.0,0.0,0.2253070782302202,0.0,0.0,0.0612077940220314,0.1357966543723286,0.5776884733754198,Abuja FCT
53,105917.07,90,9,994626.2983000224,110514.03314444692,0.0065689495755009,0.0246851204738545,0.0009200138801517,0.4727056834849433,0.0,0.0033144006001393,0.0021561464880482,0.0169440020124185,0.4727056834849433,Abuja FCT
29,11051.23,12,4,78503.86000000002,19625.965000000004,0.0,0.0,0.0,0.7509060064052901,0.0,0.0,0.2490939935947098,0.0,0.0,Lagos
50,62528.34,115,7,118672.92,16953.274285714284,0.0607384565914447,0.4068681380722746,0.0,0.2778575769434172,0.0,0.0692931462375746,0.0,0.0,0.1852426821552886,Kwara
26,68240.41,74,11,153885.53,13989.593636363636,0.3955974937994495,0.0,0.331655029553461,0.009270787188373,0.0,0.029546052835507,0.0367662898519438,0.1065990415083211,0.0905653052629444,Kwara
37,19974.92,166,7,45569.100000000006,6509.8714285714295,0.579200598651279,0.0736229155282856,0.0,0.0,0.0,0.2953042741682412,0.0,0.0,0.0518722116521941,Kano
29,45668.08,307,2,16659.67,8329.835,0.0,0.0,0.0,0.9893503292682267,0.0,0.0,0.0106496707317732,0.0,0.0,Abuja FCT
37,236449.49,64,6,98964.85,16494.141666666666,0.0,0.0,0.2971052853614187,0.2893406093173485,0.0,0.2932208758968461,0.1047001031174199,0.0,0.0156331263069665,Unknown
18,6357.88,181,5,57445.72,11489.144,0.1111743398811956,0.0,0.1957301605759315,0.0,0.0,0.4557744249702153,0.0567128412699849,0.0,0.1806082333026725,Abuja FCT
64,32629.03,7,9,48279.93,5364.4366666666665,0.1397673940289474,0.4269161119330537,0.0,0.1420905125587381,0.0,0.1092588576661151,0.1819671238131455,0.0,0.0,Lagos
41,24861.48,2,6,80648.89,13441.481666666668,0.2182683481446551,0.0,0.2982313829737768,0.0033981868814313,0.0,0.0,0.0,0.4801020820001366,0.0,Lagos
53,208416.11,13,7,49407.41,7058.201428571428,0.0,0.1529464912246968,0.0,0.1321459675785474,0.0,0.0,0.1607147591828837,0.455131527841674,0.099061254172198,Ogun
43,124586.34,110,8,72442.5,9055.3125,0.1159572074403837,0.0,0.0960502467474203,0.0403339200055216,0.0,0.0673871001138834,0.5928167857266107,0.0023545570624978,0.0851001829036822,Kwara
54,202331.42,56,6,41918.68,6986.446666666667,0.0027047607415118,0.0,0.234682485230928,0.0,0.0,0.0058451268026569,0.6964837633246085,0.0602838639002945,0.0,Ogun
40,116534.8,29,6,52660.19,8776.698333333334,0.0950224448487557,0.0,0.2172745673724306,0.0,0.0,0.0,0.237214108038729,0.4504888797400844,0.0,Abuja FCT
49,125148.26,351,3,19220.62,6406.873333333333,0.0,0.0,0.8540343651765656,0.1459656348234344,0.0,0.0,0.0,0.0,0.0,Cross River
47,71233.3,119,9,50509.885,5612.209444444445,0.0097713546566182,0.24763202291987,0.097744431609773,0.0,0.0,0.0947268044660961,0.303302412983122,0.0,0.2468229733645206,Cross River
33,23636.56,219,8,63456.48,7932.06,0.4253275630794522,0.0,0.1723634843911922,0.1408618946402322,0.0,0.0,0.0,0.0,0.2614470578891233,Oyo
31,39390.33,71,6,18924.54,3154.09,0.2979565157198008,0.0,0.124739623790063,0.0,0.0,0.241450518744445,0.0,0.0,0.335853341745691,Delta
54,68018.57,27,11,112354.76,10214.06909090909,0.0702809564988612,0.0,0.3741711521612436,0.1571427859398213,0.0,0.0,0.1199983872512388,0.2100500236928102,0.0683566944560248,Plateau
42,61287.26,4,8,47296.28,5912.035,0.6409474487211256,0.1469060568822748,0.0,0.0,0.0,0.0300850299431583,0.0,0.0440681592717228,0.1379933051817183,Edo
36,30285.11,178,8,229497.14,28687.1425,0.059335379952883,0.0027372890137105,0.0310811280698312,0.5861495703170855,0.0,0.0472881274250302,0.2229377237555117,0.0,0.0504707814659476,Imo
37,36236.485,78,4,50917.75,12729.4375,0.3259071738244521,0.0772223831571504,0.0,0.5968704430183973,0.0,0.0,0.0,0.0,0.0,Unknown
57,3819.29,12,12,104986.52,8748.876666666667,0.0752464221120959,0.0360046223077019,0.0337380456081409,0.0,0.0745206146465279,0.2773792292572417,0.1165880152994879,0.0510057862666559,0.3355172645021474,Ogun
38,30395.69,138,9,60737.11,6748.567777777778,0.0,0.0,0.0,0.1309229233988907,0.0,0.0734725442155545,0.0,0.0811052748476178,0.7144992575379369,Kaduna
44,42937.31,411,5,8101.56,1620.312,0.0,0.0,0.0,0.7197181777336711,0.0,0.0635396145927451,0.1709954626022642,0.0457467450713196,0.0,Plateau
38,77581.25,98,7,124332.77,17761.824285714283,0.0,0.0,0.0182169994282279,0.0,0.0,0.0876657055094968,0.0479605658266923,0.2075945866886099,0.638562142546973,Plateau
53,36668.28,18,5,31399.69,6279.938,0.0,0.0628397923673768,0.0101208005556742,0.0,0.0,0.0,0.7926651505158172,0.1343742565611316,0.0,Oyo
39,12451.85,73,3,34419.73,11473.243333333332,0.0,0.0,0.7435572562597091,0.0,0.0,0.0,0.0,0.2564427437402908,0.0,Delta
39,15914.33,2,7,54157.72,7736.817142857143,0.2524443421916579,0.0089364914180286,0.5434244646931222,0.0,0.0,0.1882522011635644,0.0,0.0069425005336266,0.0,Edo
26,16290.39,183,6,45980.41,7663.401666666668,0.1579450900938029,0.0093881285530076,0.3005738748306072,0.1847349773523115,0.0,0.0,0.0,0.0,0.3473579291702705,Kano
47,59449.72,50,5,190280.07,38056.014,0.0127267663922974,0.0,0.0,0.0,0.0,0.7262344395816125,0.0340857032478493,0.2222998446447912,0.0046532461334494,Kaduna
29,112753.23,85,4,71480.15000000001,17870.037500000002,0.0,0.0264735034831348,0.0,0.1107588610264527,0.0,0.0,0.0,0.7287779894138442,0.1339896460765681,Kano
29,130576.39,119,7,17982.72,2568.96,0.0,0.0,0.4778420617125773,0.0404777475265143,0.0,0.1968973547939355,0.0,0.2847828359669727,0.0,Enugu
31,24658.74,104,5,34779.65,6955.93,0.0,0.0,0.0,0.2431260809122575,0.0,0.2109929225854774,0.0,0.4996456261060705,0.0462353703961943,Oyo
31,657121.9,14,3,11653.37,3884.456666666667,0.2036483866898588,0.0,0.0,0.0,0.0,0.2520438293815437,0.5443077839285975,0.0,0.0,Delta
48,4624.92,129,6,46846.16,7807.693333333334,0.0594770201015408,0.3330230268606862,0.0,0.0,0.0,0.0,0.0,0.4763925154164183,0.1311074376213546,Lagos
54,11670.85,219,5,25859.03,5171.806,0.0,0.0,0.1111743170567496,0.195870069372285,0.0,0.3099992536456317,0.0,0.0,0.3829563599253336,Kwara
34,5793.88,320,6,32552.46,5425.41,0.2642823307362946,0.0,0.0611280990745399,0.1555953067755862,0.0,0.0783489174090068,0.0,0.4266562342753819,0.0139891117291903,Delta
33,50323.63,263,7,47579.95,6797.135714285714,0.0,0.0,0.0,0.1557231564976423,0.1054601780792119,0.5917400081336781,0.0,0.0500750841478395,0.0970015731416279,Abuja FCT
41,4043.7,25,9,48481.84,5386.871111111111,0.2159020779739382,0.0,0.0247868067713601,0.0,0.0,0.3083352447019337,0.3151936890184036,0.1357821815343642,0.0,Ogun
25,64258.69,163,5,500866.8741500111,100173.37483000224,0.0088671066688867,0.0326880870845861,0.0,0.0197412736004549,0.0,0.0,0.0,0.9387035326460722,0.0,Ogun
29,30579.83,27,7,154299.98,22042.85428571429,0.1518549127485304,0.0,0.0,0.7324400819753832,0.0,0.0,0.1157050052760862,0.0,0.0,Kaduna
33,27558.98,317,5,36973.64,7394.728,0.4099715364784208,0.0,0.1991521527228587,0.0,0.0,0.1001921909771393,0.0,0.0,0.290684119821581,Enugu
47,65662.18,20,9,109437.14,12159.682222222222,0.0,0.0,0.0,0.4624542454234459,0.0133742530186735,0.0,0.0729306339694184,0.1794507787758343,0.271790088812628,Cross River
38,24373.48,5,7,100706.76,14386.680000000002,0.1303808205129427,0.005520781325901,0.7260108457466012,0.0054156245320572,0.0,0.0,0.0,0.0,0.1326719278824976,Cross River
46,635856.29,129,6,49353.88,8225.646666666666,0.1936757555839581,0.2926122525726447,0.0,0.0837581564002668,0.0,0.0,0.0499982980061547,0.0,0.3799555374369755,Abuja FCT
58,20695.32,191,8,162425.88,20303.235,0.0,0.3567398249589289,0.0,0.0210592055896511,0.0,0.0122335800181596,0.6099673894332602,0.0,0.0,Oyo
37,36236.485,35,6,21396.75,3566.125,0.1638856368373701,0.0,0.2607087524974587,0.0,0.0,0.0,0.0778721067451832,0.4450507670557445,0.0524827368642434,Unknown
71,57581.45,37,7,191132.49,27304.641428571427,0.8688935617382476,0.027071326282622,0.0,0.0,0.0,0.0894200143575799,0.0,0.0,0.0146150976215503,Oyo
35,17765.21,20,6,44583.75,7430.625,0.0,0.2984861076064709,0.1457914598928982,0.0,0.0,0.0,0.1845510976532929,0.0670955224717526,0.3040758123755853,Kano
50,44850.39,65,9,214200.36,23800.04,0.0,0.1728703910675033,0.2142953914736651,0.5654093671924735,0.0,0.0169956296992217,0.0,0.0,0.0304292205671363,Cross River
19,59239.21,47,7,66772.97,9538.995714285717,0.1642345697667784,0.0934388570704582,0.0417022037510088,0.6347472637505864,0.0,0.0,0.0,0.0658771056611679,0.0,Kano
37,16564.35,85,5,55835.69,11167.138,0.1104829187209829,0.0,0.0309406044771722,0.5643850734180952,0.0,0.2702980835376083,0.0,0.0,0.0238933198461414,Plateau
34,79961.17,91,8,93829.44,11728.68,0.1137167609654283,0.0111260389063389,0.0262381401828679,0.0,0.0,0.4009558194101978,0.0,0.0610243437454172,0.3869388967897496,Cross River
37,36236.485,140,4,53618.0,13404.5,0.056492036256481,0.7014897982020963,0.0,0.0,0.0,0.1871026520944458,0.0549155134469767,0.0,0.0,Unknown
42,30873.0,45,7,61313.61,8759.087142857143,0.0,0.7922635773688745,0.0,0.1609161489594235,0.0,0.0,0.0468202736717019,0.0,0.0,Kano
52,62392.03,423,4,8165.01,2041.2525,0.0,0.1221370212651301,0.3605212975856735,0.1442386475950427,0.0,0.0,0.3731030335541536,0.0,0.0,Rivers
19,73277.27,439,5,63353.26,12670.652,0.026518445933169,0.0388451991262959,0.0,0.0,0.0,0.0,0.5549581821045989,0.0,0.3796781728359361,Abuja FCT
54,206112.4,253,6,55280.03999999999,9213.339999999998,0.0,0.0439929131744477,0.5878997193200295,0.0,0.0,0.0,0.3681073675055228,0.0,0.0,Enugu
18,18782.62,64,5,25757.09,5151.418,0.0,0.0872800459989851,0.0,0.0,0.0,0.5451912463713875,0.195371837424181,0.1721568702054463,0.0,Imo
63,54994.56,139,6,24756.05,4126.008333333333,0.7393235188974009,0.0,0.0,0.0,0.0,0.0,0.0,0.1875311287543853,0.0731453523482138,Cross River
39,26450.45,200,4,41286.895,10321.72375,0.0,0.4576722226265743,0.0,0.0,0.0,0.432179508776332,0.0,0.0,0.1101482685970935,Imo
22,62715.83,108,4,67168.26000000001,16792.065000000002,0.5177746155699137,0.0,0.4603412385552343,0.0,0.0,0.0,0.0,0.0,0.0218841458748522,Anambra
38,12716.64,32,8,49253.59,6156.6987500000005,0.0,0.0171912341821174,0.0,0.1924263794781253,0.0169622153430846,0.6228546995254559,0.1505654714712166,0.0,0.0,Edo
35,10488.44,546,3,34854.42,11618.14,0.0,0.1075906585161939,0.0,0.0,0.0,0.7480313831072215,0.1443779583765846,0.0,0.0,Imo
18,29804.61,448,4,17712.33,4428.0825,0.0,0.2184653289544627,0.2721285116074508,0.0,0.0,0.0,0.0,0.0,0.5094061594380863,Rivers
49,20482.09,50,10,47984.21,4798.421,0.3272757850968058,0.101169738962046,0.1137413745063219,0.0,0.0,0.1685235622301586,0.2219332151138885,0.0056481079921915,0.0617082160985874,Kwara
45,74314.57,112,3,28511.21,9503.736666666666,0.0,0.0,0.0,0.0,0.0,0.6893015063197949,0.0,0.0223943494506195,0.2883041442295855,Kwara
59,4434.61,44,8,260368.97,32546.12125,0.0242144446014438,0.0,0.0,0.6372517815775053,0.0,0.0,0.031621049159583,0.0033817777901875,0.3035309468712804,Plateau
39,50427.75,547,1,893.25,893.25,0.0,0.0,0.0,0.0,0.0,0.0,1.0,0.0,0.0,Imo
18,25258.06,20,5,33869.72,6773.944,0.5711969275211014,0.0,0.0,0.0,0.0,0.1541308874121191,0.129229589143341,0.1454425959234384,0.0,Kaduna
25,4336.09,487,4,482711.1641500112,120677.7910375028,0.0152188732011944,0.0,0.0,0.0,0.0,0.0,0.9740100065386074,0.0074320013010619,0.0033391189591361,Plateau
58,3681.9,193,6,55863.23,9310.538333333332,0.0,0.0156405206072044,0.3044780976681799,0.4649169050912379,0.0,0.0,0.0701742452056567,0.1447902314277208,0.0,Kano
48,21325.81,99,5,132426.88999999998,26485.378,0.0102267749397422,0.0,0.0,0.0,0.0472166189208249,0.0878010500737425,0.6669676377660158,0.1877879182996746,0.0,Kaduna
40,12379.41,86,6,93686.6,15614.433333333334,0.6272232101495838,0.0,0.0,0.0,0.0,0.120203636379162,0.0218710039642809,0.2307021495069732,0.0,Ogun
31,188791.97,10,6,150705.49,25117.581666666665,0.0,0.0229678427773268,0.0319831082464215,0.0,0.0,0.7577850017275415,0.0,0.18726404724871,0.0,Anambra
30,28849.73,126,6,28383.175,4730.529166666666,0.4389237638143018,0.1784488521809135,0.0,0.1602882693708508,0.0,0.0,0.0,0.2223391146339336,0.0,Plateau
44,17704.05,135,2,71763.88,35881.94,0.0,0.9103765013820324,0.0,0.0,0.0,0.0,0.0,0.0,0.0896234986179676,Delta
51,131471.98,3,6,349205.9,58200.98333333334,0.0,0.0,0.0,0.0,0.0918810077378417,0.0634442602487529,0.0105101317016694,0.0,0.8341646003117358,Cross River
54,150920.41,172,4,19905.75,4976.4375,0.0,0.1000429524132474,0.6581505343933285,0.0,0.0,0.0,0.0,0.0,0.241806513193424,Kano
35,25371.61,226,10,157806.93,15780.693,0.0788849387032622,0.0111883552895934,0.5246700509286886,0.0,0.0074045544134215,0.0580757765200805,0.0,0.2956833391283893,0.0240929850165642,Kano
43,4643.4,59,7,43858.93,6265.561428571428,0.0,0.6495163014692789,0.0141633642225197,0.0,0.0,0.0323927191110225,0.0,0.3039276151971787,0.0,Rivers
18,27294.58,337,1,3926.22,3926.22,0.0,0.0,0.0,0.0,0.0,0.0,0.0,0.0,1.0,Ogun
44,44503.35,288,4,17616.670000000002,4404.1675000000005,0.2293838733426919,0.0,0.1383859719231841,0.0,0.0,0.0,0.0,0.5717329097950976,0.0604972449390265,Ogun
33,111765.64,29,9,94860.36,10540.04,0.0527501687743963,0.0,0.3349634135902499,0.0,0.0275882360134412,0.0288713852656683,0.5558267963562441,0.0,0.0,Anambra
26,23789.25,219,3,30162.96,10054.32,0.0,0.0,0.0,0.5362567201627426,0.0,0.0,0.0,0.0,0.4637432798372573,Kano
51,29098.39,55,6,27679.96,4613.326666666667,0.0,0.4856813376897943,0.0,0.3757100805058966,0.0,0.0591138860027254,0.0,0.0794946958015835,0.0,Oyo
58,18191.56,64,5,90553.18,18110.636,0.0,0.2609572629034121,0.0,0.0308869329602781,0.0,0.0,0.6031220549074037,0.1050337492289061,0.0,Plateau
50,20186.53,46,3,6511.589999999999,2170.53,0.8807142341578632,0.0,0.0,0.0,0.0,0.0,0.1192857658421368,0.0,0.0,Abuja FCT
23,12660.97,26,6,72240.61,12040.101666666667,0.0052820705694484,0.7467358041411888,0.0651312329727005,0.0,0.0,0.0226978980382363,0.1601529942784259,0.0,0.0,Kano
18,16716.5,30,4,4104.02,1026.005,0.4099151563588871,0.0,0.4349223444330193,0.0,0.0,0.0,0.1059278463555245,0.0492346528525689,0.0,Lagos
39,83675.95,291,5,143090.03,28618.006,0.8933085694370181,0.0,0.0857271467480997,0.0,0.0,0.0,0.0209642838148821,0.0,0.0,Kaduna
44,31191.76,163,3,22099.93,7366.643333333333,0.0,0.0,0.22703556074612,0.2812013431716751,0.0,0.0,0.0,0.4917630960822048,0.0,Lagos
41,10533.15,66,7,89284.8,12754.971428571427,0.5294370374352633,0.3346550588678028,0.0,0.0,0.0,0.1359079036969338,0.0,0.0,0.0,Plateau
35,16004.21,506,4,75514.22,18878.555,0.0,0.0,0.0326543795327555,0.8554276267436781,0.0,0.0,0.0307498375802597,0.0,0.0811681561433065,Oyo
18,2634.91,59,10,288041.06,28804.106,0.6413916127096602,0.0472228855150026,0.1067029471423275,0.0238423994134725,0.0,0.033130519655774,0.0418333066820404,0.0,0.1058763288817226,Delta
37,36236.485,177,5,42450.79,8490.158,0.0,0.0,0.2533648961538761,0.1450660871093329,0.0,0.0,0.0,0.5673689464907484,0.0342000702460425,Unknown
45,31209.72,46,8,54355.28,6794.41,0.0,0.0,0.0,0.1390451856746943,0.0,0.1671570820718796,0.0674600517189866,0.5496424634368546,0.0766952170975846,Edo
41,36034.45,12,6,52590.11,8765.018333333333,0.0,0.4929101688511395,0.0055092107622516,0.0,0.0,0.0,0.0439732869925543,0.0,0.4576073333940544,Kwara
58,40696.28,129,5,34924.13,6984.825999999999,0.0,0.0,0.7961841855473566,0.0,0.0,0.0,0.0936298198408951,0.0390228761604082,0.07116311845134,Oyo
46,51312.73,155,5,10143.93,2028.786,0.5299366221967226,0.0307297073225071,0.181682050250741,0.0,0.0,0.0,0.0,0.0,0.2576516202300292,Enugu
22,42499.07,32,5,33048.72,6609.744000000001,0.0,0.0451857136978376,0.0,0.0200634094149485,0.0,0.2426508500177919,0.0,0.5346352294430767,0.1574647974263451,Cross River
46,21232.69,271,5,51575.48,10315.096,0.412410122019223,0.0,0.0753166039365993,0.2710838561269812,0.0,0.0,0.2411894179171962,0.0,0.0,Enugu
33,86132.26,321,3,14722.2,4907.4,0.0,0.0,0.0,0.6209432014237002,0.0,0.0,0.1209275787586094,0.2581292198176902,0.0,Imo
52,115749.34,294,6,58921.07,9820.178333333331,0.0,0.0,0.4274095837024005,0.0987874117017902,0.0,0.0,0.0,0.1997714909114855,0.2740315136843238,Oyo
39,32228.92,156,6,41704.25,6950.708333333333,0.3045804684174874,0.1806204403627927,0.3566576547953745,0.0,0.1138382778733582,0.0,0.0,0.0158094199032472,0.0284937386477397,Plateau
53,372358.83,3,7,52544.73,7506.389999999999,0.4460365482894288,0.1672662510588597,0.3072207241335145,0.0,0.0,0.0276453985014291,0.0,0.0,0.0518310780167678,Oyo
26,84878.47,485,4,83593.06,20898.265,0.0,0.5728237487657468,0.0,0.0,0.0,0.027150339992339,0.0,0.0589295331454549,0.3410963780964592,Imo
52,9517.2,37,10,256561.79,25656.179,0.0082667804897993,0.3006660890540247,0.0069393809577022,0.0252931662193345,0.0013772120938195,0.1144809989047862,0.0835783457856292,0.0147152465688674,0.4446827799260365,Lagos
19,362291.24,106,13,172062.595,13235.584230769233,0.0857503631163996,0.0362742698376715,0.0,0.2707665777096992,0.0,0.4868431747178984,0.0359339576390789,0.0844316569792522,0.0,Kwara
24,46612.55,18,11,88597.06,8054.278181818182,0.2146861306684442,0.2821514619108128,0.4540615681829622,0.0087377617270821,0.0,0.0,0.0403630775106984,0.0,0.0,Cross River
40,32574.02,152,4,21374.25,5343.5625,0.0,0.3686721171503094,0.1055672128846626,0.0,0.0,0.525760669965028,0.0,0.0,0.0,Kwara
64,250415.03,25,12,172539.08000000002,14378.256666666668,0.0872309623999386,0.2315878234658489,0.1658205781553952,0.2430640640949285,0.0,0.1586896719282379,0.1136068999556506,0.0,0.0,Kwara
45,30573.07,126,4,490287.9441500111,122571.98603750278,0.0,0.0,0.0,0.0212569371210384,0.0,0.0197851489430709,0.9589579139358906,0.0,0.0,Lagos
30,278592.66,145,7,72149.32,10307.045714285716,0.0620047423870384,0.0,0.0,0.186788316230839,0.0,0.3330164442298278,0.3373434427379218,0.0387801298750979,0.0420669245392749,Ogun
37,53986.31,453,7,51016.89,7288.127142857143,0.6065134507415093,0.0247682679206827,0.0,0.0,0.0,0.0,0.319801932262041,0.0,0.0489163490757668,Unknown
44,2624.42,41,8,63773.42,7971.6775,0.0398840143746407,0.0,0.1983483087468101,0.386507262743632,0.0,0.0,0.0,0.375260414134917,0.0,Oyo
23,791361.6,165,6,60762.53,10127.088333333331,0.0,0.4279708234663698,0.0,0.0471436920088745,0.3692599699189615,0.155625514605794,0.0,0.0,0.0,Oyo
56,16894.63,79,9,58275.92,6475.102222222222,0.050567198252726,0.0095718780587247,0.0,0.0,0.0,0.2504852776241027,0.0,0.0818240192518625,0.607551626812584,Kano
37,15216.75,110,11,204502.56000000003,18591.14181818182,0.0549680160483076,0.0,0.0528629568255771,0.0714807677713178,0.0,0.0,0.0,0.8075359056629903,0.013152353691807,Kwara
44,25321.6,21,5,81522.64,16304.528,0.0201647051665647,0.0,0.0818294157304032,0.0,0.0,0.0,0.67994817145274,0.2180577076502919,0.0,Oyo
49,37853.03,97,5,38427.93,7685.586,0.0,0.5912821741894502,0.0,0.0,0.0,0.2096979983048787,0.0,0.199019827505671,0.0,Lagos
21,10528.64,14,6,53557.14,8926.19,0.302007724833701,0.0,0.0,0.1103751992731501,0.0,0.1385781615672532,0.0363557501390104,0.4126831641868853,0.0,Abuja FCT
34,45351.52,622,3,22640.31,7546.769999999999,0.0,0.564453843609032,0.0,0.0,0.0,0.0,0.2259187263778632,0.2096274300131049,0.0,Kano
41,38112.23,226,7,51648.58,7378.368571428572,0.1693732915793619,0.0,0.0130851612958187,0.6477101596984853,0.0,0.0,0.0309319249435318,0.1316890028728766,0.0072104596099253,Kano
40,16043.75,98,6,69191.3,11531.883333333331,0.0245843046741425,0.0,0.0,0.0,0.0,0.0705535233475884,0.8463277897654762,0.0,0.0585343822127926,Ogun
60,165976.17,86,4,104305.56,26076.39,0.8595886930667933,0.1030633458082196,0.0,0.0,0.0,0.0,0.0,0.0,0.037347961124987,Lagos
53,40796.33,406,2,59137.96000000001,29568.980000000003,0.0,0.0,0.0,0.0,0.0,0.8256549600290575,0.0,0.0,0.1743450399709425,Cross River
32,20866.61,145,2,6537.23,3268.615,0.0,0.0,0.705682682114596,0.0,0.0,0.0,0.0,0.2943173178854041,0.0,Enugu
27,23589.27,57,5,55795.34,11159.068,0.0818062942174023,0.0,0.0,0.7888637294799172,0.0637667948613629,0.0,0.0,0.0,0.0655631814413175,Enugu
30,9926.68,33,13,95515.49,7347.345384615385,0.0,0.1546576372062793,0.3102957436537257,0.0,0.0,0.1191854849930623,0.4100766273616981,0.0057845067852345,0.0,Oyo
50,133262.89,297,6,54027.36,9004.56,0.2761312046340964,0.0,0.0066227555816164,0.4647152849963425,0.0,0.0123581829650754,0.0,0.0,0.240172571822869,Abuja FCT
35,36055.93,17,6,68654.35,11442.391666666668,0.066345686762747,0.3744623610885544,0.0,0.0,0.0,0.1803359874501761,0.3788559646985223,0.0,0.0,Enugu
58,261833.86,330,2,18940.7,9470.35,0.0,0.5313942990491376,0.0,0.0,0.0,0.0,0.4686057009508624,0.0,0.0,Rivers
57,25242.28,12,12,138623.68,11551.973333333332,0.4886756000129272,0.0,0.073708618902629,0.0,0.0,0.1948851018815833,0.0668589955193802,0.0613297814630227,0.1145419022204575,Anambra
33,93488.51,228,4,37281.78,9320.445,0.0,0.0,0.0,0.0,0.0,0.0,0.24845031540876,0.0,0.75154968459124,Edo
33,82125.56,65,8,183541.51,22942.68875,0.0556615775908131,0.4106110383422257,0.0,0.1395998104189074,0.0,0.0,0.0349012602108373,0.3567660525403763,0.0024602608968401,Enugu
38,27810.21,24,11,155351.91,14122.90090909091,0.4409509995725189,0.0,0.0310265255187399,0.0,0.0,0.018425135551922,0.2863122184979895,0.029141901119851,0.1941432197389784,Enugu
22,24510.17,18,8,68201.4,8525.175,0.0733694616239549,0.0552601559498778,0.0395713284478031,0.040883911473958,0.0,0.1668772195292178,0.1494167275158574,0.4746211954593307,0.0,Ogun
53,14785.03,1,8,164533.71,20566.71375,0.6079066107486424,0.0271777133087195,0.2390563611554131,0.0,0.0,0.0261647294040838,0.0996945853831412,0.0,0.0,Kaduna
28,3317.27,42,6,59260.04,9876.673333333334,0.416987906184336,0.0,0.0,0.0,0.0,0.1398100642524034,0.0,0.4432020295632606,0.0,Rivers
34,32311.76,481,3,8341.009999999998,2780.336666666666,0.0,0.0,0.0,0.9835523515737302,0.0,0.0,0.0,0.0164476484262697,0.0,Kano
18,81887.25,41,4,40868.37,10217.0925,0.0,0.1161798231737649,0.7407689614242018,0.0,0.0,0.022515456329675,0.0,0.1205357590723584,0.0,Edo
35,34619.6,196,4,40053.17,10013.2925,0.0,0.1920227537545717,0.2066737788794245,0.0,0.0,0.6013034673660038,0.0,0.0,0.0,Edo
41,34098.29,141,7,556933.6541500111,79561.95059285873,0.0,0.0,0.0173054903904298,0.0,0.0,0.0,0.0262955019702497,0.8442037945571361,0.1121952130821842,Kwara
45,14915.25,26,9,561163.2941500111,62351.47712777901,0.0,0.0266168157392118,0.8449688158385792,0.0310653248024805,0.0,0.0748266332415804,0.0225224103781481,0.0,0.0,Delta
28,14507.15,510,7,59449.23,8492.747142857143,0.4286689667805621,0.0394016877930967,0.1483524681480315,0.0209858058716656,0.0,0.1141160280797581,0.0,0.0,0.2484750433268858,Edo
29,895842.72,435,4,55433.7,13858.425,0.0,0.0,0.8260736699877512,0.0,0.0,0.1196093711947786,0.0,0.0543169588174702,0.0,Cross River
37,36236.485,32,7,117578.58,16796.94,0.3577443272405569,0.140911975633657,0.0,0.0,0.0,0.4778117748998159,0.0,0.0132687433374344,0.0102631788885356,Unknown
50,63168.16,2,9,133041.6,14782.4,0.0225994726461497,0.143580955129824,0.0332597473271518,0.0108269142884631,0.0,0.0,0.031130638837777,0.7050248193046386,0.0535774524659955,Plateau
46,10840.57,226,9,532989.7741500111,59221.08601666791,0.0500006403359238,0.023540113916836,0.0165022302989334,0.0198165340354678,0.0,0.0,0.0,0.8821285640982711,0.0080119173145676,Plateau
49,194289.08,19,13,103560.92,7966.224615384615,0.0078355812211787,0.0539376243470992,0.2302083643134881,0.2718725364741834,0.0428808473312133,0.0510087202778808,0.0,0.2511473439981027,0.0911089820368532,Kwara
27,11331.25,86,7,27508.95,3929.85,0.0,0.0,0.0,0.0,0.0,0.6697325779428149,0.0,0.2047606324487121,0.1255067896084728,Cross River
39,40441.42,1,6,48059.96,8009.993333333333,0.2815813829224993,0.2624176133313469,0.0,0.2487773606137,0.0,0.2072236431324536,0.0,0.0,0.0,Abuja FCT
24,2326.53,49,14,110052.05,7860.860714285714,0.0677127777265394,0.0385098687393828,0.0775514858650974,0.0377320549685353,0.0,0.0073686950856435,0.4376549096541137,0.3334702079606877,0.0,Plateau
35,22486.24,31,5,79626.51,15925.302,0.0,0.114623509180548,0.0,0.1259515204170068,0.0,0.0,0.2044251342925867,0.5549998361098583,0.0,Kaduna
31,398324.7,9,5,85346.06,17069.212,0.0,0.9494068033134748,0.0033616080226784,0.045390613228074,0.0,0.0018409754357728,0.0,0.0,0.0,Lagos
18,25614.51,332,2,3442.87,1721.435,0.0,0.0,0.0,0.0,0.0,0.0,0.0,0.7007612834640867,0.2992387165359134,Kaduna
63,112153.09,394,1,3427.14,3427.14,1.0,0.0,0.0,0.0,0.0,0.0,0.0,0.0,0.0,Edo
48,21051.42,232,9,105053.58,11672.62,0.0528521731482163,0.2067087099744721,0.0,0.1464197602785169,0.0440139212771235,0.0,0.0496859792879024,0.1429810388184772,0.3573384172152915,Ogun
23,171446.34,198,3,21152.98,7050.993333333333,0.1054924648914715,0.0,0.0,0.8440200860587965,0.0,0.0,0.050487449049732,0.0,0.0,Plateau
33,9438.01,170,10,101787.45,10178.745,0.0,0.227763737081536,0.0646614096335059,0.0593086868764273,0.0,0.3423697125726207,0.023809713279977,0.0245478199915608,0.2575389205643721,Cross River
32,118048.21,76,9,161022.13999999998,17891.348888888886,0.0222578087708932,0.5635386537528317,0.025279939764805,0.0288387050377047,0.0,0.0,0.246924242840146,0.1061075824728201,0.0070530673607989,Imo
18,17042.02,295,7,530400.8141500112,75771.54487857303,0.8864343560698913,0.0729770938644385,0.0,0.0058324005496814,0.0,0.0,0.0132969629982606,0.0127300332500816,0.0087291532676466,Kano
34,179518.06,260,6,20063.01,3343.8350000000005,0.2594640584837469,0.2599958829707008,0.1782768388192998,0.0725738560664626,0.0,0.0,0.0,0.0,0.2296893636597898,Kaduna
43,12893.22,78,7,27841.15,3977.307142857143,0.4380982825781263,0.1337642302850277,0.0,0.2009202206087033,0.0,0.2123795173690742,0.0,0.0,0.0148377491590685,Anambra
37,32273.73,68,10,62787.95,6278.795,0.0545650877278203,0.1153565293977586,0.1916945847093272,0.0157444222975905,0.0173256174154435,0.0,0.0,0.4605926774166062,0.1447210810354534,Ogun
24,308573.26,51,6,80797.11,13466.185,0.0,0.0167666888085477,0.3644880367627011,0.0,0.0,0.0,0.4833357282209722,0.1004485185175558,0.034961027690223,Cross River
54,4542.92,417,3,15388.32,5129.44,0.0,0.2019375734323175,0.0,0.1545178421036214,0.0,0.0,0.0,0.643544584464061,0.0,Rivers
57,280259.88,40,3,13153.78,4384.593333333333,0.0,0.0,0.3543369282442005,0.0,0.0,0.4891818169377928,0.1564812548180067,0.0,0.0,Imo
45,95204.84,149,11,105428.91,9584.446363636363,0.2112152160161762,0.131250716715178,0.0796906654920363,0.161731160836245,0.0,0.0673564774595507,0.064924601800398,0.2812721861584266,0.0025589755219891,Edo
53,44959.55,89,5,38248.37,7649.674000000001,0.0407737636924135,0.4039040095041958,0.0,0.0,0.0,0.3446735115770946,0.2106487152262959,0.0,0.0,Anambra
19,6246.03,52,8,259852.53,32481.56625,0.0584369141989881,0.0,0.0331077399939111,0.010397397323782,0.0,0.0296250338605516,0.0,0.868432914622767,0.0,Edo
49,10671.97,54,5,232261.4,46452.28,0.0158086965806629,0.0847377136278348,0.0,0.0,0.0768738154510392,0.8225797743404629,0.0,0.0,0.0,Cross River
37,232420.35,519,1,4304.83,4304.83,0.0,0.0,0.0,0.0,0.0,0.0,0.0,1.0,0.0,Plateau
44,16327.14,28,5,24768.41,4953.682,0.0,0.0,0.047104355911421,0.0,0.0,0.0,0.952895644088579,0.0,0.0,Kano
28,29498.19,226,7,248148.24,35449.74857142857,0.0,0.0704477291477062,0.8696467482501588,0.0,0.0,0.0,0.0,0.0062181782953608,0.053687344306774,Rivers
32,8549.55,314,6,62673.31,10445.551666666666,0.0,0.0561751086706606,0.0,0.0,0.0,0.1709871395016475,0.7654127410854796,0.0074250107422122,0.0,Imo
39,3161.4,145,3,31038.67,10346.223333333332,0.2121289346482952,0.0,0.7878710653517048,0.0,0.0,0.0,0.0,0.0,0.0,Enugu
51,22545.07,231,6,23862.3,3977.05,0.0,0.5432016192906802,0.0650473759863885,0.0,0.0,0.0642360543619014,0.0,0.0,0.3275149503610297,Enugu
43,32417.58,286,7,39552.43,5650.347142857143,0.0223199939927837,0.0347179680237092,0.0,0.321959485169432,0.2451202113245633,0.1296802750172365,0.0,0.1174701529084306,0.1287319135638442,Cross River
24,5698.13,349,3,17614.36,5871.453333333334,0.0,0.0,0.4586939292713445,0.0,0.0,0.0,0.1297668493206679,0.0,0.4115392214079875,Anambra
31,47423.02,186,7,81307.51,11615.358571428573,0.0097041466403287,0.0347109387558418,0.0,0.0,0.0,0.0067745279618082,0.799694886733095,0.0,0.1491154999089259,Plateau
33,81231.45,154,4,35289.41,8822.3525,0.7173106606202824,0.0,0.0,0.0,0.0,0.0,0.1522604090008872,0.1304289303788303,0.0,Abuja FCT
18,95234.85,222,6,44037.09,7339.515,0.2680576759272695,0.0,0.074492433537275,0.0,0.0617193370406627,0.0,0.0,0.3526670359008736,0.2430635175939191,Edo
34,12524.88,124,9,99317.83,11035.314444444444,0.0,0.0108648165188466,0.0,0.2033242168098115,0.0,0.6155794986660502,0.0334670018464962,0.0382681538652223,0.098496312293573,Plateau
34,81523.4,155,2,54677.52,27338.76,0.0,0.0,0.0,0.0,0.0,0.0,1.0,0.0,0.0,Edo
32,3911.25,279,5,66594.36,13318.872,0.7740044352104293,0.0,0.0,0.1794356158689714,0.0,0.0319648690970226,0.0145950798235766,0.0,0.0,Kaduna
52,35608.93,22,10,126686.89,12668.689,0.0240672101114803,0.0759732913168836,0.0130217893895729,0.2704184308257942,0.0,0.4624271698515923,0.1152080534931436,0.0388840550115327,0.0,Plateau
23,18379.01,56,8,80301.74,10037.7175,0.0,0.1168675797062429,0.0131125427668192,0.2178328888016623,0.0,0.3352294732343284,0.0422398070079178,0.1017752541850276,0.1729424542980015,Plateau
37,21839.97,1,7,128261.64,18323.09142857143,0.0,0.2080737467570194,0.0,0.2946542707546854,0.0,0.0,0.1026136107412941,0.0,0.3946583717470009,Unknown
35,21605.44,24,4,476421.1141500112,119105.2785375028,0.006010354946398,0.0032264732908457,0.0,0.0,0.0,0.0,0.0,0.0038935931781896,0.9868695785845664,Delta
30,10827.35,68,8,63312.77,7914.09625,0.140219579715119,0.0,0.3439219291779525,0.0,0.0,0.4363767372680108,0.0794817538389174,0.0,0.0,Edo
29,432647.85,107,4,25198.86,6299.715,0.0,0.1430219462309009,0.0,0.0,0.0,0.1888263992894916,0.6681516544796073,0.0,0.0,Plateau
18,18482.1,128,8,74313.12,9289.14,0.7324716012461865,0.1655196282971297,0.0730983976988182,0.0,0.0,0.0,0.0,0.0289103727578656,0.0,Kano
43,15707.05,405,3,14252.18,4750.7266666666665,0.1137047104372804,0.0,0.0,0.5406569380964876,0.0,0.0,0.0,0.3456383514662318,0.0,Anambra
57,56923.97,100,5,44995.08,8999.016,0.0,0.0,0.0,0.626147347665567,0.0,0.0,0.0,0.125293698777733,0.2485589535566999,Enugu
42,274306.68,222,5,19371.42,3874.284,0.1160751251069875,0.0942042452231173,0.0,0.0,0.0,0.2073100474823219,0.5824105821875732,0.0,0.0,Abuja FCT
55,150545.38,20,5,30775.86,6155.1720000000005,0.1367607598942808,0.0,0.0,0.0,0.0,0.0,0.1635115964265498,0.1600637642619897,0.5396638794171795,Edo
37,45990.24,11,6,65653.4,10942.233333333332,0.0,0.0,0.0171023892136583,0.0369756935665175,0.0,0.0,0.5900101137184061,0.185126284396543,0.170785519104875,Enugu
57,20535.34,249,4,26262.15,6565.5375,0.0,0.1568416904175781,0.0,0.0,0.0,0.0,0.7395544538432687,0.0,0.1036038557391531,Anambra
18,105203.55,18,6,84805.90000000001,14134.316666666668,0.0,0.7583335593396214,0.0,0.0181158386385852,0.0,0.0962785608076796,0.0,0.053415151540164,0.0738568896739495,Anambra
40,102716.98,23,8,85053.43,10631.67875,0.0796827358990695,0.0,0.0,0.0595509199335053,0.0233060559697592,0.0,0.095168883841604,0.7422914043560619,0.0,Imo
42,14492.16,224,5,332265.2,66453.04000000001,0.0309352288473183,0.0,0.0,0.0,0.0,0.0,0.0,0.9579965942867325,0.0110681768659492,Oyo
39,37343.86,41,6,51445.880000000005,8574.313333333334,0.0,0.5109332370250057,0.039051329280401,0.0,0.0,0.1133103369988034,0.0,0.3367050966957898,0.0,Edo
26,22444.39,40,3,27298.06,9099.353333333333,0.5978164748703754,0.0,0.0,0.3767938087908078,0.0,0.0,0.0,0.0,0.0253897163388167,Abuja FCT
48,52318.76,182,7,73090.15,10441.45,0.370437192973335,0.0,0.3453899054797397,0.0,0.0203707339497866,0.1133917497775008,0.0,0.0357338163897597,0.114676601429878,Imo
18,82920.46,390,4,84299.03,21074.7575,0.0,0.0,0.4000232268390277,0.0,0.1233849310009854,0.0,0.4765918421599869,0.0,0.0,Cross River
49,133927.94,51,5,149941.5,29988.3,0.0,0.0,0.0,0.0,0.0685693420433969,0.0,0.0231198167285241,0.1017085996872113,0.8066022415408676,Cross River
50,94851.35,101,6,70172.81,11695.468333333332,0.0,0.1700308139292127,0.5370169728132591,0.1491486517356224,0.0,0.0,0.0379245180576351,0.1058790434642705,0.0,Delta
44,26056.48,14,8,139268.63999999998,17408.579999999998,0.0190281889734831,0.0,0.0,0.0776046926285774,0.0,0.0,0.1157272735628064,0.787639844835133,0.0,Cross River
31,10466.28,11,6,23343.19,3890.531666666667,0.4468900780056196,0.1829360083176292,0.0,0.0,0.0,0.0,0.1709359346344694,0.0652777105442743,0.1339602684980073,Plateau
23,77355.69,230,4,480632.0541500111,120158.01353750276,0.0,0.003939229570005,0.0,0.0,0.0,0.0101575830364327,0.9782233625293472,0.0,0.007679824864215,Rivers
18,83158.94,67,6,103003.62,17167.27,0.0336433806889505,0.0,0.0,0.0633174834049521,0.0,0.0766397336326626,0.0,0.8263994022734348,0.0,Kwara
41,24896.65,262,4,28702.03,7175.5075,0.4777184749650111,0.0481157604531804,0.0,0.3901354712541238,0.0,0.0,0.0840302933276844,0.0,0.0,Rivers
44,33012.08,82,5,51599.98,10319.996,0.2925588343251296,0.0,0.0,0.0,0.0,0.0650502190117128,0.0,0.4294350501686241,0.2129558964945335,Anambra
45,14826.28,44,9,84689.73000000001,9409.97,0.51953359634043,0.021838185102255,0.2333291179461783,0.0771476069176274,0.0336952308148815,0.0,0.0329267787251181,0.0,0.0815294841535095,Anambra
22,108615.68,75,3,29225.72,9741.906666666668,0.4480023075564948,0.0,0.0,0.0,0.0,0.0,0.0,0.5519976924435053,0.0,Imo
40,33734.93,26,6,42490.26,7081.71,0.0,0.0473508517010722,0.0,0.0509848610010859,0.0065414991576893,0.0278562663537478,0.0,0.8672665217864047,0.0,Kwara
27,3577.51,58,6,23304.44,3884.073333333333,0.0,0.0573440082662359,0.0,0.2433634963981112,0.0,0.2323694540611145,0.1666652363240652,0.3002578049504729,0.0,Imo
40,188063.2,72,8,107118.95,13389.86875,0.1967047847276322,0.0,0.0,0.5784649681498931,0.0,0.1111708992666563,0.0,0.0047298820610172,0.108929465794801,Kwara
37,80234.04,139,8,46927.240000000005,5865.905000000001,0.0,0.0,0.1941305305830899,0.0423231794582421,0.0,0.0,0.5365840820811111,0.1753444268190501,0.0516177810585067,Kano
54,16556.83,380,4,29646.16,7411.54,0.5177783564549338,0.0,0.0,0.0,0.0,0.2356075795313794,0.0,0.2466140640136867,0.0,Imo
37,30516.74,106,6,161278.96000000002,26879.82666666667,0.1031794227839762,0.0,0.0,0.0100710594859986,0.0,0.8300688446899707,0.0109714869193104,0.0,0.0457091861207438,Ogun
41,227290.12,375,1,12077.65,12077.65,0.0,0.0,1.0,0.0,0.0,0.0,0.0,0.0,0.0,Enugu
49,88546.76,353,7,62941.850000000006,8991.692857142858,0.0,0.0,0.7549296692105492,0.0,0.0,0.0646609529271859,0.0,0.1349219954608896,0.0454873824013752,Enugu
51,12114.2,104,4,91036.92,22759.23,0.0,0.3343354542310965,0.0,0.0386322384368891,0.0,0.0600951789669509,0.5669371283650633,0.0,0.0,Oyo
44,193514.33,104,7,76428.59,10918.37,0.2390044092138818,0.0,0.3135265219468264,0.0,0.0,0.0,0.0,0.3771257588292548,0.0703433100100368,Ogun
27,21116.08,97,8,133549.38,16693.6725,0.0,0.7978858456699687,0.0760590577058463,0.0,0.0,0.0817298440471981,0.0,0.0443252525769868,0.0,Delta
40,25847.57,203,6,228503.29,38083.88166666667,0.0770780149379906,0.8776927456930705,0.0,0.0325997056760101,0.0,0.0,0.0079327085399952,0.0046968251529332,0.0,Kaduna
53,21139.68,28,5,10433.13,2086.626,0.0,0.0,0.1367729530831112,0.0,0.0,0.0575694925683855,0.0,0.6438652638278254,0.1617922905206778,Cross River
47,38451.02,81,4,36782.11,9195.5275,0.6827707817740744,0.0639982317490758,0.0,0.2532309864768498,0.0,0.0,0.0,0.0,0.0,Lagos
37,90842.44,94,5,52613.47,10522.694,0.1294660853960021,0.0,0.0,0.1754124941768714,0.0,0.6851867021886221,0.0099347182385043,0.0,0.0,Unknown
35,51072.37,375,4,13040.65,3260.1625000000004,0.0,0.4162215840468074,0.0,0.0,0.0,0.0501976511906998,0.0,0.2680196155866463,0.2655611491758463,Kaduna
27,220362.34,17,6,37468.1,6244.683333333333,0.1193263069117462,0.0162447522025402,0.1172768301568534,0.505075517573616,0.0,0.0,0.0,0.0235685823407111,0.2185080108145329,Cross River
19,69728.15,227,2,4695.75,2347.875,0.5307884789437257,0.0,0.0,0.0,0.0,0.0,0.0,0.4692115210562743,0.0,Kano
30,63818.47,36,9,29843.06,3315.895555555556,0.3232848776231392,0.3540494842016871,0.0,0.0,0.0,0.1557179458138676,0.1218021878453483,0.0451455045159578,0.0,Plateau
32,43168.24,261,6,219496.71,36582.785,0.6546238437924651,0.0,0.0365211396562618,0.0117510645148166,0.0,0.2971039520364565,0.0,0.0,0.0,Imo
36,45962.72,44,4,65947.52,16486.88,0.0,0.0,0.1009768070126063,0.1810744361577205,0.0,0.0170054916394126,0.0,0.7009432651902604,0.0,Delta
35,74718.38,157,3,92500.54,30833.513333333336,0.0,0.2226532947807655,0.0,0.0,0.0,0.7611368539037718,0.0,0.0162098513154625,0.0,Oyo
38,137549.9,90,3,19796.45,6598.816666666667,0.0,0.0,0.0,0.8357442874858876,0.0,0.0,0.0,0.0,0.1642557125141123,Edo
51,20722.64,37,6,37891.41,6315.235000000001,0.0,0.0207495577493685,0.5107207675829429,0.2071685904536146,0.1381505729134914,0.0,0.1232105113005823,0.0,0.0,Cross River
43,8046.32,61,7,77449.59,11064.227142857142,0.0,0.0,0.0,0.0692738334702611,0.0,0.1076872066075495,0.7090170522529559,0.1140219076692336,0.0,Delta
43,48703.21,59,16,576515.1741500112,36032.1983843757,0.0103333446665705,0.0844115509565708,0.0164494369362989,0.0347685731421603,0.0,0.0045570006095215,0.0156318869026941,0.018318060778834,0.8155301460073495,Anambra
59,57579.44,51,6,20907.315,3484.5525,0.1111520058888479,0.2422570760520898,0.6008031160385731,0.0070075951885739,0.0,0.0057740556355514,0.0330061511963635,0.0,0.0,Imo
53,65125.62,3,4,5982.84,1495.71,0.0,0.0,0.0,0.0,0.0,0.281149086387067,0.7188509136129331,0.0,0.0,Lagos
18,116378.3,30,8,29802.35,3725.29375,0.5062734985663883,0.0033554400911337,0.2693294320749874,0.0,0.0,0.0653747103835771,0.0,0.1556669188839135,0.0,Imo
55,17185.69,247,4,46380.130000000005,11595.0325,0.1158744056991647,0.0,0.0,0.0084911361826713,0.0,0.0,0.0,0.638065913139959,0.2375685449782051,Abuja FCT
46,123089.85,115,4,39597.740000000005,9899.435,0.0,0.0155321995649246,0.0,0.6610831830301426,0.0,0.0,0.2339555237243337,0.0,0.0894290936805989,Kaduna
24,31050.88,188,4,42505.98,10626.495,0.8418714260911052,0.0,0.0,0.1163923287970304,0.0,0.0,0.0,0.0,0.0417362451118642,Lagos
31,11783.1,410,6,67366.98999999999,11227.831666666663,0.0,0.0,0.0705839759205509,0.3431132962894734,0.0,0.0286339051217814,0.1622836347593977,0.3953851879087962,0.0,Abuja FCT
29,30744.39,102,8,38569.61,4821.20125,0.0,0.1065177998947876,0.0683084428388049,0.0314825584184024,0.0,0.7271564322273416,0.0,0.0665347666206632,0.0,Kaduna
53,116734.81,224,4,25053.370000000003,6263.342500000001,0.0,0.0,0.0,0.6176282871326292,0.0,0.0,0.0,0.165423254436429,0.2169484584309416,Cross River
29,92964.94,328,4,15048.34,3762.085,0.0,0.0,0.3362703128717187,0.0,0.0,0.3256073427368068,0.0,0.3381223443914744,0.0,Kwara
38,13585.84,248,3,13213.669999999998,4404.556666666666,0.0,0.0,0.0,0.0,0.0,0.3452697093237534,0.0,0.6547302906762467,0.0,Delta
52,6426.75,15,8,52831.2,6603.9,0.0386919093263071,0.0,0.0501544541861627,0.0,0.0,0.0924016490255757,0.5813227789639456,0.1513675631066491,0.0860616453913596,Edo
37,118155.65,160,7,50319.990000000005,7188.570000000001,0.0066446754063345,0.7349643749929202,0.0,0.0,0.0,0.107881380739543,0.0113310833328861,0.0047384747095537,0.134440010818762,Unknown
37,34072.79,25,10,70950.37,7095.036999999999,0.1370472063782049,0.2783869907937055,0.0,0.0299514999005643,0.0,0.1295178587511242,0.0,0.3865552780063021,0.0385411661700989,Plateau
25,7407.69,9,9,30359.33,3373.2588888888886,0.0,0.2295218636247901,0.0233881973021143,0.4316669702526374,0.0,0.3154229688204581,0.0,0.0,0.0,Edo
28,6869.96,275,6,66538.44,11089.74,0.0,0.2077387146437457,0.7661470572499145,0.0,0.0,0.0261142281063397,0.0,0.0,0.0,Kaduna
37,44364.23,5,8,35518.97,4439.87125,0.1157798213180168,0.0,0.3590447583361792,0.0451871211355509,0.0,0.1753803671671785,0.163525856746409,0.0406582735929561,0.1004238017037093,Unknown
39,80932.48,63,8,154847.57,19355.94625,0.7376107355123492,0.0,0.0,0.0482870993713366,0.0250019422326097,0.0604079224491543,0.1116430177109011,0.0,0.0170492827236488,Delta
48,292573.82,33,8,38672.52,4834.0650000000005,0.1977161043552372,0.0824882888417925,0.0780487022826544,0.0880863207259314,0.0,0.1880128318506267,0.3656477519437574,0.0,0.0,Anambra
65,14092.22,45,7,31173.05,4453.292857142857,0.0,0.113272201468897,0.0999847624791286,0.1525911003254413,0.0,0.0334484434471442,0.0,0.0,0.6007034922793888,Abuja FCT
66,103909.37,1,7,110239.77,15748.53857142857,0.0424254332170685,0.1467431399757093,0.3536439707738867,0.0,0.0,0.0,0.0,0.4029790700760714,0.0542083859572638,Imo
44,31840.21,44,5,57843.51,11568.702,0.0,0.5273013342378428,0.4287462845875017,0.0,0.0,0.0439523811746555,0.0,0.0,0.0,Rivers
48,4697.24,191,4,23462.39,5865.5975,0.823424638325422,0.0,0.0353062923257178,0.0490231387339482,0.0,0.0,0.0,0.0,0.0922459306149117,Enugu
62,20970.62,90,6,34016.79,5669.465,0.1736777632457383,0.0,0.0,0.0129906437379893,0.0,0.3487277900119323,0.0,0.4646038030043399,0.0,Cross River
42,14618.54,125,7,33300.82,4757.26,0.0,0.2678402513811972,0.0,0.4062164234994813,0.0,0.0,0.3259433251193214,0.0,0.0,Kwara
36,213485.09,47,6,29468.67,4911.445,0.0,0.0,0.0,0.0,0.0,0.2394451463198033,0.6989239758699662,0.0,0.0616308778102303,Lagos
22,3853.91,167,7,95869.71,13695.672857142856,0.3426606797913543,0.0,0.0,0.0,0.0,0.0,0.0848969919696221,0.5724423282390236,0.0,Abuja FCT
32,27932.16,93,5,79117.28,15823.456,0.0,0.109438292115199,0.0,0.0,0.0,0.1592368948983079,0.6546277880129348,0.0,0.0766970249735582,Oyo
55,93946.15,1,6,52232.08,8705.346666666666,0.0702857324464199,0.0288353441027046,0.0096122919094931,0.0,0.0,0.0,0.724249350207765,0.0419029837601719,0.1251142975734452,Rivers
55,4326.45,83,10,174441.36,17444.136,0.0,0.2403182364549325,0.0362202518943901,0.0,0.0,0.2861988120248547,0.0145254542844655,0.1966597256522191,0.2260775196891379,Kwara
56,5769.58,76,5,51962.64,10392.528,0.0,0.3136243655056787,0.0,0.2772466910842097,0.0,0.0,0.1604165993105816,0.2487123440995299,0.0,Oyo
25,19478.62,56,7,121927.17,17418.167142857143,0.0493987517302337,0.0,0.0,0.0,0.0,0.0782263707096621,0.6495911452713944,0.0,0.2227837322887097,Rivers
41,27444.78,91,4,91793.92,22948.48,0.0142070411635106,0.0,0.094280645166913,0.0,0.0,0.8377380549822908,0.0537742586872856,0.0,0.0,Rivers
50,86737.98,110,2,4835.74,2417.87,0.0,0.0,0.3887905470517439,0.0,0.0,0.0,0.6112094529482561,0.0,0.0,Plateau
36,42724.66,32,6,73137.52,12189.586666666668,0.0,0.0,0.0,0.6897507599382643,0.0,0.0883361918752509,0.0,0.0073372736729383,0.2145757745135466,Rivers
37,36236.485,23,6,21623.29,3603.881666666666,0.0,0.3087106541141519,0.3563310671040346,0.0,0.0,0.1154125944756787,0.1006271478577034,0.0,0.1189185364484313,Unknown
48,35446.04,114,4,33517.96000000001,8379.490000000002,0.0,0.0,0.0,0.0,0.0,0.8287816442289447,0.0,0.0256334216044174,0.1455849341666378,Plateau
54,104436.62,114,4,27133.38,6783.345,0.4597477350776055,0.0,0.2570416955056834,0.0,0.0,0.0,0.0,0.174040609758165,0.109169959658546,Delta
60,5311.34,21,9,93880.93,10431.214444444444,0.1096060722875242,0.0838831698833831,0.1953800415057669,0.0,0.0,0.0,0.1787326776588174,0.3068635983900031,0.1255344402745052,Rivers
18,372896.64,102,6,69493.33,11582.221666666666,0.0,0.3813725720151847,0.0,0.3961213256006008,0.0461166560877137,0.0305951664713721,0.0,0.0,0.1457942798251285,Ogun
33,47821.0,98,6,114306.61,19051.101666666666,0.0,0.1628254918941258,0.4467383819710863,0.0879386590154322,0.0,0.3024974671193556,0.0,0.0,0.0,Kaduna
26,125238.88,347,4,8348.029999999999,2087.0075,0.0,0.0,0.1746471922118152,0.0,0.0,0.0,0.0,0.0,0.8253528077881849,Plateau
53,25087.37,30,7,35913.97,5130.567142857143,0.0,0.0247533202260847,0.0515119882318774,0.0321963848608215,0.0,0.0,0.7052127626102044,0.046246349261861,0.1400791948091508,Kano
47,6691.02,48,4,109637.7,27409.425,0.0,0.8255407583340402,0.0,0.0,0.0,0.0,0.0,0.0257746194967606,0.1486846221691991,Kwara
48,52514.73,431,4,28185.97,7046.4925,0.0,0.0,0.0,0.0,0.0,0.4545875128654433,0.0,0.1335980276712137,0.4118144594633429,Abuja FCT
39,51298.91,30,3,10340.32,3446.773333333333,0.0,0.0,0.0,0.0,0.0,0.507591641264487,0.0,0.0,0.492408358735513,Oyo
24,65533.58,90,4,15357.87,3839.4675,0.0,0.327557141713011,0.0,0.0,0.0,0.3763764115726986,0.0,0.0,0.2960664467142904,Enugu
54,42152.13,48,2,3353.46,1676.73,0.0,0.0,0.0,0.0,0.0,0.0,0.5369528785194992,0.4630471214805007,0.0,Ogun
35,6041.93,346,3,43875.88,14625.293333333331,0.8853080553598014,0.0,0.0,0.0,0.0,0.0,0.1146919446401986,0.0,0.0,Kaduna
43,9903.93,369,4,478480.6441500111,119620.16103750278,0.9973738958610704,0.0,0.0,0.0,0.0,0.0,0.0026261041389295,0.0,0.0,Anambra
32,34696.05,55,8,96022.58,12002.8225,0.1204714557763392,0.1924133886008895,0.1586196704983348,0.4078281379233925,0.0,0.0,0.0514915345953004,0.0,0.0691758126057433,Cross River
29,30977.9,23,3,22060.45,7353.483333333333,0.1365792628890163,0.0,0.0,0.0,0.0,0.0,0.8278394139738764,0.0355813231371073,0.0,Abuja FCT
30,72854.89,68,3,6683.45,2227.8166666666666,0.0745558057590017,0.0,0.9254441942409984,0.0,0.0,0.0,0.0,0.0,0.0,Enugu
65,11983.63,155,3,26373.04,8791.013333333334,0.0437219220840676,0.0,0.0,0.0,0.0,0.0102362109184227,0.9460418669975096,0.0,0.0,Anambra
60,511611.74,247,4,29907.16,7476.79,0.4453261359487159,0.0,0.0,0.0,0.0,0.0864585604249952,0.4682153036262887,0.0,0.0,Kaduna
35,46128.03,22,3,35053.26,11684.42,0.7387640978328406,0.0,0.0,0.1321024064523527,0.0,0.0,0.0,0.0,0.1291334957148065,Imo
37,7749.13,109,4,59527.24,14881.81,0.0,0.0,0.8775322020641306,0.0,0.0874137621700586,0.0,0.0350540357658107,0.0,0.0,Delta
31,7106.16,195,3,61853.32,20617.77333333333,0.0,0.0,0.9403487153155238,0.0464054314303581,0.0,0.0132458532541179,0.0,0.0,0.0,Plateau
32,69383.79,5,6,62077.13,10346.188333333334,0.519353262626671,0.0,0.0,0.2776626432310901,0.0,0.0,0.0,0.0882287889275809,0.1147553052146579,Abuja FCT
37,22773.21,6,9,43032.6,4781.4,0.0610416289045979,0.0583848059378238,0.0,0.0083515753173175,0.1044742822883116,0.1588316764499472,0.494460246417832,0.1144557846841696,0.0,Lagos
38,82770.73,424,3,37679.88,12559.96,0.0,0.0,0.3486932548617458,0.0,0.0,0.5830289268437161,0.0,0.0,0.068277818294538,Ogun
29,263296.08,352,2,5886.200000000001,2943.1000000000004,0.0,0.2880992830688729,0.0,0.711900716931127,0.0,0.0,0.0,0.0,0.0,Ogun
53,19108.83,4,7,22815.21,3259.315714285714,0.0,0.0244087168165447,0.8720257231908012,0.0510729465124362,0.0,0.0094384404088325,0.0,0.0430541730713852,0.0,Oyo
37,135270.09,170,5,29550.8,5910.16,0.2045528378250335,0.4378070982849872,0.013902161701206,0.0,0.0,0.1871262368531477,0.0,0.1566116653356254,0.0,Cross River
28,5036.26,10,5,39287.35,7857.469999999999,0.1168729883792111,0.5815060063862795,0.0,0.0,0.0,0.0,0.0,0.3016210052345092,0.0,Rivers
37,22011.3,114,4,68639.71,17159.9275,0.0,0.0,0.0519496658712573,0.926031738770458,0.0,0.0,0.0,0.0220185953582845,0.0,Enugu
25,5272.64,356,5,52180.92,10436.184,0.1806978489455532,0.0694267176584851,0.0,0.7498754333959616,0.0,0.0,0.0,0.0,0.0,Lagos
53,5879.65,14,9,63645.62,7071.735555555556,0.0762405959750254,0.4259557845457394,0.0,0.0,0.0197314442062156,0.0563163655252317,0.2650630161195695,0.1566927936282182,0.0,Oyo
37,36236.485,47,5,49886.12,9977.224,0.4082283809604755,0.0,0.0855199803071475,0.0,0.0,0.0,0.0064951934526076,0.2774390952834175,0.2223173499963516,Unknown
37,24729.48,77,6,43029.59,7171.598333333332,0.0,0.0313684141540739,0.0,0.0142348555958818,0.0,0.6669728900507766,0.0295645391926811,0.0,0.2578593010065864,Unknown
18,10534.32,6,7,23622.47,3374.638571428572,0.0,0.2318136079757959,0.0687781591002126,0.0723878578319709,0.0,0.0144087387982713,0.0,0.0,0.6126116362937492,Imo
37,8493.18,86,5,13678.97,2735.794,0.0,0.0,0.0,0.0,0.019065762992389,0.1002378103029687,0.0755254233323122,0.7912869170705104,0.0138840863018195,Plateau
42,106202.15,157,6,61372.17,10228.695,0.2358787378709274,0.0874979652829613,0.0,0.0592128321354776,0.0,0.0,0.2468721572008941,0.0,0.3705383075097394,Abuja FCT
18,188273.08,22,6,47435.17,7905.861666666667,0.2907218420425183,0.0,0.0448253901061174,0.3371511053928973,0.0,0.0,0.258488163950925,0.0,0.0688134985075419,Rivers
41,16246.29,34,7,34673.79,4953.398571428572,0.0,0.0,0.2821543304034546,0.0,0.0416435584341948,0.1014192564470166,0.0,0.5661610686342624,0.0086217860810716,Imo
31,20089.23,90,4,12523.18,3130.795,0.0864700499393924,0.0,0.0,0.0,0.0,0.525005629560543,0.2127367010615515,0.0,0.1757876194385132,Anambra
46,23431.59,24,4,35218.19,8804.5475,0.0,0.227159317386839,0.0,0.3745527524270838,0.0,0.0,0.0,0.3031734453133451,0.0951144848727319,Lagos
44,54058.78,125,1,14023.74,14023.74,0.0,0.0,1.0,0.0,0.0,0.0,0.0,0.0,0.0,Cross River
33,195478.21,26,9,171226.5,19025.166666666668,0.0565213328544354,0.0756715812096842,0.0,0.0,0.0,0.5179171448344736,0.017209894496471,0.0,0.3326800466049355,Cross River
56,67076.65,202,3,34655.8,11551.933333333334,0.4006778086207792,0.0,0.4250425614182907,0.17427962996093,0.0,0.0,0.0,0.0,0.0,Lagos
25,33839.22,101,6,52009.69,8668.281666666668,0.0,0.0886240621699533,0.2607189160327623,0.0,0.0,0.492206932977297,0.0958284888835138,0.0626215999364733,0.0,Rivers
50,54512.76,94,5,59015.780000000006,11803.156,0.0751336337501597,0.8294866220526104,0.0,0.0953797441972299,0.0,0.0,0.0,0.0,0.0,Imo
49,147614.96,156,6,20949.45,3491.5750000000003,0.2275381931267885,0.0,0.0,0.0,0.0,0.0,0.1208399265851848,0.0665941110625815,0.5850277692254451,Kwara
18,24520.58,23,8,77206.63,9650.82875,0.0204255774406938,0.2490424721296603,0.1009698260369608,0.0,0.0,0.0,0.5333978442006858,0.0392536236849089,0.0569106565070901,Plateau
49,18620.39,79,7,55040.64,7862.948571428571,0.103228450831967,0.1046555781328124,0.1032199116870734,0.1950084519366053,0.0,0.0,0.0,0.0422051778467692,0.4516824295647725,Kano
31,132820.32,56,5,36423.48,7284.695999999999,0.0519313365993584,0.0,0.0,0.2478692316055467,0.0,0.0149120841830599,0.0,0.6852873476120348,0.0,Delta
40,77807.65,124,5,43212.39,8642.478,0.7064249396990077,0.0,0.030995277049013,0.0,0.0,0.0761288602643825,0.0558675416934819,0.1305833812941149,0.0,Ogun
31,12725.19,28,9,41302.62,4589.18,0.0299056088935762,0.0,0.2093864747563229,0.0,0.1813887351456154,0.0889960491610459,0.1604682705358643,0.2621756198517188,0.0676792416558562,Rivers
40,16369.91,260,3,36807.35,12269.116666666669,0.0676840359330405,0.0,0.0,0.0,0.0,0.0,0.2811324368638329,0.0,0.6511835272031266,Plateau
36,1110.46,160,7,48535.65,6933.664285714286,0.1139535578487153,0.1240784866381721,0.0,0.2820720439511988,0.0,0.4429090781724361,0.0369868333894776,0.0,0.0,Edo
35,568633.02,254,2,11307.595,5653.7975,0.5520758392920865,0.4479241607079136,0.0,0.0,0.0,0.0,0.0,0.0,0.0,Delta
37,89280.91,38,8,51106.07,6388.25875,0.1298450458037567,0.1301843401380697,0.0,0.1270786425174152,0.0,0.2722498521212842,0.1094476644359466,0.0725385458126598,0.1586559091708675,Anambra
26,9852.56,49,5,64080.33,12816.066,0.0,0.0,0.0,0.0044004142924981,0.0,0.3478012675652575,0.0,0.1909609391836777,0.4568373789585665,Cross River
40,19580.44,92,6,12299.3,2049.883333333333,0.2487808249249957,0.202423715170782,0.2657964274389599,0.0,0.0,0.159478994739538,0.1235200377257242,0.0,0.0,Edo
45,21012.94,143,5,179644.04,35928.808000000005,0.4366349142448589,0.0,0.0025652395704305,0.0033723913133995,0.0,0.5574274548713111,0.0,0.0,0.0,Delta
35,50264.93,365,3,15497.18,5165.7266666666665,0.0,0.0,0.0,0.0,0.0,0.0,0.0,0.0569206784718252,0.9430793215281748,Ogun
39,22101.71,75,5,34323.340000000004,6864.668000000001,0.0,0.0,0.0,0.0,0.0,0.0405301465416827,0.0520823439676907,0.4610137008810914,0.446373808609535,Enugu
31,11908.81,278,4,21550.07,5387.5175,0.0,0.3572879345635536,0.1675317063935291,0.0,0.0,0.4751803590429173,0.0,0.0,0.0,Lagos
32,43803.01,55,8,49170.76,6146.344999999999,0.2170080348564879,0.0,0.0,0.0841105567617828,0.0,0.042129102743175,0.0126752159210067,0.3802243447121826,0.263852745005365,Kaduna
40,31500.94,373,1,1438.84,1438.84,0.0,0.0,0.0,0.0,0.0,0.0,1.0,0.0,0.0,Kano
43,43614.01,223,8,490305.5541500111,61288.19426875139,0.0,0.0,0.0204590788643828,0.0,0.0,0.0102180160057236,0.0,0.9589234716402212,0.0103994334896723,Kwara
47,22493.13,272,7,73400.92,10485.845714285711,0.0834650301385868,0.7941103463008365,0.0,0.0,0.0,0.0571332075946732,0.0423651365677705,0.0229262793981328,0.0,Plateau
58,19417.64,44,4,9893.18,2473.295,0.0,0.1264133473766776,0.5985941830634841,0.0,0.0,0.0,0.0,0.2749924695598382,0.0,Imo
18,50495.48,11,6,114865.36,19144.226666666666,0.8661190806349276,0.0011981854233513,0.0093949995020256,0.0,0.0,0.0325110198583802,0.0,0.0,0.090776714581315,Anambra
54,2517.37,16,3,4903.55,1634.5166666666669,0.0,0.3053175760418472,0.0,0.1831999265838015,0.0,0.0,0.5114824973743513,0.0,0.0,Plateau
69,41862.4,27,6,46414.16,7735.693333333334,0.0,0.0,0.0951655701622091,0.338237081097665,0.0,0.0596490381383612,0.0,0.3819101756877642,0.1250381349140003,Abuja FCT
45,169676.74,79,7,92048.15,13149.735714285713,0.7785686078427433,0.0,0.0349926641654395,0.0063827464213023,0.0,0.0,0.0101797809081442,0.0,0.1698762006623707,Delta
33,33839.95,25,5,34744.79,6948.9580000000005,0.0441361136446644,0.140179002377047,0.0,0.2927682107159088,0.0,0.3509343415228586,0.0,0.1719823317395212,0.0,Anambra
41,104153.76,51,4,38052.75,9513.1875,0.0290785817056585,0.0,0.1041504227683938,0.0,0.6950391233222304,0.0,0.0,0.0,0.1717318722037172,Lagos
57,63488.83,246,4,65096.99999999999,16274.249999999998,0.0500059910594958,0.0,0.5794428314668879,0.3705511774736163,0.0,0.0,0.0,0.0,0.0,Plateau
18,120651.02,49,9,63477.42,7053.046666666666,0.0,0.0,0.0310672676992858,0.3074830388506653,0.0,0.0,0.5033596198459231,0.0,0.1580900736041256,Kaduna
31,64037.66,2,6,41342.75,6890.458333333333,0.0,0.0,0.336181071651015,0.299848461943146,0.0,0.0,0.3639704664058389,0.0,0.0,Plateau
51,25069.7,608,4,26513.75,6628.4375,0.1403592475602282,0.0,0.0,0.4671496864834283,0.0,0.0,0.2429878836452784,0.149503182311065,0.0,Kwara
50,29381.86,36,14,131007.36,9357.668571428572,0.0303063888929599,0.2680357805851519,0.0334156035202907,0.0285683949359791,0.0,0.1338195044919613,0.5027067181569035,0.0,0.0031476094167533,Cross River
35,12923.91,79,9,36557.18,4061.908888888889,0.1179212948044679,0.0,0.1232261350574634,0.1288428155563421,0.0,0.0061667776343798,0.1382691443924285,0.4855738325549181,0.0,Kwara
21,6037.98,259,5,21222.78,4244.556,0.3326420949564572,0.1285557311530346,0.0,0.0,0.0,0.0,0.0919719282770683,0.0,0.4468302456134399,Enugu
27,229789.87,281,2,5856.3,2928.15,0.0,0.0,0.0,0.0,0.0,0.0,0.0,0.7830985434489354,0.2169014565510646,Plateau
46,48273.92,151,2,19208.74,9604.37,0.0,0.8256408280813837,0.0,0.0,0.0,0.1743591719186162,0.0,0.0,0.0,Rivers
29,40059.38,118,8,89150.39,11143.79875,0.0,0.0814463066286081,0.2314426218438304,0.1252346736789373,0.0,0.1165110999514415,0.0,0.0093143731620243,0.4360509247351582,Imo
24,6036.6,90,5,179331.91,35866.382,0.0282695923999248,0.0,0.050152535597262,0.0,0.0,0.0492381417227976,0.0,0.8723397302800154,0.0,Plateau
45,29186.57,72,11,188144.89,17104.08090909091,0.1066017790863201,0.0853995556297064,0.7284818631002946,0.0,0.0,0.003874354493497,0.0,0.0756424476901817,0.0,Kano
50,48059.94,99,7,65143.40000000001,9306.2,0.0317989236054611,0.0292717297531292,0.0,0.189890303545716,0.0,0.5220795967051152,0.0,0.0,0.2269594463905783,Kaduna
37,13765.74,235,6,47907.87,7984.645,0.1627722125821916,0.0,0.0,0.0,0.0,0.2681574029486179,0.0568633086797638,0.080560250330478,0.4316468254589486,Abuja FCT
26,75094.75,58,5,37204.935,7440.986999999999,0.0,0.3679233682305855,0.5847993014905146,0.0,0.0,0.0472773302788998,0.0,0.0,0.0,Kwara
52,466048.41,2,8,521079.4741500112,65134.93426875139,0.0,0.0,0.0,0.0183236348266737,0.0,0.0042029673181283,0.0506103796220687,0.902291353765083,0.0245716644680461,Edo
29,81239.03,31,7,586180.7341500111,83740.10487857301,0.0,0.0117970953276507,0.8020828334315229,0.0,0.0,0.0011800797257573,0.0279561559179566,0.1511126259180866,0.0058712096790258,Delta
37,98062.86,594,5,58301.36,11660.272,0.0,0.3358028011696468,0.0,0.1955462102427799,0.0,0.465515212681145,0.0,0.0031357759064282,0.0,Rivers
38,26005.91,46,6,91793.07,15298.845,0.3011076979994241,0.0236102790766231,0.0264664859776451,0.0,0.0,0.4846315740393038,0.1641839629070037,0.0,0.0,Anambra
42,575337.56,74,5,24511.91,4902.382,0.0,0.0,0.0,0.2429170146267671,0.0,0.4234810751181772,0.3336019102550556,0.0,0.0,Oyo
37,116172.85,175,6,148796.83,24799.471666666665,0.0676672345775108,0.0586017860729963,0.0801587641349617,0.127954002783527,0.0,0.0,0.3889199790076172,0.0,0.2766982334233867,Unknown
40,105109.05,106,6,99216.11,16536.01833333333,0.5143917656114516,0.2570995778810517,0.0260459717680929,0.0,0.0,0.0,0.1865404721067979,0.0,0.0159222126326057,Imo
30,605626.79,48,8,50024.60999999999,6253.076249999999,0.0725089111139497,0.3980258916561268,0.0217091147737083,0.0514190915231523,0.0,0.4178131523664052,0.0,0.0385238385666574,0.0,Cross River
53,6769.05,13,8,73354.45999999999,9169.3075,0.021347031932346,0.0310321962700018,0.0,0.3751225215208455,0.0,0.2915436907312793,0.265893034997463,0.0150615245480642,0.0,Enugu
43,12361.06,18,8,79473.85,9934.23125,0.7455953121687197,0.0203063020100322,0.0368996846132407,0.0951989868365506,0.0,0.0586596723324716,0.0,0.0,0.0433400420389851,Lagos
26,199771.17,7,8,58494.33,7311.791249999999,0.6765616428122178,0.0,0.0465511785501261,0.0,0.0,0.2129688467241184,0.0,0.0639183319135376,0.0,Edo
43,46288.18,730,1,669.41,669.41,0.0,0.0,0.0,0.0,0.0,0.0,0.0,0.0,1.0,Kwara
46,16658.29,56,8,155877.36,19484.67,0.0025443720627549,0.0582855008578538,0.1822419881886632,0.0066177025322984,0.0,0.7328215592052624,0.0,0.017488877153167,0.0,Kwara
48,29342.47,354,5,34092.3,6818.460000000001,0.3316473221225907,0.0205351354998049,0.0644957952382209,0.0,0.0,0.0127125479947084,0.0,0.0,0.5706091991446749,Abuja FCT
18,6980.67,257,8,61076.06,7634.5075,0.1282810318805764,0.0,0.0484757857661414,0.0663312269979432,0.1282810318805764,0.0,0.0,0.0,0.6286309234747625,Kwara
28,13857.8,47,6,33405.13,5567.5216666666665,0.3361723184433049,0.2276922736118673,0.1445706093644898,0.0,0.0,0.0,0.0586939790385488,0.1319339275135286,0.1009368920282603,Cross River
63,42169.04,122,6,41565.41,6927.568333333334,0.2290310621259359,0.5397745384924628,0.0,0.0863985222327892,0.0,0.0459940128101707,0.0988018643386411,0.0,0.0,Ogun
40,73098.6,86,6,63513.21,10585.535,0.1256615749699944,0.0,0.1340640789530241,0.0,0.0,0.3665017088571023,0.3737726372198791,0.0,0.0,Rivers
68,90215.79,19,8,48804.27,6100.53375,0.0854384257770887,0.0853093387115512,0.1271101893338431,0.0,0.0,0.6030498970684327,0.012988002894009,0.0,0.086104146215075,Kwara
31,7677.13,146,6,252161.86,42026.97666666667,0.0,0.0,0.0,0.0348089516788938,0.0,0.0184273307628679,0.0559122224114305,0.8882218746324285,0.0026296205143791,Imo
28,40825.95,59,7,58303.880000000005,8329.125714285716,0.1379915024523239,0.0451407350591418,0.0,0.2137231690240855,0.0,0.0,0.534315383470191,0.0688292099942576,0.0,Rivers
31,74678.25,133,5,58878.45,11775.69,0.0,0.0,0.0,0.0,0.0303978790202527,0.6907197794778905,0.2272325443349816,0.0,0.0516497971668751,Plateau
46,9932.52,32,8,87618.76,10952.345,0.0,0.0,0.706365737200572,0.0,0.0,0.1570209393513444,0.0278016945229537,0.0345182926578737,0.074293336267256,Plateau
29,26169.41,272,3,108126.74,36042.246666666666,0.3264209204864587,0.6438461938277248,0.0,0.0297328856858164,0.0,0.0,0.0,0.0,0.0,Delta
46,32562.17,104,6,28301.01,4716.835,0.1741393681709592,0.0,0.163889910642765,0.0339231709398357,0.0,0.0365262582501472,0.1313677497728879,0.0,0.4601535422234047,Abuja FCT
30,2100.34,79,8,187541.18,23442.6475,0.7793508604350255,0.0169248695139915,0.0393410663194078,0.1566061917707887,0.0,0.0,0.0,0.0077770119607864,0.0,Kaduna
23,89689.92,32,4,21738.98,5434.745,0.1538443846031414,0.5359786889725277,0.0,0.0,0.0,0.0759589456359038,0.0,0.0,0.234217980788427,Kano
44,5644.87,42,3,9586.96,3195.653333333333,0.0,0.1630496007076279,0.0,0.20758092241962,0.0,0.0,0.0,0.6293694768727522,0.0,Plateau
18,30453.54,368,7,68565.25,9795.035714285714,0.0263459988842744,0.0,0.0662303426298307,0.0774314977339103,0.0,0.1940577770809557,0.0246031335115091,0.6113312501595196,0.0,Cross River
56,8297.08,232,4,29373.89,7343.4725,0.1290608768535594,0.0,0.0302642925400755,0.0,0.7641534709907336,0.0,0.0765213596156314,0.0,0.0,Lagos
37,11135.27,27,4,25617.42,6404.355,0.0,0.8004178406724799,0.0,0.1893410811861616,0.0,0.0,0.0,0.0102410781413584,0.0,Anambra
54,22180.15,25,6,25126.95,4187.825,0.0,0.4816708752952507,0.0,0.0,0.0,0.052727450008855,0.3244193982954557,0.1411822764004386,0.0,Delta
37,36236.485,244,4,8310.57,2077.6425,0.0,0.0,0.0,0.0,0.0,0.2048896766407117,0.2699562123897638,0.5251541109695244,0.0,Unknown
36,7506.56,140,6,22084.81,3680.801666666666,0.1945735553079243,0.0,0.0,0.0,0.0,0.4569928380638094,0.0626063796790644,0.2858272269492017,0.0,Edo
47,56433.09,112,8,53331.14,6666.3925,0.0,0.0552840235554687,0.0204017765230595,0.0,0.0,0.0627053912592155,0.1958975562870022,0.0315671106974274,0.6341441416778265,Kano
51,125414.01,298,6,505431.5041500111,84238.58402500185,0.0,0.0,0.933312308941478,0.0406253069533745,0.0,0.0260623841051474,0.0,0.0,0.0,Rivers
40,102277.16,466,4,5216.91,1304.2275,0.0,0.0,0.1844751011614154,0.3907657981448789,0.0,0.2239448255768261,0.2008142751168795,0.0,0.0,Oyo
37,19809.56,159,7,36130.29,5161.47,0.0,0.3722267382852449,0.257986027789979,0.1430137981178673,0.0,0.0932735386292221,0.1334998971776866,0.0,0.0,Abuja FCT
24,127244.59,132,5,136427.61,27285.522,0.4296889024149876,0.563769386563321,0.0,0.0,0.0,0.0065417110216912,0.0,0.0,0.0,Ogun
37,36236.485,178,5,60842.5,12168.5,0.0297201791510868,0.7024770514032133,0.0,0.0,0.0591249537740888,0.0142762049554176,0.0,0.0,0.1944016107161934,Unknown
25,8202.88,260,4,11499.12,2874.78,0.394670200850152,0.0,0.0,0.2018041380557816,0.0,0.0,0.0,0.0420953951258878,0.3614302659681784,Plateau
40,218609.56,57,6,39540.43,6590.071666666667,0.0178331393968148,0.0,0.0516833023818911,0.490844940229532,0.0,0.0,0.1677174476858243,0.0287586654975679,0.2431625048083695,Cross River
40,50360.82,162,6,56849.71,9474.951666666666,0.0,0.0,0.0,0.0,0.0,0.4610373562151856,0.0486818666269361,0.0,0.4902807771578782,Rivers
44,63905.75,360,5,43142.06,8628.412,0.0,0.0,0.0,0.1372308137349027,0.0,0.0,0.3333686430365171,0.0410114862387192,0.4883890569898609,Edo
39,115990.51,240,5,39251.1,7850.219999999999,0.0,0.3261793936985205,0.0,0.0,0.0,0.0,0.2862773272596182,0.2041789911620311,0.1833642878798301,Kwara
41,147206.09,158,10,113362.31,11336.231000000002,0.0953180999928459,0.209542836591809,0.0,0.0261440508754629,0.0,0.661269428966294,0.007725583573588,0.0,0.0,Ogun
55,1481.0,212,6,29113.56,4852.259999999999,0.1007647295624444,0.0055513650683736,0.0287127372949237,0.0,0.0,0.6219555423658254,0.2136052753424864,0.0,0.0294103503659463,Abuja FCT
18,3511.01,79,6,90665.37,15110.895,0.0,0.0,0.09251448485789,0.0,0.0,0.0,0.0566201847519069,0.0569241596874308,0.7939411707027723,Kaduna
55,28374.59,72,6,54236.91,9039.485,0.0189090787067331,0.1396233671866631,0.0,0.0583484567981472,0.0,0.0,0.7270935973306739,0.0560254999777826,0.0,Edo
18,51617.55,22,6,589730.7541500111,98288.45902500184,0.0786279495747731,0.0949164675677766,0.0,0.0,0.0,0.7999592200850497,0.0,0.0,0.0264963627724004,Lagos
41,9587.19,91,9,133399.56,14822.173333333332,0.0961718314513181,0.0,0.0,0.5720875691044258,0.0,0.0,0.0705855401622014,0.1629585584840009,0.0981965007980536,Kano
19,2905.04,93,5,45010.33,9002.066,0.0,0.0,0.0,0.0,0.0,0.0,0.0,0.9588561114748548,0.0411438885251452,Plateau
40,63067.51,9,3,27470.7,9156.9,0.0,0.0,0.914927176955811,0.0,0.0,0.0,0.0850728230441889,0.0,0.0,Kwara
45,26238.2,104,5,38676.18,7735.236,0.0377128765043497,0.3291847850537462,0.0,0.5397696980415335,0.0,0.0933326404003704,0.0,0.0,0.0,Cross River
28,7791.97,232,5,73715.07,14743.014,0.0,0.2347551185937964,0.4940171663677455,0.0,0.0,0.1334035225090337,0.0,0.0038593194037528,0.1339648731256716,Kaduna
24,41752.19,17,9,65593.94,7288.2155555555555,0.0353528085063955,0.6680461640206397,0.0124991729418906,0.1259707832766258,0.0,0.1239850815486918,0.0341459897057563,0.0,0.0,Edo
48,30316.14,131,4,34192.64,8548.16,0.1463443594878898,0.0297958858982517,0.0,0.0,0.0,0.0,0.0,0.3330924432860405,0.490767311327818,Kano
30,9168.31,60,8,45387.55,5673.44375,0.1609994370702979,0.0,0.0,0.069397004244556,0.1633119655059592,0.2561629786141794,0.0058059974596557,0.0848611568590946,0.2594614602462569,Rivers
70,265015.81,95,6,119874.48,19979.08,0.0228650001234624,0.1750265778003792,0.0509087505530785,0.0129766569164679,0.0,0.1552206107588537,0.0,0.0,0.583002403847758,Plateau
53,15482.27,40,3,38668.03,12889.343333333332,0.3986109455278689,0.0,0.0,0.0,0.0,0.390378304764944,0.211010749707187,0.0,0.0,Kaduna
18,34375.48,2,8,115295.65,14411.95625,0.0786811124270516,0.2496220802779636,0.5961021946621576,0.0,0.0,0.006766777410943,0.0579317606518545,0.0,0.0108960745700293,Plateau
39,54206.4,162,10,175704.79,17570.479,0.0742265478362883,0.0,0.0302016808989669,0.0066226424447506,0.0,0.1650812706927341,0.0747642679519437,0.0,0.6491035901753162,Kano
21,75859.62,114,8,108035.23,13504.40375,0.0085684086570649,0.1348487896031693,0.0,0.0,0.0588217380571134,0.0,0.4081958264910437,0.0,0.3895652371916087,Oyo
37,85274.5,14,5,64797.9,12959.58,0.0,0.4628514195676095,0.0335817981755581,0.4997441275103052,0.0,0.0038226547465272,0.0,0.0,0.0,Unknown
44,13900.95,92,6,23475.53,3912.588333333333,0.1030634878104988,0.08801633019574,0.0127034405612993,0.0,0.0,0.0254733332964154,0.0,0.7707434081360464,0.0,Ogun
51,45786.08,30,8,36923.19,4615.39875,0.0,0.0414603938608771,0.0926314871494039,0.1371769340623061,0.0,0.2883854293196227,0.1038518069538411,0.2279423852597784,0.1085515633941704,Plateau
23,238943.54,257,6,16490.44,2748.4066666666663,0.1457165484971899,0.0383070433536036,0.0,0.0,0.0,0.0,0.8159764081492065,0.0,0.0,Cross River
58,99530.99,135,7,153240.19,21891.45571428572,0.1052801487651509,0.0151440036716216,0.0,0.0,0.0,0.5528653416574334,0.3176724069579918,0.0,0.0090380989478021,Kano
42,71085.9,240,2,12082.5,6041.25,0.0,0.0,0.0,1.0,0.0,0.0,0.0,0.0,0.0,Anambra
33,30747.71,71,7,101725.16,14532.165714285717,0.0051889817622307,0.0643426857229814,0.0,0.0584950665105859,0.0,0.0470791100254843,0.2273871085580008,0.0,0.5975070474207167,Rivers
54,10412.9,1,7,210384.16,30054.88,0.7644949125447466,0.0090638477725699,0.0,0.0,0.0949872366816969,0.1278718416823775,0.0,0.0,0.0035821613186087,Anambra
42,24468.6,124,4,10799.95,2699.9875,0.0,0.0,0.4144408075963314,0.0,0.0,0.4032759410923199,0.0,0.1822832513113486,0.0,Enugu
35,50599.76,14,10,39119.26,3911.926,0.0780040317736071,0.2413601382030232,0.2325294496879542,0.1236679834945752,0.0814862039823861,0.1879437392220609,0.0,0.0550084536363929,0.0,Abuja FCT
43,5461.71,71,5,38852.55,7770.51,0.0,0.1865720525422398,0.6910869428132773,0.0,0.0,0.0,0.1223410046444827,0.0,0.0,Rivers
37,79059.38,541,2,9688.01,4844.005,0.0,0.0,0.8794148643529477,0.0,0.0,0.0,0.1205851356470523,0.0,0.0,Cross River
49,183494.09,110,8,97437.87,12179.73375,0.0606630666290221,0.0,0.4871641795946484,0.1043088277689157,0.0,0.0242576115426168,0.0,0.1327207788922315,0.1908855355725654,Plateau
38,64057.29,132,6,43202.17,7200.361666666667,0.5542355858513589,0.0,0.039173958159972,0.0,0.0,0.0,0.0,0.1070918428403017,0.2994986131483673,Imo
59,153716.12,241,6,116550.41,19425.068333333333,0.0916369148765757,0.0,0.0,0.0,0.0,0.0,0.0939643198166355,0.2942927442297285,0.5201060210770602,Kano
37,112839.96,1,5,95744.33,19148.866,0.2296949594821959,0.0,0.0,0.7703050405178041,0.0,0.0,0.0,0.0,0.0,Plateau
53,277700.47,169,3,3341.85,1113.95,0.0,0.3758337447820818,0.6241662552179182,0.0,0.0,0.0,0.0,0.0,0.0,Ogun
37,383270.93,120,3,34228.04,11409.346666666666,0.0,0.7396757161672126,0.2603242838327874,0.0,0.0,0.0,0.0,0.0,0.0,Kano
31,35742.74,45,7,57222.38,8174.625714285714,0.4059056963376916,0.3246684251860897,0.0427806393232857,0.0,0.0,0.2018577346835276,0.0,0.0,0.0247875044694051,Kwara
22,62088.52,57,2,25411.01,12705.505,0.0,0.0,0.0,0.2333437356484453,0.0,0.0,0.0,0.0,0.7666562643515547,Lagos
32,289658.07,297,6,49050.29,8175.048333333333,0.0,0.0,0.0,0.0354941836225637,0.0,0.4076277632609308,0.3319764266429414,0.2249016264735642,0.0,Delta
33,4131.68,25,7,102639.87,14662.838571428572,0.0,0.1896310858538694,0.135226009152194,0.0,0.0,0.0300354043706407,0.1002807193734754,0.0,0.5448267812498204,Delta
43,84754.15,27,5,22641.4,4528.280000000001,0.0,0.0794738841237732,0.0,0.0,0.0,0.2853017039582358,0.1256852491453708,0.4652768821715971,0.0442622806010229,Abuja FCT
45,12961.63,415,5,114955.17,22991.034,0.1215380743641195,0.0024366890153787,0.355725279689465,0.0,0.0,0.0,0.0,0.0,0.5202999569310367,Delta
54,8382.86,38,4,27137.27,6784.3175,0.0,0.0,0.0,0.0,0.0,0.0,0.1854353809355178,0.2248829745954549,0.5896816444690274,Rivers
76,12163.68,237,6,74981.39,12496.898333333333,0.0,0.1817905749680021,0.0389795387895583,0.729653317976634,0.0,0.0495765682658056,0.0,0.0,0.0,Anambra
35,75998.9,101,10,24662.33,2466.233,0.0,0.0,0.121787357480011,0.1575816234719104,0.0,0.1940639834111375,0.1746420553126975,0.0643450963473443,0.2875798839768992,Oyo
33,18518.76,123,6,28245.48,4707.58,0.0611085384280954,0.0,0.0,0.0167616199122833,0.0,0.0,0.0,0.8787494494694372,0.043380392190184,Cross River
18,3523.57,375,3,39268.39,13089.463333333331,0.6361536594701235,0.0,0.0,0.0,0.0,0.0,0.0280581913340475,0.335788149195829,0.0,Plateau
33,56687.32,79,8,141455.36,17681.92,0.0024720166135804,0.0,0.2410210542746489,0.0,0.0,0.4514342192476835,0.0,0.0,0.3050727098640872,Lagos
24,20651.85,466,3,7531.73,2510.5766666666664,0.4450942877665556,0.0,0.0,0.277869759006231,0.0,0.0,0.0,0.2770359532272134,0.0,Lagos
33,49373.25,5,8,107648.03,13456.00375,0.1682029852288054,0.0,0.091791925964646,0.1894830773958427,0.0,0.0,0.5450312467399543,0.0054907646707515,0.0,Delta
51,7709.35,167,5,13334.29,2666.858,0.0,0.3274775034891246,0.1668240303758205,0.1407843987193918,0.0,0.0,0.0450080206745166,0.0,0.3199060467411463,Lagos
38,8443.16,95,3,10202.79,3400.9300000000003,0.0,0.0,0.0,0.0,0.0,0.6989392117254202,0.0,0.0,0.3010607882745797,Anambra
32,110939.8,30,8,74729.8,9341.225,0.0775413556573147,0.3916461706039625,0.0,0.0876112340726189,0.0,0.4432012396661038,0.0,0.0,0.0,Kaduna
36,19205.72,60,7,39945.42,5706.488571428571,0.0,0.2892041190204034,0.1112427907880302,0.0,0.0,0.2646433558590697,0.1524702957185079,0.0549740120394278,0.127465426574561,Anambra
30,30266.76,44,6,35315.37,5885.895,0.3103037006266677,0.0975787596165635,0.2302054317992421,0.1996391372934787,0.0,0.0551264222914838,0.0,0.1071465483725641,0.0,Enugu
27,10281.74,78,4,46432.49,11608.1225,0.0124565794339265,0.0,0.0,0.6433187192847077,0.0,0.0,0.0,0.0,0.3442247012813657,Kano
41,41205.61,59,5,45954.52,9190.904,0.6116880341694353,0.0,0.0,0.0,0.0,0.0,0.2626540327262693,0.0,0.1256579331042953,Plateau
31,593219.51,3,10,59103.7,5910.37,0.0,0.0793212607670924,0.1233330569828961,0.4588924212866538,0.0488729132017115,0.2484964562286286,0.0,0.0410838915330173,0.0,Anambra
37,86317.97,307,6,67093.48000000001,11182.246666666668,0.0,0.0481078042158492,0.1204789198592769,0.0,0.0,0.769169820972172,0.0,0.0622434549527018,0.0,Imo
31,49623.96,115,5,21422.9,4284.58,0.1599302615425549,0.0,0.3137535067614562,0.0,0.0,0.0,0.4302059945198829,0.0,0.0961102371761059,Plateau
45,23131.89,223,6,47523.25,7920.541666666667,0.0,0.0,0.1132296297075641,0.0,0.0,0.5253769470732746,0.0,0.0,0.3613934232191611,Oyo
51,33411.63,93,4,81521.95999999999,20380.49,0.0,0.7729170152435001,0.0,0.0,0.0,0.2270829847565,0.0,0.0,0.0,Imo
48,34444.43,393,4,16155.64,4038.91,0.0,0.0,0.7795345773983574,0.1498492167441215,0.0,0.0561475744693494,0.0,0.0144686313881715,0.0,Edo
33,6758.45,7,8,203054.58,25381.8225,0.073398590664638,0.0,0.0,0.0790364344404346,0.0084930366997878,0.8231397193798831,0.0,0.0,0.0159322188152564,Cross River
46,46883.17,3,5,34299.89,6859.978,0.0,0.0,0.0814098820725081,0.1084548667648788,0.0,0.7007200314636577,0.0,0.073739886629374,0.0356753330695812,Ogun
37,36236.485,109,5,22306.5,4461.3,0.146864366888575,0.0,0.2160818595476654,0.0,0.0,0.0,0.6370537735637594,0.0,0.0,Unknown
44,27054.13,124,6,37273.66,6212.276666666668,0.0,0.1094083596834869,0.0,0.0741029992761644,0.0,0.0,0.3509244866213835,0.1268219970885606,0.3387421573304043,Edo
55,6878.93,130,3,303828.61,101276.20333333332,0.0,0.0065605079126682,0.0,0.0,0.0,0.9603389226577445,0.0331005694295872,0.0,0.0,Kaduna
47,19016.85,162,3,10627.04,3542.346666666667,0.0,0.0,0.0,0.0,0.4721719312244989,0.0,0.0967136662701937,0.4311144025053072,0.0,Enugu
21,177751.37,34,6,46905.225,7817.537499999999,0.0,0.5128508604318602,0.0471542349493046,0.0,0.0,0.0,0.0672063719980023,0.0122197473735601,0.3605687852472726,Edo
18,32592.14,173,4,39134.49,9783.6225,0.1561694045329324,0.0,0.3739110947913209,0.3933356484267458,0.0,0.0,0.0,0.0765838522490008,0.0,Imo
33,8987.48,364,4,7220.48,1805.12,0.0,0.0,0.173707288158128,0.0965877614784612,0.0,0.0,0.1926935605389115,0.5370113898244993,0.0,Ogun
18,63938.71,68,3,7814.32,2604.773333333333,0.0,0.0,0.0,0.0,0.0,0.0,0.5758837621187769,0.4241162378812232,0.0,Rivers
48,161436.0,87,4,44714.61,11178.6525,0.0,0.088645746882283,0.0,0.0,0.0,0.7974840885339266,0.0,0.0,0.1138701645837904,Kano
39,30599.99,178,9,118992.23,13221.358888888888,0.0115212564719561,0.0,0.1162780964773918,0.0,0.0080506096910697,0.0112967880339749,0.0054141350237742,0.0,0.847439114301833,Kwara
35,24509.35,42,5,19892.34,3978.468,0.0,0.2505280927231285,0.0,0.0303031217041333,0.0,0.1775346691238938,0.0,0.0,0.5416341164488441,Kaduna
23,39361.42,31,9,55680.31,6186.701111111111,0.3402906700770883,0.188079053439178,0.251545294916641,0.020206604453172,0.0,0.0,0.0,0.1357003939094448,0.0641779832044757,Kano
40,21145.88,75,6,38873.28,6478.88,0.0,0.1871167032985125,0.0,0.0,0.0,0.173894510573844,0.0,0.0,0.6389887861276435,Kano
29,33955.86,87,10,103482.2,10348.22,0.2415362255537667,0.0015916747034755,0.0,0.0802591170268896,0.0,0.1659493130219496,0.3887945946259357,0.1083762231572193,0.0134928519107633,Plateau
33,311214.92,222,3,80179.73999999999,26726.58,0.0,0.0,0.0,0.7969647943482979,0.0,0.0,0.203035205651702,0.0,0.0,Delta
51,56234.21,243,4,10191.8,2547.95,0.0,0.1239996860220962,0.0,0.4234531682332856,0.0,0.1260493730253733,0.3264977727192449,0.0,0.0,Abuja FCT
36,31763.65,3,8,102223.03,12777.87875,0.0195505846383148,0.0,0.1265265762519463,0.0,0.0,0.1794979076632731,0.5574114756723606,0.067026187738712,0.0499872680353927,Plateau
21,23946.14,141,9,87784.94,9753.882222222222,0.0,0.0,0.0,0.1699119461720882,0.0,0.1114897384448858,0.1471509805668261,0.056525868787972,0.5149214660282276,Anambra
24,35281.47,106,8,105237.04,13154.63,0.0257912043136142,0.0,0.0920535203194616,0.2903170784735108,0.0,0.0,0.0096586715095749,0.0638091873355616,0.5183703380482765,Delta
42,25181.21,86,6,55584.8,9264.133333333331,0.0800150400829003,0.0555579942718153,0.0,0.491017328478289,0.0,0.0,0.0824684086296973,0.2801580647946921,0.0107831637426058,Delta
37,83757.71,32,5,38160.7,7632.139999999999,0.7317543965388476,0.1173275123359896,0.1509180911251628,0.0,0.0,0.0,0.0,0.0,0.0,Plateau
41,53891.76,82,7,327210.72,46744.38857142856,0.4231830485260384,0.0,0.4279702388723694,0.0025275761136432,0.0,0.1403354694491671,0.0059836670387816,0.0,0.0,Enugu
42,65870.99,453,2,13442.9,6721.45,0.0,0.0,0.0,0.8536952592074627,0.0,0.1463047407925373,0.0,0.0,0.0,Ogun
64,10791.03,275,5,73029.48999999999,14605.897999999996,0.0456440268171118,0.0340733585843198,0.5930993082383568,0.2380261727146115,0.0,0.0891571336455998,0.0,0.0,0.0,Kano
18,29874.45,58,5,53976.36,10795.272,0.0,0.0632852974894935,0.0,0.0525135448185094,0.0,0.0,0.8179703114474558,0.0,0.0662308462445411,Kaduna
32,268548.92,32,9,97716.4,10857.377777777778,0.0,0.0612715982168806,0.5088919567237434,0.0017530322443315,0.0,0.0,0.0688233500210814,0.3105695666234122,0.0486904961705507,Edo
50,15796.21,2,6,126581.19,21096.865,0.0,0.6024128071477287,0.0,0.0,0.0,0.0170987490321429,0.0,0.2114193269947928,0.1690691168253356,Enugu
52,177395.44,9,10,188511.04,18851.104,0.0660839810761216,0.3145257699496008,0.499512017969876,0.0,0.0776032003218485,0.0,0.0,0.0014209777846432,0.0408540528979098,Abuja FCT
25,12497.48,59,9,197178.52,21908.724444444444,0.0381302182408104,0.0063376071592382,0.1312725645775209,0.0086597667940706,0.0,0.0,0.1338374991353013,0.397942128787659,0.2838202153053994,Plateau
49,84630.45,42,4,30162.34,7540.585,0.0125182595249572,0.0,0.0,0.0,0.0,0.6993717994028315,0.0,0.0113456051486721,0.2767643359235391,Edo
27,39468.75,99,5,100626.93,20125.386,0.6783229896807942,0.0,0.0,0.0,0.0,0.2496319822139064,0.0045182735873985,0.0675267545179009,0.0,Delta
49,33335.53,682,1,4881.69,4881.69,0.0,0.0,0.0,0.0,0.0,1.0,0.0,0.0,0.0,Rivers
49,3066.9,136,6,25834.15,4305.691666666667,0.0,0.0,0.0,0.0,0.0,0.0,0.2846584849898293,0.1214922883083051,0.5938492267018656,Enugu
25,19597.61,52,10,39649.17,3964.917,0.0960567396492789,0.3250055423606598,0.3018544902705403,0.0,0.0,0.0,0.0468579796247941,0.0259342124942338,0.204291035600493,Plateau
36,13543.93,239,5,38593.31,7718.661999999999,0.0,0.0,0.104685242079521,0.1733002429695716,0.0,0.0,0.1688670912134771,0.0246379489087616,0.5285094748286685,Edo
50,16594.55,344,4,24508.96,6127.24,0.1503915302811706,0.0,0.0,0.1488573974579092,0.1618130675475418,0.0,0.0,0.0,0.5389380047133783,Oyo
58,76674.12,57,6,82875.87,13812.645,0.0155204403887404,0.4114507636541251,0.0163519248727042,0.0,0.0,0.0,0.1664827168631834,0.0,0.3901941542212468,Delta
37,261454.0,364,6,74699.5,12449.916666666666,0.0231633411200878,0.0,0.0,0.3172252826324138,0.0,0.0915383637106004,0.0,0.0027519595178013,0.5653210530190965,Delta
34,59787.03,56,7,57443.61,8206.23,0.0,0.1600529632451721,0.4822835821077401,0.0,0.0,0.0,0.0,0.0,0.3576634546470878,Kaduna
40,36819.18,1,6,56138.31,9356.385,0.0,0.131063617697077,0.7129639278417893,0.0907521084977442,0.0,0.0365992492470827,0.0,0.0286210967163065,0.0,Ogun
47,20649.89,28,5,53838.85,10767.77,0.1066139042717294,0.0137062734438049,0.8060313323928724,0.0736484898915931,0.0,0.0,0.0,0.0,0.0,Cross River
32,6202.86,27,9,67196.95,7466.327777777778,0.1151288860580725,0.30032925601534,0.0562839533639547,0.1213203873092454,0.0,0.0,0.2493754552848009,0.0,0.1575620619685863,Kwara
37,55416.36,84,6,44806.96,7467.826666666667,0.0,0.008451365591417,0.0808506089232565,0.1940633776538287,0.0,0.5647725264110754,0.0,0.1518621214204221,0.0,Unknown
39,16254.18,88,3,29263.88,9754.626666666669,0.3704693294258998,0.0,0.0,0.0,0.0,0.0,0.0,0.0,0.6295306705741002,Anambra
68,168548.28,105,6,160790.18,26798.36333333333,0.0370455459406787,0.0,0.0,0.8408011608669137,0.0,0.1135827449163873,0.006049623179724,0.0025209250962963,0.0,Lagos
50,60399.25,6,6,362669.53,60444.92166666666,0.0043543222393124,0.0,0.0075101153383357,0.029080827385747,0.0,0.0634577986190348,0.0,0.0,0.89559693641757,Kaduna
31,69216.91,13,7,46861.66,6694.522857142857,0.1750610200321542,0.0,0.0,0.0732624495162996,0.0,0.4389675909901613,0.3127089394613848,0.0,0.0,Edo
32,98474.96,9,14,155452.05,11103.717857142856,0.0,0.2903744273555736,0.1735068788092534,0.4131300294849762,0.0,0.0,0.0890711315804455,0.0042094009052952,0.0297081318644559,Abuja FCT
24,35924.35,38,5,35271.06,7054.212,0.0,0.7303531563837322,0.0,0.08745073156293,0.0,0.1384049699668793,0.0,0.0,0.0437911420864584,Kwara
27,247989.01,52,8,92247.76,11530.97,0.0102659403328601,0.0,0.1503827301606022,0.1025106734299022,0.0,0.1341542602226872,0.0,0.0,0.6026863958539481,Abuja FCT
21,16946.29,114,6,46397.77,7732.961666666667,0.0357262859831409,0.0,0.0,0.5745539063623101,0.0,0.0,0.0151970665831569,0.374522741071392,0.0,Kaduna
37,36236.485,30,5,51901.89,10380.378,0.4785103201444109,0.0119849200096566,0.4486697883256275,0.0,0.0,0.0,0.0,0.0,0.0608349715203049,Unknown
48,45641.96,32,5,40352.18,8070.436,0.6270112296287338,0.0,0.0,0.253500306550972,0.0,0.0828750763899249,0.0,0.0366133874303693,0.0,Ogun
25,11328.3,7,3,21040.17,7013.389999999999,0.0,0.0,0.8715248023186125,0.0,0.0,0.0,0.0,0.1284751976813875,0.0,Oyo
18,76998.82,5,11,141646.04,12876.912727272727,0.0494380923038864,0.3320104113041211,0.0,0.0,0.1212156725313323,0.0289577456595327,0.0,0.2879178973164375,0.1804601808846897,Edo
34,69114.75,162,7,34190.93,4884.418571428571,0.0,0.2511280038302555,0.2999014650961527,0.2856643560148846,0.0,0.1520947221967931,0.0,0.0,0.0112114528619139,Ogun
19,136330.06,245,10,101667.8,10166.78,0.0147460651258313,0.3148563261917736,0.2071539858244203,0.065283403398126,0.0,0.0,0.1445029793110503,0.2534572401487983,0.0,Enugu
38,25382.82,99,3,9374.16,3124.72,0.0,0.0,0.7562778958328,0.0,0.0,0.0,0.0568872304291797,0.1868348737380202,0.0,Edo
36,23976.61,134,7,65533.740000000005,9361.962857142858,0.0,0.0432036993463214,0.5040637082516578,0.0772885844757219,0.0,0.0158213158595862,0.250407042235038,0.0,0.1092156498316744,Edo
30,27867.13,170,8,70559.89,8819.98625,0.02394122213059,0.0,0.0,0.1593993414672273,0.0,0.0,0.0,0.8166594364021826,0.0,Rivers
40,78590.44,14,11,571692.9641500111,51972.087650001005,0.0,0.0,0.1116197574599777,0.0048765861656965,0.0,0.0002269050139402,0.0408691403693209,0.8395610830432884,0.0028465279477761,Abuja FCT
44,54480.95,28,9,34456.54,3828.5044444444447,0.1790069461414291,0.0,0.0,0.0,0.0357702775728497,0.1164997994575195,0.3138997705515411,0.2272361067013693,0.127587099575291,Imo
52,105610.06,50,9,132186.22,14687.357777777775,0.1785476579933975,0.0,0.4532119913860915,0.0647326930144458,0.0,0.0,0.2418086393574156,0.0,0.0616990182486495,Lagos
51,39736.63,62,6,163566.01,27261.001666666667,0.1950839908609374,0.6756832302750432,0.0,0.0,0.0,0.1193465561701969,0.0,0.0098862226938225,0.0,Lagos
38,65033.78,62,4,22238.74,5559.685,0.0,0.0,0.0,0.0,0.0,0.0,0.0646043795646695,0.5961421375491598,0.3392534828861707,Plateau
45,29856.99,29,7,18412.27,2630.324285714286,0.2785289374965716,0.0,0.054604348078754,0.0,0.0,0.247714160176882,0.0,0.2983760285939756,0.1207765256538167,Rivers
52,56354.44,210,4,80748.15999999999,20187.04,0.0,0.0,0.0546823605640054,0.0,0.0,0.0,0.0240073581862422,0.914410062099248,0.0069002191505044,Delta
65,25079.36,101,7,51201.81,7314.544285714285,0.0,0.0184432933132637,0.0,0.0,0.0,0.0,0.8524647859128418,0.0319000441585951,0.0971918766152993,Anambra
18,13420.75,140,6,134994.91999999998,22499.15333333333,0.0575294240701798,0.0,0.0,0.0748477794571825,0.0,0.1539517190720954,0.012555361342486,0.7011157160580562,0.0,Kaduna
32,83468.21,248,5,18329.29,3665.858,0.0,0.0,0.0829622969574926,0.0776096619127091,0.0,0.5898919161626008,0.0,0.0,0.2495361249671973,Kwara
49,31222.4,148,9,50241.71,5582.412222222222,0.0,0.0,0.1688481542527115,0.2368114062996661,0.0,0.1943281787184393,0.211394476820156,0.0415103307590446,0.1471074531499823,Rivers
37,36236.485,285,6,121742.63,20290.43833333333,0.0,0.0682616270077293,0.0,0.2247397645344116,0.0,0.6309161384142925,0.0,0.0,0.0760824700435665,Unknown
46,412737.11,160,4,28157.38,7039.344999999999,0.033785458732311,0.0,0.3607778848742319,0.0,0.0,0.5709838770510609,0.0,0.0,0.0344527793423962,Plateau
21,23209.76,53,3,12766.14,4255.38,0.0,0.2327022890239336,0.0,0.0,0.0,0.0,0.0,0.7672977109760665,0.0,Abuja FCT
40,32662.3,135,2,2741.4,1370.7,0.0,0.0,0.0,0.0,0.0,0.4286605384110309,0.0,0.0,0.5713394615889691,Oyo
23,58506.65,2,8,136819.84,17102.48,0.0764253926915862,0.0,0.506642457702041,0.0217190723216749,0.0,0.0,0.3842548712233548,0.0,0.0109582060613431,Oyo
31,60371.17,113,6,89163.73000000001,14860.621666666668,0.4776583482992467,0.0419761488219481,0.4406991497551751,0.0,0.0,0.0,0.0326255978748309,0.0,0.007040755248799,Anambra
49,12261.86,44,5,71661.32,14332.264,0.0,0.0,0.3222689729968691,0.3952921883102348,0.0,0.0,0.1376965983880843,0.1447422403048115,0.0,Edo
55,5749.46,60,5,99677.7,19935.54,0.0,0.0748099123474959,0.155036382260024,0.0647608241361909,0.0,0.0,0.0,0.705392881256289,0.0,Abuja FCT
25,20081.79,102,13,106077.04,8159.772307692308,0.098817519795047,0.0586566140985834,0.4151378092752211,0.0126903050839276,0.0,0.1168856144553053,0.2978121372919153,0.0,0.0,Edo
44,121836.12,350,1,1983.13,1983.13,0.0,0.0,0.0,0.0,0.0,1.0,0.0,0.0,0.0,Enugu
20,71210.02,202,8,520182.3841500111,65022.79801875139,0.0,0.0,0.941233823113886,0.0041434890255307,0.0,0.0012136896966082,0.048380127368447,0.0050288707955277,0.0,Anambra
46,132034.86,123,5,56814.25,11362.85,0.0344675851568928,0.0,0.0,0.0,0.0,0.0,0.0,0.7773053415296339,0.1882270733134733,Imo
28,42308.43,119,7,89666.91,12809.558571428572,0.1349992990725341,0.0,0.2926015851332448,0.2915404355965874,0.0,0.0,0.0,0.0,0.2808586801976337,Imo
46,293569.63,202,9,47298.56,5255.395555555555,0.0288097565760987,0.0357575368045031,0.0600525681965793,0.6470112409341849,0.0,0.1105395174821389,0.0,0.0,0.1178293800064949,Cross River
44,96075.22,29,4,43926.27,10981.5675,0.3811694004521668,0.0,0.0,0.5465390072956342,0.0,0.0722915922521989,0.0,0.0,0.0,Plateau
50,17554.66,65,7,34373.48,4910.497142857143,0.0,0.0,0.0140087648966587,0.205708877890746,0.0,0.1420190798254934,0.5581643173749065,0.0,0.0800989600121954,Imo
46,180080.73,81,4,143579.53,35894.8825,0.0,0.5399060715688371,0.4430018680239446,0.0170920604072182,0.0,0.0,0.0,0.0,0.0,Kano
42,68776.99,65,9,95905.69,10656.187777777775,0.2864551623579373,0.195501851871354,0.0,0.0,0.0,0.0,0.0524704008698545,0.2263321394173797,0.2392404454834744,Delta
55,23283.38,47,7,38983.89,5569.127142857143,0.0446386956252954,0.0409694876524636,0.0,0.0,0.0,0.0270498916347239,0.2464895114366473,0.0973866384293614,0.5434657752215082,Oyo
46,63002.45,154,7,499220.3941500111,71317.1991642873,0.0013778683885123,0.0,0.0,0.9417994730574464,0.0,0.0,0.0126162714380362,0.0035196278449153,0.0406867592710896,Abuja FCT
37,136526.35,115,5,31204.44,6240.888000000001,0.0907011950863402,0.1425044000148697,0.1754397771599169,0.0,0.0,0.3121732035569297,0.0,0.2791814241819433,0.0,Ogun
29,123222.32,186,7,97617.77,13945.395714285714,0.0801212730018315,0.7897888878223709,0.0512044067386501,0.0,0.0,0.0257637518251031,0.0531216806120443,0.0,0.0,Anambra
36,130522.52,287,4,18823.75,4705.9375,0.562904840958895,0.0,0.3271845408061624,0.0,0.0,0.0,0.0,0.1099106182349425,0.0,Edo
22,23576.39,149,4,495870.71415001113,123967.67853750278,0.0015730309892106,0.0101705945846083,0.9481614677647132,0.0,0.0,0.0400949066614676,0.0,0.0,0.0,Kaduna
45,25835.35,110,9,72681.66,8075.740000000001,0.0,0.0,0.0733831615843666,0.5740188102473168,0.0438129784047309,0.0,0.0886022691281404,0.208738352976528,0.0114444276589169,Imo
39,27587.47,45,7,113259.91,16179.98714285714,0.791694254392397,0.0,0.0,0.0115092798502135,0.0,0.0,0.0222598622937277,0.1745366034636616,0.0,Edo
50,25404.6,290,6,64150.48,10691.746666666666,0.0,0.2694715612416306,0.0,0.1087464972982275,0.0,0.5105263436844121,0.0077455383030649,0.1035100594726649,0.0,Kwara
59,117909.38,32,9,84237.13,9359.681111111113,0.566760287298487,0.0,0.0530934517830795,0.0,0.0,0.2399270962816515,0.0,0.1402191646367818,0.0,Delta
43,16499.74,230,6,88520.51999999999,14753.419999999998,0.3809287383309542,0.0,0.0,0.0,0.0,0.0,0.0,0.5505428571815891,0.0685284044874567,Abuja FCT
18,19991.43,2,6,141199.26,23533.210000000003,0.0,0.3039957858136083,0.3463645631004015,0.0,0.0,0.0,0.0,0.2016548811941365,0.1479847698918535,Kwara
43,43770.81,19,5,39146.37,7829.274,0.0,0.0,0.3917134590001576,0.3632640778698,0.0,0.0,0.0,0.2450224631300424,0.0,Kaduna
51,70582.18,29,5,47630.05,9526.01,0.0,0.0,0.0,0.0,0.0,0.0,0.7163372702737032,0.0,0.2836627297262967,Edo
52,134018.53,154,6,71727.70999999999,11954.618333333332,0.5354565202207069,0.0,0.2548320586283878,0.1029864190561778,0.0,0.0,0.0,0.0,0.1067250020947274,Cross River
46,78775.8,234,7,43305.73,6186.532857142857,0.0,0.035468747438272,0.2251323323726444,0.4181809197073921,0.0,0.1470304276131588,0.0,0.156122296056434,0.0180652768120985,Oyo
26,126650.0,78,7,89781.44,12825.92,0.0,0.0,0.0,0.1489859151290066,0.0,0.0,0.159244828329775,0.0,0.6917692565412183,Anambra
38,5716.1,224,9,548793.6141500111,60977.06823889012,0.8889225413192634,0.0230784755387805,0.0857049513465062,0.0,0.0,0.0,0.0,0.0,0.0022940317954499,Kano
52,10754.47,90,6,32632.88,5438.813333333333,0.5745251415137125,0.0,0.1477047076445597,0.0456790819566032,0.0,0.0,0.0,0.0,0.2320910688851244,Delta
27,44681.88,379,2,6180.889999999999,3090.445,0.0,0.0,0.0,0.0,0.0,0.0,0.4124228064243175,0.5875771935756825,0.0,Plateau
50,97978.03,44,5,105343.57,21068.714,0.0507920891612084,0.0337252667628408,0.0,0.0,0.0696977518419016,0.0854094844137141,0.0,0.0,0.7603754078203349,Kwara
29,226814.35,253,6,137866.02000000002,22977.67,0.6835072920796582,0.0,0.1504457733675056,0.0,0.0,0.0,0.0,0.0,0.1660469345528361,Cross River
44,229799.75,39,3,46002.21,15334.07,0.0998710714115691,0.0,0.132834270353533,0.0,0.0,0.0,0.0,0.0,0.7672946582348978,Ogun
46,14432.21,125,8,94177.51,11772.18875,0.0,0.2872745308301312,0.0348213708347141,0.0133567982419581,0.0,0.4851373751546415,0.0422238812642211,0.1371860436743337,0.0,Imo
46,441424.44,164,4,9329.06,2332.2650000000003,0.0,0.0507007136839081,0.0,0.4569667254793087,0.0,0.0,0.0,0.4923325608367832,0.0,Imo
18,48231.79,1,6,87919.23000000001,14653.205000000002,0.0,0.0,0.217362686183671,0.0,0.0,0.1482030722971527,0.0355768584415491,0.4720811362883865,0.1267762467892405,Kwara
37,29189.78,119,7,103758.74,14822.677142857145,0.0237816110719925,0.0,0.5445484399675632,0.0,0.0,0.3332227241772597,0.0716917919396476,0.0,0.0267554328435368,Unknown
38,17564.7,52,8,164362.89,20545.36125,0.0,0.0,0.1975195252407645,0.1793853831603958,0.0,0.0,0.6027607570054286,0.0067918007525908,0.0135425338408201,Imo
55,51251.64,24,8,514318.6741500111,64289.83426875139,0.0257037332386343,0.0335764203556084,0.0,0.0,0.0,0.0,0.0043397413163905,0.9233477569813042,0.0130323481080622,Oyo
18,32825.82,11,8,101818.36,12727.295,0.0137009670947361,0.4255265946141736,0.2750489204501035,0.0,0.0,0.0,0.0,0.0156812582720837,0.2700422595689029,Delta
20,77824.42,87,7,19292.17,2756.0242857142853,0.1267840787220929,0.0,0.0280554235215634,0.0,0.0,0.0,0.5684036580643858,0.1405383634915097,0.1362184762004481,Cross River
19,6820.48,215,12,149009.54,12417.461666666668,0.0,0.0,0.0975954291248735,0.6351870490976619,0.0,0.015935758207159,0.0482609368500835,0.1301557604969453,0.0728650662232767,Kano
36,125625.9,97,5,56702.94,11340.588,0.4104446788826116,0.0,0.093986131936016,0.0,0.0,0.0,0.2054958702317728,0.0,0.2900733189495994,Delta
27,77815.56,3,7,84203.61,12029.087142857144,0.0,0.0,0.0,0.0377558634362588,0.0,0.1253018724494116,0.4416013755229735,0.3953408885913561,0.0,Kano
53,127863.99,3,1,7039.66,7039.66,0.0,0.0,0.0,1.0,0.0,0.0,0.0,0.0,0.0,Plateau
34,4365.22,31,5,14582.77,2916.554,0.0,0.0,0.4648815005653933,0.0671244214919387,0.0,0.0,0.3450791584863506,0.1229149194563172,0.0,Cross River
38,25832.41,142,5,67529.86,13505.972,0.4870104869164543,0.0257274337604135,0.0,0.0,0.0,0.2684633138584916,0.0777903286042648,0.1410084368603755,0.0,Plateau
48,27537.59,93,5,146674.32,29334.864,0.0247791160715795,0.0,0.2711400332382655,0.0362954469466775,0.0,0.0,0.0,0.6478267634034369,0.0199586403400404,Plateau
37,134992.29,257,4,37934.09,9483.5225,0.0,0.1014356743499053,0.740550781632036,0.0,0.0,0.0,0.0,0.1580135440180587,0.0,Oyo
30,54049.41,26,13,173565.74,13351.210769230767,0.4083514407854914,0.0622711601955547,0.1353738934884269,0.0128987437267285,0.0,0.364052721464501,0.0,0.0,0.0170520403392973,Plateau
54,56764.23,128,3,73549.4,24516.466666666664,0.0,0.0,0.0,0.0,0.0,0.6696757553426677,0.0,0.069611988676998,0.2607122559803343,Lagos
44,4254.32,89,6,69130.59,11521.765,0.0,0.0,0.0,0.4221896558383199,0.0,0.0,0.1855264073400791,0.2872684870764158,0.1050154497451851,Rivers
37,7526.21,103,7,162404.39,23200.627142857145,0.0,0.2493336540964194,0.0,0.3534914912090738,0.0240904202158574,0.3377773839734258,0.0353070505052234,0.0,0.0,Ogun
44,58163.01,3,4,490416.0641500111,122604.01603750278,0.0,0.0,0.0,0.0,0.0,0.0175844362173302,0.0,0.9824155637826698,0.0,Edo
56,21898.09,186,7,58606.78999999999,8372.39857142857,0.007780327160044,0.0,0.0,0.8150878080850358,0.0,0.0836717042513333,0.0,0.0,0.0934601605035866,Edo
30,24499.04,144,4,19037.48,4759.37,0.387476703849459,0.359490856983172,0.0,0.2530324391673688,0.0,0.0,0.0,0.0,0.0,Kaduna
47,59200.76,34,6,71415.62000000001,11902.603333333334,0.1360517489031111,0.0,0.0,0.5705361096073941,0.0,0.16458332224799,0.0,0.0,0.1288288192415048,Cross River
44,20021.68,15,8,51044.83,6380.60375,0.391020011233263,0.0,0.3322632282250719,0.0,0.0,0.1232990686813924,0.0998197075002502,0.0,0.0535979843600223,Oyo
31,85421.72,42,6,97835.02,16305.836666666664,0.2006537127503015,0.0,0.0,0.0,0.0,0.4041978015643069,0.3951484856853916,0.0,0.0,Cross River
40,27911.65,199,6,24757.23,4126.205,0.4505245538374042,0.0,0.3664307355871395,0.0,0.0,0.0593370098351067,0.0,0.0,0.1237077007403493,Kwara
44,13632.01,26,8,188606.88,23575.86,0.6535635391455498,0.1507588164334196,0.0,0.0125467851437869,0.0,0.0049018360305838,0.0903628223954502,0.0878662008512096,0.0,Abuja FCT
31,88332.52,154,5,106573.67,21314.734,0.0,0.0,0.0,0.0253648954755897,0.0,0.0,0.0,0.9746351045244104,0.0,Rivers
31,9130.27,211,4,44383.56,11095.89,0.1490135086054386,0.0,0.0,0.0,0.0,0.0908620218837786,0.0,0.0,0.7601244695107828,Ogun
38,30723.38,126,7,215147.0,30735.28571428572,0.0,0.0016738787898506,0.0,0.4704896652056501,0.0,0.0,0.4652339098383895,0.0,0.0626025461661096,Kano
46,163651.54,78,5,24390.49,4878.098,0.0,0.0,0.0,0.4879340267456702,0.0,0.0,0.0,0.1853210001111088,0.326744973143221,Cross River
41,8166.21,121,2,16655.2,8327.6,0.8207310629713243,0.0,0.0,0.0,0.0,0.0,0.0,0.1792689370286757,0.0,Oyo
26,23309.76,32,5,35745.29,7149.058,0.0,0.5975724354173654,0.0972709971019958,0.0,0.0,0.2962728795877722,0.0,0.0,0.0088836878928664,Abuja FCT
45,104164.35,126,4,44925.62,11231.405,0.0,0.0,0.0,0.246302221316033,0.0,0.544236006091847,0.1558119843421192,0.0536497882500007,0.0,Kaduna
31,173909.24,35,5,39382.61,7876.522,0.1270586180042409,0.0,0.0,0.0,0.0,0.0,0.0,0.5977224465316038,0.2752189354641554,Kano
34,115364.47,69,5,55505.765,11101.153,0.0,0.0912507916970426,0.0,0.3064463664269828,0.0,0.0,0.2777628594074868,0.0,0.3245399824684877,Delta
56,4253.3,134,7,43530.58,6218.654285714286,0.1608016709173183,0.095897183083708,0.0472571236128716,0.0,0.0759799203226789,0.2085846317692068,0.0,0.4114794702942161,0.0,Enugu
44,9232.12,66,12,128206.31,10683.859166666669,0.4655057149683194,0.0932549263760886,0.211850571161435,0.1340068987244075,0.0,0.0,0.0,0.0,0.0953818887697493,Oyo
46,10235.84,56,7,43718.1,6245.442857142857,0.0,0.1082627104105622,0.4338505104293186,0.0573581651535633,0.0,0.0,0.2808253332143894,0.0792637374451314,0.0404395433470347,Abuja FCT
38,10329.23,36,9,190749.38,21194.375555555554,0.2626844711107318,0.0,0.1114062860912051,0.0,0.0,0.0231885419496514,0.0,0.2198183815853031,0.3829023192631084,Delta
49,28054.87,68,8,41068.54,5133.5675,0.0873361945664491,0.0,0.0753939633597883,0.0563937748943595,0.0,0.0984084167589108,0.0,0.6824676504204922,0.0,Anambra
30,97187.91,3,5,534128.2541500111,106825.65083000224,0.0,0.8802483308025194,0.0,0.0237486032641842,0.0,0.0,0.0349325463594736,0.0079151027251455,0.0531554168486771,Edo
43,27024.96,105,3,9708.86,3236.286666666667,0.0,0.0,0.1384302585473474,0.0,0.0,0.0,0.0,0.0,0.8615697414526525,Cross River
34,5766.48,133,11,137296.12,12481.465454545454,0.0,0.0654424902903301,0.4965377754302161,0.0857846529093466,0.0,0.0,0.0,0.0,0.3522350813701072,Delta
44,40689.29,81,8,27908.88,3488.61,0.0988857309931462,0.0,0.2483034073742837,0.0,0.0,0.1378751135839202,0.0471509426390453,0.4677848054096044,0.0,Cross River
48,29289.37,27,7,40744.46,5820.637142857143,0.2477826433335967,0.0557609549862729,0.0721113987030384,0.2390914004014288,0.0,0.0290495934907469,0.3498878129689288,0.0,0.0063161961159873,Anambra
41,130808.54,2,5,32977.96,6595.592,0.0,0.0,0.0,0.0,0.0,0.0,0.5861766464632743,0.0477333952736918,0.3660899582630338,Kwara
29,49359.9,44,7,46723.62,6674.802857142858,0.0665367965923873,0.5405730549131254,0.0,0.2607599753614981,0.0,0.0,0.0,0.1321301731329892,0.0,Kano
42,14832.68,208,7,108704.52,15529.217142857142,0.0,0.0,0.0,0.0,0.0133300804787142,0.0,0.0671934340908731,0.2395732026598342,0.6799032827705785,Abuja FCT
38,179671.86,74,8,228197.22,28524.6525,0.0476783634787487,0.219536110036748,0.0064154593995492,0.3533592127020653,0.0,0.0,0.0,0.2971188255492332,0.0758920288336553,Oyo
28,97189.39,76,6,96702.63,16117.105,0.136489255773085,0.0231297742367503,0.0113228564724661,0.0,0.0,0.6970185816042439,0.0139075845196764,0.0,0.1181319473937782,Lagos
41,88423.01,251,3,164440.68,54813.56,0.0,0.0,0.0,0.0,0.0,0.4586250190646256,0.0,0.0827499618707487,0.4586250190646256,Kaduna
35,22388.35,270,7,117228.51,16746.93,0.216760069713417,0.0147534929856226,0.1018318837286254,0.0,0.0,0.0555733413313877,0.5905467876372394,0.0205344246037077,0.0,Kaduna
46,117570.98,142,4,76034.95999999999,19008.74,0.8267294412991077,0.0,0.0,0.0,0.1484793310866475,0.0188972283276008,0.0,0.0058939992866439,0.0,Abuja FCT
30,87201.26,31,8,314275.0,39284.375,0.0235185108583247,0.1737211995863495,0.0,0.0527886723411025,0.0,0.0416034046615225,0.0133737331954498,0.0,0.6949944793572509,Imo
53,11110.58,24,6,25182.24,4197.04,0.4330655255449873,0.0688179447102402,0.1168247939817903,0.2583153841755142,0.0,0.0140483928355857,0.0,0.0,0.1089279587518823,Edo
24,25223.02,19,7,38700.96,5528.708571428571,0.0376569470111335,0.2251205138063759,0.1849770651684092,0.2530578052844167,0.0,0.0,0.0,0.2991876687296645,0.0,Anambra
57,16823.89,180,3,7407.25,2469.083333333333,0.0,0.0,0.0,0.0,0.0,0.7411779000303756,0.0,0.0,0.2588220999696243,Abuja FCT
27,46553.94,90,9,98338.39,10926.487777777778,0.0,0.1268144617783553,0.0,0.1105841777560116,0.0,0.3445524174231447,0.0,0.336353178041658,0.0816957650008303,Abuja FCT
43,20746.65,98,3,47861.76,15953.92,0.0,0.0,0.8022914326593924,0.0073177417629439,0.0,0.1903908255776636,0.0,0.0,0.0,Anambra
41,52465.05,6,4,133668.55000000002,33417.137500000004,0.3764958922648596,0.0,0.0,0.0,0.0,0.0,0.5895041877838878,0.0,0.0339999199512525,Kano
37,52137.44,282,4,28489.52,7122.38,0.4252977937150222,0.0,0.4491795579567504,0.1255226483282273,0.0,0.0,0.0,0.0,0.0,Lagos
29,4847.91,142,7,30284.44,4326.348571428572,0.0,0.0,0.2747632117351352,0.0539970361017076,0.0,0.1599626739011849,0.0,0.5112770782619722,0.0,Rivers
36,22132.27,49,7,119840.39,17120.055714285718,0.0,0.3434902873730634,0.0,0.0,0.0,0.1064372370617285,0.0350841648629481,0.0,0.5149883107022598,Imo
36,23692.95,174,7,97853.62,13979.08857142857,0.0,0.0,0.0,0.8409806402665532,0.0,0.0225675861557293,0.0,0.0359394982014972,0.1005122753762201,Imo
51,22240.42,57,7,68190.38,9741.482857142855,0.0,0.4698260957044087,0.0,0.1380863400379936,0.0,0.1762021270448998,0.0586189723535783,0.1572664648591194,0.0,Plateau
31,44157.81,249,4,16085.45,4021.3625,0.3090457525279056,0.0,0.0,0.2312095713828335,0.0,0.1214128296068807,0.0,0.33833184648238,0.0,Lagos
63,52505.68,235,5,20046.81,4009.362,0.1373076314885011,0.0,0.0,0.0,0.0,0.0,0.0,0.733020365833766,0.1296720026777327,Delta
58,44609.78,204,3,28690.2,9563.4,0.0,0.0,0.1919481216582666,0.0,0.0,0.2856536378275509,0.5223982405141826,0.0,0.0,Rivers
65,157074.1,293,4,28872.8,7218.2,0.0,0.0,0.0,0.0436764013188883,0.0,0.0,0.0,0.0,0.9563235986811116,Lagos
40,30983.3,46,9,80727.2,8969.688888888888,0.3255009463972491,0.0,0.4365662378975117,0.1644333012912624,0.0324499053602751,0.0,0.0121245379500341,0.0,0.0289250711036676,Kwara
49,25371.31,413,7,69377.855,9911.122142857144,0.0,0.1944386288679579,0.7495524328332146,0.0,0.0,0.0560089382988274,0.0,0.0,0.0,Cross River
19,84140.76,83,4,56966.93,14241.7325,0.7226587425371175,0.0,0.0,0.0765965446970724,0.0,0.0,0.0,0.0381138671155352,0.1626308456502746,Kano
48,9980.39,109,4,131715.31,32928.8275,0.0,0.2967254907573007,0.0475155849384555,0.0,0.0,0.0605876416340666,0.595171282670177,0.0,0.0,Imo
34,22210.59,53,3,10517.56,3505.853333333333,0.0,0.0,0.3927137092633653,0.0,0.0,0.2900796382430906,0.0,0.0,0.3172066524935441,Kaduna
18,20958.44,106,5,37880.03,7576.005999999999,0.0899162434665442,0.7827345965671094,0.0,0.0,0.0,0.1039051447424936,0.0234440152238527,0.0,0.0,Cross River
57,57675.65,17,3,55367.51,18455.836666666662,0.0248707229203552,0.0,0.0,0.0,0.0,0.915098403377721,0.0,0.0600308737019237,0.0,Kano
37,125562.42,58,12,65373.77,5447.814166666667,0.0,0.115632768310593,0.0629253904126991,0.1839248371326909,0.0,0.0,0.4636959135139368,0.1305757645612299,0.0432453260688499,Oyo
18,335994.23,476,2,8370.26,4185.13,0.0,0.0,0.0,0.9263977463065662,0.0,0.0,0.0,0.0,0.0736022536934336,Rivers
27,66751.22,82,7,41704.465,5957.780714285715,0.0693633163739182,0.1214485067725961,0.1274163329993562,0.2855327361230985,0.0,0.3599422747660232,0.0,0.0,0.0362968329650074,Kaduna
24,26656.54,656,1,267.44,267.44,1.0,0.0,0.0,0.0,0.0,0.0,0.0,0.0,0.0,Enugu
47,71069.06,199,11,131762.88,11978.443636363636,0.0,0.0696714431257118,0.0372642886980005,0.030640040654849,0.0,0.0,0.3301797137403189,0.1970492751828132,0.3351952385983063,Imo
18,20775.64,265,5,461373.59,92274.718,0.0123744837670487,0.037302265177337,0.0043813734548611,0.0,0.0,0.0059526814267804,0.0,0.9399891961739728,0.0,Lagos
45,15629.05,78,10,103100.1,10310.01,0.0,0.6682896524833631,0.0,0.0919972919521901,0.0,0.0491472850171823,0.0,0.0757616141982403,0.1148041563490239,Oyo
35,15813.66,61,4,42788.44,10697.11,0.0,0.0,0.0,0.0,0.0,0.0,0.4361201296424922,0.3222115599446953,0.2416683104128124,Enugu
54,27448.76,159,6,30747.15,5124.525000000001,0.0,0.0195566093117573,0.0,0.3702850508095872,0.0,0.4967940118027199,0.1133643280759355,0.0,0.0,Abuja FCT
49,53164.03,52,9,140007.88,15556.431111111113,0.2521129524995307,0.1093604874239935,0.0,0.0297413974127741,0.0,0.0913207170910666,0.0308866186674635,0.1174776019749745,0.3691002249301968,Cross River
29,266650.32,32,3,23104.48,7701.493333333333,0.0,0.1883413952618712,0.1800646454713544,0.0,0.0,0.0,0.0,0.6315939592667742,0.0,Delta
21,144221.89,214,4,25553.98,6388.495,0.0,0.0,0.0,0.3762411960876544,0.0,0.4888968372050068,0.0,0.1348619667073387,0.0,Kano
34,114875.36,31,5,44750.54,8950.108,0.0,0.0,0.4297306803448629,0.0,0.0,0.2066439868658568,0.0,0.0383009903344183,0.325324342454862,Delta
39,69068.52,147,6,49462.02,8243.67,0.0,0.3671416978117756,0.1795947678643128,0.0,0.0,0.0,0.0,0.2471197092233596,0.2061438251005519,Anambra
42,33994.66,7,3,32007.89,10669.296666666669,0.0,0.0,0.1505888079470405,0.0,0.0,0.0,0.0,0.8494111920529595,0.0,Imo
37,236692.25,149,5,43186.37,8637.274,0.4732757117581311,0.2846059995317967,0.180703078309198,0.0614152104008741,0.0,0.0,0.0,0.0,0.0,Oyo
44,45338.53,14,8,69793.7,8724.2125,0.0522742023993569,0.059070231267292,0.0,0.036631243221093,0.0,0.1545877349961386,0.0,0.677846711092835,0.0195898770232843,Imo
47,49891.01,106,6,63104.81999999999,10517.47,0.6586454093364025,0.0,0.0,0.0,0.0,0.076281177887838,0.0,0.1548785021492811,0.1101949106264782,Abuja FCT
22,406895.09,432,4,21755.06,5438.765,0.0,0.0,0.6400051298410577,0.1355794927708772,0.0,0.0,0.0,0.2244153773880651,0.0,Ogun
45,27039.31,255,5,28025.71,5605.142,0.0,0.0,0.0,0.3202491569348287,0.0,0.0428149723949901,0.0,0.3703153283181764,0.2666205423520046,Imo
29,21326.92,147,6,96230.94,16038.49,0.0501028047735998,0.0,0.026340280994865,0.0657891318530194,0.0,0.0488535184214141,0.0096024210092928,0.7993118429478087,0.0,Abuja FCT
23,29347.85,311,2,10253.24,5126.62,0.0,0.0,0.0,0.4622138953150418,0.0,0.5377861046849581,0.0,0.0,0.0,Ogun
29,16215.68,168,6,46536.69,7756.115000000001,0.8007142321467212,0.0159212010996054,0.049573143255354,0.0,0.0,0.0,0.1264819221134979,0.0073095013848213,0.0,Abuja FCT
35,58820.99,10,9,83045.43,9227.27,0.142301388529146,0.0,0.627908001680526,0.0,0.0178874382371191,0.0533804208130417,0.132487483055961,0.0260352676842061,0.0,Lagos
57,26950.69,227,5,11883.54,2376.708,0.234818917595262,0.0,0.3266846411086259,0.0,0.0,0.1225055833531085,0.3159908579430035,0.0,0.0,Kaduna
39,26058.35,52,9,47149.16,5238.795555555555,0.0,0.3177297326187784,0.257905124926934,0.0302435928869146,0.0,0.1035371573958051,0.0,0.0867905175829219,0.2037938745886459,Imo
48,26580.82,121,6,21650.38,3608.396666666666,0.0,0.0,0.5385184925160666,0.1924732960807154,0.0,0.1869893276699993,0.0820188837332185,0.0,0.0,Kano
43,180124.68,52,12,90583.98,7548.665,0.0686272561660461,0.0090183716811736,0.1369444133499102,0.0,0.0,0.1168448328280563,0.0081004389517881,0.1592560847955676,0.5012086022274579,Plateau
39,16301.48,54,8,140660.21000000002,17582.526250000003,0.0,0.0486990599544817,0.0,0.0,0.0,0.0429587016825867,0.0,0.8201483560987147,0.0881938822642167,Lagos
69,58737.84,101,12,97801.54,8150.128333333334,0.1506055017129587,0.3089041338203877,0.0744296050961978,0.0556900228769403,0.0,0.1514778806141498,0.1632937477262628,0.0187103393259451,0.0768887688271575,Kwara
57,33218.08,73,6,167453.49,27908.915,0.0,0.0,0.7727852074029631,0.1509873577433352,0.0,0.0,0.0016439191562982,0.0,0.0745835156974035,Oyo
34,159645.3,141,8,52333.880000000005,6541.735000000001,0.0,0.3948631364615044,0.2743735033595827,0.0392092082604996,0.0,0.1954374489336544,0.0,0.0961167029847586,0.0,Kwara
22,4928.48,22,7,61247.32000000001,8749.617142857143,0.1671116385174077,0.5323160262359234,0.0218138524265225,0.0045296675838224,0.0,0.0797045487051515,0.1945242665311723,0.0,0.0,Kano
49,30456.89,53,10,575079.1541500111,57507.91541500112,0.0197399087031396,0.1121234868881723,0.007292022271609,0.0,0.0,0.0,0.0,0.042219231604536,0.8186253505325428,Edo
75,13464.45,141,6,110085.85,18347.641666666663,0.0,0.0,0.2460083652894536,0.0,0.0,0.0,0.0356995017979149,0.0,0.7182921329126314,Kwara
24,123510.08,175,4,153289.3,38322.325,0.0,0.5940856928696263,0.0,0.0416524180096066,0.0,0.0,0.0,0.0,0.364261889120767,Rivers
39,96586.07,23,4,64082.36,16020.59,0.3062075117083703,0.0,0.0,0.0,0.0,0.0,0.6937924882916298,0.0,0.0,Edo
33,6168.9,131,2,5737.07,2868.535,0.0,0.0,0.7479148764090381,0.2520851235909619,0.0,0.0,0.0,0.0,0.0,Rivers
44,123395.35,103,5,42246.12,8449.224,0.0,0.0,0.0,0.0290057406455314,0.0,0.0661040587869371,0.8279882270845229,0.0769019734830086,0.0,Plateau
57,80604.71,40,2,16887.739999999998,8443.869999999999,0.0,0.0,0.0,0.0,0.0,0.0,0.0215156083644111,0.978484391635589,0.0,Abuja FCT
28,72014.09,16,6,68490.64,11415.106666666668,0.8092396274877853,0.0,0.0,0.0252263666976976,0.0,0.0128118236302069,0.0600182740298528,0.0070884138328974,0.0856154943215598,Abuja FCT
64,13209.31,62,3,64685.82,21561.94,0.0,0.014566561883269,0.0,0.6153677884890383,0.3700656496276927,0.0,0.0,0.0,0.0,Abuja FCT
40,25425.94,65,8,110499.99,13812.49875,0.0630939423614427,0.0848548493081311,0.0049902266959481,0.0,0.0,0.0090540279686903,0.7995082171500649,0.0241800926859812,0.0143186438297415,Anambra
34,21020.27,335,6,40173.29,6695.548333333333,0.0054907128592156,0.0,0.0,0.0,0.0,0.5759212153149518,0.014761051434921,0.0448696136164103,0.3589574067745011,Rivers
38,302221.19,5,10,66165.42,6616.542,0.2753816117240698,0.2272809573339064,0.1003315629221427,0.024123326051584,0.0,0.1496224160596275,0.0,0.0376725485910918,0.1855875773175776,Delta
53,30072.15,129,7,54561.91,7794.558571428571,0.4846177489021187,0.2498294139629643,0.0977339319682907,0.0,0.0,0.0,0.0253158293028964,0.0,0.1425030758637298,Imo
32,3210.48,141,7,48410.79,6915.827142857143,0.0554890758857684,0.0,0.1289491454281163,0.0,0.3267389356794218,0.0,0.0,0.0,0.4888228430066934,Plateau
59,27613.51,61,10,88009.97,8800.997,0.1372359290657638,0.0,0.0,0.0560777375563245,0.0,0.0529254810562939,0.2134972890003257,0.5402635633212919,0.0,Edo
34,13590.6,32,6,78730.57,13121.761666666667,0.0,0.0,0.5107034027570231,0.0753976504933217,0.0,0.0,0.0,0.0073715965729703,0.4065273501766848,Oyo
36,59731.15,22,6,82946.33,13824.388333333334,0.0,0.2130394436981117,0.0,0.0,0.0,0.0725472724350793,0.0105219845169762,0.6603244531735158,0.0435668461763166,Anambra
55,53941.15,171,8,69666.67,8708.33375,0.361389599933512,0.0,0.3271891709478866,0.1134094682579201,0.0,0.0,0.0,0.0609149253150753,0.1370968355456059,Abuja FCT
45,26680.52,93,6,62945.04,10490.84,0.0206111553825368,0.0,0.0,0.094311164152092,0.0,0.0,0.0,0.4396451253347365,0.4454325551306347,Kano
41,42149.23,52,7,43579.58,6225.654285714286,0.0791067743195322,0.1327986639614241,0.2209727583423245,0.0,0.0,0.0,0.0,0.0,0.5671218033767191,Lagos
35,53788.98,275,5,54816.58,10963.316,0.1081667261985333,0.5778209804405893,0.0,0.0,0.0,0.0314767904163302,0.0,0.0,0.2825355029445471,Edo
38,35788.74,29,7,360745.59,51535.08428571428,0.0,0.0255506380549239,0.0258983900537772,0.0,0.0,0.3423779068234763,0.0,0.0,0.6061730650678224,Lagos
33,57906.36,205,7,54706.22000000001,7815.174285714287,0.0,0.2698539581056779,0.3140059759201056,0.3174871157246836,0.0,0.0,0.0,0.0712026895661955,0.0274502606833372,Kaduna
52,23790.98,169,6,44198.39,7366.398333333333,0.0,0.0,0.0,0.1668676166711049,0.0,0.0411610015658941,0.0,0.1108508703597574,0.6811205114032435,Plateau
23,28669.44,65,3,23164.03,7721.343333333334,0.0,0.0,0.0,0.0,0.0,0.5696953423044263,0.0,0.3435036994857975,0.0868009582097761,Imo
36,90097.88,17,8,36658.39,4582.29875,0.0083178775718191,0.0,0.2836843080124359,0.0528042830031542,0.0,0.2323912752305816,0.1983646854103521,0.0620752848120171,0.1623622859596397,Delta
55,79585.95,83,6,86501.62,14416.936666666666,0.1715901968078748,0.2489729094090954,0.1973012759761031,0.0,0.0,0.0725187574521725,0.0,0.0,0.309616860354754,Abuja FCT
44,16760.79,206,3,20828.71,6942.903333333333,0.0311022622140305,0.9640966723335244,0.0,0.0,0.0,0.0,0.0048010654524452,0.0,0.0,Abuja FCT
18,50356.15,23,7,62317.08,8902.44,0.0,0.4013944491622522,0.0,0.0925523147105095,0.2836984659743364,0.0,0.0961786078551819,0.0,0.12617616229772,Kano
53,85403.99,174,4,104729.2,26182.3,0.0,0.0098274406755709,0.0,0.1541692288301639,0.0,0.0,0.0,0.8360033304942651,0.0,Cross River
58,47468.55,65,4,84535.84999999999,21133.9625,0.089975199870824,0.0,0.0,0.910024800129176,0.0,0.0,0.0,0.0,0.0,Oyo
37,131926.72,64,4,36899.28,9224.82,0.0,0.0443491038307522,0.0,0.7328129437755967,0.0,0.222837952393651,0.0,0.0,0.0,Imo
52,57980.0,95,5,74782.44,14956.488,0.0,0.7863153435485657,0.0242817698914344,0.0979533430575413,0.0,0.0606139623152173,0.0,0.0,0.0308355811872412,Abuja FCT
18,28873.66,21,3,18008.81,6002.936666666667,0.0,0.0209164292365792,0.0,0.0,0.0,0.0,0.0,0.0,0.9790835707634208,Oyo
25,28364.78,132,8,40364.31,5045.53875,0.1082109417948677,0.0,0.289942278215582,0.0794806104699919,0.0,0.0,0.3970762785242706,0.1252898909952876,0.0,Lagos
38,10988.65,100,5,34300.52,6860.103999999999,0.0498001196483318,0.0261987281825465,0.6695700240112978,0.0,0.0,0.0,0.0,0.0,0.2544311281578238,Delta
23,76841.14,65,2,7049.55,3524.775,0.0,0.0,0.0,0.0918555085076352,0.9081444914923648,0.0,0.0,0.0,0.0,Enugu
22,4834.4,28,4,16654.12,4163.53,0.0,0.0,0.0975830605279654,0.263870441668488,0.0,0.0,0.0,0.0,0.6385464978035466,Plateau
18,36623.32,255,5,15953.01,3190.602,0.421565585428706,0.0,0.0,0.0,0.0,0.1811325887716487,0.0,0.1905464862116929,0.2067553395879524,Edo
24,47248.28,99,4,239746.02,59936.505000000005,0.0,0.0,0.0,0.9401113311495224,0.0,0.0,0.0346002407047257,0.0252884281457519,0.0,Cross River
18,56115.02,7,7,21718.62,3102.66,0.3142474061427475,0.091922046612538,0.0,0.0645473791612911,0.0,0.0,0.5229572597153963,0.006325908368027,0.0,Kano
25,34458.72,153,6,63988.52,10664.753333333334,0.0,0.0620473797487424,0.1862201219843809,0.0,0.0,0.1541198327449986,0.1214016201656172,0.0,0.4762110453562608,Delta
18,18023.46,67,9,144212.88999999998,16023.654444444444,0.0540903105124652,0.0,0.0446170241786292,0.5282302434962644,0.0230693664068447,0.0023339799930505,0.3321996390197852,0.0154594363929604,0.0,Plateau
37,13009.11,167,6,45131.97,7521.995,0.0882534044049041,0.0,0.5133762164603052,0.1556750126351674,0.0,0.0511632884627017,0.0787149331172559,0.0,0.1128171449196655,Anambra
29,60746.16,65,8,97729.88,12216.235,0.0678870167445207,0.4587005529936187,0.3397828790949093,0.0,0.0,0.0314394123885141,0.0687769185841628,0.0334132201942742,0.0,Kaduna
19,39193.68,400,4,23473.6,5868.4,0.4318084997614341,0.0,0.0,0.0,0.0,0.0,0.3367966566696203,0.0,0.2313948435689455,Abuja FCT
49,3498.36,242,5,61301.26,12260.252,0.4973370857303749,0.0076327958022396,0.0,0.0551636295893428,0.0,0.0,0.0,0.0,0.4398664888780426,Edo
20,26556.73,6,8,158558.69,19819.83625,0.0059716689132585,0.0,0.459127090416804,0.2638536557031343,0.0,0.263226758495545,0.007820826471258,0.0,0.0,Abuja FCT
25,45186.25,187,8,141117.18999999997,17639.648749999997,0.1418815099705429,0.1040742803906455,0.0264797647969039,0.5175111550903189,0.0,0.0,0.0,0.0061462391647679,0.2039070505868208,Cross River
57,11070.03,228,5,153407.51,30681.502,0.0,0.0396215934930434,0.0,0.5668491718560583,0.0,0.0101721226033849,0.3833571120475131,0.0,0.0,Edo
18,45918.49,87,5,44307.49,8861.498,0.0877862862464111,0.0,0.0160185106400746,0.7969749584099665,0.0,0.0,0.0,0.0992202447035479,0.0,Rivers
28,20077.01,94,10,137661.53,13766.153,0.1288500861497035,0.0049161882771461,0.0794425283519658,0.0130842654443837,0.1797339460051039,0.4154891348367259,0.0,0.115685260798714,0.0627985901362566,Edo
30,20721.55,51,8,39273.53,4909.19125,0.4425833379377916,0.0,0.0,0.1048495004141466,0.0,0.008186175268686,0.1788968294930452,0.2119590472259559,0.0535251096603742,Cross River
25,20857.28,100,2,23609.47,11804.735,0.380111455276209,0.0,0.0,0.0,0.0,0.0,0.6198885447237908,0.0,0.0,Anambra
64,10467.42,138,4,33296.98,8324.245,0.501979759125302,0.0,0.0,0.1762586276593252,0.0,0.0,0.0,0.0,0.3217616132153726,Anambra
44,4063.28,111,5,150038.30000000002,30007.660000000003,0.0082962150330948,0.0133987788451348,0.0,0.9136115911737204,0.0,0.0108201039334623,0.0,0.0,0.0538733110145876,Oyo
46,31906.53,27,3,4143.27,1381.09,0.0,0.5937001450545101,0.0,0.4062998549454898,0.0,0.0,0.0,0.0,0.0,Rivers
53,9410.97,66,8,71282.7,8910.3375,0.4510014351308242,0.0,0.2621337295023898,0.0,0.0,0.0381719547660231,0.1899812998104729,0.0318051925642547,0.0269063882260352,Rivers
18,20539.89,56,5,519427.9141500111,103885.5828300022,0.905160256778628,0.0,0.002075225398242,0.0593505261465342,0.0,0.0334139916765958,0.0,0.0,0.0,Kaduna
49,271734.9,22,8,49567.920000000006,6195.990000000001,0.0,0.0,0.0677399818269558,0.0,0.0,0.0413737352707154,0.1608639216654642,0.7003836352221356,0.0296387260147288,Rivers
18,161960.61,522,2,4846.43,2423.215,0.7701751598599381,0.0,0.0,0.0,0.0,0.0,0.2298248401400618,0.0,0.0,Plateau
44,12390.55,392,5,39843.58,7968.716,0.0,0.0,0.0,0.2553297168577723,0.0,0.0,0.0712435980903322,0.6734266850518954,0.0,Enugu
37,36236.485,105,6,12998.3,2166.383333333333,0.367772708738835,0.0,0.0,0.1124316256741266,0.0,0.3590931121762076,0.0,0.1607025534108306,0.0,Unknown
30,11893.74,198,3,14957.04,4985.679999999999,0.0,0.2432112236110888,0.0,0.0,0.0,0.3263807544808331,0.4304080219080781,0.0,0.0,Imo
24,21523.75,323,7,43741.28,6248.754285714285,0.1374946046389131,0.1640477827809337,0.0,0.0,0.0555242096253241,0.0,0.3551677042830022,0.0,0.2877656986718267,Ogun
41,36658.91,140,8,61236.060000000005,7654.507500000001,0.0929809984509127,0.6639494768278691,0.0452006546469514,0.0499834574595426,0.0,0.0647373459363649,0.0,0.0,0.0831480666783591,Kaduna
29,11090.6,160,3,15345.53,5115.176666666667,0.0,0.0,0.0,0.8044479402145119,0.0,0.0,0.0,0.0,0.195552059785488,Kano
35,11682.79,4,7,22414.07,3202.01,0.0,0.0,0.0,0.2793428413492061,0.0,0.0,0.6225696627163206,0.0790503465011039,0.0190371494333693,Ogun
18,127788.2,11,4,19887.68,4971.92,0.0,0.0,0.5804171225602988,0.0,0.0,0.0,0.0,0.2937235514650276,0.1258593259746738,Cross River
37,37164.31,19,5,23928.53,4785.706,0.0284806463247011,0.3432045345033731,0.0,0.4899644900877739,0.0,0.1383503290841518,0.0,0.0,0.0,Edo
43,241682.99,143,3,38011.33,12670.443333333336,0.6831594685058375,0.3168405314941624,0.0,0.0,0.0,0.0,0.0,0.0,0.0,Ogun
55,12461.9,103,9,192890.16,21432.24,0.5666169803581479,0.0155742522065407,0.0,0.0,0.0,0.0709008173356277,0.0419691185906009,0.1409344053631351,0.1640044261459475,Enugu
62,134535.4,19,4,64422.22,16105.554999999998,0.944391081213904,0.0,0.0383175246056407,0.0086370820502615,0.0,0.0,0.0086543121301935,0.0,0.0,Kwara
22,51779.79,5,7,516440.7641500111,73777.25202143016,0.962641039710034,0.0,0.0109812594080057,0.023101255416264,0.0,0.0032764454656962,0.0,0.0,0.0,Delta
35,13901.37,112,1,8549.05,8549.05,0.0,0.0,0.0,0.0,0.0,0.0,1.0,0.0,0.0,Abuja FCT
18,110003.24,24,6,58924.91,9820.818333333336,0.0318108249974416,0.0,0.0,0.3998397282235985,0.0220770808135303,0.0686283610785319,0.0,0.4776440048868975,0.0,Anambra
18,89189.69,241,4,73760.16,18440.04,0.0,0.0626602491100886,0.7852369083798082,0.0,0.0,0.0,0.0689957830894076,0.0,0.0831070594206953,Oyo
53,60305.94,40,7,87021.14,12431.591428571428,0.1161241969480059,0.5910530475698204,0.0,0.015037955145152,0.0,0.1512092349054494,0.0,0.0394090447447597,0.0871665206868124,Plateau
24,17231.26,19,4,12317.53,3079.3825,0.0495139853525828,0.0,0.0,0.7111222785737077,0.0,0.0,0.0,0.1174326346272345,0.121931101446475,Plateau
24,140505.32,63,8,100988.92,12623.615,0.1606409891302927,0.0,0.6358105423842536,0.0,0.0,0.0740731755523279,0.0,0.1294752929331257,0.0,Kano
29,19505.14,233,5,99597.75,19919.55,0.0289469390623784,0.3382786257721685,0.0,0.0,0.0,0.0,0.0,0.632774435165453,0.0,Imo
30,45470.9,234,4,22476.04,5619.009999999999,0.03293774170183,0.0,0.0785872422366217,0.8884750160615482,0.0,0.0,0.0,0.0,0.0,Cross River
51,47224.5,137,9,77353.81,8594.867777777778,0.0,0.4326217415793741,0.0580675987388339,0.157987434620221,0.0,0.0139993104412051,0.1385059119906311,0.0,0.1988180026297347,Imo
33,104508.68,209,7,52033.26,7433.322857142856,0.0663848469229104,0.4525872490018884,0.0926336347174864,0.0,0.0,0.001921847679734,0.1138733187196035,0.0,0.2725991029583769,Imo
52,36840.3,260,2,3467.62,1733.81,0.0,0.0,0.0,0.0,0.0,0.0,0.4310564594736447,0.0,0.5689435405263553,Abuja FCT
51,14443.59,166,6,32402.91,5400.485,0.0,0.0999904020966018,0.374140779331239,0.0,0.0,0.1506559133114896,0.0,0.1293593692665257,0.2458535359941437,Enugu
31,21757.14,168,6,77177.35,12862.891666666668,0.813144659670227,0.0841651080271608,0.0,0.0,0.0869476601619516,0.0090231136466852,0.0,0.0,0.0067194584939752,Lagos
46,19767.35,283,7,89295.15,12756.45,0.0101109634733801,0.0,0.0115053281169246,0.0584584941063428,0.0,0.0,0.9199252143033524,0.0,0.0,Delta
27,189269.52,220,8,53058.01,6632.25125,0.0053469777701802,0.0,0.0,0.7381466059507321,0.0,0.0,0.2348346649261817,0.0216717513529059,0.0,Lagos
42,67593.56,53,6,67660.01999999999,11276.669999999998,0.0,0.1371668231845039,0.0,0.0763198119066474,0.0,0.1371561817451428,0.0,0.0,0.6493571831637059,Cross River
23,55306.78,55,3,17332.78,5777.593333333333,0.0,0.0,0.1865540323018004,0.0,0.0,0.0,0.2903290758897303,0.0,0.5231168918084693,Plateau
42,11570.66,48,9,215881.45,23986.82777777778,0.0241053596777305,0.1870240819672093,0.0,0.0966638865914602,0.0,0.0124871312472655,0.4995396315894673,0.0278290700752658,0.1523508388516012,Anambra
33,15703.72,48,6,107853.7,17975.616666666665,0.242721019306709,0.0732016611391171,0.0,0.308869422189503,0.0,0.0593182245949837,0.0,0.1236840275298854,0.1922056452398017,Rivers
18,19564.73,150,4,105487.99,26371.9975,0.0371173059606122,0.0,0.0,0.8712242028689713,0.0,0.0,0.0,0.0916584911704166,0.0,Oyo
47,30530.4,75,7,48744.13,6963.447142857142,0.0,0.0,0.7993684572891137,0.024246611848442,0.0,0.0681563092827793,0.0,0.0332241030868742,0.0750045184927908,Lagos
18,42774.17,4,8,79767.95,9970.99375,0.0364760533522548,0.1475883484532321,0.0,0.794951230412716,0.0,0.0186364323014443,0.0,0.0,0.0023479354803526,Ogun
28,16590.89,33,9,123095.57,13677.285555555556,0.0457571300088216,0.0073480304774574,0.0283282330956345,0.6190626518890973,0.0214026386164831,0.2505923649405093,0.0,0.0,0.0275089509719968,Imo
33,42913.16,56,6,26672.050000000003,4445.341666666667,0.0,0.0,0.0,0.2331999227655917,0.0,0.0,0.673572897471323,0.0,0.0932271797630853,Edo
62,21376.71,181,7,74733.48999999999,10676.212857142857,0.7317384749461052,0.0,0.0,0.1629713800332354,0.0,0.0085858428396693,0.0,0.0,0.09670430218099,Delta
34,49814.52,61,8,63223.65,7902.95625,0.126279327435224,0.2812876194272238,0.0293186173212081,0.3690296273625455,0.0,0.1940848084537985,0.0,0.0,0.0,Kano
35,101846.82,192,6,53926.32000000001,8987.720000000001,0.0907271254556216,0.7919385190756573,0.0,0.0877476898108381,0.0,0.0,0.0295866656578828,0.0,0.0,Abuja FCT
48,36017.89,99,8,88632.84,11079.105,0.0,0.2569615280295655,0.275780173579003,0.0170818175294845,0.0,0.0,0.3926999292812912,0.0574765515806556,0.0,Cross River
26,70581.14,159,1,4980.62,4980.62,0.0,0.0,0.0,0.0,0.0,0.0,0.0,1.0,0.0,Enugu
31,15181.61,73,5,93285.04,18657.008,0.0,0.0,0.0446308432734766,0.2829774206024888,0.0,0.0,0.5945095805286678,0.0,0.0778821555953666,Plateau
29,2038.67,38,10,115134.31,11513.431,0.0,0.0058813919152336,0.0,0.0209782817997519,0.0,0.4189284671094133,0.0,0.0975378234342135,0.4566740357413876,Anambra
18,114880.76,22,8,53860.505,6732.563125,0.400743550399314,0.3011086695158168,0.0,0.1381901265129244,0.0,0.0,0.0312553697741972,0.1287022837977475,0.0,Ogun
30,31474.52,236,5,28948.72,5789.744000000001,0.0,0.0676513503878582,0.0571355141090866,0.0,0.0,0.6374364738751834,0.0,0.0422965160463053,0.1954801455815663,Oyo
37,5187.55,18,8,39556.71,4944.58875,0.2414834297392275,0.1956803283185077,0.0749263525707775,0.0995484710432186,0.0,0.0,0.0,0.0,0.3883614183282683,Delta
46,55415.92,100,7,814910.8441500111,116415.834878573,0.0,0.0062505365299352,0.1170142730146889,0.0,0.0,0.2457885809691458,0.0505902459096628,0.5803563635765672,0.0,Kwara
30,108425.29,26,10,138726.04,13872.604,0.2443520336917279,0.0,0.0,0.2496588960515271,0.1661343465149008,0.1594935601131553,0.0328615305388952,0.0,0.1474996330897933,Oyo
31,47471.42,63,10,46808.82,4680.882,0.0,0.0387435530312449,0.026843658951454,0.037525620171583,0.0313073476323479,0.3746174332102369,0.3416787690866806,0.0,0.1492836179164525,Imo
30,270657.83,44,5,18310.77,3662.154,0.0,0.0,0.1145730081258188,0.0,0.0,0.0,0.1794544959059613,0.1372001286674454,0.5687723673007743,Imo
41,101393.6,193,3,81432.54000000001,27144.180000000004,0.0435438953519072,0.0,0.0,0.0,0.0,0.0,0.9564561046480928,0.0,0.0,Lagos
61,36856.8,17,8,87964.78,10995.5975,0.1629788649502676,0.0129779213908111,0.0,0.0234643910892518,0.0,0.5169651990262466,0.0,0.0,0.2836136235434227,Kaduna
31,95018.62,49,10,88565.88,8856.588,0.0,0.0220262024156481,0.0654336636185402,0.5280173357956812,0.0,0.151341916322629,0.0,0.0741582424292515,0.15902263941825,Delta
56,79348.44,34,8,116599.94,14574.992499999998,0.0,0.0094209310913882,0.0180018102925267,0.0206581581431345,0.0,0.5676144430263,0.2335604117806579,0.1413687691434489,0.0093754765225436,Delta
32,35899.85,108,8,131849.36,16481.17,0.1834014969811002,0.0432098418983603,0.4663626732810839,0.0,0.0,0.2538801856907004,0.0465455425798047,0.0,0.0066002595689505,Kaduna
45,5092.62,35,7,111926.72,15989.531428571428,0.0,0.0,0.0016555474867842,0.0507720587184186,0.8158425441217254,0.0,0.0212334463120155,0.1104964033610562,0.0,Edo
18,73171.2,45,9,155687.68,17298.63111111111,0.0,0.0,0.2788284211056392,0.5190973364109479,0.0,0.1372652608093331,0.0,0.0,0.0648089816740798,Enugu
36,66380.03,27,5,24533.18,4906.636,0.0,0.0198641187159593,0.0406869390759779,0.0,0.0,0.0,0.3747793804146059,0.564669561793457,0.0,Ogun
48,22601.28,96,7,57915.35,8273.621428571429,0.0333277792502333,0.0243168693619221,0.8406099591904391,0.0,0.0,0.0,0.0,0.1017453921974053,0.0,Abuja FCT
55,10996.58,434,4,49648.53,12412.1325,0.0,0.0357386210628995,0.0,0.9224174411608964,0.0,0.0136584104302786,0.0281855273459254,0.0,0.0,Anambra
44,112830.12,186,6,31005.41,5167.568333333334,0.0,0.173130753632995,0.1131425128711408,0.0,0.402639410348065,0.1603755602651279,0.0409773649179288,0.0,0.1097343979647422,Ogun
38,233959.16,63,7,31729.39,4532.77,0.0,0.0,0.0,0.3094351955710462,0.0,0.0,0.3130646381793032,0.0,0.3775001662496506,Abuja FCT
67,44680.79,79,5,39765.73,7953.146000000001,0.0,0.3675177093442016,0.0272382777834079,0.0,0.0,0.4593897811004601,0.0,0.1458542317719302,0.0,Kano
30,16634.47,243,5,38427.16,7685.432000000001,0.1380648478836323,0.414815979114772,0.0,0.169459569741818,0.0,0.0,0.1818549692457106,0.0,0.0958046340140671,Cross River
37,36236.485,54,4,40941.74,10235.435,0.2749001385871729,0.0,0.0,0.0,0.0,0.0,0.571332337120992,0.1537675242918351,0.0,Unknown
32,109811.11,477,6,33195.92,5532.653333333333,0.0,0.4783129975008977,0.3018892080713533,0.0,0.0,0.2197977944277489,0.0,0.0,0.0,Enugu
37,196087.02,21,8,126200.69,15775.08625,0.0894440434517434,0.0936811042792238,0.0395303702380708,0.0,0.0,0.068398120485712,0.7089463615452498,0.0,0.0,Abuja FCT
33,8644.7,73,6,15828.85,2638.141666666667,0.2823142552996585,0.0,0.1203081714717114,0.0838475315642008,0.0,0.0,0.0,0.0983665901186757,0.4151634515457534,Plateau
44,12325.72,86,3,5751.07,1917.0233333333333,0.6030147433434127,0.0,0.0,0.0,0.0,0.0,0.0,0.0,0.3969852566565874,Lagos
37,36236.485,8,7,37512.16,5358.88,0.0,0.0,0.2415462079496355,0.4609313353323296,0.0,0.1662023727772541,0.0,0.1313200839407808,0.0,Unknown
18,23566.95,122,7,110326.74,15760.962857142858,0.0,0.0,0.0,0.0,0.0,0.3737109426055732,0.5356926163140505,0.0217138655597002,0.0688825755206761,Enugu
52,11569.22,174,4,33112.41,8278.1025,0.0,0.1269022701760457,0.0,0.12098877731944,0.0,0.0,0.0,0.0,0.752108952504514,Imo
43,92576.57,19,7,142659.62,20379.94571428572,0.0,0.2190634602839963,0.0,0.3150397428508502,0.0,0.0,0.0,0.4277091863836452,0.0381876104815083,Edo
18,53591.6,90,9,47090.56,5232.2844444444445,0.0,0.375348902200356,0.0106363143695891,0.2403626119544978,0.0,0.0609580773726199,0.0,0.2314969284714388,0.0811971656314981,Kaduna
46,214900.42,121,8,70254.27,8781.78375,0.0233664089029748,0.0953352728595714,0.3412890063479415,0.0,0.0,0.0,0.0104016453377139,0.0742639557709446,0.4553437107808536,Delta
58,329951.9,86,7,51172.89,7310.412857142857,0.4553581007443589,0.0,0.1124720530734144,0.2704908790572508,0.1165822371962967,0.0,0.0,0.045096729928679,0.0,Rivers
37,80687.85,131,8,39865.13,4983.14125,0.0623141075922742,0.3119222237579558,0.0,0.0,0.0,0.1205632591691034,0.075853509069204,0.4293469004114623,0.0,Unknown
18,4932.63,271,6,28626.58,4771.096666666667,0.0,0.1000992783629759,0.2520744706493056,0.0,0.0,0.2917379582192494,0.0,0.2075874938606008,0.1485007989078681,Edo
52,350271.89,111,3,25102.43,8367.476666666667,0.0,0.0,0.0,0.3994449939707032,0.0,0.0,0.0,0.11633216385824,0.4842228421710567,Anambra
18,146617.92,262,2,61863.61,30931.805,0.0,0.0,0.0,0.0,0.0,0.2476289372702304,0.0,0.7523710627297695,0.0,Delta
52,28765.2,6,9,72977.02,8108.557777777778,0.0,0.2965129296866328,0.0,0.1166075293290956,0.0,0.0,0.1617092613537796,0.352059045436495,0.0731112341939969,Lagos
46,53166.28,83,9,506188.77415001113,56243.19712777901,0.0,0.0297275458652122,0.002263404600238,0.0,0.0,0.0102196458400062,0.0138109542467415,0.9391142364787676,0.0048642129690341,Kaduna
58,11889.33,235,4,14716.079999999998,3679.02,0.0,0.0,0.0,0.4453679240667351,0.0,0.0,0.1475719077362993,0.0,0.4070601681969655,Delta
18,8486.98,126,6,51064.04,8510.673333333334,0.0211814419697305,0.2425238974432888,0.0,0.6884970323538834,0.0,0.0,0.0229441305466625,0.0,0.0248534976864345,Rivers
33,15524.49,256,6,66619.39,11103.231666666668,0.0733197947324345,0.0,0.1339742078094681,0.0268235719360384,0.0,0.0,0.0,0.0057863033570256,0.7600961221650333,Anambra
59,40732.91,63,6,29634.75,4939.125,0.0,0.0,0.0,0.0,0.0,0.3870273918288495,0.5626485797923046,0.0,0.0503240283788457,Delta
18,83822.45,404,5,66807.44,13361.488,0.0,0.8659011631039896,0.0,0.03126957117351,0.0634662845934524,0.0,0.0,0.0393629811290478,0.0,Kaduna
50,45676.59,10,6,70208.81999999999,11701.47,0.2866873421316581,0.1087682430782913,0.0,0.0522864506197369,0.0,0.4088336764526167,0.0,0.0,0.143424287717697,Anambra
39,15171.81,139,6,29835.45,4972.575,0.3936924028295199,0.0,0.042943545346224,0.0,0.0,0.51870006988331,0.0,0.044663981940946,0.0,Cross River
34,34364.35,42,6,45544.85,7590.808333333333,0.5666203753003908,0.0165406187527239,0.0714074148888403,0.0614618337748395,0.0,0.0,0.1721753392535051,0.0,0.1117944180297004,Oyo
37,14747.32,140,2,5145.79,2572.895,0.0,0.6790968927997449,0.0,0.3209031072002549,0.0,0.0,0.0,0.0,0.0,Plateau
33,84785.72,201,4,36864.3,9216.075,0.1357383701847044,0.0,0.0,0.4374446280005317,0.0,0.0,0.4268170018147639,0.0,0.0,Anambra
22,23083.76,373,3,10074.4,3358.1333333333337,0.0,0.1791024775669022,0.0,0.6878176367823393,0.0,0.1330798856507583,0.0,0.0,0.0,Edo
27,60999.15,55,5,20825.29,4165.058,0.3638230247934122,0.2759068421136032,0.0,0.0,0.0,0.0,0.0530412781766784,0.3072288549163061,0.0,Anambra
24,83553.69,130,6,129296.47,21549.411666666667,0.0606770625679107,0.6794328569063023,0.0,0.0867128081686994,0.1575661733069742,0.0156110990501132,0.0,0.0,0.0,Anambra
32,3525.95,126,5,76421.24,15284.248,0.0,0.0492340872773066,0.0,0.0,0.0,0.0,0.2042671644689356,0.6731514694082431,0.0733472788455146,Anambra
43,392975.51,22,7,505022.51,72146.07285714286,0.0065150363297667,0.0,0.0109591748692548,0.8236393660947905,0.0,0.0,0.0194434501543307,0.0195439605256407,0.1198990120262164,Ogun
67,14222.11,153,5,76798.32,15359.664,0.0,0.0,0.3494638945226927,0.4385257385838649,0.0,0.0918508373620673,0.0,0.1201595295313751,0.0,Kaduna
46,73548.17,118,7,68976.31,9853.75857142857,0.0,0.1295269346823569,0.5666300502302892,0.0,0.0,0.0,0.1549948090873518,0.148848206000002,0.0,Kaduna
28,13227.59,159,3,13121.55,4373.85,0.0530592803441666,0.3989094276209746,0.0,0.0,0.0,0.5480312920348587,0.0,0.0,0.0,Abuja FCT
50,23003.22,170,2,25126.54,12563.27,0.0,0.1328014123711422,0.0,0.0,0.0,0.0,0.0,0.8671985876288578,0.0,Oyo
58,51649.63,66,4,18691.36,4672.84,0.0,0.0,0.0,0.0,0.278250485785946,0.0,0.721749514214054,0.0,0.0,Ogun
26,40434.45,10,8,79949.15999999999,9993.645,0.1219299865064248,0.164977718340005,0.0,0.0,0.0,0.1843321430769254,0.0977438662269872,0.0,0.4310162858496574,Imo
46,44990.64,57,6,61288.22,10214.703333333331,0.0,0.0,0.0,0.5228259198912939,0.0,0.0722620105462354,0.4049120695624705,0.0,0.0,Plateau
18,33035.01,75,8,34959.38,4369.9225,0.0940637391166548,0.0,0.1502952855571237,0.1402604966106378,0.0,0.4447956456893686,0.155809685412041,0.0,0.0147751476141739,Lagos
23,73654.54,37,5,19194.36,3838.872,0.0,0.0,0.0,0.0167226206031355,0.0,0.2027741482393786,0.0,0.2029252342875719,0.5775779968699138,Rivers
46,58017.62,449,4,25672.34,6418.084999999999,0.0,0.0,0.0,0.3362880049111222,0.0,0.5184326789065586,0.107026862374057,0.0,0.0382524538082621,Kaduna
50,15472.71,64,7,209150.11,29878.58714285714,0.861029716886116,0.0,0.0,0.0699734750318802,0.0,0.0546949748197598,0.014301833262244,0.0,0.0,Abuja FCT
37,19970.92,9,6,39353.33,6558.888333333332,0.8601546552731368,0.1176523054084622,0.0,0.0,0.0,0.0,0.0221930393184007,0.0,0.0,Plateau
32,26438.26,142,7,283074.53,40439.21857142857,0.0531480525641074,0.0,0.9339972056122464,0.0026488077185891,0.0,0.0,0.010205934105057,0.0,0.0,Edo
46,10389.45,56,6,68937.73000000001,11489.621666666668,0.0,0.0,0.0,0.8753987112717521,0.0,0.1132558324737411,0.0,0.0113454562545067,0.0,Plateau
38,51464.48,2,5,475068.8441500112,95013.76883000224,0.0095470373522702,0.0,0.0,0.000293473254912,0.0,0.0,0.0,0.9901594893928176,0.0,Kano
18,14769.49,452,3,33730.5,11243.5,0.6782635893330962,0.0,0.0,0.0,0.0,0.0,0.0,0.0,0.3217364106669038,Cross River
41,57481.11,274,4,95657.21,23914.3025,0.0,0.0,0.0,0.825625689898336,0.0,0.0,0.0,0.174374310101664,0.0,Kaduna
24,33726.75,52,8,161854.0,20231.75,0.0,0.0,0.3164123222163184,0.0,0.3576384272245357,0.0861835357791589,0.1672459129833059,0.0470143462626811,0.0255054555339997,Edo
52,34319.43,17,5,61758.99999999999,12351.8,0.0276915105490697,0.797058242523357,0.0605910069787399,0.0,0.0,0.0790441878916433,0.03561505205719,0.0,0.0,Edo
44,96415.38,104,10,96612.44,9661.244,0.0,0.5220646533717604,0.1689867267610671,0.0,0.0573486188735115,0.0881774645169918,0.0,0.0034667378238247,0.1599557986528443,Abuja FCT
30,14170.53,29,7,61502.98,8786.140000000001,0.2201031559771575,0.0,0.0,0.0812124875900322,0.0,0.1907514074927751,0.1160737252081118,0.3782993929725031,0.0135598307594201,Kwara
18,26205.69,219,3,24790.9,8263.633333333333,0.0,0.8833898728969097,0.0,0.0,0.0,0.0,0.1166101271030902,0.0,0.0,Imo
48,60206.35,89,7,110750.04,15821.434285714286,0.0,0.0,0.0,0.0,0.1546991766323515,0.0935963544572986,0.484212556492079,0.2674919124182709,0.0,Plateau
57,165727.56,56,6,49031.47,8171.911666666667,0.0,0.0,0.1418701091360304,0.0700968174113482,0.0,0.1820283993117074,0.489606369133946,0.0,0.1163983050069679,Ogun
29,149495.32,417,4,36543.1,9135.775,0.0,0.7380203102637707,0.0,0.1404007870158798,0.0,0.0,0.0,0.1215789027203494,0.0,Kwara
36,50462.93,39,9,37493.32,4165.924444444445,0.0,0.3288284419731301,0.0,0.0903384922967611,0.1545587320621379,0.0417863768799348,0.0,0.2559722638592687,0.128515692928767,Kwara
54,33921.2,335,4,14899.43,3724.8575,0.0,0.2864733751559623,0.0,0.0,0.0,0.7135266248440376,0.0,0.0,0.0,Kwara
28,95205.34,167,3,85234.8,28411.6,0.0,0.0,0.0,0.7592076241159714,0.0,0.0,0.0595301449642634,0.1812622309197651,0.0,Kwara
38,66292.43,22,14,81951.56,5853.682857142857,0.0,0.2028765529295598,0.1327270646220767,0.1465314388158078,0.0,0.2449815476361889,0.0023349158942184,0.0355203732546396,0.2350281068475085,Delta
52,34809.33,290,4,70412.22,17603.055,0.0,0.2953164947788892,0.676356177947521,0.0,0.0,0.0,0.0,0.0283273272735897,0.0,Kwara
63,77315.7,164,7,218115.81,31159.40142857143,0.0047836972478061,0.0,0.0887747660291108,0.0421223019092472,0.0,0.0,0.0,0.1394178166176949,0.7249014181961408,Plateau
18,58954.56,211,7,141024.68,20146.382857142857,0.0583736832446632,0.0,0.7543141384898019,0.1485371213038739,0.0,0.0387750569616609,0.0,0.0,0.0,Imo
36,14980.98,336,5,48811.51,9762.302,0.0578281638900333,0.0129981637527706,0.0,0.0,0.0,0.0,0.0,0.929173672357196,0.0,Rivers
28,83592.91,3,7,55300.29,7900.041428571429,0.0266687570716175,0.0406129877438255,0.653303988098435,0.0,0.0666038098534383,0.1747471848700974,0.0,0.0380632723625861,0.0,Anambra
23,10999.36,19,7,36622.17,5231.738571428571,0.1300130494724916,0.0,0.0,0.1050481170285649,0.0,0.0,0.5823117526896959,0.1120605360086526,0.0705665448005948,Enugu
23,5675.54,56,3,484459.02415001113,161486.34138333704,0.0,0.0,0.0182476526585716,0.0,0.0,0.0,0.0,0.0112564318717518,0.9704959154696764,Delta
41,15025.32,62,5,77920.77,15584.154,0.0345372613745988,0.0,0.0,0.7618379541167265,0.0,0.0,0.2036247845086746,0.0,0.0,Imo
41,4589.47,223,5,54717.78,10943.556,0.1667183866012107,0.0,0.0,0.8135450670696069,0.0197365463291822,0.0,0.0,0.0,0.0,Delta
45,38981.73,107,4,31190.99,7797.747499999999,0.0,0.7171272857963149,0.1545327673151766,0.0,0.0,0.1283399468885085,0.0,0.0,0.0,Abuja FCT
59,18176.17,143,3,39564.48,13188.160000000002,0.0334320076998358,0.0,0.0,0.0,0.0,0.8527376070657317,0.0,0.0,0.1138303852344325,Anambra
49,25771.79,42,5,22287.520000000004,4457.504000000001,0.0,0.9113894233185208,0.0,0.0,0.0,0.0,0.0,0.0208870255640825,0.0677235511173966,Anambra
51,4782.74,431,4,82183.11,20545.7775,0.0,0.0675124122219273,0.0,0.0,0.0,0.0,0.8395947780511104,0.0,0.0928928097269621,Oyo
23,9945.17,100,5,26604.04,5320.808,0.4748444221253614,0.0,0.0,0.0959707623353445,0.0,0.0201533300957298,0.0,0.0,0.4090314854435641,Plateau
38,39277.85,37,9,141781.35,15753.483333333334,0.058122595108595,0.5047714667690779,0.0,0.0778183449374688,0.0,0.0,0.1391061659379037,0.144815238393484,0.0753661888534705,Plateau
41,15840.05,128,9,266149.38,29572.15333333333,0.0,0.0811676134657912,0.8418372795007074,0.0077627458685043,0.0105435150741286,0.0159973320245946,0.0426915140662736,0.0,0.0,Kwara
60,292733.4,136,6,56403.100000000006,9400.516666666668,0.1977132462577411,0.0,0.0,0.3283296485476862,0.0,0.0,0.0606236182053823,0.0198620288601158,0.3934714581290744,Oyo
58,63022.19,44,5,29979.67,5995.933999999999,0.0,0.1408217635484313,0.7577288208976283,0.0,0.0,0.0,0.0,0.0,0.1014494155539404,Delta
41,80779.09,57,8,297736.04,37217.005,0.0198815702660652,0.0,0.0,0.916221193779564,0.0,0.0332968088109185,0.0,0.0148989688987601,0.0157014582446921,Abuja FCT
56,19383.53,34,6,36582.86,6097.143333333333,0.0,0.0,0.0,0.1245206088315675,0.0,0.0037255151729525,0.0,0.2789139504128436,0.5928399255826363,Kaduna
33,156068.49,436,2,32444.340000000004,16222.170000000002,0.2509069378511013,0.0,0.0,0.0,0.0,0.0,0.0,0.0,0.7490930621488987,Edo
58,9305.89,144,11,68121.33,6192.848181818182,0.5510397404161076,0.0198887778615009,0.0,0.318705315941424,0.0,0.0800230999600272,0.0,0.0303430658209403,0.0,Kaduna
26,70879.91,181,5,91416.4,18283.28,0.0,0.0,0.014592458246004,0.068674876717963,0.0,0.1706266052918295,0.0,0.0,0.7461060597442035,Plateau
31,42679.43,41,9,158034.28,17559.364444444444,0.0293591365113948,0.852968925476169,0.044612219576664,0.021972954222337,0.0,0.0,0.0,0.0,0.0510867642134352,Kwara
26,100532.81,177,8,112014.32,14001.79,0.3156605334032291,0.2374583892488032,0.0,0.0,0.0695380733463364,0.0428678226141086,0.0148211407255786,0.3196540406619439,0.0,Kano
53,10085.66,376,6,57457.47,9576.245,0.5439727854359059,0.1094211074730579,0.0511649747195621,0.0,0.0562234988766473,0.0,0.0,0.0,0.2392176334948267,Enugu
54,46126.66,153,5,80529.92000000001,16105.984000000002,0.0,0.1584350263852242,0.4849632285739264,0.3469873060844963,0.0,0.0,0.0,0.0096144389563531,0.0,Kaduna
51,6863.47,179,8,620605.7841500111,77575.72301875139,0.0,0.0054916342822486,0.7760377947647307,0.0068323726724645,0.0,0.0026231466763231,0.0,0.0293117796588291,0.1797032719454037,Rivers
41,15883.4,209,2,14977.9,7488.95,0.0,0.2705112198639329,0.0,0.0,0.0,0.0,0.0,0.0,0.7294887801360671,Delta
38,41441.35,352,1,6116.56,6116.56,1.0,0.0,0.0,0.0,0.0,0.0,0.0,0.0,0.0,Delta
49,6632.24,129,6,55600.39,9266.731666666668,0.0,0.0304294628149191,0.5151845157920655,0.0,0.0,0.3657877219925975,0.0,0.0885982994004178,0.0,Kwara
31,218000.01,113,7,52728.73,7532.675714285714,0.0,0.0177502852809085,0.0191694357136991,0.0,0.0,0.2050000066377476,0.0,0.0728970714826623,0.6851832008849824,Rivers
31,62212.55,55,4,497922.9941500111,124480.74853750278,0.0107943799807339,0.0,0.0,0.0093263216492487,0.0,0.0356258501985464,0.9442534481714708,0.0,0.0,Abuja FCT
44,42777.37,116,9,84378.13,9375.34777777778,0.0,0.147162303786538,0.0,0.18067181626329,0.0,0.2875572141738623,0.0,0.0371905611086664,0.3474181046676431,Lagos
39,188680.98,137,4,71542.08,17885.52,0.0,0.1153272311903707,0.0,0.0,0.0,0.4457756889371961,0.1504633357039661,0.0,0.288433744168467,Plateau
37,6532.99,5,6,48334.67,8055.778333333333,0.0,0.0,0.0997220007915643,0.4381596067584614,0.0,0.0693984256021609,0.2086400920912463,0.1840798747565671,0.0,Unknown
27,11238.96,92,6,37432.4,6238.733333333334,0.0,0.0,0.2317342729827635,0.0,0.0,0.049179320588581,0.0531838727946912,0.4750961733685256,0.1908063602654384,Anambra
35,21433.51,118,9,130742.67,14526.963333333331,0.0282831152216793,0.0,0.1497606710953661,0.0239341142413567,0.0,0.0408463434317197,0.1757397183337314,0.5660689046659365,0.01536713301021,Kwara
32,41932.42,122,7,83174.21,11882.03,0.0,0.0,0.0,0.0082631382973159,0.0,0.0403503682211108,0.523437854113673,0.1139293057307066,0.3140193336371936,Rivers
39,6495.83,89,7,60206.81,8600.972857142857,0.4149592047809874,0.0731706263793082,0.0,0.1481289242861397,0.0,0.0,0.0,0.3637412445535646,0.0,Abuja FCT
30,63618.41,247,3,52356.51,17452.17,0.0,0.0,0.6634349768538813,0.0,0.0,0.1239985247297805,0.0,0.0,0.2125664984163383,Edo
44,40142.98,192,4,54904.06,13726.015,0.3651571486698798,0.2156592791134207,0.0,0.111314718802216,0.0,0.0,0.0,0.0,0.3078688534144834,Kano
37,42360.87,89,7,63965.74,9137.962857142857,0.0,0.0,0.5565268220144096,0.0714588778305386,0.2404438688585483,0.0,0.0358340261521245,0.0,0.0957364051443788,Ogun
42,35489.31,187,5,28143.2,5628.64,0.2626183234315927,0.0539409164558401,0.0,0.0,0.0,0.4110381903976804,0.0,0.2724025697148867,0.0,Lagos
33,18212.02,13,6,24523.97,4087.328333333333,0.1351273876130169,0.3255680055064494,0.1441316393716025,0.2176556242729052,0.0,0.0040776432200822,0.0,0.0,0.1734397000159435,Lagos
27,16046.8,150,6,35706.07,5951.011666666666,0.0728887273228333,0.0,0.1740054282087051,0.0,0.0,0.6533625795277945,0.0,0.0997432649406669,0.0,Delta
37,50141.93,59,10,496573.9441500111,49657.39441500111,0.0,0.0049245032463106,0.0090666255308794,0.9468187159010054,0.0,0.0165261590880428,0.0226639962337616,0.0,0.0,Abuja FCT
38,18690.21,445,5,165550.02,33110.004,0.6838048101715724,0.0,0.0239343975917369,0.2723767112803731,0.0,0.0,0.0,0.0198840809563176,0.0,Enugu
37,34704.14,109,6,144473.6,24078.93333333333,0.4167069969876849,0.3895487480065562,0.0,0.0639356256091078,0.0,0.0,0.0218422604545051,0.0,0.1079663689421458,Rivers
49,15631.53,150,4,10166.94,2541.735,0.0,0.280941955003177,0.0,0.0,0.0,0.551506156227931,0.0,0.1675518887688921,0.0,Delta
51,33217.3,106,10,79599.79,7959.978999999999,0.052173127592422,0.1197824768130669,0.0,0.3403715009800905,0.0,0.2326729756447849,0.0,0.031010006433434,0.2239899125362013,Kaduna
46,4617.68,62,7,49335.88,7047.982857142857,0.0,0.0,0.0,0.1205317509285331,0.0,0.7446823690993248,0.1347858799721419,0.0,0.0,Ogun
43,19533.83,117,7,31050.96,4435.851428571428,0.0855310109574712,0.3981609586305866,0.3918902990438943,0.0,0.0,0.0328231397676593,0.0446375893048073,0.0,0.0469570022955811,Anambra
37,162845.06,123,9,746400.0341500111,82933.33712777901,0.0142997581881874,0.1222786251663767,0.056695093869054,0.0115401120121986,0.0,0.0070441583057903,0.0342640123658676,0.0,0.7538782400925252,Unknown
35,33839.8,437,6,29548.82,4924.803333333333,0.0,0.0,0.3156031272991612,0.2436520307748329,0.0,0.0,0.0,0.4190861090222891,0.0216587329037166,Imo
18,24730.98,147,6,19098.66,3183.11,0.0,0.1793387598920553,0.0,0.2770869788770521,0.0,0.1994841522913126,0.2974266257423296,0.0,0.0466634831972505,Rivers
35,28957.26,43,4,15027.48,3756.87,0.0,0.4316392369179663,0.0,0.0,0.0,0.5683607630820338,0.0,0.0,0.0,Kwara
45,1430.2,60,7,64493.59,9213.37,0.1425388166482901,0.3247629725682816,0.072600238256236,0.0,0.0,0.0,0.0886840072013358,0.0287406857022535,0.3426732796236029,Edo
31,55628.33,334,4,136164.18,34041.045,0.8813671113798064,0.0,0.0,0.0,0.0,0.0475461314422045,0.0,0.0,0.0710867571779891,Lagos
28,17541.14,45,5,55538.17,11107.634,0.043773318422267,0.0,0.0,0.762728228171724,0.1029780059371779,0.0905204474688309,0.0,0.0,0.0,Kaduna
37,49673.66,175,5,98396.54,19679.308,0.3712014670434549,0.0,0.0285431784491609,0.0,0.0,0.2870755414773731,0.201079529828996,0.0,0.1121002832010149,Rivers
33,120285.51,65,7,86121.13,12303.018571428573,0.0927375198165653,0.0,0.2466169452258697,0.0,0.0,0.521235380910585,0.079794354765201,0.0381172425396647,0.0214985567421142,Kaduna
54,3170.04,138,7,51905.92,7415.131428571428,0.0,0.0,0.0,0.1271899236156492,0.0,0.255527307867773,0.0,0.0228145460093954,0.5944682225071822,Ogun
41,356090.74,93,3,45923.14,15307.713333333331,0.0,0.0,0.0,0.2737665586455978,0.0,0.0709073900434508,0.6553260513109513,0.0,0.0,Kwara
49,29004.57,375,4,42095.19,10523.7975,0.0608178749163502,0.5639608705887774,0.0,0.0,0.0326721414014285,0.3425491130934436,0.0,0.0,0.0,Imo
42,68064.62,81,5,128826.42,25765.284000000003,0.1214824567817688,0.0201565020591273,0.0,0.0,0.0,0.0,0.8034506431211859,0.0,0.0549103980379179,Lagos
37,7741.04,57,12,129891.99,10824.3325,0.1286791433405554,0.4206059973367103,0.0,0.0062038467499035,0.0,0.0244385354324004,0.2813886368204845,0.1386838403199458,0.0,Kwara
53,332671.14,5,9,190578.89,21175.43222222222,0.0880765440495534,0.1745380613771021,0.0,0.0,0.0,0.0455164787663523,0.6651521057762484,0.0,0.0267168100307437,Anambra
39,31080.06,145,5,65822.34,13164.468,0.3830948580679447,0.0,0.0,0.1500413081637632,0.0,0.0,0.0,0.466863833768292,0.0,Kaduna
33,58749.89,116,4,45184.09,11296.0225,0.0,0.0,0.0,0.0,0.0,0.0105665511909169,0.7700183847898674,0.0,0.2194150640192156,Delta
36,70462.67,26,7,76383.77,10911.967142857144,0.568144908270435,0.038652321036262,0.0,0.0,0.0,0.0051745285680452,0.0081928399187418,0.0892649053588216,0.2905704968476942,Cross River
41,44933.95,65,9,54945.89,6105.098888888889,0.1983769850665809,0.0,0.4120901490539146,0.1755643597728602,0.0,0.0349538427714975,0.0,0.0100227696739464,0.1689918936612001,Plateau
49,11102.06,52,10,276869.77,27686.977000000003,0.0,0.0,0.0193685645059769,0.0097271002175499,0.0,0.0378362361481356,0.8476634339675293,0.0087499260031169,0.0766547391576913,Oyo
26,14544.9,171,6,34691.4,5781.900000000001,0.0827522094813123,0.0708498359824048,0.0,0.0,0.0,0.1948396432545242,0.1639048870901722,0.4876534241915864,0.0,Kaduna
31,156508.03,41,7,102573.42,14653.345714285711,0.0,0.0356417871218489,0.0237323665331622,0.0,0.0,0.7018388389506756,0.0,0.2387870073943132,0.0,Cross River
27,124633.63,10,8,57301.67,7162.70875,0.0512768650547183,0.6938754141022417,0.1451613888391036,0.0,0.0,0.0045476859574947,0.0,0.0528134694852698,0.0523251765611717,Enugu
27,174023.46,42,7,145386.62,20769.51714285714,0.0,0.1835245911900283,0.053347275010589,0.3961289560208498,0.0,0.0823448540175155,0.0,0.078728496473747,0.2059258272872703,Kaduna
30,539073.34,332,5,124755.27,24951.054,0.0,0.0,0.0,0.0,0.0,0.1010980137352113,0.0201450407666145,0.8787569454981742,0.0,Kano
19,236691.36,10,7,25344.04,3620.577142857143,0.0,0.0,0.0,0.2179979987405322,0.0,0.4656242651132179,0.1033963014578575,0.0,0.2129814346883922,Edo
18,62001.64,3,7,65617.70999999999,9373.95857142857,0.0,0.1177429081264799,0.6367320651696015,0.0,0.0867345111556011,0.0,0.1587905155483177,0.0,0.0,Edo
37,29643.36,48,6,98865.14,16477.523333333334,0.8385151732956633,0.0098873070932787,0.0164575703832513,0.0936568744048711,0.0038450357729731,0.0,0.0376380390499624,0.0,0.0,Kano
53,21818.7,84,8,72176.36,9022.045,0.0414702265395484,0.0,0.2520930675916602,0.0948613922896638,0.0,0.2790107453465373,0.3325645682325903,0.0,0.0,Kano
62,217195.86,99,4,13350.97,3337.7425000000003,0.0,0.1983661112263753,0.0,0.3793739331299523,0.0,0.0,0.0663479881986102,0.0,0.355911967445062,Rivers
57,124265.04,58,8,58285.19,7285.64875,0.0,0.3153042822713626,0.0771861599833508,0.0,0.0,0.0,0.0879906199156252,0.1328153858638875,0.3867035519657738,Lagos
37,64669.38,168,9,108300.13,12033.34777777778,0.0914379327153162,0.0,0.096676338246316,0.0130655429499484,0.0,0.0,0.0226661777783646,0.7293367053206676,0.0468173029893869,Rivers
38,72214.34,360,3,11031.73,3677.243333333333,0.6812902418750277,0.0,0.0,0.0,0.0,0.0,0.0,0.0,0.3187097581249722,Edo
31,30866.96,361,3,30707.18,10235.726666666666,0.0422474483166477,0.0,0.9444462174644498,0.0133063342189025,0.0,0.0,0.0,0.0,0.0,Edo
27,15745.76,115,5,16664.89,3332.978,0.0,0.0965160886150463,0.652912200440567,0.0,0.0,0.0,0.0,0.2097265568509603,0.0408451540934263,Enugu
46,10376.34,112,6,28872.93,4812.155,0.2157983273606107,0.3527241606584437,0.0,0.3680561688751367,0.0,0.0418423069636507,0.0,0.021579036142158,0.0,Rivers
59,7957.65,2,10,143014.08,14301.408,0.579227024360119,0.0,0.0,0.2510499665487482,0.0,0.0,0.0362384598775169,0.132785317361759,0.0006992318518568,Kaduna
45,16727.32,3,5,177264.28,35452.856,0.0,0.0,0.0483818849460252,0.0,0.0,0.0395855273267688,0.0,0.1967353490505814,0.7152972386766245,Kwara
37,56097.02,61,9,141797.55000000002,15755.283333333336,0.0948081260924466,0.4784967018118438,0.1559605931132096,0.0,0.0,0.0463098974559151,0.2244246815265849,0.0,0.0,Kano
18,188044.15,257,7,59008.630000000005,8429.804285714286,0.235148655374646,0.0582553772219419,0.0,0.0,0.0,0.5713162634007942,0.0,0.055525607017143,0.0797540969854748,Kano
18,25531.61,13,6,44774.03,7462.338333333333,0.8189988705506295,0.1352140962071093,0.0,0.0,0.0,0.0169940029968265,0.0287930302454346,0.0,0.0,Delta
49,50920.94,286,5,129564.15,25912.83,0.5153737357131583,0.1314390593385593,0.0,0.0,0.0,0.0,0.2980337539357916,0.0,0.0551534510124907,Edo
26,18951.96,37,6,1057398.7583000222,176233.12638333705,0.0214226277666695,0.0,0.4457801566816926,0.0,0.0,0.4446435183127084,0.0,0.0881536972389293,0.0,Cross River
43,15901.96,65,5,22276.2,4455.24,0.5611711153607887,0.2716423806573832,0.0,0.1312768784622152,0.0,0.0,0.0,0.0,0.0359096255196128,Kwara
36,91022.93,50,6,25475.39,4245.8983333333335,0.1020628143474938,0.0,0.6465129680055928,0.0,0.0,0.1995372789189881,0.0,0.0518869387279252,0.0,Imo
28,17514.93,158,7,153373.41,21910.487142857142,0.0,0.4683719948588219,0.1010117073096307,0.0223088865273322,0.2936211694060919,0.00980026459606,0.0,0.1048859773020629,0.0,Plateau
46,17925.8,60,7,34674.15,4953.45,0.0948784613321451,0.0207494632168344,0.1425038537354196,0.2062034685781771,0.0,0.0,0.0421858935258686,0.0310934803016079,0.462385379309947,Cross River
56,7175.69,137,11,81885.64,7444.149090909091,0.0,0.1534542564483833,0.0504816229072643,0.1323058597331595,0.0126378691062315,0.0,0.0,0.4944666732775123,0.1566537185274487,Lagos
49,25678.38,172,6,33253.15,5542.191666666667,0.0,0.0,0.1848297078622626,0.0441642370722773,0.0,0.4644251747578801,0.0,0.3065808803075799,0.0,Kaduna
18,189806.77,135,6,75459.06,12576.51,0.0663127794064755,0.0191677447346945,0.0514818233887355,0.0,0.0,0.815693834511058,0.0,0.0473438179590363,0.0,Plateau
58,59807.58,2,5,38779.62,7755.923999999999,0.751530571986007,0.1285876447474214,0.1198817832665714,0.0,0.0,0.0,0.0,0.0,0.0,Kaduna
41,49084.68,141,7,75853.53,10836.218571428572,0.0030535164283059,0.0,0.2105416847442696,0.0333076127109707,0.0,0.1126754417361987,0.0265818874876357,0.6138398568926192,0.0,Imo
35,19715.99,108,10,98765.25,9876.525,0.1889512758789149,0.3413683456478873,0.2493730335315305,0.0257806262830297,0.0,0.0,0.1093129415457359,0.0579394068257813,0.0272743702871202,Abuja FCT
18,53153.75,157,6,29201.96,4866.993333333333,0.0,0.6944670837162985,0.0,0.2004375733683629,0.0,0.0,0.0,0.1050953429153385,0.0,Ogun
43,48528.47,2,8,25838.04,3229.755,0.0204171833467244,0.0627381179067762,0.0,0.3088999784813399,0.0,0.1591858360773495,0.0765990764005319,0.0,0.3721598077872779,Plateau
39,76361.27,102,5,82484.45,16496.89,0.3508147293217085,0.0,0.0,0.0,0.051352224570813,0.1434209720741303,0.10760500918658,0.3468070648467681,0.0,Ogun
57,30450.47,40,7,89421.35,12774.478571428572,0.0,0.0,0.0,0.0,0.0,0.0071522069393942,0.0335357272060866,0.8902618893586376,0.0690501764958815,Delta
63,34785.0,50,5,19293.79,3858.758,0.0,0.0,0.0662632898979412,0.2486556555243941,0.0,0.0,0.0,0.0,0.6850810545776645,Rivers
39,5191.18,37,7,187026.34,26718.04857142857,0.0038653378983944,0.0,0.0,0.813440556020077,0.0,0.0936431734695765,0.0263247412102487,0.0,0.062726191401703,Kaduna
30,52157.2,151,4,6120.84,1530.21,0.0,0.1852311120695852,0.4195665954346135,0.0,0.0,0.3255811293874697,0.0,0.0696211631083315,0.0,Plateau
45,54885.33,43,5,11238.16,2247.632,0.0,0.0,0.321346199021904,0.0,0.034833104351602,0.0,0.2183542501619482,0.4254664464645458,0.0,Oyo
18,17927.66,49,3,60682.75,20227.58333333333,0.1734718680349852,0.8265281319650147,0.0,0.0,0.0,0.0,0.0,0.0,0.0,Kwara
33,20947.66,83,6,63000.84,10500.14,0.0,0.5239592043534658,0.0,0.0,0.0,0.0247907805673702,0.4388481169457423,0.0124018981334217,0.0,Edo
40,71444.8,49,5,37055.71000000001,7411.142000000002,0.2632959940586754,0.0,0.0,0.5232238162485618,0.0,0.0689475387194038,0.1445326509733587,0.0,0.0,Cross River
27,90509.58,39,9,139225.58,15469.508888888888,0.3001048370565237,0.0,0.0025319341460096,0.0,0.0,0.1820334309255526,0.3596243592592683,0.1557054386126457,0.0,Kaduna
24,5239.83,217,4,213283.45,53320.8625,0.016836280545912,0.0,0.0,0.0,0.0,0.0045018026480723,0.0,0.7188757496186413,0.2597861671873743,Delta
57,124817.96,103,5,20187.55,4037.51,0.0,0.0,0.0,0.2376008975829161,0.0,0.5499523220995117,0.0,0.2124467803175719,0.0,Cross River
25,31622.82,183,7,84317.29999999999,12045.32857142857,0.3777170284152837,0.0,0.5175260593021836,0.0087283392613378,0.0,0.0,0.0,0.0342106542785407,0.0618179187426542,Enugu
42,35079.83,83,6,44727.12,7454.519999999999,0.3272987395566716,0.5754345461992635,0.0,0.0220642420079808,0.0,0.0459108478256592,0.0292916244104248,0.0,0.0,Anambra
44,140347.75,116,5,24618.69,4923.738,0.0,0.0,0.1199466746605932,0.0,0.0,0.1100740941130498,0.1850334034832884,0.5275743754034028,0.0573714523396655,Cross River
35,12398.86,53,3,18165.81,6055.27,0.0,0.0,0.0,0.5622485317197526,0.0,0.0,0.3457379549824643,0.092013513297783,0.0,Ogun
45,44057.07,109,3,18848.97,6282.990000000001,0.0,0.0,0.9675902715108572,0.0259483674704771,0.0,0.0,0.0,0.0,0.0064613610186657,Imo
40,10252.58,70,10,74416.36,7441.636,0.6354915773897031,0.09015087542578,0.0148312817235349,0.0707637406613276,0.0,0.0,0.0396973192453917,0.0339707558929246,0.1150944496613379,Oyo
46,264669.13,205,4,22361.19,5590.2975,0.0,0.0775598257516706,0.0,0.0,0.2669822133795205,0.0,0.6554579608688088,0.0,0.0,Oyo
24,58139.22,46,5,57254.77,11450.954000000002,0.0,0.0,0.1598568992592232,0.0,0.0,0.2153209243526783,0.0,0.2562548063680982,0.36856737002,Abuja FCT
46,68546.57,38,7,54478.36,7782.622857142857,0.0,0.1872833543447343,0.5760689198426678,0.0368041548974675,0.0,0.0753651541639652,0.0264499518707978,0.0980284648803671,0.0,Kano
47,49349.35,26,10,110062.945,11006.2945,0.1740626693207236,0.6315755497910763,0.0361657595115231,0.0378506135738962,0.0,0.0177042327915176,0.1026411750112628,0.0,0.0,Ogun
54,33964.31,34,6,84107.59999999999,14017.933333333332,0.1825367743224155,0.7360734345053241,0.0,0.0,0.0,0.0431491327775373,0.0382406583947229,0.0,0.0,Kwara
25,63224.75,105,7,56170.98,8024.425714285714,0.0,0.0,0.0751298980363169,0.5136323062193325,0.0185829052653167,0.0600112371192384,0.0,0.0,0.3326436533597954,Oyo
36,84708.02,201,4,11326.47,2831.6175,0.4417881299292718,0.3028869541878449,0.0,0.0,0.0,0.010236198921641,0.2450887169612421,0.0,0.0,Ogun
29,58402.55,15,7,112610.54,16087.22,0.0,0.0168692024742976,0.0,0.1544287062294524,0.0,0.0,0.2607295018743361,0.0293550674741458,0.5386175219477679,Lagos
40,11750.75,179,5,483145.0541500111,96629.01083000224,0.0,0.0,0.0,0.9821812312346946,0.0,0.0178187687653053,0.0,0.0,0.0,Plateau
36,192087.99,172,4,17064.08,4266.02,0.1136158527151771,0.0,0.4800082981326856,0.0367362318976469,0.0,0.3696396172544901,0.0,0.0,0.0,Enugu
23,26738.47,39,7,80950.2,11564.314285714285,0.1860086818809589,0.1014053084488982,0.1527215497923414,0.131612892864996,0.0,0.0,0.2442843871911372,0.1839671798216681,0.0,Anambra
54,80812.33,56,9,77166.75,8574.083333333334,0.0331470484373127,0.2773368063317426,0.0,0.0,0.0,0.109836684841593,0.0026743383646453,0.2508489731652558,0.3261561488594505,Abuja FCT
45,29687.57,21,6,56890.98,9481.83,0.0,0.033678449553866,0.1092907873972288,0.0,0.0,0.3626397365628084,0.2667101181944836,0.2276809082916132,0.0,Cross River
26,40440.81,44,8,68601.66,8575.2075,0.3478176767151115,0.3522750032579386,0.02609033075876,0.0600962134152438,0.0,0.1081093372959196,0.0982229876070054,0.0,0.0073884509500207,Abuja FCT
36,26912.08,112,8,99480.81,12435.10125,0.6510032437411799,0.1677412960348835,0.0086779550749536,0.0495544819146526,0.0,0.0814083640854954,0.0416146591488348,0.0,0.0,Kaduna
31,115140.7,67,6,63195.1,10532.516666666666,0.1677457587692716,0.0,0.0,0.0,0.0,0.4716209009875766,0.2665784214282437,0.0940549188149081,0.0,Delta
18,13638.48,21,3,43597.15,14532.383333333331,0.0,0.0,0.0,0.0703706549625377,0.0,0.0,0.6351194974900882,0.2945098475473741,0.0,Kwara
46,88030.34,199,3,14774.97,4924.990000000001,0.0,0.5926550104670263,0.0,0.0,0.0,0.0,0.4073449895329737,0.0,0.0,Abuja FCT
53,30898.44,62,6,100568.27,16761.37833333333,0.106510035421709,0.0,0.0802570234130506,0.0,0.0,0.0703281462433429,0.7429047949218973,0.0,0.0,Lagos
20,72733.73,243,7,88286.18,12612.311428571427,0.0,0.08709958908631,0.0,0.3586369916559987,0.0,0.0586081536204194,0.2138612181430887,0.2817940474941831,0.0,Oyo
36,18711.57,43,7,88293.20999999999,12613.315714285713,0.0,0.0,0.6584398732360054,0.1774772941203519,0.0,0.0637207549708522,0.1003620776727904,0.0,0.0,Edo
44,137298.3,43,8,22184.05,2773.00625,0.0,0.066771396566452,0.1338019883655148,0.4703149334769801,0.0,0.329111681591053,0.0,0.0,0.0,Enugu
62,61158.02,120,5,187260.19,37452.038,0.0,0.014459026235101,0.0,0.0,0.0,0.0156883852355377,0.006106903982101,0.9637456845472602,0.0,Anambra
28,16086.64,38,2,48828.09,24414.045,0.0,0.0,0.0808405571465113,0.9191594428534886,0.0,0.0,0.0,0.0,0.0,Abuja FCT
49,56766.6,137,6,289867.82,48311.30333333334,0.0931531482176945,0.0884754644375495,0.0,0.0293412356017994,0.0,0.0,0.7868698912490528,0.0,0.0021602604939037,Cross River
69,58469.22,76,5,33658.23,6731.646000000001,0.3584335837030052,0.0,0.0,0.0,0.0,0.0,0.0,0.3615701122726893,0.2799963040243055,Delta
34,31573.73,284,6,64251.04,10708.506666666666,0.2894387390460917,0.3110204908745446,0.0,0.0,0.0,0.1472382392565163,0.025488614659,0.0,0.2268139161638473,Kwara
37,17005.62,54,5,38426.89,7685.378,0.0,0.0,0.2968358875776832,0.3122271929890761,0.0,0.0,0.0,0.3909369194332406,0.0,Edo
31,18608.87,121,4,19241.49,4810.3725,0.2959890320344214,0.0,0.0,0.0982403129903141,0.0,0.3937985052093159,0.0,0.2119721497659484,0.0,Edo
23,54899.96,290,7,71505.46,10215.065714285714,0.3130875600268846,0.0374156043468568,0.0,0.0,0.0,0.0,0.358759456970139,0.0,0.2907373786561193,Cross River
38,62805.51,4,3,120757.38,40252.46,0.0,0.0,0.0,0.0,0.0,0.0,0.9509672203885178,0.0490327796114821,0.0,Abuja FCT
22,5286.91,140,2,16989.58,8494.79,0.0,0.5059871992126939,0.0,0.0,0.0,0.0,0.494012800787306,0.0,0.0,Anambra
35,30748.59,321,5,157780.05,31556.01,0.0282096500793351,0.0,0.0,0.064832531108971,0.4479494080525389,0.0,0.4590084107591549,0.0,0.0,Ogun
41,14241.67,81,4,45674.240000000005,11418.56,0.0,0.4484694217134209,0.0,0.0,0.0,0.0303650372726508,0.3554638238096572,0.1657017172042709,0.0,Oyo
32,48354.21,215,4,16394.1,4098.525,0.0,0.0,0.1108099865195405,0.0,0.0,0.1141136140440768,0.0,0.2422438560213735,0.5328325434150091,Kwara
37,20694.32,79,4,25935.53,6483.8825,0.0,0.0,0.5298021671429117,0.0,0.0,0.1197295756053568,0.2969736882184401,0.0534945690332914,0.0,Plateau
19,12432.91,51,8,77615.67,9701.95875,0.0,0.0558273864027715,0.0244321797389625,0.0291512010396869,0.0,0.0,0.3655522138763989,0.5250370189421801,0.0,Ogun
29,89529.93,244,8,44300.5,5537.5625,0.4937253529869866,0.2318298890531709,0.0,0.0999832958995948,0.0,0.0,0.1317978352388799,0.0,0.0426636268213677,Anambra
31,17700.32,33,5,54392.61,10878.522,0.0,0.0,0.1904758753073257,0.0843355374930528,0.0,0.0,0.6277860172549175,0.0,0.0974025699447038,Abuja FCT
37,74803.65,6,9,104619.93,11624.436666666666,0.1243261202717302,0.0,0.0478527370454176,0.0111555226618866,0.0,0.3783506641612167,0.0,0.389646791008176,0.0486681648515727,Unknown
39,66611.59,164,5,48393.44,9678.688,0.0,0.0,0.0,0.0,0.0,0.013393550861439,0.7417718186597191,0.2448346304788417,0.0,Cross River
58,195079.94,249,5,78426.19,15685.238,0.2839281112597718,0.0,0.0332331584640284,0.0,0.0,0.6485492920158431,0.0,0.0,0.0342894382603566,Ogun
28,23791.83,382,5,13959.75,2791.95,0.1740819140743924,0.4091856945862211,0.1858285427747631,0.0,0.0,0.0,0.0,0.2309038485646233,0.0,Ogun
47,18821.84,88,6,126232.73,21038.78833333333,0.0,0.0,0.4296266903203313,0.0146621244743736,0.0,0.0,0.0,0.4210915029723274,0.1346196822329676,Oyo
40,23432.72,82,6,31445.67,5240.945000000001,0.0,0.0,0.0639766937705572,0.0,0.0,0.0843273493616132,0.8173898027931986,0.0343061540746309,0.0,Rivers
20,45095.93,102,7,118039.61,16862.801428571427,0.3800217571033994,0.1872759491496117,0.0,0.0395355423488776,0.0,0.1261044491760011,0.26706230222211,0.0,0.0,Enugu
40,26012.04,152,7,155925.4,22275.057142857146,0.1173655478837957,0.6433005142202618,0.0,0.2177917773499378,0.0,0.0215421605460046,0.0,0.0,0.0,Cross River
52,46878.02,331,6,44626.39,7437.731666666667,0.0413806718401376,0.259898907350561,0.0,0.6659310780011559,0.0,0.0,0.0,0.0327893428081455,0.0,Edo
37,47461.46,84,5,29819.99,5963.998,0.0812847355079595,0.1957740428484382,0.0,0.2065222020530523,0.0,0.3281838793373171,0.0,0.1882351402532328,0.0,Oyo
18,44309.67,169,5,171713.34,34342.668,0.0054042976509571,0.0,0.2727358864488921,0.6920848432626143,0.0,0.0,0.0,0.0297749726375364,0.0,Cross River
18,71507.94,375,3,32542.55,10847.516666666665,0.0,0.0227081159896812,0.0,0.5997716835343266,0.0,0.0,0.0,0.3775202004759922,0.0,Kano
55,45132.58,100,9,160728.3,17858.699999999997,0.0,0.3985239064931315,0.0,0.1444746195909494,0.0,0.0,0.1446281706457419,0.1043679302275952,0.2080053730425817,Delta
48,24194.29,28,8,38389.23,4798.65375,0.2391350386553729,0.0,0.0,0.2450374753544157,0.0,0.0347738154685571,0.2639287112557349,0.0,0.2171249592659191,Imo
41,35436.34,85,5,39206.22,7841.244000000001,0.0,0.0,0.2466103592746253,0.0,0.0,0.034809782733454,0.0,0.7185798579919207,0.0,Kaduna
33,34110.48,28,8,34368.36,4296.045,0.0,0.0,0.0,0.2507291590288276,0.0427375644342645,0.1884401816088984,0.4524600533746736,0.0155576233489174,0.0500754182044182,Edo
20,80543.3,79,12,286012.73,23834.394166666665,0.0285122274102974,0.0658664388819336,0.5246948973215283,0.1071396017932488,0.0,0.2113758712767785,0.0033086289550818,0.0591023343611314,0.0,Abuja FCT
18,48836.67,97,4,29179.38,7294.844999999999,0.0,0.0,0.126809754011223,0.3117256089745567,0.0,0.4112147002438023,0.0,0.150249936770418,0.0,Lagos
28,68052.52,60,8,241110.15,30138.76875,0.5889729237860787,0.0,0.0845713878076057,0.0,0.0,0.0202467212599718,0.0179880025789042,0.0490440987241723,0.239176865843267,Edo
30,62791.01,148,7,39291.31,5613.044285714285,0.0,0.1279771532178489,0.0,0.0,0.0,0.081282858728813,0.0258853675278324,0.6871140208865524,0.0777405996389532,Oyo
18,50494.13,53,11,58640.11,5330.919090909091,0.035945703376068,0.0,0.147865684426581,0.0498191425629999,0.0346822337134087,0.4335808715229217,0.1071814155873854,0.0,0.1909249488106349,Plateau
53,65263.02,71,7,71044.95,10149.278571428573,0.0,0.0,0.1996423391106616,0.0,0.0,0.0682764925585843,0.0,0.3845541449462628,0.347527023384491,Anambra
54,30733.67,41,4,18754.2,4688.55,0.0,0.0,0.6163664672446706,0.0,0.0,0.0,0.0,0.3187664629789594,0.0648670697763701,Ogun
20,132977.65,31,8,46900.34,5862.5425,0.5032841979397165,0.3064423413561608,0.0136894529975688,0.1406893851942224,0.0,0.0358946225123314,0.0,0.0,0.0,Ogun
33,43805.3,213,4,72054.59,18013.6475,0.0,0.8309778738592504,0.1500896750644199,0.0,0.0,0.0,0.0189324510763297,0.0,0.0,Plateau
39,11776.58,580,2,7724.76,3862.38,0.0,0.0,0.9586291354035594,0.0,0.0,0.0,0.0,0.0,0.0413708645964405,Lagos
27,195947.98,171,7,39571.83,5653.118571428572,0.129179267170611,0.0,0.3525707555096644,0.0,0.0174980535396012,0.0136159990579156,0.1770921385237933,0.165580666853163,0.1444631193452514,Edo
43,90807.52,32,12,91327.31,7610.609166666666,0.0729005376376464,0.2717900045451902,0.0,0.1472337245014661,0.0,0.0231380952751154,0.169783934290849,0.2838660199232847,0.0312876838264479,Kano
27,226877.05,113,11,60286.78,5480.616363636364,0.0,0.1515121557329816,0.0616385549203324,0.1799051135257182,0.0,0.0378673400702442,0.4194738879734496,0.0,0.1496029477772739,Kwara
28,8501.31,23,10,62019.53,6201.953,0.2552829729602917,0.5234347954587854,0.0,0.0,0.0,0.0796179848509009,0.0574331988649381,0.0842310478650837,0.0,Imo
25,109957.22,66,8,46692.23,5836.52875,0.0,0.1013714701568119,0.264536733413675,0.0941871913164138,0.0,0.0,0.2059841648171441,0.333920440295955,0.0,Rivers
30,6898.14,27,7,108373.87,15481.981428571427,0.0,0.1478595347753107,0.2944047305868102,0.4371384910403218,0.0,0.0,0.0,0.0395082320120154,0.0810890115855418,Plateau
47,23033.74,134,5,54979.73,10995.946,0.0102286788239956,0.0,0.9442381765061414,0.0,0.0,0.0,0.0198689589781543,0.0256641856917085,0.0,Kano
42,28537.93,26,5,76836.57,15367.314000000002,0.0506339624478292,0.05122131297636,0.8901938230714879,0.0,0.0,0.0,0.0,0.0079509015043227,0.0,Delta
18,59831.99,5,13,112164.23,8628.017692307692,0.1254502438076738,0.0,0.4861759404045301,0.1426610783134694,0.0,0.0,0.2258287691182831,0.0198839683560436,0.0,Oyo
18,14089.68,301,4,33814.91,8453.7275,0.1638111708710743,0.0,0.0,0.0,0.0,0.0,0.5078756678636731,0.1441387837495353,0.1841743775157171,Ogun
35,187174.9,50,7,51335.26,7333.608571428571,0.7828363974391092,0.0319322430625655,0.0,0.0,0.0,0.0941845819033545,0.0331530413988358,0.0413444872004154,0.0165492489957195,Imo
45,126642.34,65,2,10578.739999999998,5289.369999999999,0.5243091332238056,0.0,0.0,0.0,0.0,0.0,0.4756908667761945,0.0,0.0,Lagos
35,1217631.73,2,7,25373.17,3624.738571428572,0.1690600740861311,0.0,0.4458098850084557,0.0,0.0,0.0,0.0973642631173006,0.2334079659735066,0.0543578118146057,Kano
45,11445.81,181,5,28041.66,5608.332,0.0,0.0,0.6409089190868158,0.0,0.0,0.0,0.0864235569506227,0.0,0.2726675239625614,Kano
37,17021.39,96,7,20095.21,2870.744285714285,0.4386393573393858,0.0,0.2639136391209646,0.1370336513029722,0.0,0.0,0.0,0.0,0.1604133522366773,Rivers
42,19498.93,100,8,48219.13,6027.39125,0.0359079477377547,0.0290428300966856,0.0,0.0762029509864653,0.0544161622161162,0.0,0.0544161622161162,0.2444905165232139,0.5055234302236477,Oyo
54,102791.36,17,4,32336.710000000003,8084.177500000001,0.4993689834247207,0.0,0.1872611654061282,0.2649604737154769,0.0,0.0,0.0,0.0,0.0484093774536741,Delta
71,5450.88,26,6,34369.08,5728.18,0.3939139482348668,0.0,0.0,0.0,0.0,0.177918349865635,0.3301345278954222,0.0980331740040757,0.0,Kaduna
27,119393.89,171,6,41616.47,6936.078333333334,0.0,0.002402894815442,0.0097343671868373,0.4401312749495571,0.0,0.3789252187895802,0.0,0.1688062442585832,0.0,Ogun
44,2338.82,118,4,25827.43,6456.8575,0.0,0.0,0.0,0.141202202464589,0.0,0.7973317515525161,0.0340459736024838,0.0,0.027420072380411,Kaduna
30,8048.3,39,7,100398.9,14342.7,0.0,0.050385113781127,0.4445638348627325,0.1330384097833741,0.2880535543716116,0.0383992254895222,0.0,0.0455598617116322,0.0,Cross River
31,160873.89,194,5,30920.61,6184.122,0.0605311473479986,0.0,0.0,0.2605113547242438,0.0,0.0062547278336358,0.0,0.5986537781757864,0.0740489919183353,Abuja FCT
39,84780.87,227,4,36750.86,9187.715,0.0,0.0,0.3966824177719922,0.0,0.0,0.1068448466239973,0.0247235030690438,0.0,0.4717492325349665,Kwara
50,45631.96,2,6,71046.75,11841.125,0.034699546425417,0.0,0.092095979056044,0.6254041177112254,0.0,0.0463317463501145,0.0,0.0,0.2014686104571989,Kaduna
46,21555.88,216,8,495169.7341500111,61896.21676875139,0.0215430169986284,0.0,0.0,0.0,0.0,0.0202049101752431,0.0035668577422886,0.0,0.9546852150838396,Lagos
38,9804.06,133,3,45837.43000000001,15279.143333333335,0.0,0.0,0.0,0.1885470018716145,0.0,0.0,0.8003701341894603,0.0,0.011082863938925,Imo
41,34739.5,171,4,12906.52,3226.63,0.0,0.4257747247127808,0.0,0.1841565348366562,0.0,0.2299186767618226,0.1601500636887402,0.0,0.0,Enugu
37,20203.29,337,2,29083.9,14541.95,0.0,0.0,0.0,0.592637507349427,0.0,0.407362492650573,0.0,0.0,0.0,Kano
18,1610.73,177,2,57872.44,28936.22,0.0,0.0,0.0,0.8452686632877411,0.0,0.0,0.0,0.1547313367122589,0.0,Anambra
49,83536.14,7,8,528143.5841500111,66017.94801875138,0.0094745068389938,0.0062229289508257,0.8902228830568691,0.0410596675805505,0.0,0.0,0.0058458155938197,0.0,0.0471741979789407,Plateau
36,36920.81,65,7,142727.78,20389.682857142856,0.1609842176484493,0.0,0.1551100283350585,0.0,0.0,0.3680046028880993,0.0,0.1453695279223147,0.170531623206078,Plateau
42,12204.16,124,9,37765.23,4196.136666666666,0.1376175916312438,0.0,0.1276314218131334,0.3938416368707406,0.0,0.0,0.0479803777178107,0.0072577341644682,0.285671237802603,Delta
41,32459.16,197,4,21040.72,5260.18,0.298120976848701,0.1189284397111885,0.0,0.4576516392975145,0.0,0.1252989441425958,0.0,0.0,0.0,Ogun
41,113435.28,54,6,525018.2041500111,87503.03402500185,0.0044730829930022,0.0058013607450642,0.0937543681550817,0.0,0.0004488987203435,0.0,0.0,0.8955222893865084,0.0,Plateau
47,27807.21,201,8,35355.665,4419.458125,0.0,0.1832233957415311,0.0,0.3464290658936835,0.0,0.1960899335368179,0.069980581612593,0.1604563229117597,0.0438207003036147,Rivers
31,32873.21,85,8,43225.66,5403.2075,0.1800705877018419,0.0964225878795141,0.4753611627908052,0.1366415226511289,0.0,0.0,0.0,0.1115041389767096,0.0,Imo
59,17583.98,403,3,50441.31,16813.77,0.0,0.0,0.0,0.8660750484077436,0.0,0.1339249515922564,0.0,0.0,0.0,Ogun
34,59471.62,245,3,6056.849999999999,2018.95,0.0,0.0,0.0,0.0,0.0,0.8059783550855643,0.1078811593485062,0.0,0.0861404855659295,Plateau
29,97573.66,177,6,51568.93,8594.821666666667,0.0,0.1349479231002078,0.4334177575528521,0.0,0.0,0.298618567420344,0.0,0.1330157519265961,0.0,Abuja FCT
44,27296.09,18,12,223358.76,18613.23,0.0108086201767953,0.1547447702521271,0.0937561168409065,0.1281967629118285,0.0,0.0479150672218989,0.0,0.5645786625964435,0.0,Kwara
56,45288.68,89,5,38927.88,7785.575999999999,0.0492713705447098,0.0,0.0,0.1341264923751306,0.0,0.0,0.0,0.0,0.8166021370801596,Plateau
38,16304.51,45,13,186285.98,14329.690769230769,0.0,0.0336915316976618,0.2738071861339216,0.0495265397857638,0.0,0.1907140837973958,0.2800416864436068,0.1722189721416501,0.0,Oyo
18,161317.58,256,5,137744.71,27548.942,0.0,0.0197818849086836,0.0364873540334144,0.0,0.0,0.0,0.7665396369849703,0.0575773835525153,0.1196137405204163,Delta
37,76473.04,258,6,58276.14,9712.69,0.4034325197241958,0.0387930635076379,0.0,0.1884141605809856,0.0,0.0,0.0,0.3693602561871805,0.0,Enugu
37,36236.485,14,7,50063.51,7151.93,0.0,0.091855724858285,0.0,0.0405413044351065,0.0424001433379321,0.2234855286814688,0.0591183079252733,0.5425989907619342,0.0,Unknown
39,79517.3,149,7,109669.02,15667.002857142856,0.0071288135883771,0.0,0.0,0.0,0.0415607798811369,0.0459218109179784,0.0570052508903608,0.8483833447221466,0.0,Kano
49,22086.03,90,4,50081.09,12520.2725,0.5638495488017534,0.0177929434043867,0.0,0.0,0.0,0.0,0.0,0.0,0.4183575077938599,Cross River
29,40490.68,71,9,84691.54,9410.17111111111,0.0,0.0,0.2316443885658473,0.0358092437568144,0.0,0.0869687810612488,0.0,0.0661728432379432,0.5794047433781461,Kaduna
26,26876.56,26,8,73523.66,9190.4575,0.1365601222790051,0.0071470870737392,0.1293544146197292,0.1716767092389035,0.0,0.4498773592065465,0.0,0.1053843075820762,0.0,Lagos
74,24596.83,1,9,67715.045,7523.893888888889,0.2742545618924125,0.6407671293728003,0.0,0.0,0.0,0.084978308734787,0.0,0.0,0.0,Delta
45,22629.5,105,4,66768.99,16692.2475,0.7107450629401463,0.0,0.057743122967713,0.0,0.0,0.0,0.2315118140921406,0.0,0.0,Kwara
43,9953.61,57,6,50280.475,8380.079166666666,0.1785806518335397,0.1672218689262581,0.0,0.4875934445726696,0.0,0.0504241457543907,0.1161798889131417,0.0,0.0,Kano
34,161496.98,147,8,77090.53,9636.31625,0.0469501247429483,0.0,0.1621061627154463,0.032597518787327,0.0,0.0,0.3795261233772812,0.0121800952724024,0.3666399751045945,Imo
49,81250.24,7,6,58541.84,9756.973333333332,0.6377987094358496,0.0,0.0,0.0,0.0,0.0,0.1806263691062665,0.1815749214578838,0.0,Oyo
23,34912.21,3,5,14389.85,2877.9700000000003,0.0,0.0,0.0734364847444553,0.0,0.0,0.0,0.6877291980110981,0.0,0.2388343172444466,Rivers
20,84841.66,146,3,71333.01,23777.67,0.0,0.1661816878328841,0.0,0.6927955234189613,0.0,0.1410227887481546,0.0,0.0,0.0,Anambra
36,126729.54,172,2,18557.51,9278.755,0.3118834369481681,0.0,0.0,0.0,0.0,0.6881165630518319,0.0,0.0,0.0,Plateau
57,26092.69,40,4,36684.12,9171.03,0.0,0.0,0.0,0.0,0.0,0.0090180710345511,0.0,0.5571206287625273,0.4338613002029216,Imo
47,268807.01,78,4,22585.67,5646.4175,0.0,0.608762547225741,0.1360344855831153,0.0,0.205200465604961,0.0,0.0500025015861827,0.0,0.0,Imo
60,93509.37,51,3,510987.8041500111,170329.2680500037,0.0,0.0,0.0,0.0,0.0,0.0037439836811415,0.0,0.9201110091699648,0.0761450071488935,Imo
41,17199.07,119,9,77600.53,8622.281111111111,0.0111317538681759,0.0,0.062291327133977,0.0,0.0820919650935373,0.0115798178182545,0.6435965063640674,0.0691884449758268,0.1201201847461608,Lagos
30,78319.95,67,5,48076.94,9615.388,0.0396350100484764,0.0,0.0,0.0,0.1576916084925538,0.0,0.0,0.0,0.8026733814589697,Anambra
35,54407.73,14,6,29365.96,4894.326666666667,0.264144948777428,0.0,0.0,0.0288071631235621,0.0,0.0,0.4984325388987794,0.0330341660889002,0.1755811831113302,Enugu
26,77812.19,7,7,46126.07,6589.438571428572,0.0,0.0218110929459197,0.5543136451902363,0.0601330223884237,0.0,0.0,0.013846182863617,0.0,0.3498960566118033,Plateau
35,127738.17,66,7,31147.43,4449.632857142858,0.0,0.6259909726099393,0.0137446331848245,0.2297441554568066,0.0,0.0,0.0,0.0321310618564677,0.0983891768919618,Oyo
48,14287.32,57,5,52954.32,10590.864,0.2019806882611277,0.1018619444079349,0.0737679192179221,0.0,0.0,0.0,0.1181267175180419,0.5042627305949732,0.0,Oyo
37,32738.4,126,3,12773.72,4257.906666666667,0.0,0.0,0.0,0.2934141346451934,0.0,0.3658096466808416,0.3407762186739649,0.0,0.0,Kaduna
18,189663.7,12,4,16893.98,4223.495,0.0,0.0,0.279502521016362,0.0585007203749501,0.0,0.0,0.6392821584966953,0.0,0.0227146001119925,Imo
30,11339.4,55,4,22159.9,5539.974999999999,0.0,0.0,0.0834489325312839,0.0,0.0,0.0,0.1354329216287076,0.6544700111462596,0.1266481346937486,Rivers
40,70954.63,9,4,41353.29,10338.3225,0.0,0.7353925165325419,0.0,0.0289490872431189,0.0,0.0,0.0,0.0688837574954737,0.1667746387288653,Lagos
43,45334.25,395,1,41575.95,41575.95,0.0,0.0,0.0,0.0,0.0,0.0,0.0,1.0,0.0,Ogun
26,247338.59,27,7,98471.65,14067.378571428571,0.154691223311481,0.0856625231729132,0.0,0.0020230188079513,0.0,0.4035246692829865,0.0,0.0374707847385516,0.3166277806861163,Delta
45,21538.69,340,2,9132.33,4566.165,0.0,0.5174451645965487,0.0,0.4825548354034513,0.0,0.0,0.0,0.0,0.0,Plateau
36,40243.73,38,8,52681.54,6585.1925,0.0345181632883169,0.0,0.5783477476170971,0.0277968335777579,0.0,0.0,0.0,0.3004187045405279,0.0589185509763002,Ogun
37,6783.82,20,7,101563.69,14509.098571428573,0.2243794017330406,0.0588273230324735,0.0360206487180605,0.5499420117563669,0.0,0.0,0.0,0.1308306147600584,0.0,Kano
46,5499.23,76,7,511257.6741500111,73036.81059285873,0.0,0.0,0.0170771617551079,0.0,0.0,0.035600971721863,0.0,0.9440968000186656,0.0032250665043635,Abuja FCT
41,12925.13,53,6,76248.7,12708.116666666669,0.2889941730154088,0.0,0.0861116320671696,0.1744486135501326,0.0218187326472451,0.4286268487200438,0.0,0.0,0.0,Imo
42,51165.37,134,10,99454.74,9945.474,0.4835879114459502,0.0,0.1391009619048825,0.288470212681668,0.0,0.0,0.0,0.0,0.0888409139674991,Rivers
27,111345.27,315,5,40018.28,8003.656,0.1949264186266876,0.0,0.1955706242247293,0.228792941625677,0.0,0.0,0.1202043166273013,0.0,0.2605056988956047,Kano
25,30992.6,537,2,51653.48,25826.74,0.0,0.0,0.0,0.4054963963705834,0.0,0.0,0.0,0.0,0.5945036036294167,Cross River
47,35559.61,36,6,48395.83,8065.971666666667,0.187462638826527,0.0,0.0,0.3180094235391769,0.0,0.0,0.0,0.0469253239380335,0.4476026136962627,Enugu
41,3477.76,174,3,100919.1,33639.700000000004,0.0,0.7232071035116246,0.1039448429484607,0.0,0.0,0.0,0.1728480535399146,0.0,0.0,Imo
36,11154.51,351,1,1989.51,1989.51,0.0,0.0,0.0,1.0,0.0,0.0,0.0,0.0,0.0,Kwara
31,10508.99,194,4,24169.94,6042.485000000001,0.0,0.0,0.4300076872346393,0.113297343725305,0.0,0.1908887651355361,0.2658062039045194,0.0,0.0,Imo
40,9718.33,64,8,126665.54,15833.1925,0.3829526167890651,0.0297825280656443,0.1531283883525069,0.2313634789698918,0.0,0.1568819743712457,0.0,0.0458910134516459,0.0,Cross River
37,90133.18,247,8,84720.67,10590.08375,0.0237891178150503,0.0,0.0782996640607304,0.0,0.0,0.0,0.8472620672145298,0.0,0.0506491509096894,Kaduna
49,14603.03,182,8,166210.46,20776.3075,0.0394125014755389,0.4306766854504824,0.0130878044618852,0.0,0.0,0.0095406751175587,0.0,0.0,0.5072823334945346,Delta
33,15877.02,16,4,19710.87,4927.7175,0.0,0.0,0.0,0.0611474785232716,0.0,0.8787425415519456,0.0601099799247826,0.0,0.0,Enugu
35,225847.93,130,3,35436.56,11812.186666666666,0.2089536907645663,0.0,0.4058915425199286,0.0,0.0,0.0,0.0,0.0,0.3851547667155051,Imo
27,384486.53,403,2,8994.17,4497.085,0.8580046852572277,0.0,0.0,0.0,0.0,0.0,0.0,0.0,0.1419953147427722,Ogun
29,34411.24,41,9,149013.65,16557.07222222222,0.2471270249403326,0.3342266295738679,0.2115693428085279,0.067948875824463,0.0,0.0368336726199244,0.0540580678347252,0.0368336726199244,0.0114027137782344,Enugu
22,202519.2,82,5,41147.04,8229.408,0.0,0.0,0.6103809654351807,0.0,0.0,0.0,0.0,0.1923922109585525,0.1972268236062667,Ogun
26,5969.88,371,4,56103.49,14025.8725,0.0,0.0,0.0,0.1562813650273806,0.0,0.0522391744256908,0.5416577471383687,0.2498217134085597,0.0,Cross River
34,182309.45,15,6,18303.01,3050.5016666666666,0.0,0.1592213521164005,0.3317569077435897,0.0,0.0288777638213605,0.2179772616635187,0.0,0.0,0.2621667146551305,Abuja FCT
24,5882.03,4,2,25626.54,12813.27,0.0,0.0,0.0,0.3822092252797295,0.0,0.0,0.0,0.6177907747202704,0.0,Cross River
40,30995.58,177,3,75197.51,25065.836666666662,0.4945439017861096,0.3875766631102545,0.0,0.1178794351036357,0.0,0.0,0.0,0.0,0.0,Oyo
28,10559.63,2,5,26132.75,5226.55,0.0,0.0,0.0685350757191646,0.770863762902871,0.0,0.0,0.0039551903263146,0.0,0.1566459710516497,Edo
18,28179.64,309,4,19063.0,4765.75,0.0,0.0,0.0,0.0438509153858259,0.0,0.4068583119131301,0.549290772701044,0.0,0.0,Rivers
34,112505.22,151,4,90504.63,22626.1575,0.0,0.0,0.8114769376992094,0.0,0.0,0.0,0.0,0.1412271394292203,0.0472959228715702,Lagos
42,18687.62,213,8,35460.77,4432.59625,0.1108867630341924,0.1472116933727045,0.6721577111833725,0.0,0.0,0.0246390588811241,0.0,0.0451047735286064,0.0,Delta
40,148264.39,31,7,48049.02,6864.145714285715,0.2677879798589024,0.0,0.0,0.0941446880706411,0.0,0.0323877573361537,0.1810671684875154,0.0791441740122899,0.3454682322344971,Cross River
18,148602.99,68,4,68701.25,17175.3125,0.0807686905260093,0.0361492694819963,0.0,0.0,0.0,0.0,0.0,0.0540831498699077,0.8289988901220866,Abuja FCT
28,282270.04,20,6,88223.81,14703.968333333332,0.0859962860366152,0.2968615841913878,0.0,0.0062931990808377,0.0227555350420708,0.0,0.0,0.5880933956490884,0.0,Delta
21,94816.91,129,5,53878.79,10775.758,0.4613964047819188,0.0,0.0887319481376623,0.0,0.0,0.1799117983161834,0.2699598487642354,0.0,0.0,Kwara
25,21163.64,88,5,125058.19,25011.638,0.6194188481378148,0.0,0.0500020830303077,0.3305790688318774,0.0,0.0,0.0,0.0,0.0,Kaduna
32,25845.99,19,6,39051.16,6508.526666666666,0.2162271235988892,0.0,0.0,0.0541353957219196,0.0,0.0,0.317185712281018,0.0,0.412451768398173,Delta
48,57888.76,88,5,25934.8,5186.96,0.0310262658667119,0.8794403658404923,0.0,0.0,0.0,0.0493290867868655,0.0,0.0,0.0402042815059302,Edo
29,219869.76,545,3,77704.74,25901.58,0.0,0.2017910361710237,0.0,0.0,0.0,0.0,0.0,0.0,0.7982089638289762,Delta
34,163734.92,9,4,33036.15,8259.0375,0.0335586925231905,0.0,0.0,0.0,0.0704434384757303,0.0906939821982888,0.0,0.8053038868027902,0.0,Rivers
18,22676.25,35,6,94916.37,15819.395,0.0,0.2826878019039286,0.0,0.0049116922613032,0.0,0.3418747472116769,0.34290860470117,0.0,0.0276171539219209,Abuja FCT
37,184968.08,427,3,19536.53,6512.176666666666,0.0,0.0,0.6586205431568452,0.2843324786950395,0.0,0.0570469781481153,0.0,0.0,0.0,Kano
37,15104.77,139,5,22564.48,4512.896,0.0,0.0,0.185645758289134,0.0,0.650503800663698,0.0,0.1500517627705136,0.0,0.0137986782766542,Imo
31,29697.21,8,17,118351.98,6961.881176470588,0.149025897158628,0.2500558081073084,0.0327963249959992,0.0457455802598317,0.0,0.0,0.0,0.0836271602722658,0.4387492292059668,Imo
26,65387.87,35,8,175711.08000000002,21963.885,0.0,0.1548827768857831,0.0773645008613002,0.0236247480807698,0.0,0.0,0.035136201997051,0.0,0.7089917721750956,Anambra
23,55041.95,68,8,81105.11,10138.13875,0.0411202204152118,0.0772146169335076,0.091702483357707,0.0499464213783817,0.0,0.02114182447937,0.021170059445083,0.0,0.6977043739907387,Oyo
33,62204.34,126,7,100106.76,14300.965714285714,0.0,0.0911596779278442,0.2547671106326885,0.0,0.0,0.1981214855020779,0.1195231970348456,0.3364285289025436,0.0,Anambra
22,59038.01,45,10,54476.19,5447.619,0.041056836023224,0.2267293289049766,0.3469139453401568,0.3623865765942882,0.0,0.0145347903368425,0.0,0.0,0.0083785228005115,Enugu
43,205620.97,85,6,41258.66,6876.443333333334,0.0,0.0,0.1222664526671491,0.0,0.0,0.0,0.0,0.3610793467359337,0.516654200596917,Kwara
35,124293.99,23,7,70948.74,10135.534285714286,0.7014949102690196,0.0613131395990964,0.0,0.0,0.0,0.0,0.052439268125128,0.1582466439855028,0.026506038021253,Delta
51,224346.68,5,11,233767.41,21251.58272727273,0.015365229909507,0.1092959878367989,0.0,0.0,0.0,0.0661706437180443,0.0,0.6955986722015699,0.1135694663340796,Abuja FCT
40,56272.54,215,7,165700.71,23671.53,0.7745049493149424,0.0137127354493532,0.0,0.0370343011807251,0.0,0.0,0.0306161029726426,0.139037545463746,0.0050943656185902,Imo
44,94120.46,25,6,364368.13,60728.02166666667,0.0,0.0774474430571082,0.8492746882116172,0.0,0.0,0.0209727178938509,0.0041172645917193,0.0481878862457043,0.0,Plateau
20,36947.4,263,5,17829.78,3565.956,0.0,0.0,0.5786891369383134,0.4213108630616867,0.0,0.0,0.0,0.0,0.0,Abuja FCT
30,90822.95,174,4,500199.2641500111,125049.81603750278,0.0,0.0166793328138481,0.9399564090702204,0.0353402758999232,0.0,0.008023982216008,0.0,0.0,0.0,Edo
34,36739.23,52,4,32731.42,8182.855,0.0,0.2140713723999753,0.1801855831491575,0.0,0.0,0.0,0.0,0.0,0.6057430444508671,Delta
50,32853.6,121,8,33290.64,4161.33,0.6042944803704584,0.0,0.1193545693324009,0.0,0.0469122852549545,0.0,0.1065041104646831,0.019240543287843,0.1036940112896598,Oyo
43,61265.6,235,7,39273.54,5610.505714285714,0.0,0.0,0.0798962864055544,0.0864831639826712,0.0,0.3397519042082786,0.2772579197087912,0.0,0.2166107256947043,Abuja FCT
63,48166.83,204,1,1242.97,1242.97,0.0,0.0,0.0,0.0,0.0,0.0,0.0,0.0,1.0,Enugu
45,16148.02,31,7,126608.02,18086.86,0.023436666966279,0.0,0.0,0.1433649305944441,0.0,0.199706148157123,0.1653613254515788,0.4681309288305748,0.0,Lagos
44,70972.59,16,11,78639.01,7149.000909090909,0.0,0.1033679086244854,0.0,0.0,0.0968444287383577,0.1084348594927632,0.2527342345739093,0.1063389531480622,0.332279615422422,Abuja FCT
35,79781.14,276,2,9633.57,4816.785,0.0,0.0,0.0,0.2342060108557886,0.0,0.0,0.0,0.7657939891442114,0.0,Plateau
56,7982.24,54,10,142725.41,14272.541,0.0,0.0327484082897362,0.03014144433006,0.177451373234801,0.6971287733557746,0.0052927506041145,0.0215627336435747,0.0,0.0356745165419388,Kano
43,47734.02,223,7,28715.89,4102.27,0.0,0.0167945343153215,0.045205981775247,0.5048093581637205,0.0,0.1699996064896473,0.2159469896283904,0.0,0.047243529627673,Cross River
23,40921.7,95,7,61250.36,8750.051428571429,0.0,0.0,0.0,0.416866447805368,0.0,0.1360333229061837,0.320193873146215,0.0,0.1269063561422332,Abuja FCT
59,18988.76,263,2,21149.32,10574.66,0.0,0.0,0.0,0.0,0.0,0.0,0.8623255972296036,0.1376744027703964,0.0,Anambra
36,52086.83,7,7,72559.98,10365.711428571429,0.0689622571560797,0.1205240133748658,0.0118584652311094,0.0360556879977089,0.0,0.6572339187524583,0.1053656574877777,0.0,0.0,Abuja FCT
34,19262.94,15,8,151141.36000000002,18892.67,0.1072633592816685,0.0704295634232747,0.61612466633885,0.0,0.0,0.0652669130408777,0.0,0.1409154979153291,0.0,Abuja FCT
53,17631.04,122,2,17851.5,8925.75,0.0,0.0,0.0,0.0,0.0,0.0,0.0,0.1950239475674313,0.8049760524325688,Imo
40,4206.4,370,5,48025.45,9605.09,0.0587942434688274,0.0,0.0,0.0,0.4802095555585631,0.1423547306688432,0.2444949500733464,0.0741465202304195,0.0,Kano
31,4617.55,29,2,1043.85,521.925,0.0,0.0,0.1566221200364037,0.0,0.0,0.0,0.0,0.0,0.8433778799635964,Rivers
44,34089.02,60,5,22491.640000000003,4498.328,0.525321408309932,0.0,0.0,0.1910118604068,0.0,0.0549675346039684,0.2286991966792995,0.0,0.0,Plateau
39,96117.52,145,5,138331.91,27666.382,0.0429088270378107,0.0,0.0,0.0555427883559187,0.0,0.0,0.6515404146447483,0.2500079699615222,0.0,Enugu
19,44655.64,49,7,84859.35,12122.764285714287,0.8218080859681344,0.0095251731247057,0.0,0.0311627416424943,0.0,0.0253141227218921,0.1121898765427734,0.0,0.0,Anambra
47,26345.84,12,9,571739.7041500111,63526.63379444568,0.0223698475148129,0.0037402160187198,0.0,0.0230942330997107,0.0,0.01454987285231,0.9256338510490356,0.0,0.0106119794654108,Abuja FCT
30,58111.2,94,9,131407.72999999998,14600.858888888886,0.0129382799626779,0.3462198913260278,0.1881891575175981,0.0,0.0,0.3335078537617231,0.0,0.064935144987285,0.054209672444688,Lagos
46,467367.02,102,10,61807.42,6180.742,0.0415424232236194,0.0,0.1337138809547462,0.5682113895063085,0.0,0.2245414870900613,0.0319908192252645,0.0,0.0,Ogun
36,141718.5,67,4,111338.13,27834.5325,0.0,0.0,0.0,0.0,0.0,0.705720043977746,0.172545560087995,0.0,0.121734395934259,Anambra
20,11129.86,81,5,16887.76,3377.552,0.0,0.3548457581112001,0.0,0.0,0.0,0.0,0.1696258118305802,0.0,0.4755284300582197,Lagos
48,54727.77,392,1,1227.93,1227.93,0.0,0.0,0.0,0.0,0.0,0.0,0.0,1.0,0.0,Lagos
39,208457.32,74,11,155980.63999999998,14180.05818181818,0.0419487956966967,0.4678783213096189,0.4031621488410357,0.0,0.0,0.0,0.0313992172361903,0.0480730813772786,0.0075384355391797,Anambra
29,34702.88,26,6,42973.4,7162.233333333334,0.0,0.1659810487417797,0.0,0.0,0.2794931283072784,0.1180188209450497,0.3534963489042058,0.0830106531016861,0.0,Edo
18,46483.93,55,4,116299.71,29074.9275,0.0,0.0,0.4541789485115655,0.0619629232093528,0.0,0.2389833990127748,0.0,0.0,0.2448747292663068,Kaduna
23,262060.78,591,1,1882.04,1882.04,0.0,0.0,1.0,0.0,0.0,0.0,0.0,0.0,0.0,Rivers
18,16708.1,149,8,70024.0,8753.0,0.3363326859362504,0.0,0.3882994401919342,0.0970907117559693,0.0842198389123729,0.0661231863361133,0.0279341368673597,0.0,0.0,Imo
48,130499.21,5,6,61361.9,10226.983333333332,0.0080929697418104,0.0,0.0312524546990885,0.8620877124078622,0.0,0.0,0.0719345391847384,0.0266323239665003,0.0,Lagos
41,6558.48,79,4,11468.32,2867.08,0.2991004785356529,0.0731318972613251,0.0,0.0,0.0,0.2039775660253638,0.4237900581776581,0.0,0.0,Anambra
51,97686.39,281,4,29829.76,7457.44,0.0804223701431054,0.0,0.5515632710420735,0.3430667896758137,0.0,0.0,0.0,0.0,0.0249475691390074,Kaduna
46,32101.59,407,8,41492.170000000006,5186.521250000001,0.0355686386130202,0.0,0.0,0.3913993893305653,0.0,0.0,0.3438195688487732,0.0,0.2292124032076413,Edo
28,268301.9,3,4,155636.14,38909.035,0.0099791732177372,0.0,0.9611584430197254,0.0,0.0,0.0,0.0,0.0288623837625374,0.0,Anambra
41,29511.81,99,4,31800.45,7950.1125,0.0,0.0,0.0,0.0416918628509973,0.8003430769061444,0.0,0.0397104443490579,0.0,0.1182546158938002,Edo
33,83689.28,269,2,90594.26,45297.130000000005,0.9441999967768376,0.0,0.0558000032231622,0.0,0.0,0.0,0.0,0.0,0.0,Oyo
46,307226.08,103,4,68699.1,17174.775,0.0,0.0,0.0,0.1685762986705793,0.0,0.030829370399321,0.0,0.0,0.8005943309300995,Rivers
33,167697.48,21,6,123966.99,20661.165,0.0,0.0,0.0,0.0,0.0,0.0,0.0065831234589143,0.3390924471103154,0.6543244294307703,Imo
54,36009.65,146,5,53544.21,10708.842,0.0,0.1457670213081862,0.0,0.0,0.0,0.0,0.4888427712352092,0.0555333620572607,0.3098568453993438,Imo
28,23150.91,320,7,165231.43,23604.49,0.0032693537785153,0.0084549894653819,0.0108958083822188,0.0,0.0,0.0121719578411928,0.3960587280519209,0.0150342462084846,0.5541149162722855,Edo
35,62358.56,283,5,64452.380000000005,12890.476,0.3349750622087191,0.0,0.1897619606909783,0.0,0.0,0.3956365924733889,0.0,0.0,0.0796263846269136,Edo
60,783424.33,171,5,38142.7,7628.539999999999,0.0,0.065432441856502,0.7069795793166189,0.0,0.0,0.0253456100380937,0.0,0.0687526053478123,0.133489763440973,Imo
31,46146.79,707,1,1966.95,1966.95,0.0,0.0,0.0,0.0,0.0,0.0,0.0,1.0,0.0,Ogun
39,42858.65,61,6,39868.3,6644.716666666667,0.1991883275685193,0.0,0.3100954893988457,0.0729697529114609,0.0,0.0,0.3805685218582181,0.0,0.0371779082629557,Rivers
44,8071.93,199,5,35498.42,7099.683999999999,0.0,0.0,0.0429345869478134,0.0542795989229943,0.0,0.2949136891163043,0.0,0.0931987958900706,0.5146733291228174,Imo
30,26934.93,121,9,118101.03,13122.336666666666,0.0,0.1987560142362856,0.0,0.078125398228957,0.0,0.7093596050771107,0.0137589824576466,0.0,0.0,Kwara
41,81337.28,70,5,18650.09,3730.018,0.0,0.0,0.0,0.1473177877425792,0.0,0.2956779297043607,0.1930929019645481,0.0,0.3639113805885119,Anambra
47,103863.8,284,3,28311.660000000003,9437.22,0.2469982332367653,0.0,0.0,0.0,0.0,0.0,0.1575495749807676,0.595452191782467,0.0,Enugu
31,42941.34,45,5,33921.02,6784.204,0.0,0.0751106541017929,0.0,0.0,0.0,0.0,0.0,0.3771304636476143,0.5477588822505927,Kano
52,141511.81,6,6,47393.03999999999,7898.839999999999,0.0,0.0229470403249084,0.2800609540979013,0.0,0.4843424266516771,0.0,0.0,0.1202001390921536,0.0924494398333595,Edo
18,119546.38,149,8,94624.23,11828.02875,0.048826606039489,0.0373817572940884,0.0,0.0804761106114152,0.0,0.0134647330815796,0.6048502587550778,0.0,0.2150005342183497,Anambra
18,19849.32,259,3,93914.41,31304.80333333333,0.0204328600903737,0.0,0.9268203889051744,0.0527467510044518,0.0,0.0,0.0,0.0,0.0,Oyo
43,35361.71,419,4,56571.05,14142.7625,0.0,0.8384101055221708,0.0,0.0,0.0,0.1355661597230385,0.0,0.0,0.0260237347547906,Edo
43,91878.6,79,4,26387.05,6596.7625,0.0580739415736128,0.0,0.0,0.6916695879228637,0.0,0.0,0.0,0.0,0.2502564705035235,Delta
31,62506.16,65,6,138886.79,23147.798333333336,0.0,0.0,0.0,0.0,0.0,0.0,0.6842732847378791,0.0581915673909664,0.2575351478711546,Ogun
43,31923.92,98,5,32339.6,6467.92,0.0,0.1187006023574812,0.0,0.0,0.0,0.0859565362589518,0.0,0.0,0.7953428613835669,Kwara
44,24493.61,150,9,71944.97,7993.885555555556,0.0584571791467839,0.0,0.0,0.3914322293830966,0.0,0.0757431687024124,0.4127583901973967,0.0616090325703103,0.0,Cross River
28,26121.02,38,4,16092.81,4023.2025,0.0,0.3411082340498645,0.3180532175549204,0.2300511843487868,0.1107873640464281,0.0,0.0,0.0,0.0,Imo
30,60818.64,17,8,57770.48,7221.31,0.4670511652317931,0.0,0.0,0.0,0.0,0.4731026988178045,0.0598461359504023,0.0,0.0,Imo
27,7327.87,198,4,16935.66,4233.915,0.2954653081131765,0.0,0.3152147598617355,0.0,0.0,0.0,0.3585322331695369,0.0,0.0307876988555509,Kwara
63,6498.55,14,7,13033.990000000002,1861.998571428572,0.7669708201402641,0.0,0.0133289959559582,0.0180159720852939,0.0,0.1336451846288051,0.0,0.0376807102046265,0.0303583169850521,Abuja FCT
35,23738.55,228,3,47018.76,15672.92,0.0521542890539861,0.0,0.0,0.0,0.0,0.0,0.0,0.0,0.9478457109460138,Enugu
48,39365.68,176,8,132419.41,16552.42625,0.262921349672227,0.0,0.0,0.0,0.0,0.0069617437504063,0.0,0.7132061681893915,0.0169107383879749,Imo
40,18765.24,220,6,36912.23,6152.038333333333,0.0,0.0578038769264279,0.0,0.3130555916020246,0.0,0.0,0.0461825254123091,0.5829580060592384,0.0,Rivers
40,22878.88,73,3,32133.0,10711.0,0.511857903090281,0.0,0.0,0.0,0.0,0.488142096909719,0.0,0.0,0.0,Cross River
27,276795.85,95,4,58689.98,14672.495,0.0,0.08499968819209,0.0424501763333366,0.8725501354745734,0.0,0.0,0.0,0.0,0.0,Enugu
37,36236.485,112,4,28892.980000000003,7223.245000000001,0.4904374695860379,0.0,0.0,0.4372719601785624,0.0,0.014339123205706,0.0,0.0579514470296937,0.0,Unknown
37,27594.7,109,6,57182.06,9530.343333333332,0.0999367633834807,0.7611757953456031,0.0,0.0,0.0,0.0553374607350627,0.0,0.0432165263021304,0.0403334542337229,Delta
64,42200.56,10,5,7521.15,1504.23,0.0,0.3471025042712883,0.4661906756280622,0.0,0.0,0.0,0.1867068201006495,0.0,0.0,Enugu
29,17094.37,509,5,31620.03,6324.005999999999,0.0,0.6514237968781181,0.0,0.0,0.0944164189597543,0.0900258475403091,0.1163196239851764,0.0,0.047814312636642,Kaduna
51,101154.88,196,6,38449.85,6408.308333333333,0.0,0.0,0.2672083246098489,0.523991120901642,0.0,0.0,0.005876225785016,0.1358650293824293,0.0670592993210636,Imo
25,27229.09,64,7,257160.84,36737.26285714286,0.0,0.0,0.6222520116204319,0.0078238584070576,0.0,0.3292565073282542,0.0098259906135008,0.0308416320307555,0.0,Rivers
22,1541.5,23,8,64259.3,8032.4125,0.2159857016805349,0.4637043976513905,0.037673924241316,0.0,0.0,0.0759686146596679,0.1881060017771746,0.0,0.0185613599899158,Enugu
18,97531.34,46,10,171526.33000000002,17152.633,0.0928283721805276,0.0267330968953862,0.003408864400002,0.2946630409453755,0.0,0.028233449640064,0.0,0.0539752118523144,0.5001579640863301,Edo
37,6371.6,7,4,32904.1,8226.025,0.0,0.0,0.8994222604477862,0.0148391841746165,0.0,0.0857385553775973,0.0,0.0,0.0,Rivers
76,11151.61,145,2,6902.23,3451.115,0.0,0.0,0.0,0.0529640420559732,0.0,0.0,0.0,0.0,0.9470359579440268,Kwara
43,146496.46,31,10,208561.4,20856.14,0.0239924549796846,0.010480079247646,0.0378311614709145,0.075281236125189,0.0,0.0,0.0304649374237035,0.0655540286937084,0.7563961020591539,Kwara
18,56075.47,211,5,49924.05,9984.81,0.0240939987841531,0.0,0.245671374818349,0.0,0.0,0.0,0.0,0.7302346263974978,0.0,Kaduna
35,106724.35,92,4,93942.07,23485.5175,0.0,0.1460733194403742,0.0,0.0,0.0,0.0278391779103866,0.1270015659650676,0.6990859366841714,0.0,Ogun
33,339176.05,114,3,65275.01,21758.336666666662,0.0,0.012294597886695,0.0,0.9877054021133048,0.0,0.0,0.0,0.0,0.0,Ogun
46,9291.13,494,3,10043.11,3347.7033333333334,0.3224708282593738,0.0,0.0,0.2303101330165655,0.0,0.0,0.0,0.4472190387240605,0.0,Kwara
59,50805.88,344,1,7562.88,7562.88,0.0,0.0,0.0,1.0,0.0,0.0,0.0,0.0,0.0,Kaduna
38,17734.01,96,5,488209.3441500111,97641.86883000222,0.0153867599832169,0.0,0.0,0.963040772946665,0.0,0.0,0.0,0.0215724670701179,0.0,Oyo
37,33308.0,34,6,36922.29,6153.715,0.3198515043351861,0.0,0.0,0.4107732754387662,0.0,0.1102195990552048,0.0257375693652804,0.1334180518055624,0.0,Rivers
24,6239.78,208,5,70841.15,14168.23,0.0,0.0070196488905106,0.0,0.1289403122337793,0.0,0.7660780492693865,0.0979619896063234,0.0,0.0,Rivers
36,57616.89,115,3,19699.45,6566.483333333333,0.0,0.0,0.0,0.0340329298533715,0.0,0.9118071824340274,0.0541598877126011,0.0,0.0,Plateau
41,203524.2,122,8,107875.13,13484.39125,0.0176953668561048,0.0,0.0,0.0,0.0,0.3214840158245927,0.0383446119601431,0.6147966635127113,0.0076793418464478,Rivers
52,44580.77,31,6,16460.18,2743.363333333333,0.0,0.0,0.1898788470113935,0.4067075815695818,0.0,0.0,0.0,0.311315550619738,0.0920980207992865,Kaduna
80,459874.03,67,7,132236.03,18890.86142857143,0.0503787810326731,0.0890544732778199,0.0,0.0269030308910514,0.0,0.0,0.012195844052487,0.0,0.8214678707459684,Edo
18,10626.38,52,6,122274.24,20379.04,0.0,0.3700195560405855,0.0,0.4309920061658122,0.0,0.0,0.0524664066609614,0.0,0.1465220311326408,Ogun
52,24459.8,80,8,98591.58,12323.9475,0.2525895213364061,0.2813604366620354,0.3822159052527609,0.0349739805366746,0.0,0.0,0.0488601562121227,0.0,0.0,Plateau
28,85975.03,86,6,32155.38,5359.23,0.0,0.0,0.1498980885935728,0.1967779575299685,0.0,0.0639445094413438,0.0,0.5893794444351147,0.0,Abuja FCT
35,353167.23,4,4,27725.99,6931.4975,0.0,0.0,0.0164055458434486,0.0,0.0,0.6121227772209397,0.0,0.3442405483086447,0.0272311286269669,Anambra
21,10214.95,2,6,36685.57,6114.261666666666,0.0,0.0,0.0890132005581486,0.7375682046101506,0.0,0.0,0.0,0.1734185948317008,0.0,Kaduna
47,19936.25,224,6,64775.78,10795.963333333331,0.6053001600289492,0.0,0.029903769587954,0.041320536780877,0.0,0.2664126931393184,0.0570628404629014,0.0,0.0,Delta
22,59424.74,68,3,18182.48,6060.826666666667,0.0,0.0,0.0,0.1886172843308503,0.0,0.407502166921124,0.0,0.4038805487480256,0.0,Delta
20,21284.9,31,10,96866.85,9686.685,0.074489879664715,0.0,0.0,0.0059955495610727,0.0,0.0957268663118497,0.768173322452418,0.0053240091940638,0.0502903728158807,Abuja FCT
20,13708.41,71,4,26217.36,6554.34,0.0,0.0,0.0,0.0434414449052078,0.0,0.8717201121699514,0.0,0.0,0.0848384429248406,Kano
38,53228.0,83,7,59753.24,8536.177142857143,0.0,0.0,0.0,0.3423255374938664,0.0,0.0816974945626379,0.0617946407592291,0.3943764388341118,0.1198058883501547,Imo
57,138779.0,44,7,104577.95,14939.707142857142,0.2421498030894658,0.0772406611527573,0.0835915219221642,0.1223120170169715,0.0,0.1195458507266589,0.0457391830687061,0.3094209630232759,0.0,Edo
44,158049.88,3,8,185416.32,23177.04,0.0,0.0,0.0041472077538805,0.0193367013216528,0.0,0.3751293845115683,0.0457654428693223,0.0,0.5556212635435759,Lagos
31,10442.65,77,5,29490.62,5898.124,0.2190408340007771,0.3722091973651282,0.0,0.0,0.0,0.3914268333456536,0.0,0.0173231352884408,0.0,Lagos
36,29658.51,18,8,61789.6,7723.7,0.0,0.0,0.2089843598275438,0.0769210352551238,0.0,0.0593544868392091,0.1914317296114556,0.0,0.4633083884666675,Rivers
37,113411.07,250,7,126530.1,18075.72857142857,0.0762490506211565,0.0123577709967825,0.645346048094485,0.1434232645038611,0.0,0.0,0.0796829371035034,0.0429409286802112,0.0,Unknown
32,37464.62,18,5,552634.4041500111,110526.88083000222,0.0,0.0068161337255027,0.0,0.0,0.0,0.1215726156306453,0.0148417831723946,0.0,0.8567694674714573,Cross River
34,4006.81,81,8,76402.54000000001,9550.3175,0.1768172890587145,0.2666836730820729,0.0,0.0,0.0185512157056558,0.1978646259666236,0.2965572872315501,0.0133580637502365,0.0301678452051463,Anambra
64,38119.11,31,10,595410.5841500111,59541.05841500111,0.0315571985117182,0.0048081274942178,0.0122230275942935,0.8456350584845438,0.0,0.0017896054056901,0.1031248715332378,0.0,0.0008621109762984,Ogun
18,16995.37,28,6,29807.76,4967.96,0.0,0.0365203557731275,0.0,0.0,0.190469864223276,0.3118053822226158,0.3627887503119992,0.0566758454845315,0.0417398019844496,Abuja FCT
50,23727.21,70,6,81334.59,13555.765,0.0594829333989388,0.0368989380778829,0.0,0.0347090948635752,0.0,0.0,0.0,0.7324407733536248,0.136468260305978,Anambra
46,134828.42,70,5,19283.33,3856.666,0.0,0.1095832514404929,0.0,0.0,0.4404503786431077,0.0531739072037868,0.1660589742539281,0.2307334884586842,0.0,Rivers
39,33899.23,363,3,16576.15,5525.383333333334,0.0,0.0,0.0,0.2892052738422371,0.0,0.0,0.0,0.0,0.7107947261577628,Delta
30,41601.96,122,4,14216.41,3554.1025,0.0,0.0,0.0,0.0,0.0,0.1645774144105297,0.4252719216736152,0.0,0.410150663915855,Kaduna
37,34559.97,136,6,36521.75,6086.958333333333,0.4989169467509087,0.2307750860788434,0.0567968402390356,0.2135111269312122,0.0,0.0,0.0,0.0,0.0,Unknown
54,99449.59,71,13,138454.7,10650.36153846154,0.018843997350758,0.013859623400289,0.0026032341263965,0.0371773583706439,0.002686438235755,0.148549236681745,0.028422148182763,0.6380000101116104,0.1098579535400387,Delta
56,134630.65,162,8,56972.97,7121.62125,0.038672900500009,0.0431364206570238,0.0104288050982773,0.8593002962632982,0.0,0.0,0.041250965150667,0.0,0.0072106123307245,Plateau
22,13601.69,91,7,113542.78,16220.397142857144,0.4174724275731138,0.4603885865750337,0.0,0.0,0.0,0.1221389858518525,0.0,0.0,0.0,Lagos
26,231648.71,134,6,62363.15,10393.858333333334,0.0,0.01254282376692,0.5131814220417025,0.0,0.0,0.0973332809519724,0.300944387831596,0.0622601648569708,0.0137379205508381,Kwara
30,35843.2,39,6,281912.03,46985.33833333334,0.032503118082616,0.0158503700604759,0.0,0.6250205072837792,0.0,0.0,0.3266260045731287,0.0,0.0,Kano
18,13135.68,92,7,47791.83,6827.404285714286,0.1442254879128922,0.0544641207503458,0.0,0.0,0.3143093704509745,0.2627306801183381,0.1141927396377163,0.062195567736159,0.0478820333935737,Kwara
37,27179.93,440,4,13436.14,3359.035,0.0541360837264273,0.0,0.4969381087127702,0.0,0.0,0.4489258075608024,0.0,0.0,0.0,Kano
37,31915.55,82,3,81506.02,27168.673333333336,0.0,0.0,0.169227745386169,0.0,0.0,0.0,0.1951587134300018,0.0,0.6356135411838291,Ogun
24,51311.6,140,6,51594.07,8599.011666666667,0.0,0.5785341222353654,0.0,0.0,0.0,0.0208810818762698,0.3221905153053442,0.0783942805830204,0.0,Anambra
49,1730.11,49,8,52058.54,6507.3175,0.1953662165708066,0.4528302176741798,0.0,0.2811822997725253,0.0,0.0706212659824881,0.0,0.0,0.0,Oyo
32,5567.69,136,5,23194.54,4638.908,0.0,0.051759595146099,0.267192192645338,0.0,0.0,0.0,0.1941659545737919,0.4868822576347709,0.0,Kwara
69,85789.08,35,13,244002.96,18769.458461538463,0.147414359235642,0.016933032287805,0.2430521334659219,0.0820395375531509,0.2646854775860096,0.0543152427331209,0.0560792787103894,0.0101365163766865,0.1253444220512735,Delta
58,26539.68,65,6,36132.51,6022.085,0.2996440048034305,0.0,0.108455238786345,0.1131933541290101,0.0,0.1256815538140029,0.0,0.3530258484672114,0.0,Kaduna
36,25176.31,24,6,13441.84,2240.306666666667,0.0886530415478833,0.0,0.0317166399838117,0.0,0.0,0.2805069841628825,0.0734795236366449,0.0,0.5256438106687775,Anambra
20,153086.84,55,5,39262.87,7852.574,0.0,0.0,0.0962420729814198,0.0356451273174885,0.0,0.1269199118658417,0.0076374956797605,0.7335553921554895,0.0,Delta
38,130361.43,106,4,13849.24,3462.31,0.4647338048874884,0.2573809104326303,0.0229261677897126,0.2549591168901687,0.0,0.0,0.0,0.0,0.0,Kwara
26,16590.03,42,3,11113.61,3704.536666666667,0.0,0.0,0.0,0.0,0.0,0.0,0.0,0.3391598229558172,0.6608401770441827,Edo
34,104655.75,114,3,65456.61,21818.87,0.0,0.0269323449533973,0.0,0.0,0.0,0.0901664476666298,0.0,0.8829012073799728,0.0,Kwara
48,83320.9,187,4,81208.76999999999,20302.1925,0.0802143660099765,0.0,0.0322825970643318,0.0,0.0,0.0,0.0567699769372199,0.0,0.8307330599884718,Ogun
18,44493.45,35,6,70287.98,11714.663333333332,0.0,0.1114068152193305,0.0120798748235473,0.0083773925499068,0.0,0.3434699645657764,0.0,0.5246659528414389,0.0,Plateau
33,97958.62,63,8,89297.01,11162.12625,0.3800329932659559,0.1566378314346695,0.1468254088238788,0.1159377004896356,0.0,0.0,0.1006819825210273,0.0998840834648327,0.0,Cross River
43,35761.58,103,11,148582.655,13507.514090909091,0.0730558354876617,0.0418364108515896,0.0,0.2531217388732217,0.0,0.2663113672319289,0.0,0.0434820605406465,0.3221925870149514,Cross River
34,21419.03,11,8,55139.29,6892.41125,0.0,0.1167851454017634,0.0857200011099163,0.0,0.0,0.1227783310231234,0.4256380522854029,0.2418244776093417,0.007253992570452,Delta
46,105853.35,234,5,18144.23,3628.846,0.0,0.0,0.4478454031942938,0.0,0.0,0.0882787530801803,0.0,0.3004249835898244,0.1634508601357015,Oyo
30,14458.12,127,12,159729.13,13310.760833333334,0.2354025843626644,0.1816105803618914,0.2788332347393365,0.165880074598791,0.0,0.0,0.052111784494162,0.0707406970788609,0.0154210443642934,Kaduna
54,15414.73,81,6,26522.85,4420.474999999999,0.0536303602365507,0.0,0.3700134035369502,0.1807603632339662,0.0,0.0418035769157537,0.3537922960767791,0.0,0.0,Anambra
32,25947.2,106,7,75313.98,10759.14,0.0657553883090496,0.0,0.0,0.4044512054734061,0.0839589144007526,0.0,0.0,0.3618755774160387,0.0839589144007526,Kwara
38,94290.33,53,4,36231.76,9057.94,0.1236887195101756,0.0,0.4607534936199622,0.0,0.0,0.0,0.0,0.0,0.4155577868698623,Ogun
25,149833.05,144,9,52504.71,5833.856666666667,0.019717278697473,0.1506880049427946,0.0,0.0409132818750927,0.0,0.35194975841215,0.0,0.2191917639388923,0.2175399121335971,Kwara
38,27115.16,328,5,51047.09,10209.418,0.0354325780372593,0.0,0.0074981747245533,0.0,0.0033169373611698,0.0,0.0,0.9537523098770176,0.0,Cross River
23,141406.33,9,10,160125.41,16012.541,0.6668078476738951,0.0720662635617919,0.0,0.0233500729209686,0.0,0.0634202279325935,0.0539713216034856,0.0777952730925091,0.0425889932147558,Ogun
43,5581.19,1,3,13598.52,4532.84,0.0,0.0952030073860978,0.0,0.542544335707121,0.0,0.0,0.0,0.362252656906781,0.0,Plateau
41,35931.48,66,10,136541.91999999998,13654.192,0.0706056425748224,0.0,0.0,0.0260290759057731,0.06092722293637,0.3408069111669148,0.0,0.0440338761898177,0.4575972712263017,Plateau
24,53101.24,82,3,75638.92,25212.97333333333,0.0108419051990694,0.0,0.6509205842706374,0.0,0.3382375105302931,0.0,0.0,0.0,0.0,Lagos
29,14324.72,54,11,147555.15,13414.104545454546,0.0249709345963187,0.3126490671454029,0.0,0.130193558137415,0.0138483814356869,0.2191032979872271,0.0,0.2992347606979492,0.0,Kano
33,28772.24,93,7,32194.57,4599.2242857142855,0.3475216472839985,0.0,0.0824415421606811,0.0,0.0,0.0,0.0256639551328065,0.0,0.5443728554225138,Enugu
21,147544.37,259,2,9082.56,4541.28,0.0,0.0,0.0,0.0,0.0,0.0323653243138498,0.0,0.0,0.9676346756861502,Oyo
22,22714.79,57,5,38066.94,7613.388000000001,0.0990313379536154,0.0,0.752730584596503,0.0,0.0,0.0,0.0450443350581896,0.0214264661146916,0.0817672762770004,Kaduna
41,62003.18,335,5,237804.3,47560.86,0.0,0.7521426652083246,0.1218472079773158,0.0,0.0,0.0439391970624584,0.082070929751901,0.0,0.0,Anambra
46,14997.77,34,3,83513.12,27837.706666666665,0.0,0.0,0.0,0.0,0.0,0.0,0.2231915176920704,0.0,0.7768084823079295,Delta
30,18920.98,45,11,155399.91,14127.264545454544,0.0165103699223506,0.0679943122232181,0.0325682942802219,0.1085198826691727,0.0,0.3547253019644606,0.0253191909828004,0.0,0.3943626479577756,Imo
18,2304.85,218,5,43312.96,8662.592,0.0,0.0,0.0,0.6479845755173509,0.0,0.1770666331739968,0.0,0.0232486996963495,0.1517000916123026,Kwara
50,56324.87,119,6,35857.01,5976.168333333334,0.0295995120619371,0.0,0.0356265065045858,0.5592761359633724,0.0,0.0,0.0557704058425395,0.0,0.3197274396275651,Kaduna
68,103246.85,64,4,50077.64,12519.41,0.0,0.1332958182534161,0.3936908768064949,0.0,0.0,0.0,0.4159255508047104,0.0,0.0570877541353785,Kaduna
37,28056.15,97,2,26243.99,13121.995,0.0,0.0,0.0,0.0,0.0,0.6595837751805271,0.0,0.0,0.3404162248194729,Kwara
20,27927.64,25,8,44889.98,5611.2475,0.0,0.3148210357857143,0.2001468924690989,0.0671860401809045,0.0,0.0,0.0374386444369099,0.0852306015730013,0.2951767855543709,Kwara
49,21424.9,94,7,82148.43,11735.49,0.0,0.3826864372210156,0.1754146731714775,0.2843342228208135,0.0,0.1238105220026725,0.0,0.0337541447840208,0.0,Oyo
30,41531.64,151,4,30909.0,7727.25,0.0,0.0218962114594454,0.1449399851176032,0.0,0.0,0.0,0.0,0.0,0.8331638034229512,Kaduna
33,157806.91,229,6,76054.17,12675.695,0.1492966131903089,0.0,0.5871320402286949,0.0,0.0,0.0354835244405402,0.1140743499008667,0.1140134722395892,0.0,Imo
47,207511.87,115,8,192345.43,24043.17875,0.0259769623848094,0.0,0.0,0.0893337055109653,0.0,0.0539816828504841,0.0498004033680446,0.7809072458856963,0.0,Delta
29,125709.91,8,5,33862.11,6772.4220000000005,0.0,0.0682580028238051,0.0,0.4284910184273809,0.1808339763824522,0.0,0.0,0.0,0.3224170023663616,Ogun
35,113088.19,34,4,18021.25,4505.3125,0.2330243462578899,0.1088026635222307,0.0,0.0,0.0,0.0,0.6581729902198793,0.0,0.0,Lagos
37,36236.485,87,4,25757.13,6439.2825,0.0,0.2875891063950059,0.6820259089424947,0.0303849846624992,0.0,0.0,0.0,0.0,0.0,Unknown
42,60019.73,80,7,90565.49,12937.927142857145,0.0758795651632868,0.0889176440165012,0.0638246422561176,0.0,0.2546768090141179,0.1980352560340589,0.3071688785651135,0.0,0.0114972049508041,Delta
41,78178.98,179,7,56717.47,8102.495714285715,0.0,0.101032715316815,0.3687389441031132,0.1754473533463322,0.0,0.0,0.3026273915250451,0.0,0.0521535957086943,Oyo
37,13351.02,79,4,7141.85,1785.4625,0.2403816938188284,0.0,0.2189502719883503,0.0,0.0,0.0,0.2862003542499492,0.2544676799428719,0.0,Delta
30,11897.37,4,9,42752.64,4750.293333333333,0.0,0.1425214910704929,0.6397389728447179,0.0041719061091899,0.073534874103681,0.0838402026167273,0.036588851589048,0.0196037016661427,0.0,Oyo
32,19120.53,123,9,81897.22,9099.691111111111,0.0,0.2660903508080006,0.0443512001994695,0.0573837549064547,0.0,0.0567507663874304,0.4746227039208412,0.0386298826748942,0.0621713411029092,Plateau
18,52552.34,133,11,111808.84,10164.44,0.0,0.1679500475990986,0.4782112934898528,0.2729499742596382,0.0,0.0,0.0,0.0808886846514103,0.0,Lagos
28,12374.4,260,5,55654.380000000005,11130.876,0.0,0.0,0.0,0.0907340985561244,0.0,0.0327151250269969,0.0,0.0885123506900984,0.7880384257267802,Abuja FCT
29,74978.73,76,13,200175.96,15398.150769230768,0.1036672935151653,0.3782160954791974,0.0186340058016956,0.1156996074853343,0.0,0.0125454125460419,0.0,0.0469638811773401,0.324273703995225,Cross River
40,98581.37,307,5,88444.48000000001,17688.896,0.0,0.1181553670732192,0.0,0.0,0.0,0.0271434689875501,0.0,0.3516132380449294,0.5030879258943011,Kwara
42,149074.07,139,8,159071.4,19883.925,0.0796393946366222,0.0,0.1014226944629895,0.1049274728203812,0.0,0.6643214305022775,0.0117968409154631,0.0378921666622661,0.0,Rivers
38,112217.62,6,8,34523.69,4315.46125,0.0,0.0,0.0,0.041276873937867,0.0,0.1951772826137646,0.1864464661801795,0.5227578512030435,0.0543415260651454,Abuja FCT
40,10861.36,4,9,90711.81,10079.09,0.064775689075105,0.0150365206029953,0.4330751420349787,0.0,0.0,0.0,0.0,0.179370911020296,0.3077417372666249,Kwara
23,38140.29,65,4,22917.84,5729.46,0.0,0.0,0.6336975910469748,0.0,0.0,0.1511145902057087,0.1327175684968566,0.0,0.0824702502504599,Rivers
51,158835.37,313,5,520727.27415001113,104145.45483000224,0.0,0.0,0.9029016291060756,0.0268876256248612,0.0,0.0108323498307388,0.0094981197366189,0.0,0.0498802757017052,Delta
28,13830.35,89,9,33357.840000000004,3706.426666666667,0.0,0.1401649507282246,0.0,0.3842467018248184,0.0,0.0802701853597235,0.0,0.0,0.3953181620872334,Anambra
30,27342.31,25,15,198402.37,13226.824666666666,0.0,0.002710905116708,0.1614875366660186,0.2453281178042379,0.0,0.3821199313294493,0.0478003362560638,0.0015329453977792,0.1590202274297429,Imo
40,128476.47,108,7,44936.84,6419.5485714285705,0.1380105944254202,0.1577342777106712,0.1030878005663059,0.0191806989543546,0.0,0.0,0.3937157129873841,0.1882709153558639,0.0,Abuja FCT
41,73949.56,9,9,247305.9,27478.43333333333,0.548022550210084,0.0302762691872696,0.1151817243341141,0.0,0.0,0.0341961918417635,0.0403718229124335,0.0,0.231951441514335,Kaduna
26,61261.21,295,1,774.77,774.77,0.0,0.0,0.0,1.0,0.0,0.0,0.0,0.0,0.0,Abuja FCT
27,44290.03,56,11,101723.62,9247.601818181818,0.0491911318138304,0.4569268179799343,0.0041157599385472,0.2933755208475672,0.0,0.1590703319445375,0.0,0.0203686223514263,0.016951815124157,Rivers
51,105186.24,47,9,81915.8,9101.755555555555,0.0,0.1456595675071231,0.2106176097895644,0.019813149599955,0.0,0.0642349827505804,0.3504481430932738,0.1526583394168157,0.0565682078426872,Delta
25,15503.81,13,4,37826.21000000001,9456.552500000002,0.0,0.0226216160699155,0.0232198784916596,0.0,0.0,0.9541585054384248,0.0,0.0,0.0,Delta
61,68664.25,8,5,58409.66,11681.932,0.2909361225523312,0.0,0.6184737250653403,0.0766931360326357,0.0,0.0,0.0,0.0,0.0138970163496928,Lagos
43,286208.37,85,4,23026.36,5756.59,0.0864639482749336,0.0,0.0197417220958935,0.0,0.0,0.8937943296291729,0.0,0.0,0.0,Ogun
42,44781.47,97,7,68975.36,9853.622857142856,0.0,0.0,0.0,0.0,0.0,0.0535237510902444,0.3552143838031436,0.0214201129214838,0.5698417521851281,Anambra
27,10079.69,319,3,38343.29,12781.096666666666,0.7649382721201023,0.0,0.0413214411178592,0.0,0.0,0.0,0.0,0.0,0.1937402867620384,Plateau
18,85986.76,58,7,63770.9,9110.128571428571,0.0592831526605395,0.0,0.0044071825864148,0.1716445902441395,0.0,0.6321336220752726,0.0680631761508775,0.0644682762827559,0.0,Edo
36,307573.74,75,4,164370.32,41092.58,0.0,0.036746475884454,0.2504803178578711,0.0,0.0,0.0634496544144952,0.0,0.0,0.6493235518431795,Plateau
33,25604.24,380,2,30496.81,15248.405,0.2389958162837359,0.0,0.0,0.0,0.0,0.0,0.0,0.0,0.7610041837162641,Kwara
52,15948.09,14,6,26455.92,4409.32,0.1446984266659409,0.1616579578408159,0.4194361791236138,0.0,0.0,0.1528523672584434,0.1213550691111857,0.0,0.0,Abuja FCT
18,22758.31,107,7,69620.20999999999,9945.744285714283,0.0356179620831364,0.2087834839912146,0.248473970417498,0.2015943358975791,0.0,0.0,0.0,0.028038841020445,0.2774914065901266,Edo
46,16847.88,35,8,65104.02,8138.0025,0.0223803384184263,0.0,0.0,0.0670400998279368,0.0,0.2381961974083935,0.0114197249263563,0.6425348235024504,0.0184288159164364,Kaduna
36,9883.34,348,2,35038.96,17519.48,0.0,0.0,0.109786934315402,0.0,0.0,0.0,0.0,0.0,0.8902130656845979,Edo
29,46886.22,167,4,39809.23,9952.3075,0.0,0.0,0.4535724504091136,0.4621963298461186,0.0,0.0,0.0,0.0,0.0842312197447677,Abuja FCT
21,31020.86,77,7,48136.44,6876.634285714286,0.2609511629858793,0.109619863870282,0.0,0.3950211108258109,0.0,0.1379262778884354,0.0,0.0154130633673782,0.0810685210622139,Anambra
45,4972.37,57,6,39652.95,6608.825,0.0,0.0,0.0,0.0254588876741831,0.0,0.2578466419270193,0.6848234494533194,0.0318710209454782,0.0,Anambra
41,6847.87,329,3,7260.719999999999,2420.24,0.0,0.8596984872023711,0.0,0.0,0.0,0.0,0.1403015127976288,0.0,0.0,Edo
36,12823.76,154,6,150518.19,25086.365,0.4428005013879053,0.0,0.0982087945649625,0.1995722908971998,0.0,0.0,0.0,0.0882745135322182,0.1711438996177139,Imo
57,35126.48,19,6,85504.36,14250.726666666667,0.0066424682905058,0.0466025358239041,0.4086204492963868,0.5381345465892032,0.0,0.0,0.0,0.0,0.0,Imo
50,21096.61,343,5,115979.76,23195.952,0.0331946712081487,0.0267562202232527,0.0,0.0,0.0,0.7134950098189546,0.0,0.0,0.2265540987496439,Lagos
30,65516.37,13,6,44629.86,7438.31,0.0,0.2657550348578283,0.0,0.4218440299835133,0.0,0.0114311360152149,0.0,0.1498861972679278,0.1510836018755156,Lagos
37,36236.485,44,6,71609.64,11934.94,0.5158864085896815,0.143279731611554,0.0,0.0,0.0,0.0,0.3408338597987645,0.0,0.0,Unknown
43,16212.34,10,11,121831.5,11075.59090909091,0.0271726934331433,0.2724539220152424,0.1998206539359689,0.0626241160947702,0.0,0.0191599052790124,0.0957937807545667,0.245836011212207,0.0771389172750889,Cross River
29,3907.94,69,8,77338.87,9667.35875,0.0215257864512372,0.0,0.306627572913853,0.0,0.0,0.3431473720782318,0.1966751001145995,0.1320241684420783,0.0,Rivers
47,59476.35,80,6,65599.17,10933.195,0.9488452369138208,0.0,0.0,0.0,0.0265767082113996,0.0,0.0,0.0245780548747796,0.0,Anambra
45,6085.66,140,4,12945.805,3236.45125,0.0,0.4249851592851892,0.0,0.3912472032446031,0.0,0.0,0.0,0.1837676374702075,0.0,Kaduna
43,59810.95,1,9,79453.98,8828.22,0.0148319819850434,0.071699617816502,0.0,0.0,0.0,0.1600581871417895,0.0,0.482819740433393,0.270590472623272,Delta
45,10118.02,169,5,32395.53,6479.106,0.0417992852717643,0.1099287463424738,0.0,0.0,0.0,0.0,0.0,0.8482719683857619,0.0,Delta
27,60995.61,54,7,127382.51,18197.501428571428,0.743770789255134,0.0690539855118257,0.003375502649461,0.1837997225835791,0.0,0.0,0.0,0.0,0.0,Kano
55,168594.58,10,8,143476.55,17934.56875,0.0,0.5443418454095809,0.0608387921231727,0.0,0.0,0.0226822431958393,0.3309833558166822,0.0114716307298997,0.029682132724825,Abuja FCT
51,25441.41,110,9,112967.99,12551.99888888889,0.0393246794954924,0.0,0.0,0.5204607074977611,0.0,0.0,0.0,0.4236068996182016,0.0166077133885448,Delta
70,28263.27,42,4,26584.13,6646.0325,0.0,0.0,0.0,0.0,0.4339284377559093,0.0,0.356963722341111,0.2091078399029797,0.0,Oyo
31,75810.62,22,3,472571.7541500111,157523.9180500037,0.0007562872661376,0.0,0.0,0.0,0.004335532079536,0.9949081806543264,0.0,0.0,0.0,Abuja FCT
29,18540.36,526,1,1189.51,1189.51,0.0,0.0,0.0,1.0,0.0,0.0,0.0,0.0,0.0,Kwara
45,5235.2,90,7,56836.38,8119.482857142857,0.0,0.4015173028261125,0.0,0.0,0.0,0.1893338386434885,0.2172071831457246,0.1919416753846744,0.0,Kano
56,104317.86,267,2,8609.81,4304.905,1.0,0.0,0.0,0.0,0.0,0.0,0.0,0.0,0.0,Oyo
42,197173.68,105,6,487877.9741500111,81312.99569166852,0.0,0.0070629546373833,0.0,0.0073790377732712,0.0,0.0178915025118885,0.0,0.0039716283633747,0.9636948767140822,Delta
29,20249.86,121,7,82062.43,11723.204285714284,0.1177048985753894,0.6629990118498805,0.0469987301131589,0.0395746262936644,0.0,0.0,0.0,0.0600286879147985,0.0726940452531079,Delta
37,61763.58,64,5,27832.88,5566.575999999999,0.1928876925420581,0.0652544760010462,0.0,0.0,0.0,0.2078527267030936,0.0,0.3928522668153637,0.1411528379384383,Ogun
52,31811.42,210,5,27061.8,5412.36,0.0646405634510638,0.0,0.1268285923331042,0.6241768840210186,0.0,0.1843539601948133,0.0,0.0,0.0,Rivers
55,21736.94,107,8,26688.51,3336.06375,0.4782481300005133,0.0,0.1101118046680013,0.0682728260213852,0.0,0.0,0.1093669148258932,0.2340003244842068,0.0,Delta
68,151073.33,56,5,34158.545,6831.709,0.0,0.1482775393389853,0.0,0.0,0.0,0.0357430329658362,0.007514371586963,0.0662349640477953,0.74223009206042,Lagos
48,9138.78,164,4,28206.94,7051.735,0.3114116596837515,0.0,0.2157688852459713,0.0,0.0,0.0,0.472819455070277,0.0,0.0,Imo
28,27264.23,57,5,57065.47,11413.094,0.1566251885772604,0.0,0.100785991949247,0.0,0.0,0.2163374804413246,0.5262513390321678,0.0,0.0,Plateau
60,80413.9,24,9,33209.14,3689.904444444445,0.1290653717621112,0.4450021891563587,0.0,0.0,0.0,0.0,0.3154459886645664,0.0,0.1104864504169635,Kaduna
53,21674.83,98,3,70764.2,23588.066666666666,0.0,0.0,0.0398236678998702,0.0,0.0,0.0214932126696832,0.0,0.0,0.9386831194304466,Kano
37,7728.03,205,4,48730.32,12182.58,0.0,0.040974284593247,0.0,0.9590257154067529,0.0,0.0,0.0,0.0,0.0,Anambra
20,13511.82,108,8,83119.35,10389.91875,0.0060053405133702,0.0,0.1283316099079215,0.0812032336634008,0.0,0.0,0.073717130848593,0.0,0.7107426850667142,Rivers
42,27205.29,119,6,59516.74,9919.456666666669,0.0,0.1320100865739622,0.6637984540147864,0.0,0.0,0.0987804439557677,0.0444763943724068,0.0609346210830767,0.0,Edo
47,803007.95,122,5,36823.51,7364.702,0.0,0.4347363953083234,0.0560533202836991,0.0904533543923433,0.0,0.418756930015634,0.0,0.0,0.0,Imo
32,64071.73,170,9,110412.53,12268.058888888889,0.0554415336737596,0.0587622618556064,0.0,0.1328418975636189,0.5659202809681111,0.0,0.0040076067453576,0.1141826928519797,0.0688437263415664,Oyo
19,44468.28,15,4,67706.01,16926.5025,0.0,0.0,0.0,0.1044097857782492,0.0,0.5010764923232074,0.0,0.3945137218985434,0.0,Ogun
35,31566.52,86,10,184393.85,18439.385,0.0364015394222746,0.0570817844521387,0.0096035740888321,0.0,0.0788398311548893,0.0,0.810544874463004,0.0,0.007528396418861,Plateau
59,29337.03,33,7,67150.09,9592.87,0.0,0.0,0.0920810381639101,0.0,0.0,0.0,0.1542109623382485,0.4769820859510389,0.2767259135468023,Plateau
42,28276.21,15,12,140525.07,11710.4225,0.1554331906755143,0.0417435123853701,0.5064556096645246,0.0785639174561521,0.0,0.2178037698184388,0.0,0.0,0.0,Kwara
37,9354.27,3,9,83115.54000000001,9235.06,0.0,0.0699537054081583,0.3408239903151684,0.117092303075935,0.0,0.4072516403069751,0.0,0.0,0.064878360893763,Cross River
40,59049.7,101,8,99644.925,12455.615625,0.5252955933280095,0.0743356974778193,0.0422837389862052,0.0416730706556304,0.0,0.0,0.3083055158102633,0.0,0.0081063837420721,Oyo
34,208176.31,147,7,42780.4,6111.4857142857145,0.1156155622668324,0.0213861955474937,0.0,0.4520593542837374,0.0,0.0,0.0,0.0351315088217969,0.3758073790801395,Imo
59,8120.58,143,10,62246.44,6224.643999999999,0.2359386335989656,0.0138157298634267,0.0373557106237722,0.0,0.0,0.2518813927350704,0.1607113595572694,0.1960293632856754,0.10426781033582,Rivers
50,23878.85,23,6,27587.42,4597.903333333333,0.0,0.0,0.0,0.0,0.0591345620576335,0.401906376167108,0.4480009366588104,0.0,0.090958125116448,Kwara
20,29048.48,80,4,138819.55,34704.8875,0.0,0.346378229867479,0.1247824964135095,0.019533992150241,0.0,0.5093052815687704,0.0,0.0,0.0,Kano
42,8575.12,371,2,20379.25,10189.625,0.205949679208018,0.0,0.0,0.0,0.0,0.794050320791982,0.0,0.0,0.0,Abuja FCT
25,43464.35,226,5,24264.76,4852.951999999999,0.0,0.0,0.0,0.0405621155947967,0.0618765650268125,0.0,0.8678898946455683,0.0,0.0296714247328224,Cross River
21,30179.4,117,9,89763.34,9973.704444444444,0.0,0.382569097807635,0.0026470717332933,0.1218841678573903,0.1365929565455118,0.0,0.0941196038382707,0.0226302853703973,0.2395568168475013,Rivers
20,12944.06,32,6,150354.83,25059.13833333333,0.428461859190024,0.0,0.0346823577267188,0.0224226917086734,0.0,0.0,0.0,0.4028323533071735,0.1116007380674102,Ogun
38,15568.88,59,7,27575.69,3939.384285714285,0.0,0.0159303357413722,0.0,0.0,0.0,0.4791970753950308,0.159038994128524,0.1848272880932444,0.1610063066418283,Lagos
18,9387.45,36,4,23982.120000000003,5995.530000000001,0.3594694714228766,0.0,0.0,0.0730348276132385,0.1731760995274812,0.0,0.0,0.0,0.3943196014364034,Anambra
51,147131.45,55,7,63038.91,9005.558571428572,0.1837956906298031,0.0,0.1780322661035858,0.459362479459115,0.0,0.1317157926747147,0.0,0.0,0.0470937711327813,Cross River
46,163874.32,177,4,29183.98,7295.995,0.0342790805092382,0.0,0.0,0.0,0.0,0.0,0.0,0.5575171720923602,0.4082037473984014,Enugu
35,4941.27,56,10,86620.06,8662.006,0.5388954937228166,0.1056875278082236,0.1770707616688328,0.1027750384841571,0.0,0.0,0.058237664577928,0.0143910082722177,0.0029425054658239,Abuja FCT
34,58344.78,88,14,129846.99,9274.785,0.0,0.3325380896391976,0.0,0.2310371615083261,0.0,0.0553570783581506,0.0468485253296976,0.2136332155254426,0.1205859296391853,Anambra
53,17473.65,50,6,38286.3,6381.05,0.1821267659711176,0.0,0.0,0.0408386289612733,0.0,0.0290009742388269,0.4679287369111143,0.2801048939176677,0.0,Plateau
51,66390.52,74,8,160618.8,20077.35,0.0,0.0,0.0582236326009159,0.0795403153304594,0.0,0.0244577222591626,0.8246603137366236,0.0131180160728382,0.0,Abuja FCT
47,28450.55,144,3,76231.91,25410.63666666667,0.0,0.0760488619529538,0.02324590843913,0.0,0.0,0.9007052296079161,0.0,0.0,0.0,Delta
42,223905.42,110,3,8114.0,2704.6666666666665,0.0,0.4296672418042889,0.0,0.0,0.3859711609563717,0.0,0.0,0.0,0.1843615972393394,Abuja FCT
45,4467.4,39,5,16535.11,3307.022,0.0,0.0,0.2453470221849144,0.0987432197306216,0.0,0.0446516533606368,0.3869559984783893,0.2243021062454377,0.0,Lagos
37,133570.7,53,8,133552.72,16694.09,0.159694912990166,0.0,0.0024742289037617,0.7451199795855897,0.0,0.0,0.0,0.0913840616649365,0.0013268168555458,Cross River
37,36236.485,48,7,66249.13,9464.16142857143,0.0210863146429243,0.4987556817727267,0.0,0.0257959613960213,0.0,0.1069724236378651,0.0,0.3473896185504625,0.0,Unknown
26,14729.96,133,7,29452.91,4207.558571428572,0.0,0.0,0.0,0.086739816201523,0.0,0.0501359627962058,0.3162872531101341,0.3434981467026518,0.2033388211894852,Abuja FCT
50,56101.12,109,6,52368.9,8728.15,0.0,0.0,0.0802443816845494,0.0,0.0,0.1137554922864524,0.0,0.3606186114277749,0.4453815146012232,Enugu
62,14243.09,18,8,68288.92,8536.115,0.2021136078883661,0.0616884847497954,0.0,0.6387374408615629,0.0,0.0219813111702454,0.0,0.0080339533851172,0.0674452019449128,Lagos
42,130471.86,289,5,19450.3,3890.06,0.1456697326005254,0.1402667311044045,0.0,0.0,0.0,0.0,0.0,0.71406353629507,0.0,Abuja FCT
40,181296.43,557,2,13031.91,6515.955,0.0,0.0,0.0,0.4701912459493658,0.0,0.5298087540506342,0.0,0.0,0.0,Kwara
23,67347.42,211,4,43701.0,10925.25,0.0,0.0,0.0,0.1693061943662616,0.0,0.0,0.1896741493329672,0.6410196563007712,0.0,Enugu
29,87666.92,61,6,80300.01999999999,13383.336666666664,0.0400958804244382,0.0369174254252987,0.0,0.8926596780424215,0.0,0.0,0.0,0.0264529199370062,0.0038740961708353,Kano
41,14678.1,83,8,75317.42,9414.6775,0.0,0.1337005436458126,0.0,0.169666326860373,0.0,0.0,0.3579223770543388,0.0252552463958537,0.3134555060436217,Plateau
35,83131.6,8,9,39628.32,4403.1466666666665,0.0,0.0,0.1272809445366344,0.089187227719974,0.0417469123091768,0.4085252667789096,0.0,0.084714668701575,0.24854497995373,Cross River
31,30770.9,114,7,51768.01,7395.43,0.4811581515302596,0.1171319894274475,0.0931082728503568,0.057114422594185,0.0,0.0,0.0,0.0,0.2514871635977508,Imo
34,18023.57,138,6,63682.92,10613.82,0.0,0.0,0.2861841134169099,0.0,0.0,0.0,0.1879172625878336,0.3162369125033839,0.2096617114918725,Anambra
36,243617.34,147,8,156701.75,19587.71875,0.0,0.240936683859625,0.7001438720371661,0.0,0.0,0.0368915471588543,0.0187823684164344,0.00324552852792,0.0,Anambra
59,17838.84,9,6,215802.4,35967.066666666666,0.0131098171290032,0.0,0.0929428959084792,0.0,0.0,0.0,0.8052291818812025,0.0,0.0887181050813151,Anambra
41,49427.37,90,6,11980.55,1996.7583333333328,0.0,0.4499417806361143,0.1469615334855244,0.0958127965744477,0.0,0.0,0.0,0.3072838893039134,0.0,Lagos
26,17691.81,58,10,97599.63,9759.963,0.2120189390062237,0.0,0.1281491538441282,0.1443430676940066,0.0,0.0843473484479398,0.3972322436058415,0.0218385049205616,0.0120707424812983,Kano
57,53700.34,69,6,26553.800000000003,4425.633333333334,0.625987240997522,0.0,0.0,0.0,0.0,0.1334309966935052,0.0,0.2211159984634967,0.0194657638454759,Imo
23,100947.01,40,9,30861.4,3429.0444444444443,0.150309124019001,0.0,0.2106790359478182,0.3237484365582896,0.0,0.0987375815743939,0.0394518719176706,0.0311570440744749,0.1459169059083515,Plateau
53,26908.59,141,12,120447.3,10037.275,0.0559130009556046,0.1315629325024305,0.0885182980440408,0.0,0.3406386029408712,0.0319965661330723,0.155088823078641,0.0,0.1962817763453394,Anambra
32,51018.9,57,7,74505.28,10643.611428571428,0.0300214964630694,0.077095475649511,0.2412799468708795,0.0857288235142529,0.0,0.3106822764775865,0.2551919810247005,0.0,0.0,Cross River
48,17714.05,23,10,52513.25,5251.325,0.0,0.0749447044317386,0.0946031715805058,0.0117810266932631,0.0973472409344308,0.4143898920748572,0.0,0.0,0.3069339642852042,Imo
27,27288.48,70,6,21907.06,3651.176666666666,0.0,0.0,0.0582981011600826,0.3640766949102253,0.0,0.2312464566217466,0.2297072268026836,0.0,0.1166715205052617,Kano
26,26728.3,162,6,151691.32,25281.88666666667,0.0,0.1373112845217511,0.0,0.0275537848836703,0.0,0.8351349305945784,0.0,0.0,0.0,Rivers
65,4241.63,189,4,32309.57,8077.3925,0.1988986544853428,0.0,0.0,0.4264142172118044,0.0,0.0072873145634559,0.0,0.0,0.3673998137393967,Abuja FCT
78,10552.91,218,5,70538.31,14107.662,0.1581483877342681,0.1624907089495056,0.0795200508773175,0.0,0.0,0.0508213196488546,0.5490195327900541,0.0,0.0,Kaduna
22,28520.08,261,4,15947.69,3986.9225,0.0,0.0,0.7688586873710237,0.0,0.0,0.0,0.0,0.2311413126289763,0.0,Oyo
62,44003.99,699,3,17545.760000000002,5848.586666666667,0.0,0.0,0.0,0.0,0.0,0.0,0.269927321472538,0.149405896353307,0.5806667821741548,Enugu
43,92182.35,3,10,71905.67,7190.567,0.0878302086608747,0.3531439175797958,0.2516445504227969,0.0,0.0,0.0,0.2528918790409712,0.0,0.0544894442955611,Cross River
44,72344.32,7,10,61766.27,6176.627,0.1457617563760933,0.0360191735715949,0.0158066854287947,0.432136504276525,0.0,0.3618913688652398,0.0,0.008384511481752,0.0,Kwara
55,17349.81,43,10,63768.91,6376.891,0.1455712509434456,0.0,0.0189581412007826,0.0,0.0,0.5940217576245226,0.0,0.0772492426168175,0.1641996076144315,Kaduna
36,25352.54,61,4,22317.24,5579.31,0.0,0.174394772830332,0.0,0.3837463772401964,0.0,0.0899793164387711,0.3518795334907005,0.0,0.0,Lagos
30,47256.47,156,11,157384.31,14307.664545454543,0.367797018648174,0.0085030077013394,0.0,0.0,0.0420887571321436,0.2363414752080433,0.0,0.3116897103656648,0.0335800309446348,Delta
43,8926.23,213,10,69447.51000000001,6944.751000000001,0.0569893722611509,0.3946394910343078,0.0,0.0,0.0,0.2117384770166706,0.1925853065142292,0.081110611453168,0.0629367417204735,Edo
33,48402.32,6,7,39483.61,5640.515714285714,0.0,0.3144828955609682,0.0,0.3396870245653829,0.0,0.1796079436505425,0.0,0.0564186000216292,0.109803536201477,Enugu
38,48798.41,32,8,32721.35,4090.16875,0.0538779726386594,0.259899117854245,0.0,0.0,0.0,0.0,0.3687812391603647,0.0870709796509007,0.2303706906958301,Kwara
55,30150.75,64,3,1426.64,475.5466666666667,0.2162563786238995,0.0,0.0,0.0,0.0,0.1948914932989402,0.0,0.0,0.5888521280771604,Kano
31,46451.63,247,6,37254.66,6209.110000000001,0.0428893996079953,0.0,0.1388274648057451,0.5273716093503471,0.0,0.0600091371119747,0.1470862973920578,0.0,0.08381609173188,Kaduna
26,46222.99,157,6,97270.21,16211.701666666668,0.0,0.0,0.7288167672301725,0.0943741151581763,0.0,0.0,0.0272174800486191,0.1107469594236508,0.038844678139381,Enugu
57,10051.15,63,8,158284.72,19785.59,0.0658957478649865,0.0,0.0304082415535751,0.0,0.0,0.0,0.8605292412306128,0.0061346414233793,0.0370321279274461,Cross River
36,41694.9,156,8,453772.66,56721.5825,0.0048998765152576,0.0,0.0267424220754066,0.0721561541411507,0.0,0.0,0.8730804980626202,0.0042629496453135,0.0188580995602511,Rivers
51,489069.43,87,8,84855.65000000001,10606.95625,0.016603490751647,0.3091920219808581,0.0505477242823548,0.0596362175058467,0.0,0.5640205454792935,0.0,0.0,0.0,Delta
38,28055.9,142,6,64268.75,10711.458333333334,0.5804847612564427,0.0,0.2769034717494895,0.0,0.0,0.0268637557133132,0.0,0.0,0.1157480112807546,Enugu
48,39424.96,358,1,45933.97,45933.97,0.0,1.0,0.0,0.0,0.0,0.0,0.0,0.0,0.0,Ogun
32,5814.31,91,8,66180.4,8272.55,0.0529875914923451,0.2766016826734199,0.3797291947464808,0.1642712948244495,0.0,0.0,0.0,0.0322742080736895,0.094136028189615,Edo
45,60237.27,135,8,137668.0,17208.5,0.3238248539965714,0.0,0.4627516924775547,0.0,0.0,0.1012276636545893,0.1093532992416538,0.0028424906296307,0.0,Enugu
49,169114.69,13,6,31728.73,5288.121666666667,0.0,0.1813287200590758,0.0,0.150682047469281,0.0,0.5150417303182321,0.1529475021534111,0.0,0.0,Enugu
32,402038.72,20,6,31733.37,5288.895,0.0259323229773579,0.0,0.1456205250183009,0.5662313835561745,0.0,0.1614080067764628,0.1008077616717039,0.0,0.0,Enugu
39,10995.72,192,6,74041.55,12340.258333333331,0.0,0.165940070136295,0.0,0.0,0.0,0.1373720566357673,0.6226021740495707,0.0,0.0740856991783667,Rivers
44,13240.19,10,3,14601.3,4867.099999999999,0.0,0.0901036209104668,0.0,0.0,0.0,0.7130906152191928,0.0,0.0,0.1968057638703403,Delta
44,40215.89,132,5,54441.3,10888.26,0.0,0.1276203911368758,0.0,0.0141620424200009,0.0,0.0,0.0,0.8582175664431232,0.0,Delta
31,53868.38,42,7,57292.77,8184.681428571428,0.0590886075153985,0.0,0.0,0.0420255470280106,0.0,0.3797735735241985,0.0714121520045199,0.0,0.4477001199278722,Enugu
21,75790.19,3,3,7903.19,2634.396666666667,0.0,0.4757952168681254,0.0,0.0,0.0,0.1182649031593571,0.4059398799725174,0.0,0.0,Abuja FCT
64,11222.92,179,5,19160.23,3832.046,0.0,0.3470386315821887,0.0,0.035443729015779,0.0,0.0,0.2095862106039437,0.0,0.4079314287980886,Delta
18,242114.57,90,6,43555.17,7259.195,0.0,0.0,0.4743632041844861,0.0211655700115508,0.0,0.2855426806966888,0.0,0.1608043316097721,0.0581242134975021,Ogun
30,56328.09,17,6,50995.81,8499.301666666666,0.0,0.0,0.3137612678374949,0.447602852077455,0.0,0.0,0.1162052333319149,0.0679395032650721,0.054491143488063,Rivers
41,102548.08,91,5,27106.46,5421.292,0.0,0.0,0.4434684573345247,0.3364341931775673,0.0,0.0787830649963145,0.0,0.0,0.1413142844915935,Plateau
39,5773.67,447,6,19696.89,3282.815,0.0,0.0,0.5705667239853601,0.1358392111648082,0.0,0.0,0.0,0.0,0.2935940648498316,Cross River
36,57611.97,183,7,74409.43,10629.91857142857,0.0,0.0,0.0,0.2102331653393931,0.0,0.1629000517810713,0.3518545969240726,0.1759711101133284,0.0990410758421345,Kano
55,47917.56,64,9,93939.46,10437.717777777776,0.0162255563317055,0.1154928929759656,0.0016848084926185,0.0,0.0694406801997797,0.6806036568658155,0.0,0.0,0.1165524051341151,Plateau
30,45065.17,90,8,68419.34,8552.4175,0.0,0.1123644279526812,0.6064017863954841,0.0443875956710485,0.0,0.1061417721948209,0.0296343110003691,0.101070106785596,0.0,Kano
39,87360.11,98,8,86539.6,10817.45,0.0501453669765055,0.3346019625697369,0.446402456216576,0.0,0.0,0.0446117153303227,0.0,0.1201920276959912,0.0040464712108676,Oyo
24,15606.19,177,11,56301.17,5118.288181818181,0.2576880729121615,0.3435649738717686,0.1571013533111301,0.0320767756691379,0.0110196644226043,0.1640427721129063,0.0,0.0,0.0345063877002911,Kaduna
37,36236.485,626,1,504.16,504.16,0.0,0.0,0.0,1.0,0.0,0.0,0.0,0.0,0.0,Unknown
18,210958.78,412,1,8554.94,8554.94,0.0,0.0,0.0,0.0,0.0,0.0,0.0,1.0,0.0,Abuja FCT
36,60322.7,194,9,150036.58,16670.73111111111,0.0069408406936495,0.5742920159870345,0.0248678688890402,0.0300805310278333,0.0,0.0,0.0,0.3131065770760703,0.0507121663263718,Enugu
18,139244.29,364,2,57897.06,28948.53,0.9116335095426262,0.0,0.0883664904573738,0.0,0.0,0.0,0.0,0.0,0.0,Kaduna
52,32582.5,199,1,10650.87,10650.87,1.0,0.0,0.0,0.0,0.0,0.0,0.0,0.0,0.0,Rivers
49,37250.28,57,8,105752.52,13219.065,0.6055495415144717,0.0,0.0,0.0,0.0,0.0516628823596827,0.0,0.1377556771223985,0.2050318990034469,Enugu
18,519517.39,135,6,10785.76,1797.6266666666668,0.0,0.0,0.4156016822180356,0.0,0.0,0.1453407084897123,0.2725046728278767,0.0808028363323493,0.0857501001320259,Ogun
33,11698.4,17,9,48483.63,5387.07,0.0433711337208043,0.0,0.203720100990788,0.0807344664580601,0.2168919695163089,0.3425946035806312,0.1126877257334073,0.0,0.0,Rivers
43,56654.36,277,6,94450.76,15741.793333333337,0.0,0.0680334387992219,0.0109404095848461,0.0,0.0,0.0,0.0179369652504648,0.045919905779477,0.85716928058599,Edo
32,229897.3,86,2,4176.57,2088.285,0.0,0.0,0.0,0.0,0.0,0.3396279722355905,0.0,0.6603720277644096,0.0,Imo
32,15240.74,39,8,553123.4041500111,69140.42551875139,0.0,0.0005965938116596,0.8520463618317526,0.0025452367219272,0.0,0.0235107390185086,0.0991543832506601,0.0,0.0221466853654916,Rivers
40,152299.74,176,8,158954.45,19869.30625,0.0362437163602529,0.4109759745637823,0.0,0.0,0.0,0.0,0.0359623149902377,0.5155393887997474,0.0012786052859797,Oyo
37,13534.81,297,2,3035.62,1517.81,0.0,0.1738392815965107,0.0,0.0,0.0,0.0,0.0,0.0,0.8261607184034893,Kwara
63,59615.71,264,7,61225.85,8746.55,0.7686250170475379,0.0,0.1832964344308817,0.0329852505110178,0.0,0.0150932980105625,0.0,0.0,0.0,Ogun
46,18503.56,67,5,35160.9,7032.18,0.4786993506992141,0.3782457218103063,0.0,0.0,0.0,0.1064321447972037,0.0,0.0366227826932757,0.0,Edo
31,39737.94,158,7,43717.22,6245.317142857143,0.0,0.137894175338688,0.0,0.7405976409295925,0.0,0.0099795915659778,0.0,0.0560955156800912,0.0554330764856502,Imo
31,10210.36,26,7,84068.89,12009.841428571428,0.1447573531659571,0.2850563389144308,0.0,0.0,0.0,0.0822281583591742,0.0363974116941475,0.4515607378662903,0.0,Anambra
44,317927.59,90,5,20677.13,4135.426,0.0,0.2748534250159475,0.1612322406446155,0.0,0.0,0.0603942616794497,0.0,0.4603985175892398,0.0431215550707472,Kano
46,235010.66,390,2,7541.88,3770.94,0.0,0.0,0.8228505359406408,0.0,0.0,0.0,0.0,0.0,0.1771494640593592,Kano
32,28551.98,15,7,43034.67,6147.81,0.025338639752553,0.0,0.1479042362820488,0.0,0.0,0.2090909492276808,0.3797108238543481,0.2379553508833691,0.0,Plateau
18,19500.89,8,6,27441.44,4573.573333333334,0.0546228623570774,0.0392399232693328,0.0,0.0,0.0,0.0,0.0,0.6734030721419867,0.232734142231603,Kano
33,44109.85,19,7,54222.03,7746.004285714285,0.1768629835511507,0.0,0.0,0.0,0.0,0.2077194453988536,0.0,0.4388428467174689,0.1765747243325268,Kano
37,36236.485,6,4,17419.06,4354.765,0.0116894941518084,0.1849405191784171,0.0,0.1977529212253703,0.0,0.0,0.605617065444404,0.0,0.0,Unknown
43,41947.4,18,6,78506.48999999999,13084.415,0.0,0.0,0.2712978251861725,0.4132653236694189,0.0,0.0,0.0,0.024767506482585,0.2906693446618235,Abuja FCT
33,62953.86,45,5,44759.21,8951.842,0.0,0.5791563345286925,0.1076880043235794,0.0388731168400872,0.0,0.0,0.0,0.0,0.2742825443076408,Kaduna
45,217779.05,8,7,31698.18,4528.311428571428,0.0,0.0,0.181741664663397,0.6060455205945579,0.0269618003304921,0.0832659793085912,0.0,0.0,0.1019850351029617,Rivers
33,261642.01,241,5,10084.15,2016.83,0.0,0.0,0.5239975605281556,0.2965187943455819,0.0,0.0,0.0,0.1794836451262625,0.0,Abuja FCT
59,98599.84,160,5,32219.17,6443.834,0.0,0.0,0.0,0.0332832906620499,0.0,0.4297426035493776,0.0,0.5142581264508056,0.0227159793377669,Oyo
40,504498.73,92,2,17333.23,8666.615,0.0,0.6858813966006336,0.0,0.0,0.0,0.3141186033993664,0.0,0.0,0.0,Abuja FCT
34,105738.89,104,5,10592.25,2118.45,0.3336675399466591,0.0386575090278269,0.1997979654936392,0.3483282588685124,0.0,0.0,0.0,0.0,0.0795487266633623,Imo
43,18986.11,396,4,17620.37,4405.0925,0.0,0.0,0.0,0.2639081926202458,0.0,0.0992731707676967,0.0,0.3478542164551595,0.2889644201568979,Kaduna
20,46419.2,15,6,34501.19,5750.198333333334,0.7809901629480028,0.0,0.0,0.0,0.0,0.1497974417693998,0.0,0.0516037272917253,0.0176086679908722,Cross River
37,35018.27,81,4,38086.87,9521.7175,0.0,0.0,0.1107906740564399,0.0,0.0,0.3851038428728851,0.0,0.504105483070675,0.0,Unknown
35,15974.74,99,6,21917.27,3652.8783333333336,0.0,0.1404267046032649,0.3018281930185648,0.3266884972444105,0.0,0.0285934333974988,0.0,0.0869259720759018,0.1155371996603591,Lagos
28,73795.64,571,2,5459.6900000000005,2729.8450000000003,0.0,0.0,0.1101106473078141,0.0,0.0,0.0,0.0,0.8898893526921858,0.0,Rivers
42,46003.88,182,5,95091.94,19018.388,0.0,0.0599665965380451,0.3052862314093076,0.0,0.0,0.0,0.0,0.0,0.6347471720526471,Anambra
40,8346.54,17,5,61822.28999999999,12364.458,0.0,0.0,0.0671319357467994,0.1878134892770876,0.0,0.1175090731837982,0.0,0.2344442433303586,0.393101258461956,Cross River
37,36236.485,103,5,119943.98,23988.796,0.0,0.0,0.0,0.0110990147233733,0.0,0.9611974690184536,0.0,0.0,0.0277035162581731,Unknown
33,20014.6,90,4,56440.56,14110.14,0.0,0.0,0.4075705485558612,0.431934410289338,0.0,0.0,0.1604950411548007,0.0,0.0,Abuja FCT
67,11882.96,119,7,83401.66,11914.522857142858,0.3477267718652122,0.3908305901824975,0.0,0.0,0.0,0.1888373684648483,0.0,0.0726052694874418,0.0,Oyo
31,20415.84,169,5,60543.05,12108.61,0.1074220740448325,0.0,0.0,0.0374769688676074,0.0,0.2816377767555483,0.5734631803320117,0.0,0.0,Ogun
29,82052.83,27,5,32784.36,6556.872,0.1861710888972668,0.0,0.6010475726840481,0.0,0.0,0.0,0.1566930084955143,0.0560883299231706,0.0,Kano
40,21447.78,305,4,22125.13,5531.2825,0.3167194949814984,0.0,0.0373285942274689,0.0,0.0,0.0,0.0,0.0,0.6459519107910326,Enugu
44,178445.1,34,6,39815.33,6635.888333333333,0.1066420898683999,0.0,0.0,0.0,0.0,0.5835948113452784,0.0,0.1900845729521769,0.1196785258341447,Rivers
32,10802.18,106,9,58708.39,6523.154444444444,0.0,0.3229114271401413,0.1385096746819321,0.0,0.0,0.3167245771856458,0.2033675254933749,0.0184867954989056,0.0,Kaduna
40,36437.39,50,4,18774.29,4693.5725,0.1235540731500365,0.0,0.0,0.0,0.0,0.062638853453313,0.1158435285701882,0.6979635448264622,0.0,Rivers
37,10155.79,86,7,51467.95,7352.564285714286,0.0712225763800578,0.0567617323013642,0.0,0.3035279236884313,0.0,0.079928576910485,0.4885591907196615,0.0,0.0,Ogun
50,44252.4,135,3,357142.46,119047.48666666668,0.0,0.8742224041353134,0.0,0.0,0.0,0.0,0.1257775958646866,0.0,0.0,Abuja FCT
62,55746.82,120,9,57653.60999999999,6405.956666666666,0.0904323250530192,0.0564656749161067,0.567175065013275,0.0209678110355969,0.0,0.0860286112179272,0.0,0.0,0.1789305127640749,Kano
25,115728.94,6,9,67784.64,7531.626666666667,0.6055568046094219,0.0865756607986706,0.0,0.0744932775330812,0.0144147700718038,0.1535157522412157,0.0654437347458067,0.0,0.0,Delta
38,23769.42,75,8,50521.7,6315.2125,0.4749561079694468,0.1828075856513142,0.0,0.0,0.191649924685828,0.0143310696195892,0.1362553120738217,0.0,0.0,Lagos
40,59756.42,26,7,21033.79,3004.827142857143,0.0896272141159534,0.0,0.4173075798512773,0.0,0.0538633313349615,0.3709631027028415,0.0,0.0682387719949661,0.0,Delta
27,21933.31,41,11,69756.97,6341.542727272728,0.0380911040144088,0.028498227488952,0.5073057215644544,0.1349121098579826,0.0,0.0652551279105156,0.116505633773944,0.0,0.1094320753897424,Abuja FCT
30,50244.44,1,4,85272.22,21318.055,0.0,0.0,0.1419808232974349,0.0,0.0,0.0,0.0,0.0,0.858019176702565,Edo
39,151064.01,33,7,151095.06,21585.00857142857,0.0,0.0208587229787658,0.0,0.0,0.0,0.0627252141797356,0.036192050223217,0.7611952369587728,0.1190287756595086,Anambra
18,39889.9,24,9,143139.33500000002,15904.370555555555,0.0412522525691487,0.0507995583464181,0.0,0.0587139796339,0.0,0.5577658999184257,0.2063697585293379,0.0093853307338615,0.0757132202689079,Rivers
34,620524.95,40,8,24484.5,3060.5625,0.2072964528579305,0.0,0.1272858338949131,0.1774837141865262,0.0,0.2600657558863771,0.227868243174253,0.0,0.0,Imo
45,50411.49,64,7,73012.63,10430.375714285716,0.4154492174847009,0.0330959177884703,0.0,0.0,0.0,0.0,0.4716663404673958,0.0797885242594329,0.0,Cross River
37,36236.485,342,6,29789.22,4964.87,0.0,0.4771450880553435,0.0,0.1553991678869067,0.0,0.0103242045276781,0.2473022120082365,0.1098293275218351,0.0,Unknown
54,38588.87,214,8,22689.62,2836.2025,0.1761007897003123,0.0,0.0231330449782764,0.0835558286123787,0.0,0.4843386535340829,0.0152214977597685,0.217650185415181,0.0,Lagos
41,50591.95,136,7,42277.28,6039.611428571428,0.3176916774210639,0.0937879636532908,0.0,0.0,0.0,0.1789497810644393,0.0,0.1168947008889881,0.2926758769722177,Oyo
18,65758.29,73,6,28853.13,4808.855,0.3591419717722133,0.0,0.0572499413408527,0.2396786761089697,0.0,0.2958590627775911,0.0480703480003729,0.0,0.0,Delta
52,29574.07,79,3,9906.37,3302.123333333333,0.0,0.0,0.0,0.0,0.0,0.0,0.8074340045849288,0.0,0.1925659954150713,Anambra
46,253511.12,97,4,84360.07,21090.0175,0.3724426734117219,0.0,0.3530280380279438,0.1055617900743799,0.0,0.0,0.0,0.1689674984859543,0.0,Anambra
21,6139.93,118,7,31441.9,4491.7,0.0,0.0,0.0,0.301800781759372,0.0,0.1763827885719374,0.5218164296686906,0.0,0.0,Ogun
47,68928.74,42,9,125873.22,13985.913333333334,0.0708345269947015,0.3238572112479524,0.2926651912138261,0.0,0.0,0.123887114352044,0.0094066871412362,0.0666100382591309,0.1127392307911087,Ogun
25,19909.49,21,7,79333.27,11333.324285714289,0.4420160671556838,0.3336673251966041,0.0238331282701444,0.0,0.0,0.0,0.0,0.2004834793775675,0.0,Kano
35,70545.3,7,7,65192.14,9313.162857142856,0.0296781176381079,0.1174072518558218,0.1573640626001846,0.0,0.0833149517717933,0.0,0.0,0.0,0.6122356161340922,Lagos
65,106471.47,66,12,152636.8,12719.733333333332,0.4593489250298749,0.1039073801337554,0.0191337213568418,0.0118799660370238,0.0,0.3378041861464601,0.0,0.0073717478353843,0.0605540734606595,Abuja FCT
43,57527.96,36,5,17613.2,3522.6400000000003,0.0452683214861581,0.3546595735016919,0.1869211727567961,0.0,0.0,0.0,0.0,0.2397718756387255,0.1733790566166284,Oyo
42,17860.88,8,2,18876.0,9438.0,0.0,0.0,0.0,0.0,0.0,0.0,0.0,0.0,1.0,Enugu
18,119332.08,136,5,25116.32,5023.264,0.1404767895933799,0.2150932142925396,0.0,0.0,0.0,0.626381969970123,0.0,0.0180480261439573,0.0,Lagos
33,92467.2,276,7,64808.810000000005,9258.40142857143,0.0,0.5533206056398814,0.0,0.0,0.0,0.0066921457129053,0.0,0.3572373879415468,0.0827498607056664,Lagos
38,10465.36,22,4,15529.53,3882.3825,0.0,0.3328574657442949,0.1281545545808534,0.0,0.0,0.4858311874216412,0.0,0.0,0.0531567922532105,Delta
41,99218.8,319,5,54435.7,10887.14,0.0,0.0319656034550855,0.0,0.0,0.0,0.1251990880984353,0.8325168960810644,0.0,0.0103184123654146,Anambra
37,36236.485,21,5,104224.26,20844.852,0.0,0.0,0.0317697626253235,0.2090035467750022,0.714486435307864,0.0,0.0,0.0,0.0447402552918101,Unknown
55,67528.16,51,4,21595.46,5398.865,0.0,0.0408118187804288,0.0,0.1042006051271887,0.6659983163127805,0.0,0.0,0.0,0.1889892597796018,Ogun
29,93773.05,23,4,15715.91,3928.9775,0.2417651920887813,0.1649194987754447,0.0,0.0,0.0,0.405419730706017,0.1878955784297568,0.0,0.0,Enugu
39,22969.39,87,7,66501.18999999999,9500.169999999998,0.178144782070817,0.0,0.0,0.0471576523668223,0.0,0.0,0.0412341493437936,0.7334634162185668,0.0,Lagos
43,18831.89,173,7,53865.19,7695.027142857143,0.030097916669374,0.0200480124547968,0.2051614409974233,0.0,0.0,0.0,0.0,0.0,0.7446926298784057,Enugu
55,20077.13,97,5,86771.42000000001,17354.284000000003,0.199814524183193,0.0,0.3536082502741109,0.0,0.0,0.0,0.4198730411464973,0.0,0.0267041843961986,Enugu
60,45148.03,86,6,75363.01,12560.501666666663,0.0,0.0,0.2859694696376909,0.0,0.0,0.6147951096963881,0.0,0.0,0.0992354206659208,Plateau
46,82057.96,39,12,89597.38,7466.448333333334,0.0346106102656126,0.0,0.41946661833192,0.1208062110744756,0.0560037581456064,0.1001290439519548,0.0516180272235639,0.0983658227506206,0.1189999082562459,Rivers
18,23564.08,22,6,250083.46,41680.57666666667,0.0981138056871094,0.0,0.8513028410595408,0.0253591341066698,0.02522421914668,0.0,0.0,0.0,0.0,Imo
46,48638.89,86,7,69927.46,9989.637142857144,0.5493843191215583,0.0862526681220796,0.0,0.0732664964521805,0.0,0.0,0.1359252860035242,0.1551712303006572,0.0,Edo
44,14080.69,3,3,67860.75,22620.25,1.0,0.0,0.0,0.0,0.0,0.0,0.0,0.0,0.0,Kano
18,22781.61,5,5,25438.79,5087.758,0.0,0.1669902538603447,0.0,0.0,0.0,0.0,0.0,0.5381305478759013,0.2948791982637539,Ogun
25,22131.96,20,6,46739.600000000006,7789.933333333334,0.0416867067754109,0.0,0.0531596333729856,0.0,0.0,0.3965371975797824,0.4817886759835342,0.0268277862882865,0.0,Delta
33,3164.71,135,7,97926.47,13989.495714285717,0.07985624315877,0.2746844647826068,0.0,0.2570362231988961,0.0,0.206221361803402,0.0,0.182201707056325,0.0,Enugu
49,18128.93,26,2,18064.51,9032.255,0.0,0.0,0.7484249503584652,0.0,0.0,0.0,0.0,0.2515750496415346,0.0,Edo
36,50642.94,12,5,23467.75,4693.55,0.0,0.1595551341734934,0.0,0.1142823662259909,0.0,0.1159599876426159,0.0,0.6102025119578997,0.0,Anambra
41,8915.77,152,2,5355.06,2677.53,0.0,0.0,0.0,0.4979533375909888,0.0,0.5020466624090113,0.0,0.0,0.0,Plateau
31,35910.1,94,5,23359.22,4671.844,0.0,0.024331719980376,0.0,0.0,0.5155047985335127,0.4212983138991799,0.0388651675869314,0.0,0.0,Ogun
46,41722.49,126,5,40833.25,8166.65,0.0,0.0,0.0,0.5517106769605652,0.0,0.0502024698009587,0.398086853238476,0.0,0.0,Imo
30,12975.84,73,7,25781.21,3683.03,0.0,0.1204885263337136,0.2447200887778347,0.0819053876835105,0.0,0.0,0.0,0.366677126480875,0.1862088707240661,Rivers
28,12914.51,255,3,44066.79,14688.93,0.0,0.0184236246842576,0.0,0.0,0.0,0.324444326441749,0.6571320488739933,0.0,0.0,Plateau
18,15735.7,98,4,22691.75,5672.9375,0.0,0.0,0.0,0.0,0.4893333480229598,0.0,0.0201011380788171,0.0,0.4905655138982229,Anambra
41,39574.07,381,7,33697.73,4813.961428571428,0.3306074326074783,0.0,0.0,0.0,0.0,0.5947094952686723,0.0,0.0746830721238492,0.0,Anambra
49,47879.77,57,7,41689.03,5955.575714285714,0.1507816324822141,0.0344730975990566,0.0,0.6788594025814465,0.0,0.0148679400792006,0.0,0.121017927258082,0.0,Kwara
47,51955.12,76,6,27442.25,4573.708333333333,0.0,0.1248636682487769,0.3837389426887372,0.0,0.0,0.0,0.4913973890624857,0.0,0.0,Lagos
73,28177.31,72,6,27112.78,4518.796666666667,0.4618128425045311,0.0,0.2101164100472176,0.0178613185368671,0.0,0.0,0.0,0.1751635206718012,0.1350459082395829,Edo
34,203734.03,57,5,98959.81,19791.962000000003,0.0,0.0,0.8912719213992023,0.0,0.0,0.0,0.0508510475111057,0.0458017249628915,0.0120753061268003,Imo
54,50904.34,128,10,123012.85,12301.285,0.0091050650399531,0.0570711921559414,0.1019616243343683,0.0,0.1429102731950361,0.12505937387842,0.1689244660212327,0.0,0.3949680053750482,Plateau
18,18105.47,89,9,67175.68,7463.964444444444,0.093612747946876,0.0,0.084728282616566,0.0753994600426821,0.0,0.0273238767363426,0.7189356326575332,0.0,0.0,Abuja FCT
49,61615.54,31,7,34837.41,4976.772857142858,0.025747034581503,0.0635073043604561,0.2682489886590306,0.0,0.0,0.0,0.1730556318624145,0.0,0.4694410405365955,Plateau
49,46636.82,90,7,41412.48,5916.068571428571,0.0,0.1206044651274205,0.1485882999520917,0.0,0.0,0.4588512931367549,0.0113564799789821,0.0621612132381349,0.1984382485666156,Lagos
40,62423.46,15,7,35018.26,5002.608571428572,0.0648633027454819,0.2907271806194825,0.3161190761619795,0.0,0.0,0.0296665225513774,0.1461903018596584,0.1524336160620202,0.0,Kano
23,23111.93,134,7,55352.47,7907.495714285715,0.0819444913659679,0.1366446700571808,0.0,0.0,0.0,0.4078161281691675,0.0,0.3735947104076836,0.0,Ogun
40,8287.22,159,6,27561.55,4593.591666666666,0.0,0.0723097938976581,0.5298178077793158,0.0,0.0,0.0543463629585418,0.267216829242187,0.0763092061222971,0.0,Oyo
44,25176.03,413,4,94535.76,23633.94,0.0292597214006636,0.1060837718975337,0.0,0.0,0.0,0.749175232737326,0.0,0.1154812739644765,0.0,Anambra
24,11440.78,62,8,87254.16,10906.77,0.2381350069727334,0.0094545635417268,0.1199809842877405,0.0,0.0,0.0475251838995412,0.0,0.3539961876889308,0.230908073609327,Enugu
39,14081.08,134,7,40536.07,5790.867142857142,0.1237579271991586,0.0,0.0278505045012997,0.1282854998030149,0.0,0.5938698546751079,0.0,0.1262362138214188,0.0,Edo
26,25189.0,36,6,75970.71,12661.785000000002,0.0,0.0283846234950285,0.072135432194855,0.0,0.0,0.0,0.2641428518964743,0.0,0.635337092413642,Cross River
23,42145.04,88,5,19684.24,3936.848,0.0,0.0,0.0,0.0,0.0,0.1664179058983227,0.0,0.176737328949454,0.6568447651522233,Kano
18,31739.6,31,7,82950.77,11850.11,0.4376985288985262,0.0,0.1682082034922641,0.0,0.0,0.0,0.0106670498658421,0.274256766995653,0.1091694507477145,Enugu
41,5876.97,333,2,2276.7,1138.35,0.0,0.0,0.6355470637325955,0.0,0.0,0.0,0.0,0.0,0.3644529362674046,Rivers
57,59486.18,102,4,23373.99,5843.4975,0.1768303143793592,0.0,0.6143183085130096,0.0,0.0,0.2088513771076312,0.0,0.0,0.0,Imo
28,86853.85,48,8,159721.2,19965.15,0.0,0.4760815721394529,0.0,0.0848089671252156,0.0,0.0,0.354632760084447,0.0168163650160404,0.0676603356348437,Enugu
31,32320.49,496,3,25423.59,8474.53,0.0,0.0,0.0,0.0117210039966818,0.0,0.0,0.0,0.988278996003318,0.0,Ogun
18,113651.11,8,5,100321.71,20064.342,0.72853313604802,0.0,0.1985833375447846,0.0,0.0,0.0,0.0728835264071954,0.0,0.0,Anambra
39,42844.47,263,4,9554.95,2388.7375,0.0,0.0,0.0,0.2732489442644911,0.0,0.0600285715780825,0.0,0.2154056274496465,0.4513168567077797,Kwara
37,75027.88,38,9,73624.15,8180.461111111111,0.0179362342383579,0.0725547255893616,0.6202580267480168,0.0568134233128667,0.0,0.0,0.135166789701477,0.042090129393684,0.0551806710162358,Delta
46,39742.95,262,6,81756.16,13626.026666666668,0.0,0.0,0.0631423980774048,0.0,0.0,0.3154288312954033,0.2777111840869238,0.2323805325494739,0.111337053990794,Delta
44,34093.6,10,4,40080.13,10020.0325,0.2054531759253276,0.0,0.0,0.0,0.0,0.1217982576403819,0.0,0.6727485664342905,0.0,Lagos
59,7531.46,271,6,70286.06,11714.343333333332,0.0375481283201818,0.0,0.0,0.0,0.0,0.8599487579756212,0.0324166698204451,0.0700864438837516,0.0,Kano
28,25935.93,159,4,189841.49,47460.3725,0.0071736689382284,0.0,0.8752374941852807,0.0,0.0,0.0,0.0,0.117588836876491,0.0,Anambra
35,36943.2,4,7,41076.62,5868.088571428571,0.0,0.2118214692445483,0.4067481696400531,0.055627264365958,0.0,0.1832723821969772,0.0,0.0307917253172242,0.1117389892352389,Kano
22,30399.82,646,2,17864.84,8932.42,0.0,0.0,0.2698053830876739,0.0,0.0,0.0,0.0,0.7301946169123261,0.0,Edo
30,18439.35,68,4,18833.68,4708.42,0.0,0.0,0.0,0.6318335025337587,0.0,0.2779424945098356,0.0486447683086895,0.0415792346477162,0.0,Edo
39,15849.95,176,4,60362.13,15090.5325,0.0393503343901217,0.0,0.0176115388903605,0.0975663052314423,0.0,0.0,0.0,0.0,0.8454718214880754,Oyo
59,357022.95,237,6,15282.47,2547.0783333333334,0.0,0.0,0.0,0.3003742196124056,0.0,0.5786623497379678,0.1209634306496266,0.0,0.0,Kwara
45,83706.4,21,9,121066.59,13451.843333333332,0.4419530607081607,0.0825019520249145,0.0,0.1151389495648634,0.0,0.0279271927953038,0.0680643602830475,0.26441448462371,0.0,Lagos
31,5551.96,11,10,99088.45,9908.845,0.4304660129409633,0.091639540228957,0.065244637493068,0.2125191180203141,0.0,0.0181616525437626,0.0635133559965868,0.1184556827763478,0.0,Cross River
53,97551.22,69,11,147257.94,13387.085454545457,0.2577238959067334,0.0333057083373568,0.0,0.0686669934402179,0.0,0.0080314175249225,0.2770111411309978,0.0,0.3552608436597714,Oyo
22,59541.05,297,3,17081.4,5693.8,0.0,0.0,0.7292581404334538,0.0247491423419626,0.0,0.0,0.0,0.0,0.2459927172245834,Imo
29,113993.32,238,5,9053.06,1810.6120000000003,0.0,0.7362339363706858,0.0,0.0,0.0,0.2132836852953586,0.0,0.0504823783339555,0.0,Lagos
47,18179.65,63,5,81307.87,16261.574,0.0532864776804508,0.0,0.0,0.8625374148898503,0.0,0.0,0.0,0.084176107429699,0.0,Lagos
27,41448.97,82,5,163258.51,32651.702,0.1662465864719701,0.0438180527312175,0.0226378398283801,0.7648783515174797,0.0,0.0,0.0,0.0,0.0024191694509523,Ogun
27,37699.76,40,5,64498.82,12899.764,0.0,0.0,0.0,0.7027041735027091,0.0,0.2808814176755482,0.0164144088217427,0.0,0.0,Rivers
40,65593.15,1,10,515027.0941500112,51502.70941500111,0.0016632717185758,0.0,0.0009455813209278,0.0164679103222667,0.0,0.0023543809903849,0.0107735885413124,0.0230871931497581,0.944708073956774,Plateau
37,109366.49,304,4,27096.8,6774.2,0.0,0.1316889817247793,0.0,0.0,0.0,0.0,0.0,0.1506354993947624,0.7176755188804582,Unknown
37,27694.2,583,3,89209.82,29736.60666666667,0.0,0.0,0.5240399543458332,0.0,0.0,0.0,0.4759600456541667,0.0,0.0,Unknown
44,79978.46,100,11,105555.31,9595.937272727271,0.0266850620778812,0.0,0.298591894619039,0.5673895515062198,0.0,0.0195237927869284,0.0082063138273195,0.0598780866637595,0.0197252985188523,Enugu
28,10500.01,124,4,44770.14,11192.535,0.0,0.3695367045981987,0.0,0.5354006040633332,0.0,0.0,0.0,0.0,0.095062691338468,Edo
62,15839.66,7,8,62076.17,7759.52125,0.0,0.1657125431546437,0.3589712445210457,0.0193823169180701,0.0,0.0,0.333712437478021,0.0,0.1222214579282195,Delta
53,18214.17,14,8,73401.29,9175.16125,0.0,0.0186729688265696,0.0,0.2511841413141377,0.0,0.0,0.0809969416068845,0.2222244322953997,0.4269215159570084,Kano
32,60521.42,155,6,25949.48,4324.913333333333,0.0741976332473714,0.5224478486659463,0.0944936083497627,0.0,0.0,0.1521753037055077,0.0449292240152789,0.0,0.1117563820161328,Abuja FCT
21,88834.09,161,6,79852.54000000001,13308.756666666668,0.0124692339154145,0.1886827895518414,0.5947915996159922,0.0,0.0,0.2040563769167517,0.0,0.0,0.0,Imo
37,5842.67,6,5,83399.16,16679.832000000002,0.0812967420774981,0.0342453089455577,0.0200283791827159,0.0,0.0,0.0,0.1052743217077965,0.0,0.7591552480864315,Delta
33,46215.26,44,10,27646.585,2764.6585,0.0363524102524778,0.1832032780902234,0.0870939394503878,0.1816745178473218,0.0,0.5049636329405603,0.0067122214190287,0.0,0.0,Cross River
31,29708.07,524,4,43094.54,10773.635,0.0,0.6076948495099379,0.347019599234613,0.0,0.0,0.0,0.0,0.045285551255449,0.0,Enugu
29,44984.27,183,4,52976.52,13244.13,0.0,0.5575730531186268,0.0991824302540068,0.3432445166273662,0.0,0.0,0.0,0.0,0.0,Kwara
33,34416.36,117,7,25802.59,3686.0842857142857,0.0,0.0671727140569996,0.0,0.0583115881002643,0.0,0.7425421246471768,0.0,0.0,0.131973573195559,Plateau
18,42529.22,19,6,31058.63,5176.438333333333,0.0,0.0,0.0,0.0070885290175387,0.1773239837043681,0.0,0.020358270793013,0.0,0.79522921648508,Lagos
37,85188.92,244,5,75864.27,15172.854,0.0376492122049022,0.0,0.0766707436847411,0.8504683430025756,0.0,0.0,0.035211701107781,0.0,0.0,Enugu
30,35057.8,86,4,33617.36,8404.34,0.0,0.0,0.1433791945590016,0.0,0.0,0.2438261065116356,0.0,0.5719482434075728,0.0408464555217899,Enugu
33,23294.83,1,3,44484.64,14828.213333333331,0.9778157134687387,0.0,0.0,0.0,0.0,0.0,0.0,0.0,0.0221842865312611,Edo
26,342541.22,39,7,111424.965,15917.852142857142,0.0771853955709117,0.0454561058197325,0.0,0.7717041688099252,0.0,0.0305014230877254,0.0462939342184222,0.0,0.0288589724932828,Rivers
42,158656.3,7,6,65751.965,10958.660833333332,0.0,0.3276009317744344,0.3990486063800527,0.0,0.0,0.0,0.0419090136697815,0.2314414481757313,0.0,Oyo
41,60445.85,29,6,508438.8441500112,84739.8073583352,0.0016427344401592,0.9848867959472176,0.0,0.0035730944260112,0.0,0.0,0.0098973751866119,0.0,0.0,Enugu
18,37104.76,254,4,27367.77,6841.942499999999,0.0239913591790635,0.9534372000349316,0.0,0.0,0.0,0.0225714407860048,0.0,0.0,0.0,Cross River
23,81256.52,108,11,151274.88,13752.261818181818,0.0104704098922438,0.2735044972436931,0.1282624716013656,0.0308330768465987,0.0,0.0,0.0,0.1667540572499545,0.3901754871661441,Rivers
35,21784.65,49,8,83263.81,10407.97625,0.013812123178125,0.6341821254636318,0.1554038903576476,0.0,0.0,0.0,0.0,0.1911352603249839,0.0054666006756116,Anambra
18,52748.54,68,2,11899.68,5949.84,0.0,0.0,0.0,0.0,0.0,0.0,1.0,0.0,0.0,Abuja FCT
54,33279.15,120,2,11134.85,5567.424999999999,0.0,0.0,0.4205885126427388,0.0,0.0,0.5794114873572612,0.0,0.0,0.0,Lagos
25,34845.53,89,7,72236.13,10319.447142857143,0.0,0.2919500255620006,0.6405851199392881,0.0,0.0,0.0,0.0,0.0,0.0674648544987113,Edo
47,13041.58,185,2,10261.0,5130.5,0.0,0.0,0.0,1.0,0.0,0.0,0.0,0.0,0.0,Plateau
37,36236.485,50,5,57576.95,11515.39,0.4785845724721438,0.3370635297632126,0.0,0.0,0.0,0.0,0.1554450174939798,0.0103954794409915,0.0185114008296722,Unknown
47,49479.34,20,5,509520.52415001113,101904.10483000222,0.000436017764683,0.0441252293761982,0.9227606776671998,0.0,0.0,0.0,0.0,0.0,0.0326780751919189,Abuja FCT
25,28932.7,12,3,16103.44,5367.813333333333,0.0,0.0,0.1156932928616494,0.0,0.0,0.2692387465038526,0.0,0.615067960634498,0.0,Rivers
38,8210.11,131,10,137614.15,13761.415,0.9035895654625632,0.0,0.0078861076422737,0.0373500835488211,0.0,0.0,0.0,0.0511742433463419,0.0,Cross River
22,43278.39,143,4,46855.12,11713.78,0.1067951592056535,0.0,0.0,0.2230358176438348,0.0,0.0,0.6701690231505116,0.0,0.0,Cross River
30,93484.1,185,6,108079.94,18013.323333333334,0.0902752166590766,0.2105226927402069,0.0,0.0,0.0,0.1751933800111288,0.0,0.0258912986073086,0.498117411982279,Anambra
62,65776.61,84,7,132912.59,18987.512857142858,0.0082621969822422,0.0,0.0800525367837614,0.2004761926616583,0.0,0.0,0.5214955182199068,0.0,0.1897135553524312,Cross River
26,12290.22,58,7,29843.82,4263.402857142857,0.0782081516374244,0.3795000103874101,0.0,0.0,0.0,0.0,0.0,0.5199304244563866,0.0223614135187787,Lagos
33,127570.97,50,3,46833.82,15611.273333333333,0.0,0.2068319432410168,0.793168056758983,0.0,0.0,0.0,0.0,0.0,0.0,Rivers
33,46617.52,26,6,65702.15,10950.358333333332,0.1447147467776929,0.0786505464433051,0.02801750018835,0.0,0.0,0.0,0.0,0.7486172065906519,0.0,Abuja FCT
38,35364.45,102,9,70711.97,7856.885555555556,0.0,0.1590825428848892,0.2987829359017999,0.3266387572005135,0.0,0.1131099868947223,0.0,0.0475915180979967,0.0547942590200782,Edo
42,38985.95,35,8,77927.08,9740.885,0.6065843863262939,0.0276906307794415,0.0609460793346805,0.0726824359388289,0.0,0.0,0.0776972523543805,0.1543992152663746,0.0,Enugu
40,113054.85,3,7,495570.1741500111,70795.7391642873,0.0,0.0130802867850513,0.0114060133051691,0.0138074491906946,0.0,0.0,0.0129697676237763,0.9487364830953086,0.0,Rivers
48,11220.58,57,11,70125.18,6375.016363636363,0.0135831380397169,0.0,0.2851874319609589,0.0786262509415305,0.0,0.1992676525037084,0.1122953267285731,0.252124843030706,0.058915356794806,Kaduna
19,8708.77,167,5,62365.47,12473.094,0.0,0.0,0.2246995011823049,0.0396796496522835,0.0,0.0,0.6418197441629158,0.0938011050024957,0.0,Anambra
53,23181.67,215,9,135779.68,15086.63111111111,0.0261964824191661,0.3947651813585066,0.0,0.0247442769050567,0.0,0.0626618798924846,0.1071739158613424,0.2724708881328929,0.1119873754305504,Oyo
43,21029.55,48,4,30931.69,7732.9225,0.0,0.0,0.1213771378156188,0.2748456356571529,0.0,0.0,0.1781845738141045,0.4255926527131236,0.0,Oyo
55,31804.21,34,7,648914.4541500111,92702.06487857302,0.00604683710604,0.0,0.0,0.1905729471875994,0.724541580393464,0.0624904865975226,0.0,0.0,0.0163481487153738,Kano
43,12294.45,303,4,29028.59,7257.147499999999,0.0,0.0898603755814526,0.0,0.0,0.0,0.0,0.785829074026675,0.0,0.1243105503918723,Imo
45,22499.02,97,4,479461.0041500111,119865.25103750278,0.0167959019196489,0.0,0.0,0.980612604738358,0.0,0.0,0.0,0.0025914933419929,0.0,Rivers
44,45118.37,225,7,634477.194150011,90639.5991642873,0.0,0.0,0.0204232872662343,0.0031541244010842,0.0105814047563901,0.7410282173812045,0.0024546193533187,0.222358346841768,0.0,Rivers
25,47721.44,30,9,85207.61,9467.512222222222,0.0534959260094256,0.2556208301113011,0.0,0.3661583748212161,0.0,0.2316412818056978,0.0930835872523592,0.0,0.0,Cross River
31,73415.71,29,9,71802.0,7978.0,0.0,0.4008495585081195,0.0,0.1826419876883652,0.0,0.1771073229157962,0.1960934235815158,0.0183386256650232,0.0249690816411799,Oyo
37,125563.49,304,2,47698.08,23849.04,0.0,0.06294257546635,0.93705742453365,0.0,0.0,0.0,0.0,0.0,0.0,Lagos
32,4578.96,38,9,179807.29,19978.58777777778,0.0132989602368179,0.0534513923211901,0.0120080782041707,0.0,0.0,0.6923564667483727,0.0193113416035579,0.010846334428376,0.1987274264575146,Lagos
59,13473.59,202,7,67665.73,9666.532857142856,0.0,0.5759730959822646,0.0454240277907295,0.0,0.0,0.0346668838125296,0.0,0.0648753807872907,0.2790606116271856,Plateau
36,67510.68,158,3,18665.83,6221.943333333334,0.0,0.0,0.0,0.0,0.0,0.0,0.0184085036668607,0.0,0.9815914963331392,Delta
54,67067.86,7,12,500994.88,41749.57333333333,0.0,0.958200111745653,0.0087468558560917,0.004137108147692,0.0,0.0289159242505631,0.0,0.0,0.0,Oyo
40,39193.99,97,7,77641.78,11091.682857142858,0.0908478656723223,0.0,0.0,0.0,0.0,0.4314790310062443,0.1985579155964739,0.2581033046898204,0.021011883035139,Kaduna
19,54073.83,53,3,19057.73,6352.576666666667,0.5419464962511276,0.0,0.0,0.0,0.0,0.0,0.0,0.3686000378848897,0.0894534658639827,Lagos
69,71001.83,583,3,37297.72,12432.573333333334,0.1341610157403723,0.0,0.0,0.0,0.0,0.0,0.7333391960688214,0.1324997881908063,0.0,Enugu
22,25135.81,420,5,27351.62,5470.324,0.1862255325278722,0.0,0.0,0.4766752389803602,0.0,0.0595599090657153,0.0,0.2775393194260522,0.0,Lagos
60,32621.34,66,6,33589.67,5598.278333333333,0.0436553857182877,0.0976871758490035,0.5381895684000468,0.0,0.0,0.0,0.0121090799641675,0.3083587900684943,0.0,Rivers
33,88234.3,29,9,125064.97,13896.107777777775,0.4825803740247968,0.0,0.0,0.0,0.0,0.1878801873938002,0.0,0.0201491272895999,0.3093903112918029,Kano
35,50976.56,333,7,78860.94,11265.848571428573,0.0809328420381496,0.0,0.3833215784645731,0.1895397138304463,0.0,0.2403553647724716,0.0698054068338521,0.036045094060507,0.0,Imo
37,61536.49,50,6,73743.15,12290.525,0.0,0.0,0.226087846803398,0.0,0.0056954442548223,0.2866340805891801,0.1182216924555026,0.3633609358970969,0.0,Cross River
18,23685.71,186,4,26055.34,6513.835,0.0,0.3871490450709912,0.5882820949563505,0.0,0.0,0.0,0.0,0.0245688599726581,0.0,Edo
29,23737.33,3,10,50668.86,5066.886,0.0075253321270697,0.12117896475271,0.1984372650183959,0.2343636703095352,0.0,0.0973828896091208,0.0,0.2360907665970776,0.1050211115860905,Cross River
18,35048.61,66,4,25035.07,6258.7675,0.0,0.0401832309636042,0.2387810379599497,0.0646928488716029,0.0,0.0,0.656342882204843,0.0,0.0,Oyo
33,10197.54,223,4,83562.75,20890.6875,0.0,0.6837307293022309,0.0,0.0,0.0,0.0,0.2574771653637536,0.0,0.0587921053340154,Kano
52,33582.75,566,2,81448.87,40724.435,0.0,0.0,0.0,0.0,0.0,0.0,0.0,1.0,0.0,Cross River
23,17108.55,18,6,20574.2,3429.033333333333,0.0508491217155466,0.0103391626405886,0.0,0.0764399101787676,0.7754114376257644,0.0,0.0,0.0,0.0869603678393327,Ogun
34,41640.28,70,7,20139.81,2877.1157142857146,0.2482227985268977,0.2920186436714149,0.359894656404405,0.0,0.0,0.0,0.0,0.0299248106114208,0.0699390907858614,Enugu
18,156526.82,133,3,5201.04,1733.68,0.0,0.64855298171135,0.0,0.0,0.0,0.0,0.0,0.0,0.35144701828865,Plateau
23,344627.71,286,3,52409.58,17469.86,0.0,0.0,0.0,0.1537274292219094,0.0,0.0,0.8055477643591114,0.0,0.0407248064189791,Lagos
36,69581.2,70,13,239798.17,18446.013076923075,0.0,0.0359560291890467,0.0033033196208294,0.0,0.0,0.6842183574628613,0.0912827233001819,0.1445040218613845,0.0407355485656958,Kaduna
62,30313.06,54,6,31528.25,5254.708333333333,0.0,0.0151990675029537,0.4597622766883668,0.1793784938903998,0.0,0.0835209692894467,0.098582065290652,0.0,0.1635571273381808,Abuja FCT
52,33029.66,12,8,152275.39,19034.42375,0.0,0.0,0.3736997816915786,0.3113634448744475,0.0,0.0059584152107572,0.095403860072202,0.2135744981510144,0.0,Kaduna
36,15426.79,36,5,121743.68,24348.736,0.2561688623179454,0.0639220040005362,0.0,0.0264024383031628,0.0,0.0,0.0,0.6535066953783556,0.0,Abuja FCT
72,70116.19,154,9,53364.27,5929.363333333333,0.1231055910630839,0.0,0.1689326959780392,0.2445149160664991,0.0,0.0106442006983324,0.1261724371007042,0.2460181690857946,0.0806119900075462,Plateau
18,75891.1,97,4,51267.16,12816.79,0.0,0.0,0.0,0.230334389500023,0.0,0.464235389672453,0.3054302208275239,0.0,0.0,Edo
36,27904.63,222,4,42860.26,10715.065,0.5685497474816998,0.0,0.0,0.20227828762588,0.0708766115744514,0.0,0.1582953533179686,0.0,0.0,Plateau
30,17347.68,431,2,46948.98,23474.49,0.0708307187930387,0.9291692812069612,0.0,0.0,0.0,0.0,0.0,0.0,0.0,Imo
50,141455.97,33,4,61273.64,15318.41,0.1013306864093597,0.7107291161419494,0.0,0.1879401974486908,0.0,0.0,0.0,0.0,0.0,Kaduna
34,12374.09,306,10,50339.93,5033.993,0.0480310560622551,0.2820635626628802,0.0,0.0320733461488722,0.0,0.1477230898016743,0.2686714105482466,0.1820646155050275,0.0393729192710438,Plateau
46,41580.48,16,6,32882.56,5480.426666666666,0.4260203585122326,0.0,0.0,0.0,0.0,0.201670125440355,0.0,0.149808895657759,0.2225006203896533,Kwara
35,6717.44,33,6,23023.91,3837.318333333333,0.0742080732594941,0.0,0.1042107965154485,0.3578249741247251,0.0,0.0,0.3164267059765261,0.0330543335167658,0.1142751166070402,Anambra
37,36236.485,54,8,40487.03,5060.87875,0.0,0.037921773960698,0.2719023845414198,0.0,0.0,0.1323327495249713,0.0753147365958925,0.1866234692937466,0.2959048860832716,Unknown
24,15872.15,24,8,59875.65,7484.45625,0.4928703070446834,0.0609367915003845,0.0,0.0,0.0,0.0,0.2030413031006761,0.0481778485912052,0.1949737497630506,Anambra
43,99207.41,155,5,70606.26000000001,14121.252000000002,0.075777700164263,0.0,0.6011356500117696,0.1476313856590053,0.0,0.0,0.0,0.0520237157441847,0.1234315484207774,Plateau
25,61347.9,262,4,39641.55,9910.3875,0.0,0.2505628563968866,0.0044798954632197,0.633164444881696,0.0,0.1117928032581975,0.0,0.0,0.0,Delta
38,72095.57,45,6,59629.28,9938.213333333331,0.0935540392236834,0.2392651730827539,0.0,0.0,0.2078156905466576,0.0259292079327471,0.324877308597387,0.0,0.1085585806167708,Oyo
46,14689.06,33,4,14356.91,3589.2275,0.0723526162663135,0.54954722151215,0.1544280767936833,0.0,0.0,0.0,0.0,0.2236720854278532,0.0,Imo
40,8720.96,55,10,54901.380000000005,5490.138000000001,0.0645730580907073,0.0237514976854862,0.0518316661621256,0.0,0.0,0.0309873813736558,0.1974780961790031,0.5148961647229997,0.1164821357860221,Kaduna
18,24689.76,25,9,166185.26,18465.02888888889,0.0,0.6065570436270942,0.0,0.0,0.0,0.0454501199444523,0.0302807240545882,0.2416863565396834,0.0760257558341816,Ogun
44,13108.04,128,7,67870.1,9695.728571428572,0.1193826147301978,0.0,0.2713231599776632,0.0,0.0,0.0942565282797579,0.0324086748067263,0.2962164487749392,0.1864125734307154,Kwara
40,66741.11,64,6,119394.75,19899.125,0.0,0.2625239384478798,0.0,0.6278529834854547,0.0,0.1096230780666654,0.0,0.0,0.0,Kano
36,47448.53,156,3,69334.04999999999,23111.349999999995,0.0,0.0,0.0,0.5031198956356941,0.0,0.0,0.4623061828928211,0.0345739214714847,0.0,Enugu
43,45636.2,349,4,26473.07,6618.2675,0.0,0.0626240175393333,0.02288892070319,0.7992967948182815,0.0,0.0,0.1151902669391952,0.0,0.0,Abuja FCT
30,21887.32,259,5,43924.55,8784.91,0.21969445332963,0.0,0.0269992521266581,0.0,0.0,0.0,0.1065668288007503,0.6042384042636748,0.0425010614792866,Enugu
43,7501.79,291,7,65237.65,9319.664285714283,0.0,0.0818311205262605,0.0,0.5528165100980799,0.0,0.1165014374368175,0.0,0.1012162455269311,0.1476346864119109,Kano
24,38277.13,41,4,86426.27,21606.5675,0.2083013648512194,0.0,0.5484890184431191,0.0,0.0,0.1640427152531284,0.0,0.0,0.0791669014525329,Oyo
30,9147.7,9,4,62297.03,15574.2575,0.0,0.0,0.3764092766541198,0.0,0.0,0.0,0.016180546648853,0.0,0.6074101766970271,Plateau
43,109908.46,250,4,12386.67,3096.6675,0.0621216194505868,0.0,0.0,0.0,0.0,0.2372461686635714,0.3406702527798028,0.0,0.3599619591060389,Anambra
55,31009.85,145,3,14272.37,4757.456666666666,0.0551716358250241,0.0,0.0,0.0,0.0,0.8783026224796583,0.0,0.0,0.0665257416953176,Kaduna
24,53969.84,1,7,559937.4641500111,79991.06630714444,0.0057124057681253,0.0,0.0284683040885605,0.0,0.0,0.1236659349184907,0.8396750248953704,0.002478330329453,0.0,Lagos
45,16206.53,248,7,67695.52,9670.788571428571,0.4115093583740844,0.0,0.0,0.0,0.0,0.0330429546888774,0.0670048771321942,0.4884428098048439,0.0,Imo
50,147076.86,48,6,34878.7,5813.116666666666,0.0,0.0,0.0636084487093842,0.339682958367141,0.0,0.0345594875955812,0.0,0.4839781872604197,0.0781709180674738,Kaduna
30,97790.86,104,3,31666.9,10555.633333333331,0.4316090302492508,0.0,0.4511025708231624,0.0,0.0,0.1172883989275868,0.0,0.0,0.0,Imo
58,81381.45,71,5,40024.45,8004.889999999999,0.0,0.0,0.0,0.0,0.0,0.0,0.2856409019986533,0.6351250298255191,0.0792340681758275,Ogun
50,238392.73,173,4,90987.58,22746.895,0.0,0.0,0.0085208332829601,0.7575547124123975,0.0,0.0,0.2339244543046424,0.0,0.0,Oyo
22,148651.89,32,8,62222.77,7777.84625,0.3184576964349224,0.0,0.0235241857602932,0.0,0.0753219440407426,0.0,0.1799927904206129,0.0517047055282174,0.3509986778152114,Lagos
25,20842.46,35,11,167271.96,15206.541818181817,0.4097199554545783,0.0,0.326478867109586,0.0562457090835786,0.0,0.106865609753123,0.045602383089192,0.0,0.055087475509942,Plateau
49,56751.38,126,7,51727.27,7389.610000000001,0.0,0.2634689594096112,0.0353795976474304,0.521609201490819,0.0,0.0998554534194439,0.0,0.0,0.0796867880326953,Plateau
47,43848.91,49,8,30512.36,3814.045,0.0,0.2008979311990288,0.0,0.0116415118332374,0.0,0.5468390514532472,0.058994125659241,0.1306722914910547,0.0509550883641907,Ogun
37,132768.72,119,7,74672.34,10667.477142857142,0.0,0.0355375229971365,0.0,0.0,0.0,0.936179983110212,0.0,0.0,0.0282824938926515,Edo
45,24156.87,50,10,114547.61,11454.761,0.4748388901348531,0.0,0.3358179188548761,0.0,0.0,0.0335638604768794,0.095045981317288,0.0484501597196135,0.0122831894964897,Delta
29,105304.2,102,6,32827.67,5471.278333333333,0.3513015087577035,0.0,0.0086960177191984,0.0179272546604739,0.0,0.0,0.0,0.3168854201349045,0.3051897987277197,Abuja FCT
47,36247.09,137,7,71996.24,10285.177142857145,0.8441097757327327,0.0,0.0,0.0279040961027964,0.0,0.0,0.0292436104996594,0.0,0.0987425176648113,Imo
53,126531.36,4,4,25417.22,6354.305,0.0,0.0939186110833521,0.1248535441720219,0.0,0.0,0.0225681644176664,0.0,0.7586596803269594,0.0,Abuja FCT
43,155297.11,14,11,166911.73,15173.793636363638,0.2879843136249322,0.0,0.0985904945086843,0.1308588677380553,0.0,0.0,0.0,0.4825663241283282,0.0,Rivers
35,95992.56,176,6,59085.7,9847.616666666669,0.0,0.0,0.4201077418055468,0.0,0.0,0.026856752141381,0.2001550290510224,0.3528804770020495,0.0,Imo
37,27530.33,29,9,42985.48,4776.164444444445,0.0,0.3616688705116239,0.0,0.0,0.0,0.1894393176486571,0.0744097774411266,0.3307958873554512,0.043686147043141,Enugu
23,607163.42,135,6,40219.16,6703.193333333334,0.0,0.0,0.4807387822122589,0.0200484047901547,0.0,0.0,0.2285773745647596,0.2706354384328265,0.0,Edo
25,19847.58,23,10,581300.5441500111,58130.05441500111,0.0061459945908428,0.9378048750102836,0.0,0.0,0.0,0.0276794855293439,0.013122316978309,0.0,0.0152473278912202,Lagos
18,76547.2,166,6,35985.02,5997.503333333333,0.0645510270662625,0.0,0.1315163920987122,0.4586133341040244,0.0,0.0,0.0960352391078287,0.2492840076231721,0.0,Anambra
53,9102.87,14,8,109421.48,13677.685,0.1607960338317486,0.0,0.2879100154741099,0.0,0.0452312471006606,0.0,0.5060627035934809,0.0,0.0,Enugu
56,7769.52,92,9,89001.33,9889.036666666669,0.0562227553228698,0.0476409734551157,0.0203165503257086,0.6859961530911953,0.0,0.0,0.0621780595863005,0.1182209299568894,0.0094245782619203,Kano
47,26649.87,40,4,85326.82,21331.705,0.2622147409220219,0.3701236024030897,0.0,0.0,0.0,0.1159920175157119,0.2516696391591764,0.0,0.0,Cross River
29,39838.34,43,5,515803.7641500111,103160.75283000222,0.0206663284390065,0.0,0.0,0.0,0.0,0.0,0.9694623593413348,0.0,0.0098713122196587,Kaduna
54,49891.24,176,7,117830.66999999998,16832.952857142856,0.0389993539033598,0.0,0.0,0.1776467875469095,0.0,0.0,0.6766318141108763,0.0,0.1067220444388545,Lagos
52,44161.68,42,6,112296.27,18716.045,0.0,0.1884217525657798,0.0,0.3140091830298548,0.0,0.2899684023342895,0.1660231457376099,0.0415775163324659,0.0,Abuja FCT
34,65117.84,12,7,488949.2441500111,69849.89202143016,0.9644767014003788,0.0021555816122227,0.0,0.0124402687452234,0.0,0.0188091915674961,0.0,0.0,0.0021182566746789,Edo
34,71865.46,129,4,51187.18,12796.795,0.0,0.0,0.2317463083529899,0.0544988022391544,0.0,0.0,0.0,0.0,0.7137548894078556,Delta
35,134918.24,60,4,34624.82,8656.205,0.2051941353052521,0.0,0.0,0.6910684301030301,0.0,0.0,0.1037374345917177,0.0,0.0,Lagos
45,30575.36,36,4,74747.61,18686.9025,0.0,0.0,0.0,0.2218675620531546,0.0,0.0,0.0,0.0,0.7781324379468455,Plateau
49,112445.88,387,10,69067.84,6906.784,0.1961750939366281,0.4224915677108188,0.0,0.0336443126062723,0.0819604319463298,0.0429534208685257,0.0731168080542261,0.0,0.149658364877199,Abuja FCT
18,89688.04,10,5,48330.67,9666.134,0.0,0.1541367003602474,0.0,0.0788590350599319,0.0,0.0,0.0880989235199925,0.0438620031545186,0.6350433379053094,Ogun
39,52253.5,43,5,79707.74,15941.548,0.095203176002732,0.0,0.0,0.0,0.0,0.2566777078361524,0.0,0.6481191161611157,0.0,Kaduna
59,33514.51,27,6,88008.91,14668.151666666668,0.0,0.0,0.0,0.1684468083970134,0.2541760828534293,0.0782509407286148,0.3889707303499157,0.0495254400946449,0.0606299975763817,Kaduna
57,6916.68,248,5,68526.64,13705.328,0.0,0.0,0.0851283530025695,0.0,0.0,0.0,0.0498619223122569,0.0092051791828696,0.8558045455023039,Enugu
37,71878.99,55,10,124950.49,12495.049,0.3976780723308888,0.0,0.1846135217236843,0.0718821510824007,0.0,0.0055160247870976,0.1518015655640886,0.0,0.1885086645118398,Kwara
41,114645.19,278,8,142153.16999999998,17769.146249999998,0.0196246766779805,0.6078449041973527,0.001063430382875,0.0,0.0270940141538876,0.0,0.0794975588655532,0.0,0.2648754157223508,Kwara
46,11744.42,267,2,8672.19,4336.095,0.0,1.0,0.0,0.0,0.0,0.0,0.0,0.0,0.0,Kano
68,55974.39,81,5,57665.62,11533.124,0.0,0.0162755555216435,0.2232983881903983,0.0,0.0,0.3148153093645746,0.0996155074722165,0.3459952394511669,0.0,Lagos
43,17231.82,297,4,88775.34,22193.835,0.0,0.0,0.0463821372016147,0.0,0.0,0.1168941735396338,0.8367236892587513,0.0,0.0,Kaduna
46,34161.58,88,5,46916.82,9383.364,0.0046139103204351,0.0,0.0380637477135065,0.0,0.0,0.2807293844723491,0.0,0.6225820505311315,0.0540109069625776,Oyo
31,6823.43,226,2,14337.38,7168.6900000000005,0.0,0.0,0.0,0.0,0.0,0.0,0.656415607314586,0.3435843926854139,0.0,Imo
26,14624.18,54,5,30218.48,6043.696,0.1609098141269845,0.0,0.4858110004209345,0.0,0.0,0.3076250029783099,0.0,0.0,0.045654182473771,Edo
39,17168.7,46,7,84413.3,12059.042857142858,0.0,0.428108129880007,0.0,0.0,0.0,0.1897734124835778,0.173586863681434,0.0589300501224333,0.1496015438325477,Plateau
30,11097.57,35,5,65176.08,13035.216,0.0117378952523686,0.0,0.4550210752165518,0.0,0.085633717155128,0.0,0.1009342691367753,0.0,0.3466730432391761,Delta
36,165225.84,342,5,79280.48000000001,15856.096,0.0,0.1284086574652423,0.2838842549893744,0.0,0.0,0.0,0.0,0.4477008716395259,0.1400062159058573,Oyo
27,35756.64,386,3,9221.27,3073.7566666666667,0.0,0.0,0.0,0.1656810829744709,0.0,0.3258043631734023,0.0,0.0,0.5085145538521266,Enugu
54,58753.73,6,8,72719.68,9089.96,0.1902326852923445,0.3487475467438801,0.2438525582070768,0.2171672097566986,0.0,0.0,0.0,0.0,0.0,Ogun
33,24731.09,142,5,19377.07,3875.414,0.5093153918523285,0.0,0.0,0.27460601628626,0.0,0.0353944120550733,0.0,0.0,0.1806841798063381,Enugu
18,9612.95,40,6,124910.35,20818.391666666663,0.2604395872719914,0.0,0.0403635087084456,0.0457863579759403,0.0,0.0,0.0,0.6534105460436225,0.0,Delta
18,13226.35,294,3,4455.54,1485.18,0.0,0.0,0.0,0.3438124222877586,0.0,0.3056060544849783,0.0,0.0,0.3505815232272631,Delta
18,12762.17,138,5,17613.949999999997,3522.7899999999995,0.4348814434013949,0.1988889488161372,0.1846899758430107,0.0,0.0,0.0,0.0,0.0,0.181539631939457,Oyo
18,91973.14,262,5,20168.660000000003,4033.732000000001,0.0,0.0,0.0110468419815694,0.0,0.0,0.1412468651858874,0.8477062928325433,0.0,0.0,Kaduna
45,92851.54,59,8,57230.8,7153.85,0.0424881357590668,0.0,0.0,0.1509362091740811,0.0,0.1239163177869259,0.1390120354774003,0.0678061463407815,0.4758411554617444,Plateau
37,17421.19,49,8,68358.64,8544.83,0.1271362332544942,0.0056836999682849,0.1799415553030312,0.0,0.0,0.1607376916802323,0.0,0.5265008197939572,0.0,Ogun
36,39835.1,84,7,53938.15,7705.449999999999,0.4715866228263297,0.0468160290999969,0.0,0.0,0.0,0.0,0.0,0.3391211971489567,0.1424761509247165,Abuja FCT
34,16652.97,446,5,9830.18,1966.036,0.0,0.3502702900658991,0.0758622934676679,0.0,0.0,0.4235751532525345,0.1502922632138984,0.0,0.0,Kano
28,18690.63,42,4,12119.56,3029.89,0.0,0.0,0.0,0.0,0.0,0.0,0.5129633419035015,0.4534166256860811,0.0336200324104175,Rivers
37,54196.29,329,4,90138.09,22534.5225,0.1757828460753938,0.0,0.0036545038839851,0.7806748512199448,0.0,0.0,0.0,0.0398877988206761,0.0,Kaduna
44,73028.86,52,5,55671.58,11134.316,0.3551702682050698,0.0,0.0233257256215828,0.0749579947254954,0.0,0.044959564646809,0.0,0.5015864468010428,0.0,Kano
46,22263.69,64,8,24301.16,3037.645,0.0562084279104372,0.5777942287528661,0.0876238006745357,0.0613839010154247,0.0,0.0,0.0626027728717476,0.0433473134615796,0.1110395553134089,Enugu
18,196177.88,16,6,18426.06,3071.01,0.0,0.2267625308937451,0.0,0.1142344049677467,0.0,0.0,0.1305167789532868,0.2650951966942472,0.2633910884909742,Enugu
29,4461.05,100,4,67731.74,16932.935,0.0,0.0,0.5783582409074387,0.1086434513567789,0.0,0.0,0.0,0.3129983077357824,0.0,Cross River
41,63550.97,36,5,27518.58,5503.716,0.2294646017345371,0.3634329969060903,0.0,0.1224550830747807,0.0,0.0,0.0,0.2846473182845917,0.0,Cross River
48,140865.59,238,4,43671.43,10917.8575,0.0,0.0,0.1157564567956671,0.0,0.0,0.2103095776804194,0.0,0.6739339655239135,0.0,Kwara
33,70319.63,110,5,54781.34,10956.268,0.0,0.4773647377008302,0.4992526652323583,0.0,0.0,0.0167856427024238,0.0065969543643875,0.0,0.0,Kwara
50,296664.84,169,5,31850.04,6370.008,0.0,0.2213290783936221,0.0240254015379572,0.0,0.0309468999097018,0.2587130188847487,0.4649856012739701,0.0,0.0,Plateau
66,23890.49,68,7,46005.665,6572.237857142857,0.0,0.2148290868092005,0.405759160312105,0.0,0.0,0.0434963824563779,0.0,0.0,0.3359153704223164,Edo
44,14505.6,146,3,11388.26,3796.0866666666666,0.0,0.1449334665699588,0.0,0.6762604647241983,0.1788060687058426,0.0,0.0,0.0,0.0,Kano
18,11959.68,31,6,26242.120000000003,4373.686666666667,0.0337667078726871,0.0,0.5096749043141332,0.0,0.0,0.0,0.1900421917131695,0.0762217381827383,0.1902944579172719,Oyo
40,55483.95,24,9,233836.54,25981.83777777778,0.1388400632339154,0.0,0.0053681943805702,0.8015262285355403,0.0,0.0,0.0305946624081933,0.0,0.0236708514417806,Abuja FCT
18,47087.21,56,11,66399.51000000001,6036.319090909092,0.0545624508373631,0.1769613962512675,0.0138410659958183,0.1276763939974858,0.0,0.0027290864044026,0.1830763510152409,0.3917729212158342,0.0493803342825873,Plateau
18,31328.79,82,7,123951.32,17707.331428571426,0.059136845013026,0.0,0.1670014486332214,0.210072873770122,0.0,0.185537596533865,0.0,0.0,0.3782512360497653,Imo
18,15354.28,10,8,107567.53,13445.94125,0.422120225313345,0.0,0.0,0.1891358851504724,0.0,0.1520411410394939,0.0429545979163043,0.0,0.1937481505803842,Anambra
31,1772.54,551,5,109262.84,21852.568,0.0803773725815657,0.0629031791595386,0.0455354263169436,0.0,0.0,0.8111840219419522,0.0,0.0,0.0,Kwara
36,20598.71,35,6,59573.99,9928.998333333331,0.7401827542523172,0.0899088679472367,0.0,0.0,0.0,0.0,0.0,0.0,0.1699083778004461,Oyo
29,39952.13,2,12,80297.87,6691.489166666666,0.0146033761543114,0.0,0.0073795232675536,0.0868056649572398,0.0,0.2560719232029442,0.1791224350035685,0.1899228460231883,0.2660942313911937,Kaduna
46,10208.12,119,6,49911.4,8318.566666666668,0.3808855291576674,0.0,0.0,0.1713261900086954,0.0,0.044245402853857,0.3826063785027069,0.0,0.0209364994770733,Delta
47,64074.14,14,9,47348.6,5260.955555555555,0.13948458877348,0.1355714846901492,0.0,0.4376294124852687,0.0,0.0195405988772635,0.0383983898151159,0.0,0.2293755253587223,Oyo
35,14852.06,12,8,52313.14,6539.1425,0.1529235293465465,0.1160746611654356,0.2191107243801461,0.0,0.0,0.1047228287195148,0.0,0.3449544416565322,0.0622138147318245,Ogun
52,40828.82,61,5,29159.15,5831.83,0.0904721159567408,0.6824629661701387,0.0825977437613922,0.0,0.0,0.1444671741117282,0.0,0.0,0.0,Enugu
41,96625.11,20,6,52727.02,8787.836666666668,0.2320005947614714,0.0,0.0,0.6085873997809851,0.0,0.0,0.0,0.0220268469562664,0.1373851585012769,Ogun
59,10290.95,85,8,37613.78,4701.7225,0.0,0.0,0.1488132806646925,0.1971059542539994,0.4641782878508887,0.0504272636251926,0.0,0.0147267836415271,0.1247484299636994,Abuja FCT
42,62199.72,153,5,66388.37,13277.674,0.0932642268517814,0.0,0.0,0.7103851171522965,0.0,0.0,0.0591510229879118,0.0,0.1371996330080102,Lagos
46,6970.73,54,7,44818.12,6402.588571428571,0.1096275345775324,0.7203564094165484,0.0,0.0,0.0,0.0767419516927528,0.0,0.0932741043131661,0.0,Oyo
18,234709.07,43,7,95543.48,13649.068571428574,0.0786258779772309,0.3028810547825974,0.1567946865657395,0.0,0.4105082837677673,0.0,0.0,0.0511900969066649,0.0,Rivers
56,16742.27,5,8,54464.97,6808.12125,0.366732966161553,0.0,0.1853420648170741,0.0,0.0,0.0297356264035397,0.0430654786002819,0.3751238640175511,0.0,Cross River
35,116552.69,327,4,24427.81,6106.952499999999,0.0532409577444723,0.2258114828959288,0.0,0.0,0.0,0.0,0.0,0.7209475593595988,0.0,Oyo
70,26832.43,178,7,93037.73,13291.104285714286,0.1701526896668695,0.0757474413874887,0.0144845537396494,0.1795959553183423,0.0,0.0,0.0,0.0,0.5600193598876498,Kwara
44,21479.37,245,6,78750.5,13125.083333333334,0.0,0.0,0.1179567113859594,0.0458096139072132,0.0,0.6983509945968597,0.041966590688313,0.0483180424251274,0.047598046996527,Abuja FCT
44,1571.7,15,4,27760.5,6940.125,0.0,0.0,0.1532231047711676,0.6836361016552296,0.0,0.0,0.0,0.0,0.1631407935736027,Oyo
27,57899.68,34,3,26777.64,8925.88,0.0,0.0,0.0,0.6300443205599896,0.0,0.2041819219318805,0.0,0.0,0.1657737575081299,Cross River
44,19818.93,28,10,46397.57,4639.757,0.0683764257481587,0.0955858248610864,0.0957179438492145,0.0,0.0,0.1405373169327617,0.0,0.0259270043668235,0.5738554842419549,Cross River
56,86153.01,22,6,132774.35,22129.05833333333,0.0,0.1310092649672169,0.0,0.1122488643326064,0.0,0.0,0.5859190423451518,0.0,0.1708228283550248,Kaduna
51,99788.31,198,5,42032.05,8406.41,0.1190496299847378,0.0920452369085019,0.0,0.0,0.0,0.0,0.2820055172184083,0.0,0.5068996158883518,Anambra
40,21780.19,107,3,34329.7,11443.233333333332,0.0,0.0147347631933864,0.0,0.9412928164242624,0.0,0.0439724203823511,0.0,0.0,0.0,Cross River
41,7368.59,28,1,2404.77,2404.77,0.0,0.0,0.0,0.0,0.0,0.0,0.0,1.0,0.0,Anambra
36,36685.97,134,6,59506.65,9917.775,0.0,0.2061756123055154,0.0,0.3524715304928105,0.0,0.1553532252277686,0.2859996319739054,0.0,0.0,Rivers
45,19669.7,76,4,52326.02,13081.505,0.0705740662102716,0.0,0.0402128807044755,0.0,0.0,0.1812144321314711,0.0,0.7079986209537817,0.0,Kaduna
39,92463.86,78,5,46312.76,9262.552,0.0,0.0,0.0,0.1786039095920864,0.2739342246067822,0.0,0.2937646126035244,0.2536972531976069,0.0,Oyo
18,35476.68,88,4,37778.21,9444.5525,0.1033309942424482,0.0,0.0,0.0859172522996722,0.0,0.2089376389193664,0.0,0.0,0.6018141145385131,Ogun
30,55881.26,57,4,62103.23,15525.8075,0.0,0.0,0.0,0.0,0.0,0.0,0.0,0.5469837881218095,0.4530162118781906,Rivers
35,9941.39,21,10,52327.68,5232.768,0.1704600700814559,0.2229403252733544,0.0713572625425014,0.0,0.2473793984369267,0.0946558303368313,0.0232790752427778,0.0,0.1699280380861524,Kaduna
47,5338.81,96,9,48180.45,5353.383333333333,0.0,0.2493884967865597,0.0178863003562648,0.248855292966338,0.0,0.1397527420354106,0.3150016241027222,0.0,0.0291155437527046,Anambra
39,26171.45,31,11,130809.57,11891.77909090909,0.029935653790468,0.0643166245405439,0.0,0.2941738131239174,0.0,0.0,0.4666838978218489,0.0813329636356116,0.0635570470876098,Kwara
40,8254.68,357,5,49231.19,9846.238,0.0175128815695903,0.0,0.0185297166288281,0.8331740508405342,0.0,0.0,0.0,0.0,0.1307833509610472,Anambra
29,99403.57,93,5,25021.33,5004.2660000000005,0.0,0.26047855969287,0.0,0.0,0.0,0.0632064722378866,0.0,0.6763149680692434,0.0,Cross River
38,29315.45,74,8,103728.56,12966.07,0.0,0.0,0.0,0.6935316560839175,0.0,0.3064683439160824,0.0,0.0,0.0,Imo
39,1352.55,152,4,31443.28,7860.82,0.0,0.0,0.0,0.4161731854946431,0.0,0.0,0.0,0.4719335896255098,0.1118932248798471,Kaduna
48,190377.07,11,8,181259.02,22657.3775,0.0497423521323242,0.0,0.4349214731493087,0.1108073959574536,0.0,0.0,0.1756115088782892,0.2289172698826243,0.0,Rivers
55,66960.15,317,5,44928.52,8985.704,0.5058085599080495,0.0,0.0,0.1822167745565623,0.0,0.0654334930240301,0.1809674567513018,0.0655737157600562,0.0,Abuja FCT
62,57622.95,25,6,36224.26,6037.376666666667,0.6433174894393978,0.0,0.1127614477148739,0.2347440637848778,0.0,0.0,0.0091769990608503,0.0,0.0,Anambra
30,16871.22,259,4,46585.1,11646.275,0.0,0.2238466805910044,0.0251762902730701,0.4533138278118969,0.0,0.0,0.0,0.2976632013240285,0.0,Abuja FCT
38,92786.0,369,6,41649.01,6941.501666666666,0.1873883676946943,0.3548739813983574,0.0,0.0,0.0,0.1291183151772395,0.0714374723432802,0.2571818633864286,0.0,Lagos
38,31652.94,109,3,19601.41,6533.803333333333,0.0,0.0,0.6020449549292628,0.0,0.0,0.2490479001255521,0.0,0.0,0.148907144945185,Kwara
51,131429.41,152,9,123804.63,13756.07,0.0,0.1821149176731112,0.0055606159478849,0.0768027819314996,0.0,0.665659111456494,0.0231809585796589,0.0372271214735668,0.0094544929377843,Rivers
45,1964.49,84,3,19417.26,6472.420000000001,0.0257899415262503,0.0,0.4337656291361397,0.0,0.0,0.5404444293376099,0.0,0.0,0.0,Cross River
28,18219.89,60,5,15753.42,3150.684,0.2818530833304767,0.0,0.141719067986507,0.5532950940176801,0.0,0.0,0.0,0.0231327546653361,0.0,Imo
32,72051.39,32,7,87805.98999999999,12543.712857142857,0.0436301669168584,0.159960043728224,0.2121703769868092,0.0,0.0,0.0,0.0301081964909227,0.0,0.5541312158771856,Enugu
31,76997.92,87,5,101438.53,20287.706,0.5256009723327024,0.039756293786986,0.0186384798754477,0.0,0.0,0.0355436933086471,0.0,0.3804605606962167,0.0,Delta
18,117047.5,495,2,9333.13,4666.5650000000005,0.0,0.0,0.344619650642389,0.0,0.0,0.0,0.0,0.0,0.6553803493576109,Cross River
34,163916.44,182,5,54066.28,10813.256,0.0,0.0501702724877687,0.0,0.0594296482021696,0.0,0.3054857852250978,0.0,0.5849142940849639,0.0,Kwara
48,105506.3,62,14,168771.08000000002,12055.077142857144,0.0133132998852647,0.0669016871847949,0.070673423432498,0.0,0.0,0.4937623791943501,0.3553492103030922,0.0,0.0,Kwara
43,14326.88,14,5,25973.84,5194.767999999999,0.0,0.0,0.1247177929793977,0.5566238954270911,0.0,0.1879464106963005,0.0,0.0596896723780542,0.0710222285191561,Enugu
31,18219.48,108,5,42646.73,8529.346,0.0,0.084011833967106,0.1726453587414556,0.0,0.0,0.027436804650673,0.6924148697918926,0.0,0.0234911328488725,Delta
42,13526.24,71,7,44474.975,6353.567857142857,0.0,0.1138830319747228,0.0297850645222397,0.0,0.0,0.0707699104946096,0.1131470000826307,0.5579312860771702,0.1144837068486266,Imo
59,29834.55,283,7,85150.43,12164.34714285714,0.0,0.034962477582321,0.0,0.6030600197791133,0.0,0.0,0.0,0.1187837806573613,0.2431937219812043,Kwara
37,89081.85,389,2,20427.03,10213.515,0.5270501879127802,0.0,0.0,0.4729498120872197,0.0,0.0,0.0,0.0,0.0,Anambra
37,30432.96,367,4,30835.37,7708.8425,0.0,0.0,0.0984953318218656,0.0,0.0,0.1236161589758773,0.777888509202257,0.0,0.0,Imo
18,58553.14,19,4,21376.42,5344.105,0.0,0.0,0.0,0.0,0.0,0.0,0.0,0.8547446204743356,0.1452553795256642,Ogun
32,86959.72,3,6,22555.98,3759.33,0.0089222458966535,0.1148280855010511,0.2625392467984099,0.057845413943442,0.0,0.4983175193452024,0.0575474885152407,0.0,0.0,Plateau
22,25305.76,195,4,67832.81,16958.2025,0.0433150270495944,0.0,0.0,0.0,0.0,0.1438302496977495,0.0,0.8128547232526561,0.0,Delta
44,177322.52,60,7,48411.08,6915.868571428572,0.8187109232018785,0.0319637570572687,0.0,0.0,0.0,0.0,0.0786563737061846,0.070668946034668,0.0,Rivers
39,20872.27,37,7,151734.97,21676.424285714285,0.5641083265116801,0.0,0.0162173558277304,0.0,0.0,0.0266365096984564,0.0,0.3437429750043776,0.0492948329577552,Cross River
18,51727.9,160,4,15470.7,3867.675,0.0,0.0,0.0,0.0,0.0,0.0,0.347925433238315,0.3900405282243208,0.2620340385373642,Kwara
45,40076.23,139,2,11037.15,5518.575,0.0,0.0,0.0,0.5455022356314809,0.0,0.0,0.454497764368519,0.0,0.0,Cross River
46,28058.35,28,7,18380.98,2625.8542857142857,0.0,0.0893695548333114,0.0,0.1550635493863765,0.0,0.0124073906831953,0.0896209016058991,0.0404690065491611,0.6130695969420564,Plateau
53,100533.31,27,3,11181.44,3727.146666666667,0.0720211350237536,0.0,0.0,0.836358286589205,0.0,0.0,0.0,0.0,0.0916205783870413,Edo
64,8107.21,175,6,149857.72999999998,24976.28833333333,0.1957005487805,0.0,0.0712387008664818,0.0,0.0,0.0298641251272123,0.0,0.0,0.7031966252258057,Ogun
24,34313.82,497,1,1883.88,1883.88,0.0,0.0,0.0,0.0,0.0,1.0,0.0,0.0,0.0,Kano
39,22374.96,13,6,83192.07,13865.345,0.0,0.0,0.5280461226652973,0.0,0.0,0.0393753875820135,0.0,0.2695705251714496,0.1630079645812395,Ogun
44,6620.76,389,9,75986.79,8442.976666666666,0.3325534609370918,0.0,0.0836000573257536,0.1248623609445799,0.0,0.3237364020772558,0.0274218716174219,0.0,0.1078258470978969,Imo
37,37679.72,41,8,29429.97,3678.74625,0.0395216169095653,0.5426808114313402,0.0,0.1988534137139793,0.0,0.0747982413845477,0.0451498931191571,0.0,0.0989960234414102,Enugu
40,38406.29,347,6,69454.87,11575.811666666666,0.3694240591048547,0.0,0.1358771530347692,0.0,0.0,0.0,0.0,0.4946987878603761,0.0,Delta
31,29607.27,191,4,39833.69,9958.4225,0.080474844283821,0.0,0.060629080559697,0.0,0.0,0.0,0.0,0.0198148853395203,0.8390811898169614,Lagos
37,5586.83,25,9,52270.69,5807.854444444445,0.0196813931478616,0.1246235701116629,0.2850077165616141,0.0,0.0186483094062848,0.0476756668029444,0.2752611453952492,0.2291021985743827,0.0,Abuja FCT
35,100089.01,179,5,26204.01,5240.802000000001,0.6414609824984802,0.0,0.0,0.2174068014780944,0.0,0.0,0.0,0.1411322160234254,0.0,Plateau
38,61077.17,74,5,46931.060000000005,9386.212,0.0,0.8607263505235127,0.0,0.0852190425701017,0.0,0.0325765069018257,0.0,0.0214781000045598,0.0,Oyo
31,21008.24,69,8,54587.88,6823.485,0.2288867052539867,0.0300716935700745,0.1437951061664237,0.0,0.0,0.0,0.055813305077977,0.0250918335718478,0.51634135635969,Ogun
24,10002.03,353,5,85595.06999999999,17119.014,0.0277308027202968,0.4966455427865179,0.0,0.0746283635260769,0.0,0.0,0.0,0.0,0.4009952909671082,Anambra
34,9204.41,5,8,92713.71,11589.21375,0.1056217036293769,0.0078813586469573,0.0070892427883643,0.0043201809095979,0.0,0.0,0.0,0.7345100309328577,0.1405774830928457,Lagos
30,31807.36,7,2,5175.47,2587.735,0.0,0.0,0.0,0.9442369485283462,0.0,0.0,0.0,0.0,0.0557630514716537,Kano
45,28506.14,134,4,22052.45,5513.112499999999,0.0,0.71088382469975,0.0428029538668039,0.0,0.0,0.0,0.0078585372600323,0.0,0.2384546841734138,Kaduna
57,12084.78,94,8,154549.29,19318.66125,0.0501618609829912,0.059025505714067,0.0,0.1435349848582287,0.0,0.6538789016759637,0.0515114627831677,0.0418872839855815,0.0,Rivers
27,23606.4,36,8,70689.87,8836.23375,0.0717999622859682,0.0,0.2556939205009148,0.0186613725559263,0.0,0.0,0.261950121000364,0.0477801133316555,0.3441145103251711,Delta
52,5339.84,53,4,9988.74,2497.185,0.2834711885583166,0.0,0.2539159093138874,0.4166101029759509,0.0,0.0,0.0460027991518449,0.0,0.0,Plateau
18,72690.3,346,6,16201.07,2700.1783333333333,0.0,0.0,0.0,0.1937260934000038,0.0,0.4554841130863579,0.2800777973306702,0.0707119961829681,0.0,Imo
23,515475.13,23,13,68908.27,5300.636153846154,0.4447560503260348,0.1703981249275304,0.0319597342960431,0.2537424027623969,0.0076582970374963,0.0291789359970871,0.021493936794524,0.0,0.0408125178588868,Kaduna
28,26116.81,193,7,80903.13,11557.59,0.6906317468804977,0.0711772214498994,0.0336278707634673,0.0208702679364815,0.0,0.0472525599442197,0.1364403330254342,0.0,0.0,Kano
56,56178.57,12,7,609056.1641500111,87008.0234500016,0.05320875463961,0.0,0.0,0.0,0.0,0.1131970154118975,0.7736416637496771,0.0276223458364938,0.0323302203623213,Enugu
35,12639.94,12,7,97657.14,13951.02,0.0,0.0,0.0957569513094485,0.10910856082822,0.0,0.1714607861749791,0.5946725451922922,0.0290011564950601,0.0,Lagos
50,8736.07,63,9,58416.35,6490.705555555555,0.004665132278891,0.0522271590059974,0.2240470347770786,0.0,0.0,0.279521572299536,0.2944802268542967,0.1450588747842,0.0,Anambra
46,34840.79,130,3,10544.67,3514.89,0.0,0.0,0.0,0.9222232654032796,0.0,0.028604972938935,0.0491717616577854,0.0,0.0,Delta
59,12835.15,24,6,142885.45,23814.24166666667,0.0,0.0,0.1175519970717802,0.0,0.0,0.0,0.0175210282082605,0.7362410938272581,0.1286858808927011,Ogun
53,20827.05,157,13,638642.3241500111,49126.332626923926,0.004486235709187,0.151161904479923,0.00577290270404,0.0079309024918465,0.0,0.055419424397069,0.0,0.7454019349306272,0.0298266952873071,Enugu
50,9727.52,22,5,499016.3141500111,99803.26283000222,0.9421846356884296,0.0075969059377493,0.0,0.0310933722205636,0.0,0.0061549490726202,0.0,0.0129701370806372,0.0,Oyo
42,189151.22,115,7,148281.04,21183.005714285715,0.0769993925049352,0.2273910406886814,0.0,0.0,0.0,0.0067976323877954,0.0,0.1247680081013729,0.5640439263172149,Imo
37,19526.22,107,11,63403.41,5763.946363636364,0.0,0.1304207455087983,0.1058596059738742,0.4952511229285617,0.1051585395801266,0.0078274969753204,0.0,0.0,0.1554824890333185,Unknown
39,42896.61,116,4,27541.05,6885.2625,0.5689096820927307,0.1008483699786318,0.0,0.0,0.0,0.0,0.0,0.1963839432410892,0.1338580046875482,Delta
36,5146.79,315,4,32809.58,8202.395,0.0,0.0,0.3467313510261332,0.0545508354572048,0.0,0.5987178135166619,0.0,0.0,0.0,Kano
44,117800.59,15,7,84447.99,12063.998571428572,0.1622818968219373,0.0,0.0,0.0549704024927058,0.0,0.5319127192962201,0.1103058817622539,0.1405290996268827,0.0,Kano
37,2265.37,77,5,23058.65,4611.7300000000005,0.2772261168802163,0.0,0.104454076886548,0.6183198062332357,0.0,0.0,0.0,0.0,0.0,Oyo
18,71803.08,31,6,485886.3741500111,80981.06235833518,0.0,0.0,0.0008667252724193,0.0,0.0,0.0,0.9900717117074151,0.0081576274019494,0.0009039356182159,Rivers
30,19899.61,161,7,177580.94999999998,25368.70714285714,0.0,0.0201670280511507,0.0,0.0786542137543469,0.0807995452214891,0.0283261239451641,0.7920530890278491,0.0,0.0,Edo
40,2267.05,236,5,61775.83,12355.166,0.5462204231007499,0.1909801940338154,0.098151493877136,0.1106869790337094,0.0,0.053960909954589,0.0,0.0,0.0,Ogun
22,30786.68,414,2,5955.27,2977.635,0.9489947559052738,0.0,0.0,0.0,0.0,0.0,0.0,0.0510052440947261,0.0,Anambra
20,26654.67,83,3,11861.16,3953.72,0.0,0.0,0.1291804511531755,0.3266560774831467,0.0,0.0,0.0,0.0,0.5441634713636777,Edo
27,14340.27,37,5,40501.04,8100.208,0.0,0.3207236159861574,0.0,0.2830811258180036,0.0,0.056711630121103,0.3394836280747358,0.0,0.0,Plateau
19,4378.5,149,6,40558.76,6759.793333333334,0.5044560040790201,0.0,0.1119188555074168,0.3836251404135629,0.0,0.0,0.0,0.0,0.0,Cross River
41,3706.7,46,3,12127.56,4042.52,0.0,0.0,0.0,0.4567415044741069,0.0,0.0,0.0546474311403118,0.4886110643855813,0.0,Delta
36,85532.5,17,5,20905.12,4181.023999999999,0.0,0.0,0.1669064803263506,0.0,0.0772954185386163,0.1590404647282579,0.0,0.5967576364067749,0.0,Abuja FCT
25,23451.42,131,5,58108.17,11621.634,0.1548381234514871,0.0,0.0,0.0,0.0,0.6248419112148945,0.0,0.0621430686941268,0.1581768966394915,Kwara
29,71171.23,54,5,32139.09,6427.818,0.460445208622895,0.0,0.0595446230742687,0.4330769788441428,0.0,0.0469331894586934,0.0,0.0,0.0,Kano
19,44195.67,149,5,18587.705,3717.541,0.0,0.2724889920514663,0.0365903160180345,0.0,0.0,0.3572797179641059,0.0,0.0,0.3336409739663934,Kwara
59,110282.31,91,5,162049.93000000002,32409.986000000004,0.0,0.0968407700021839,0.3174316705968339,0.0086997877752862,0.0,0.4970092859651344,0.0800184856605615,0.0,0.0,Delta
50,7784.75,13,7,100174.41,14310.63,0.3574685391209191,0.0220127076366109,0.0,0.4979398431196151,0.0,0.0,0.1225789101228547,0.0,0.0,Lagos
40,23918.63,297,4,16511.309999999998,4127.827499999999,0.0764076260454197,0.3238707286096621,0.0,0.2960891655477367,0.0,0.3036324797971815,0.0,0.0,0.0,Delta
27,41577.75,47,6,23264.42,3877.403333333333,0.0,0.0110916154367914,0.279586166343283,0.2974267142701172,0.0,0.0,0.0,0.2581495691704327,0.1537459347793755,Kwara
55,42457.08,259,5,98946.59,19789.318,0.5333446054078266,0.0,0.0364521910254815,0.3823507207272125,0.0,0.0478524828394793,0.0,0.0,0.0,Kano
45,159616.37,61,7,120307.11,17186.73,0.1204850652633913,0.0,0.0,0.5621318640269889,0.0,0.0,0.0,0.2162035144888777,0.101179556220742,Lagos
44,147241.18,7,8,92942.85,11617.85625,0.0943137637806458,0.1182207130510846,0.1614047772367643,0.0,0.0,0.6043832312006786,0.0216775147308265,0.0,0.0,Delta
28,7597.09,56,4,31326.39,7831.5975,0.0650710152047523,0.0,0.0,0.1767656598797372,0.0,0.7581633249155105,0.0,0.0,0.0,Abuja FCT
60,24302.44,35,8,91816.4,11477.05,0.0,0.0157442461259644,0.5602748528585307,0.0,0.0,0.0,0.2164448834848676,0.0075386314427487,0.1999973860878884,Ogun
62,55973.0,44,9,106740.53,11860.058888888889,0.3706570503256822,0.2591427080229037,0.0457801736603706,0.0660468895929222,0.0,0.0145306567243014,0.1865639977616749,0.0572785239121447,0.0,Plateau
26,13634.71,96,6,84375.28,14062.546666666669,0.0208838418076953,0.1297996285167883,0.0,0.098349066219395,0.0,0.0818156692339272,0.0,0.6691517942221941,0.0,Imo
48,38469.08,28,10,151119.62,15111.962,0.0,0.0,0.128757470406556,0.0995132200570647,0.2952171266709114,0.4593824415386963,0.0,0.0047405492417199,0.0123891920850515,Plateau
40,140383.92,27,5,62343.36,12468.672,0.0,0.0,0.0,0.1940424770176006,0.0393321758724585,0.0,0.1285455259389292,0.6380798211710117,0.0,Oyo
71,8406.42,115,7,102386.77,14626.68142857143,0.046133987818934,0.0,0.0,0.5352725747672282,0.0,0.1244323851606999,0.2893193134230135,0.0048417388301242,0.0,Abuja FCT
41,30886.49,115,6,141814.99,23635.831666666665,0.0,0.148405397765074,0.0,0.0,0.0,0.701169178237082,0.0,0.1504254239978439,0.0,Ogun
29,34250.84,226,4,5435.92,1358.98,0.5488896083827577,0.0,0.0,0.0,0.0,0.0,0.2562841248583496,0.1948262667588927,0.0,Kano
39,30080.07,313,2,68274.62,34137.31,0.0,0.0,0.2390857686209019,0.0,0.0,0.0,0.7609142313790981,0.0,0.0,Kaduna
35,57376.09,60,5,138499.16,27699.832,0.0,0.1279968051791794,0.2411474553347471,0.0,0.0,0.0,0.4006539101031371,0.0,0.2302018293829363,Delta
50,42521.79,2,7,23664.54,3380.648571428572,0.5454414072701181,0.0,0.0,0.0361562067126595,0.0,0.0327777341118821,0.2675040376867668,0.0968579993526178,0.0212626148659555,Kano
40,26897.09,71,5,69732.98,13946.596,0.0560493757759957,0.0,0.0,0.0,0.0,0.1742225844930189,0.7173456519425958,0.0230913693922158,0.0292910183961735,Ogun
27,19772.31,3,6,99569.78,16594.963333333333,0.1268983420471552,0.0,0.1396965022921613,0.2666872418518952,0.0,0.0,0.0427895893713936,0.0,0.4239283244373945,Kano
23,165736.23,133,15,209027.28,13935.152,0.0626627299556306,0.0406600994855791,0.1022812907482697,0.588286514564032,0.0,0.0060283040567719,0.011412816547199,0.0139398072825709,0.1747284373599465,Oyo
55,35702.69,134,4,44502.27,11125.5675,0.1120940572244966,0.0478690188163435,0.0,0.0,0.0,0.7847700802678156,0.0,0.0552668436913442,0.0,Kano
64,42727.7,68,9,89535.03,9948.336666666666,0.1759494579942621,0.0460009897802011,0.2875829717150929,0.0,0.0,0.0,0.0,0.4904665805104437,0.0,Rivers
27,9800.41,271,6,80233.11,13372.185,0.0082644185174923,0.3619322496660044,0.0,0.0153020367775847,0.0,0.6145012950389185,0.0,0.0,0.0,Kano
37,36236.485,53,7,112920.56,16131.50857142857,0.0,0.3918608798964511,0.3035913034791892,0.1985253172672895,0.0,0.1060224993570701,0.0,0.0,0.0,Unknown
26,12573.92,533,3,12014.62,4004.873333333333,0.5966464191127143,0.0,0.0,0.0,0.0,0.1036162608555243,0.0,0.0,0.2997373200317613,Oyo
46,82644.27,361,1,6895.68,6895.68,0.0,1.0,0.0,0.0,0.0,0.0,0.0,0.0,0.0,Ogun
25,78082.82,222,5,40642.5,8128.5,0.0,0.0,0.0,0.0,0.4154968321338501,0.0,0.0328269668450513,0.4041050624346435,0.147571138586455,Lagos
57,92525.9,32,9,53045.6,5893.955555555555,0.024581115116051,0.0,0.0533329814348409,0.2181223324837498,0.0,0.0226452335349208,0.3370149456316829,0.0144588806611669,0.3298445111375872,Abuja FCT
52,9914.42,81,7,18526.91,2646.701428571429,0.0,0.0238172474524893,0.2274669656191993,0.0990024780171113,0.5599789711290226,0.0,0.0,0.0,0.0897343377821773,Edo
64,198211.01,168,6,122124.44,20354.073333333334,0.1202191797153788,0.0,0.8314668218744748,0.0483139984101462,0.0,0.0,0.0,0.0,0.0,Kwara
36,80812.62,66,5,41201.0,8240.2,0.0286784301351908,0.0,0.0,0.7540025727530885,0.0,0.0,0.1384017378218975,0.0,0.078917259289823,Enugu
38,55535.8,21,4,12259.8,3064.95,0.373681462992871,0.0820576192107538,0.0,0.0,0.4192417494575768,0.1250191683387983,0.0,0.0,0.0,Cross River
36,46001.01,348,1,5091.66,5091.66,0.0,0.0,0.0,0.0,0.0,0.0,0.0,0.0,1.0,Enugu
39,15007.47,51,6,119794.47,19965.745,0.1865114474816742,0.0,0.0,0.7248183492944207,0.0343242054495503,0.0543459977743547,0.0,0.0,0.0,Kano
60,10732.98,170,3,81010.64,27003.546666666665,0.0,0.0,0.0,0.1434528847074902,0.0,0.0,0.3005689129230431,0.0,0.5559782023694666,Lagos
23,46854.99,20,7,34356.3,4908.042857142857,0.182102554698847,0.1571737934527291,0.0,0.0,0.0,0.4225213425194215,0.0,0.093719638028542,0.1444826713004601,Enugu
26,31596.9,135,12,201715.21,16809.600833333334,0.3218546087823521,0.0463457366452435,0.046936916655913,0.0,0.0,0.2174425518036047,0.1108718078324386,0.1796665209331512,0.0768818573472967,Plateau
25,17061.75,297,5,52552.27,10510.454000000002,0.0283801251591986,0.0,0.0617598440562129,0.7143860769477702,0.0,0.0,0.0,0.195473953836818,0.0,Ogun
25,7854.32,145,5,14795.87,2959.174,0.0,0.0,0.2387537873744497,0.1671858430764801,0.0,0.0,0.0,0.0582865353642604,0.5357738341848097,Edo
37,11854.46,186,6,32799.92,5466.653333333333,0.0664263815277598,0.1995916453454764,0.3076080673367496,0.0,0.1196713284666548,0.0,0.3067025773233593,0.0,0.0,Enugu
32,26636.48,118,6,39430.4,6571.733333333334,0.0,0.6073306382892387,0.0451298997727641,0.2504407766596331,0.0,0.0,0.0,0.0970986852783638,0.0,Kaduna
40,17532.64,32,4,11124.12,2781.03,0.4498243456561058,0.0,0.0622341362732512,0.2135279015328853,0.0,0.0,0.0,0.0,0.2744136165377576,Enugu
42,23775.47,187,5,65245.17999999999,13049.035999999998,0.054204617107348,0.0,0.6177700789544913,0.0,0.0,0.0609950037688607,0.0,0.2670303001692998,0.0,Kwara
26,193148.06,34,3,4618.17,1539.39,0.0,0.0,0.0,0.8177221713362651,0.0,0.1822778286637347,0.0,0.0,0.0,Kaduna
25,60374.0,22,9,106622.88,11846.986666666668,0.0743078783840766,0.0814516546542355,0.1606052096885771,0.0,0.0,0.0,0.0,0.3395049917991335,0.344130265473977,Kwara
40,7098.39,69,7,94184.02,13454.86,0.5283816723898598,0.0316744815097083,0.0443340600666652,0.3469741469943627,0.0,0.0486356390394039,0.0,0.0,0.0,Enugu
37,138810.9,10,6,45413.53,7568.921666666666,0.0,0.1807331427440236,0.2311194483229998,0.0,0.0,0.1633400882952723,0.3635852575212717,0.0612220631164324,0.0,Cross River
42,2340.01,367,4,25630.31,6407.577499999999,0.0,0.0,0.2367743503687626,0.0,0.0,0.0,0.0921151558447791,0.0913449739780751,0.5797655198083832,Kwara
49,257777.8,9,5,43109.19,8621.838,0.2387219523261745,0.0,0.0681840693364918,0.0427094547589504,0.0,0.0,0.0,0.6503845235783832,0.0,Abuja FCT
53,12565.76,93,9,130113.14,14457.015555555558,0.0,0.0342304397542016,0.0,0.0,0.0290996743295873,0.0161899866531543,0.8695240926473683,0.0,0.0509558066156884,Kano
18,77078.49,74,5,30870.73,6174.146,0.3421661878420109,0.0,0.3212635399292469,0.0,0.0,0.1537984362533701,0.1827718359753721,0.0,0.0,Oyo
47,14110.31,49,6,90367.39,15061.231666666668,0.005987115484911,0.0,0.0,0.0,0.0,0.6755768867508511,0.0796733202098677,0.0,0.23876267755437,Enugu
43,563712.4,10,4,272083.09,68020.7725,0.0015971959154095,0.1596079344732522,0.804748689086117,0.0,0.0,0.0,0.0,0.0340461805252211,0.0,Kwara
48,19623.81,92,7,50805.83,7257.975714285714,0.3131514631293298,0.0,0.4586162651018594,0.0996934800592766,0.0,0.0,0.0,0.0756726147373244,0.0528661769722096,Edo
52,44504.45,190,5,53639.92,10727.984,0.0,0.0,0.4037746514163332,0.0,0.0,0.0701930577077669,0.4654783228610334,0.0605539680148665,0.0,Plateau
37,20337.61,168,2,154026.15,77013.075,0.0,0.0012808214708995,0.0,0.9987191785291004,0.0,0.0,0.0,0.0,0.0,Rivers
30,98860.04,552,2,24081.27,12040.635,0.0,0.0,0.9033917231109488,0.0,0.0,0.0,0.0,0.0,0.0966082768890511,Cross River
46,36883.49,46,7,60949.87,8707.124285714286,0.0,0.1119303453805561,0.2638604479386092,0.0,0.0,0.1602456248060906,0.0368694797872415,0.0,0.4270941020875024,Kaduna
32,15809.96,22,7,24296.85,3470.978571428572,0.2410221901192953,0.0,0.0365430086616166,0.2182142952687282,0.0,0.0,0.2534102157275532,0.0509926183846877,0.1998176718381189,Abuja FCT
27,39610.93,265,8,32914.96,4114.37,0.1201168101070151,0.0,0.1069197714352379,0.2252899593376385,0.0,0.1276738601535593,0.0454486349064376,0.2880440990965809,0.0865068649635302,Anambra
27,45413.27,10,4,101694.14,25423.535,0.0,0.7906614874760729,0.0,0.0,0.0,0.0,0.0,0.2093385125239271,0.0,Abuja FCT
35,37405.55,154,1,8076.11,8076.11,0.0,0.0,1.0,0.0,0.0,0.0,0.0,0.0,0.0,Cross River
47,46024.82,15,9,53198.35,5910.927777777778,0.0911501954477911,0.1670762345072732,0.0,0.3266200925404641,0.0,0.0176202833358553,0.3975331941686161,0.0,0.0,Abuja FCT
32,11071.98,518,1,12506.3,12506.3,0.0,1.0,0.0,0.0,0.0,0.0,0.0,0.0,0.0,Enugu
35,85566.03,53,4,31445.82,7861.455,0.0,0.0,0.1532804678014439,0.5790375318563803,0.0,0.2676820003421758,0.0,0.0,0.0,Ogun
46,3397.84,101,4,42060.32,10515.08,0.0,0.0,0.0210286084366452,0.0,0.0,0.0,0.5122060412284072,0.0542285460500538,0.4125368042848937,Anambra
39,17179.23,172,4,28763.79,7190.9475,0.0,0.4367126168004981,0.0402836343889313,0.2110751051930222,0.0,0.3119286436175483,0.0,0.0,0.0,Delta
40,38717.0,94,10,99856.83,9985.683,0.3870213985362843,0.0,0.0728620165490933,0.4512487528394402,0.0,0.0,0.0083477514757878,0.048549308044327,0.031970772555067,Rivers
58,73803.3,46,6,36003.75,6000.625,0.2583783633649272,0.4694155469916328,0.0,0.1034403360761031,0.0,0.0,0.1687657535673367,0.0,0.0,Cross River
35,65796.16,138,1,2211.68,2211.68,0.0,1.0,0.0,0.0,0.0,0.0,0.0,0.0,0.0,Oyo
55,2693.67,141,1,55963.37,55963.37,0.0,0.0,0.0,1.0,0.0,0.0,0.0,0.0,0.0,Kwara
32,59440.07,113,7,87908.35,12558.335714285717,0.7932917635241703,0.0426136993812305,0.0,0.0,0.0,0.0433569734843163,0.0,0.0,0.1207375636102827,Enugu
36,92186.62,4,7,28358.41,4051.201428571429,0.0,0.1138642822358517,0.055575400736501,0.0,0.0305884568281508,0.0,0.0650872175132526,0.4271269087371259,0.3077577339491177,Enugu
43,55882.78,143,4,142619.09,35654.7725,0.0,0.0,0.0,0.00199475399822,0.0,0.0847547828274602,0.0,0.9132504631743198,0.0,Rivers
38,17825.22,134,8,45118.77,5639.84625,0.0132191103613861,0.0,0.3839719034893903,0.0168892015451662,0.0,0.0,0.1559973820208308,0.2756939074358632,0.1542284951473633,Cross River
36,36948.03,174,4,22045.0,5511.25,0.111667498298934,0.0,0.0,0.0843211612610569,0.0,0.8040113404400091,0.0,0.0,0.0,Edo
51,15369.81,548,3,7196.56,2398.853333333333,0.0,0.9545213268561646,0.0,0.0,0.0,0.0,0.0,0.0,0.0454786731438353,Kwara
52,16755.9,46,7,148787.56,21255.36571428572,0.8000616449385957,0.0,0.0347529726275503,0.0407419813860782,0.0,0.0487089108793772,0.0,0.0676812631378591,0.0080532270305393,Edo
33,16296.28,201,3,24853.995000000003,8284.665,0.0,0.2037879624583492,0.0,0.0,0.0,0.0,0.0,0.6864506088457811,0.1097614286958696,Enugu
37,77007.41,10,7,46837.05,6691.007142857144,0.0696111305045898,0.0,0.0,0.1042821868584806,0.0,0.7445293843228812,0.0,0.0815772983140483,0.0,Abuja FCT
41,3676.41,45,4,47772.48,11943.12,0.0,0.1398556239910509,0.1485554026083636,0.0,0.0,0.0,0.3269260879904079,0.0,0.3846628854101775,Delta
52,3260.45,148,2,34906.37,17453.185,0.0,0.0,0.0,0.7681451838160198,0.0,0.2318548161839801,0.0,0.0,0.0,Rivers
30,54145.34,48,8,23084.88,2885.61,0.4926484348196741,0.0043318397149996,0.0,0.3132535235184241,0.0,0.0,0.0,0.0,0.189766201946902,Rivers
46,349145.85,27,10,198573.22,19857.322,0.3243994834751635,0.0174235982072507,0.150197292464714,0.0,0.0,0.0191691508049272,0.011982129312301,0.028078257481044,0.4487500882545995,Rivers
33,5128.98,70,4,52120.81999999999,13030.204999999998,0.7122858005687555,0.0,0.0,0.0,0.0,0.2485417535641227,0.0391724458671218,0.0,0.0,Oyo
69,86082.78,58,7,63108.34,9015.477142857142,0.2906256130330792,0.0,0.0,0.3860001705004442,0.0,0.0,0.0,0.1254415818891766,0.1979326345772999,Rivers
33,45847.09,94,5,31567.98,6313.596,0.0,0.8152238439076559,0.0,0.0,0.0,0.0,0.1229489501703941,0.0244998254560475,0.0373273804659024,Abuja FCT
51,131326.04,125,4,26193.52,6548.38,0.1114844434806776,0.0,0.0,0.0,0.0,0.8633070316627929,0.0,0.0,0.0252085248565294,Cross River
53,33120.58,52,6,15135.55,2522.5916666666667,0.0,0.0,0.0,0.0327064427787559,0.0,0.1533515465245729,0.3019995969753329,0.5119424137213382,0.0,Cross River
41,11188.56,30,6,17880.559999999998,2980.093333333333,0.0,0.0867534350154581,0.0559384046137257,0.5407861946158286,0.0,0.0599175864738017,0.1350416318057152,0.1215627474754705,0.0,Edo
29,31787.14,507,2,5134.16,2567.08,0.0,0.37129734951774,0.62870265048226,0.0,0.0,0.0,0.0,0.0,0.0,Kwara
62,9459.88,57,6,37366.55,6227.758333333334,0.2461099566323356,0.0752159351077367,0.0939808465057651,0.0,0.0,0.0,0.5668626084024347,0.0178306533517276,0.0,Oyo
40,35950.54,60,8,104592.96,13074.12,0.2324043606759002,0.0,0.0777384061030493,0.0774385771279443,0.0,0.1137745790921301,0.0,0.0272984912177645,0.4713455857832114,Plateau
43,85143.85,171,5,47074.39,9414.878,0.0,0.048574394697414,0.8047651812376114,0.0,0.0,0.0314300408353671,0.1152303832296074,0.0,0.0,Delta
70,22096.95,57,5,66169.24,13233.848000000002,0.0211950447065736,0.7948543764444023,0.1802249806707769,0.0,0.0,0.0,0.0,0.0037255981782471,0.0,Edo
24,14177.27,115,5,20961.88,4192.376,0.0,0.0,0.0,0.0297959915809078,0.0,0.0,0.6585306279780248,0.1813129356718003,0.1303604447692668,Enugu
42,132878.37,318,3,4243.17,1414.39,0.0,0.0,0.0,0.2107457396239132,0.0,0.0,0.45289017409154,0.0,0.3363640862845466,Rivers
38,113649.54,92,4,9865.46,2466.365,0.0,0.0,0.2038637833410707,0.0802669110208748,0.0,0.7158693056380545,0.0,0.0,0.0,Plateau
30,267916.65,31,5,18833.03,3766.606,0.0,0.0,0.1640575095988271,0.0,0.0,0.3202060422566098,0.0,0.0,0.5157364481445631,Plateau
38,139398.04,137,7,144610.27,20658.61,0.3168218965361173,0.0,0.3827562177983624,0.0350252440577007,0.0,0.0,0.1875373719999278,0.0778592696078916,0.0,Rivers
35,11584.14,112,6,46004.945,7667.490833333333,0.0,0.5679403594548369,0.106187280519518,0.0,0.0,0.325872360025645,0.0,0.0,0.0,Ogun
18,6795.68,240,10,106481.0,10648.1,0.0539372282379016,0.3707378781191011,0.2927147566232473,0.0235626074135291,0.0,0.1156415698575332,0.0,0.0,0.1434059597486875,Oyo
22,13567.37,83,8,65158.69,8144.83625,0.0277438051624426,0.0,0.0,0.4181951785709626,0.0,0.1929001335048326,0.2117310829913861,0.0,0.149429799770376,Lagos
22,212230.44,255,1,14175.53,14175.53,0.0,0.0,0.0,0.0,0.0,0.0,1.0,0.0,0.0,Rivers
51,755871.03,14,10,92319.74,9231.973999999998,0.1860151469230741,0.0,0.0403458675251901,0.0254450456641234,0.0,0.0,0.0548964934259996,0.3544796594964414,0.3388177869651713,Lagos
33,10597.39,4,6,34626.41,5771.068333333333,0.4587047863177267,0.0,0.0453226309051385,0.0,0.0,0.233722467908166,0.146544212928802,0.1157059019401664,0.0,Delta
40,34589.29,10,9,177634.69,19737.187777777777,0.004273489598231,0.6900447204315778,0.0,0.0232199014730737,0.0,0.0528423811812884,0.2296195073158289,0.0,0.0,Kano
18,54362.02,93,6,66231.65,11038.608333333332,0.0,0.0,0.0,0.4638341336808007,0.0,0.4189711414406858,0.0,0.1171947248785135,0.0,Ogun
56,45080.73,8,5,24839.58,4967.915999999999,0.0,0.0280632764322102,0.3643861933253299,0.0,0.0,0.3050466231715673,0.0,0.0,0.3025039070708925,Kaduna
51,37176.9,32,4,18463.99,4615.9975,0.0,0.0,0.180718793716851,0.0,0.0,0.529527474830738,0.2897537314524108,0.0,0.0,Cross River
46,29449.92,32,6,125441.18,20906.86333333333,0.5111351790536409,0.2912744443252208,0.0,0.0799001571892101,0.0,0.0,0.0,0.1176902194319281,0.0,Rivers
44,19320.65,59,7,31586.11,4512.301428571429,0.2382553597134943,0.6363417337557552,0.0,0.0,0.0,0.0,0.0,0.0,0.1254029065307503,Anambra
30,6537.66,58,2,11105.42,5552.71,0.5832638477428139,0.0,0.0,0.0,0.0,0.4167361522571861,0.0,0.0,0.0,Kaduna
44,188411.08,29,4,52975.99,13243.9975,0.3065243330044422,0.0228620550555072,0.0,0.6190425134103205,0.0,0.0,0.0,0.0,0.0515710985297301,Imo
38,37973.77,10,4,10744.41,2686.1025,0.0,0.0,0.0,0.0,0.0,0.3756930347966989,0.3796187971233413,0.0463552675298131,0.1983329005501465,Plateau
30,90651.56,547,4,49504.28999999999,12376.072499999998,0.0,0.0,0.0,0.0,0.0,0.0,0.1062075630213058,0.8817258059857034,0.0120666309929907,Kano
32,44545.1,173,8,154542.53,19317.81625,0.0,0.0615645414889998,0.0048750981364159,0.0,0.0,0.061474792731813,0.0273242582478751,0.8364503285923945,0.0083109808025014,Plateau
47,34329.81,314,3,49787.57,16595.856666666667,0.0,0.9019496231689956,0.0,0.0,0.0,0.0980503768310041,0.0,0.0,0.0,Edo
47,31113.32,110,6,81772.38999999998,13628.731666666665,0.0181503805868949,0.5362500716929027,0.0,0.3732386934025042,0.0,0.0596985119304939,0.0,0.0126623423872042,0.0,Abuja FCT
47,85241.43,105,5,19249.25,3849.85,0.0,0.1603444290037274,0.0,0.3133467537696273,0.0,0.0318074730184292,0.4945013442082158,0.0,0.0,Delta
41,186943.06,36,6,72168.9,12028.15,0.0,0.0,0.5126063997095702,0.2108072867952816,0.0,0.0,0.0,0.062127453792423,0.2144588597027251,Abuja FCT
23,46286.03,29,6,83586.3,13931.05,0.030691273569951,0.0,0.0,0.0,0.0,0.5771513992125503,0.0354938548542045,0.0406601321029881,0.3160033402603058,Plateau
18,187790.21,77,8,45697.63,5712.20375,0.008905057001862,0.1235350717312911,0.509939793376593,0.0332947244747703,0.0,0.0360421317254308,0.0381739709477274,0.0,0.2501092507423251,Plateau
38,21473.54,21,5,172007.07,34401.414000000004,0.0,0.0,0.0,0.0242132489088965,0.0,0.0108927499317324,0.7792294235347419,0.185664577624629,0.0,Cross River
38,37847.63,26,5,599492.7541500111,119898.55083000222,0.0829231373621583,0.0,0.0,0.0,0.0,0.0,0.0,0.9170768626378416,0.0,Imo
25,77238.75,130,5,39819.03,7963.806,0.1256660446022919,0.0,0.0,0.0523084063072355,0.0,0.1338189302953889,0.0,0.6047274381118777,0.0834791806832059,Kwara
41,80315.57,184,4,34455.03,8613.7575,0.0,0.0,0.0,0.1589335432301176,0.0,0.0098119200592772,0.7788964339894641,0.0,0.0523581027211411,Enugu
40,10929.41,240,2,11969.7,5984.85,0.0,0.0,0.0,0.8677460587984661,0.0,0.0,0.1322539412015338,0.0,0.0,Abuja FCT
25,13391.92,32,4,19263.61,4815.9025,0.0,0.6724087541224101,0.0,0.1560325401106023,0.0,0.0,0.1715587057669876,0.0,0.0,Enugu
30,32460.95,137,5,105216.02,21043.204,0.0,0.1340568670056137,0.0,0.0,0.0,0.020354504950862,0.0,0.0,0.8455886280435242,Delta
48,20078.42,476,5,176636.27,35327.254,0.7706455757925594,0.1225270438511864,0.0,0.0626036204229176,0.0,0.0,0.0,0.0442237599333364,0.0,Kano
42,68264.41,204,9,113823.85,12647.094444444445,0.0,0.0,0.0383385380129032,0.0,0.0085136814472538,0.0,0.0775851458196151,0.7839337713493263,0.0916288633709016,Edo
61,7135.83,6,8,80527.4,10065.925,0.2637307301614109,0.0,0.3614317611148503,0.0,0.0,0.0796551235976822,0.0199940641322084,0.2751883209938481,0.0,Kwara
59,53998.56,59,16,197788.3,12361.76875,0.0126583321662605,0.5250407127216321,0.1493269824352603,0.0148396543172675,0.0441725319445083,0.218008345286349,0.0121231134500877,0.0121459156077482,0.0116844120708858,Kaduna
57,18315.5,48,10,95819.22,9581.922,0.0495750226311589,0.0847683794545603,0.2482904786743202,0.1064505638847822,0.0,0.0,0.2217680335949301,0.0,0.2891475217602481,Ogun
54,126766.38,12,8,94470.56,11808.82,0.0072968764025533,0.1102070316932597,0.0,0.3831108866084841,0.0,0.0311117029474579,0.173118270919533,0.237372468205968,0.0577827632227436,Kaduna
23,71505.47,241,6,17871.56,2978.5933333333337,0.2649561649906332,0.0,0.0243923865627846,0.5648986434312394,0.0,0.0,0.0,0.1457528050153428,0.0,Oyo
31,60662.99,110,1,10364.0,10364.0,0.0,0.0,1.0,0.0,0.0,0.0,0.0,0.0,0.0,Abuja FCT
32,147264.59,120,8,34460.86,4307.6075,0.2022375529803957,0.0,0.4364098864624968,0.0,0.0,0.1669845151862141,0.1899395430061815,0.0,0.0044285023647117,Anambra
26,7680.7,4,6,87526.08,14587.68,0.0,0.0276245663006957,0.0420889408048435,0.0,0.0,0.0184666101806455,0.0,0.7737211583107572,0.1380987244030579,Abuja FCT
49,42317.94,122,4,67627.25,16906.8125,0.6181389898302829,0.0,0.0,0.0342844045854296,0.0,0.0362921751217149,0.0,0.3112844304625724,0.0,Cross River
28,46580.38,313,6,45362.21,7560.368333333333,0.0607064779251275,0.0,0.4406562202326562,0.0,0.0,0.0141443725956032,0.0,0.0,0.484492929246613,Ogun
51,14336.51,14,5,52387.7,10477.54,0.0291671518314413,0.8628038642658487,0.0,0.0,0.0,0.0,0.0,0.0226200043139897,0.0854089795887202,Rivers
35,8320.94,164,10,122185.32,12218.532,0.0,0.0340107142167324,0.0420776407509511,0.0208629809211122,0.0808958064684039,0.0,0.5653898520706088,0.0633049862291149,0.1934580193430765,Rivers
18,14253.85,143,7,56777.1,8111.014285714285,0.3486351011235163,0.0155226314834678,0.0,0.4436115969290435,0.0,0.0,0.1922306704639722,0.0,0.0,Plateau
32,161358.82,6,5,61631.22,12326.244,0.0865115115358741,0.1296959560430574,0.0,0.0,0.0,0.0,0.6647002931306568,0.1190922392904115,0.0,Plateau
40,406705.84,81,8,68805.83,8600.72875,0.2497972918864579,0.0693272648553182,0.0535047684186064,0.0302805736083701,0.0,0.0,0.073136389750694,0.0,0.5239537114805534,Cross River
41,34363.08,46,4,93049.93,23262.4825,0.0,0.0,0.0420639757601107,0.8313804212426597,0.0,0.0,0.0,0.0,0.1265556029972295,Plateau
40,702455.29,57,5,35447.71,7089.542,0.0,0.641168075455368,0.0,0.3075211346515755,0.0,0.0513107898930565,0.0,0.0,0.0,Kaduna
37,36236.485,160,3,7230.12,2410.04,0.0,0.0,0.0,0.0,0.0,0.2396225788783588,0.0,0.0,0.7603774211216411,Unknown
38,121007.85,36,7,76172.17,10881.738571428572,0.0608247080265666,0.0,0.758750604059199,0.0,0.0,0.1373401860548281,0.0,0.0430845018594061,0.0,Imo
38,69084.47,54,6,49532.79,8255.465,0.0,0.0511083668010624,0.0,0.041397022053472,0.0,0.3116479003100774,0.3528145699040979,0.0,0.2430321409312901,Lagos
41,60746.36,257,5,58403.2,11680.64,0.0508987521231713,0.0,0.0,0.7435217590816942,0.0,0.071113226672511,0.0,0.0,0.1344662621226234,Plateau
31,24959.29,105,5,183122.19,36624.438,0.1844653561646461,0.0,0.0,0.797626491906852,0.0,0.0,0.0,0.0179081519285019,0.0,Plateau
56,4859.8,70,5,15386.28,3077.2560000000003,0.1619995216517573,0.0,0.0900926019804657,0.1059118903334659,0.0,0.0,0.0,0.0,0.6419959860343111,Rivers
42,13714.74,115,5,61515.96,12303.192,0.0,0.0097469014545168,0.0,0.8167912847332627,0.0,0.1450537388996286,0.0,0.0,0.0284080749125917,Rivers
26,17898.97,84,4,42047.73,10511.9325,0.0,0.2891366549395175,0.0,0.0,0.0,0.2552817952360329,0.3704062026653995,0.0,0.0851753471590499,Oyo
18,9402.32,38,6,31044.63,5174.105,0.2163414413378417,0.0,0.4155179172694279,0.1107653723043244,0.0,0.0,0.0,0.2140450699525167,0.0433301991358892,Ogun
37,255116.8,40,7,50894.89,7270.698571428571,0.5881283956012087,0.0506677585903024,0.0413338156345362,0.0865281367147075,0.0,0.0,0.0470178833277761,0.186324010131469,0.0,Anambra
44,16345.07,54,5,93122.69,18624.538,0.0,0.0,0.2398228616462862,0.0890872031295487,0.0,0.0,0.6560301254184131,0.0150598098057519,0.0,Abuja FCT
38,1649.63,35,8,101257.72,12657.215,0.0715609634504904,0.2553680845272834,0.0,0.0,0.0,0.0482105463168635,0.3697103786259457,0.1674086677045463,0.0877413593748703,Kwara
41,112812.53,160,5,25779.82,5155.964,0.0,0.0,0.2447937960777073,0.0,0.0,0.1620189745312418,0.2194258920349327,0.0,0.3737613373561181,Ogun
41,8550.77,27,4,20466.23,5116.5575,0.6083059752577783,0.2076938449338251,0.0,0.0,0.0,0.0,0.0,0.0,0.1840001798083965,Ogun
29,34717.21,395,3,44385.8,14795.266666666668,0.5483814643421995,0.0,0.0,0.4516185356578004,0.0,0.0,0.0,0.0,0.0,Abuja FCT
30,23276.55,338,3,26578.79,8859.596666666666,0.0,0.0,0.0,0.0688932791899104,0.0,0.0,0.4007417192430505,0.0,0.5303650015670389,Enugu
30,263466.43,345,7,54076.86,7725.265714285714,0.370792608890383,0.0152416393999207,0.0,0.2949729329698506,0.0,0.21085155462059,0.0,0.0,0.1081412641192554,Kano
23,5567.75,316,2,4082.16,2041.08,0.5165427126815216,0.0,0.0,0.0,0.0,0.4834572873184785,0.0,0.0,0.0,Kwara
18,19684.96,692,1,7312.22,7312.22,1.0,0.0,0.0,0.0,0.0,0.0,0.0,0.0,0.0,Ogun
31,34526.36,6,10,55957.1,5595.71,0.1560845719309971,0.0492236016519798,0.0759594403569877,0.0292341811852294,0.0,0.0773953618039533,0.3346494010590256,0.2774534420118269,0.0,Lagos
39,105399.11,224,5,62613.80000000001,12522.760000000002,0.0,0.0,0.0,0.1876268490332802,0.0,0.6551159648511989,0.0785828363715347,0.0786743497439861,0.0,Plateau
26,23783.06,26,6,149778.01,24963.001666666667,0.0,0.0097428187221875,0.0,0.1748418876709605,0.0,0.0,0.0,0.7233230031564714,0.0920922904503805,Kano
66,44970.72,78,7,89550.31,12792.901428571427,0.0241217478755796,0.2498373260796082,0.1995844570498974,0.1355122053737167,0.0,0.0,0.0,0.0,0.390944263621198,Delta
27,54366.07,40,8,29922.12,3740.265,0.0033420091891884,0.5587963018663117,0.1980668482046058,0.0,0.0,0.0705167280927955,0.0430985505037744,0.1261795621433241,0.0,Plateau
42,184587.54,11,9,125607.23,13956.358888888888,0.0825025756877211,0.5435871804513164,0.0862355614402132,0.0546460581926693,0.0,0.0,0.0,0.2330286242280798,0.0,Anambra
58,80996.45,33,5,29181.68,5836.336,0.5286923165492871,0.2423630167968396,0.0,0.0,0.0,0.0,0.1122536468085456,0.0,0.1166910198453276,Delta
26,10445.6,64,5,66726.23999999999,13345.247999999998,0.4965291015948149,0.0,0.0,0.1813517440814888,0.0,0.096759685544997,0.0,0.2253594687786994,0.0,Oyo
36,51018.94,119,5,50630.68,10126.136,0.0,0.0245704778209575,0.0951997879546551,0.0575016965997691,0.0441301598161431,0.0,0.0,0.7785978778084751,0.0,Imo
38,234346.52,302,4,46246.56,11561.64,0.5505981417861133,0.0,0.0,0.0,0.3685065440543036,0.0249635864808106,0.0,0.0,0.0559317276787722,Kaduna
27,33864.51,185,7,89758.48,12822.64,0.0114562991708415,0.5587516633525879,0.2555198127241013,0.0668430436879055,0.0,0.0,0.0,0.0,0.1074291810645634,Edo
43,7319.88,36,4,37874.06,9468.515,0.0,0.0,0.1883669192053875,0.0,0.0,0.4247017615750728,0.1394598308182434,0.0,0.2474714884012963,Kaduna
45,119972.61,170,5,50809.96,10161.992,0.3009150174493348,0.0564206309156708,0.0,0.0606668456342024,0.0,0.0,0.0,0.0,0.581997506000792,Abuja FCT
37,40144.36,165,8,94930.72,11866.34,0.039495750163909,0.0813589110037298,0.0793297469986533,0.0,0.0675683277236283,0.0,0.0060980260130756,0.0215223270191145,0.7046269110778892,Plateau
55,8606.71,155,3,8133.000000000001,2711.0000000000005,0.0,0.1076195745727283,0.7615443255871143,0.1308360998401573,0.0,0.0,0.0,0.0,0.0,Abuja FCT
21,13562.03,29,8,178357.07,22294.63375,0.1749262308469185,0.003968275549716,0.0,0.6874069528054032,0.0,0.1336985407979622,0.0,0.0,0.0,Kaduna
35,158332.31,7,5,35999.73,7199.945999999999,0.4081105608292062,0.0,0.0,0.0806908829593999,0.0,0.5111985562113939,0.0,0.0,0.0,Kwara
32,33879.48,36,4,25231.76,6307.94,0.1048480169437249,0.0,0.0,0.06525069991154,0.0,0.0,0.8299012831447351,0.0,0.0,Imo
25,4968.51,343,3,39569.56,13189.853333333333,0.0,0.1925429547359131,0.517815209469097,0.0,0.0,0.0,0.0,0.0,0.2896418357949899,Kano
49,6453.96,87,5,46570.39,9314.078,0.0,0.285856528150183,0.4020683528740043,0.0,0.0,0.0336228663749648,0.0,0.0,0.2784522526008479,Edo
36,32071.43,192,9,149719.09,16635.454444444444,0.106208900949104,0.0527002268047448,0.0036057526131103,0.8374851196330407,0.0,0.0,0.0,0.0,0.0,Anambra
40,8555.94,33,6,33972.57,5662.095,0.0,0.0919942176879759,0.2390125327580456,0.0,0.0,0.3437358433583329,0.0,0.0297278068747816,0.2955295993208638,Delta
51,1762001.09,14,4,10589.86,2647.465,0.0,0.5020651831091252,0.0171295937812209,0.0,0.0,0.0,0.0,0.0,0.480805223109654,Imo
23,90964.67,6,7,71471.86,10210.265714285715,0.0,0.3548742120325398,0.2106592720547639,0.0,0.0,0.0,0.0618935900087111,0.3725729259039852,0.0,Lagos
18,25894.68,74,7,36176.03,5168.004285714285,0.1497604905789828,0.0656097421414124,0.0,0.1288369674616037,0.0,0.0848384966509592,0.0361620664290691,0.5347922367379726,0.0,Kano
18,12397.13,13,7,148011.84,21144.54857142857,0.239899321567788,0.0,0.0,0.0069878869149927,0.0,0.0184148781610984,0.6515367959752408,0.0313332365843164,0.0518278807965632,Ogun
59,158658.15,131,6,36429.57,6071.595,0.0,0.0,0.2038053152974355,0.0,0.0462163017570616,0.0172812909951997,0.0,0.732697091950303,0.0,Imo
18,25811.19,64,2,4912.02,2456.01,0.4663071404432392,0.0,0.0,0.0,0.5336928595567607,0.0,0.0,0.0,0.0,Rivers
32,47545.99,122,3,114263.69,38087.89666666667,0.0,0.0,0.0,0.0,0.0,0.8675785807372403,0.0,0.0,0.1324214192627596,Edo
36,108045.77,380,6,98363.24,16393.873333333333,0.0,0.0,0.0,0.5364982894016097,0.0,0.3682084892689586,0.033117859883428,0.010411511454889,0.0517638499911145,Rivers
49,36692.77,205,6,42217.87,7036.311666666667,0.1657163187057992,0.628904063610978,0.0390765806043744,0.0,0.0,0.0,0.0456986579379774,0.0,0.1206043791408708,Kwara
34,17151.1,97,5,39651.3,7930.26,0.0,0.1924910406468388,0.2926983478473593,0.0,0.0,0.0,0.5148106115058018,0.0,0.0,Plateau
24,258413.13,116,8,68593.46,8574.1825,0.0069395828698537,0.1209317914565032,0.1917060314496455,0.0,0.0,0.0696887137636736,0.0613724690371356,0.0,0.5493614114231882,Kano
27,44080.18,13,7,43431.22,6204.459999999999,0.0244777834930724,0.0,0.2276222035669272,0.0993218703043571,0.0,0.0,0.0,0.4092742501822421,0.239303892453401,Delta
52,489896.07,116,3,66273.3,22091.1,0.0,0.0,0.1705602407002518,0.7746643067419309,0.0,0.0,0.0,0.0,0.0547754525578174,Oyo
50,35521.43,123,10,211904.51,21190.451,0.008567396701467,0.0,0.1982741188472109,0.2138097957424313,0.519019816992097,0.0235995920992903,0.0184999837898683,0.0,0.0182292958276348,Imo
40,24185.79,34,6,36405.67,6067.611666666667,0.0,0.0,0.2676632513561761,0.0,0.0,0.0765825762855071,0.4569326701033109,0.0589625187505133,0.1398589835044925,Rivers
35,70193.69,12,8,38952.22,4869.0275,0.1425253810950955,0.0,0.0260973572237987,0.3734832058352514,0.1612003115611895,0.0,0.0,0.1082800928932933,0.1884136513913712,Lagos
46,53747.58,242,6,98308.47,16384.745,0.2945919105444322,0.5621510537189726,0.1274377477342491,0.015819288002346,0.0,0.0,0.0,0.0,0.0,Oyo
30,145836.52,123,7,87297.47,12471.067142857142,0.0,0.4142550752043558,0.2556928625766588,0.1635360108374274,0.0207223645771177,0.0880652096790433,0.0577284771253966,0.0,0.0,Edo
21,40959.92,85,3,12626.98,4208.993333333333,0.0,0.15171165235076,0.0,0.232327920056894,0.0,0.0,0.6159604275923459,0.0,0.0,Ogun
41,51647.99,206,6,26791.45,4465.241666666667,0.0,0.4667059826922395,0.3494256563194602,0.0,0.0,0.0,0.0,0.1838683609883004,0.0,Cross River
29,62109.83,19,7,96713.03,13816.147142857142,0.4340685014211632,0.0753890142827703,0.0,0.006101763123335,0.0,0.4844407211727313,0.0,0.0,0.0,Ogun
23,126886.21,22,6,202876.52,33812.753333333334,0.0137731069125199,0.066516815252943,0.0,0.0,0.0,0.2733830410734569,0.0105824468992271,0.6357445898618529,0.0,Imo
46,27215.53,75,3,50449.84,16816.61333333333,0.0,0.0,0.0,0.4990329007980996,0.0,0.0,0.2764837311674328,0.0,0.2244833680344674,Edo
24,113154.44,4,9,80663.72,8962.635555555556,0.0594171704453997,0.0,0.0,0.5274372419223909,0.0,0.0631811922385925,0.2351131338847253,0.0296156686054151,0.0852355929034763,Lagos
57,65696.51,33,3,12088.83,4029.61,0.0,0.0,0.0,0.4031854199289758,0.0,0.0,0.0737680983188612,0.0,0.523046481752163,Plateau
24,208644.14,323,7,79378.29,11339.755714285711,0.0,0.677724728008124,0.028209476419812,0.0,0.0,0.0659491405017669,0.1248523998186405,0.1032642552516563,0.0,Delta
37,171147.7,26,7,81313.37,11616.195714285714,0.2933772145958285,0.1706724244733677,0.0,0.0,0.0,0.1482066233388187,0.2918775842152404,0.0,0.0958661533767448,Oyo
34,9600.55,30,6,115833.35,19305.55833333333,0.0,0.4009231365578221,0.0,0.0875977427916916,0.0,0.1817640601778331,0.1681122060270207,0.0,0.1616028544456324,Abuja FCT
39,899856.79,21,6,30833.27,5138.878333333333,0.1184875947312756,0.6544054522922803,0.0196703106741516,0.0,0.0,0.0476709087294341,0.0,0.1597657335728581,0.0,Kwara
40,44082.09,25,7,74898.38,10699.768571428573,0.0292087759441526,0.3967601168409784,0.0,0.0,0.0,0.2404356409310855,0.0219434652658709,0.2125003237720228,0.0991516772458897,Kaduna
33,8243.24,3,4,138621.26,34655.315,0.0028997716511882,0.8255082950479601,0.0,0.0,0.0,0.0,0.1363603245274209,0.0,0.0352316087734305,Enugu
37,36236.485,102,6,117764.44,19627.406666666662,0.0366053623657532,0.0,0.0625142020800166,0.0725066921729513,0.0,0.0,0.6882923232174329,0.1400814201638457,0.0,Unknown
20,16640.84,177,3,14622.56,4874.1866666666665,0.0,0.2576778621527283,0.0,0.0,0.0,0.0,0.0,0.653302841636485,0.0890192962107866,Oyo
27,156942.13,5,9,278707.55,30967.505555555555,0.0,0.07301093924438,0.433361887756539,0.0,0.372778240130201,0.0573796081232819,0.0,0.0117063208370207,0.0517630039085772,Imo
56,18760.97,102,6,30332.13,5055.355,0.0,0.0,0.646955555050041,0.1922891666361709,0.0,0.0739816161937852,0.0,0.0,0.0867736621200027,Cross River
39,68383.88,284,5,43428.41,8685.682,0.0,0.0,0.08988378805487,0.2066506694580805,0.0,0.2750674040334426,0.1908340646134638,0.2375640738401429,0.0,Lagos
48,34789.77,298,4,56881.77,14220.4425,0.0,0.0154455460862065,0.1935036480053275,0.0,0.0,0.0,0.0,0.0,0.7910508059084659,Abuja FCT
23,15317.66,48,2,15401.69,7700.844999999999,1.0,0.0,0.0,0.0,0.0,0.0,0.0,0.0,0.0,Anambra
31,60801.88,155,6,35100.46,5850.076666666667,0.0,0.0,0.0422817820621154,0.0,0.0,0.1283325061836796,0.621261658679117,0.2081240530750879,0.0,Lagos
39,36387.62,72,6,154275.3,25712.55,0.1538724604651555,0.026293774829801,0.0,0.0,0.7563724718085137,0.0271415450172516,0.0,0.0,0.0363197478792781,Kwara
32,278134.27,69,4,57265.95,14316.4875,0.6238365031925603,0.0,0.0,0.0145805666368933,0.0,0.0,0.2635948587249491,0.0,0.0979880714455972,Plateau
38,83892.5,8,7,25518.67,3645.524285714285,0.0,0.0,0.2637704080972872,0.1892806325721521,0.0162912095340391,0.4606176575816844,0.0,0.0700400922148372,0.0,Plateau
47,10539.59,121,2,1834.39,917.195,0.0,0.0,0.5865437556899024,0.0,0.0,0.0,0.4134562443100976,0.0,0.0,Kwara
31,10850.81,59,8,35855.83,4481.97875,0.0,0.0552406679750545,0.3243773746138354,0.0,0.0,0.1360350604071918,0.0,0.0530848121490982,0.43126208485482,Kwara
50,49803.3,28,5,21122.33,4224.465999999999,0.0,0.1213511956304062,0.0,0.0,0.0,0.1527980104467641,0.6847710456185467,0.0,0.0410797483042827,Edo
39,34556.98,49,9,51575.130000000005,5730.570000000001,0.0,0.7857793087482281,0.0710860059877696,0.040192239942003,0.0378746500493551,0.0,0.0,0.065067795272644,0.0,Anambra
54,21959.79,119,6,98414.29,16402.381666666668,0.0,0.0,0.326817375809956,0.0112181879277897,0.0,0.4922680435940756,0.0756077191635483,0.0940886735046302,0.0,Delta
29,19711.85,385,1,1044.8,1044.8,0.0,0.0,0.0,0.0,0.0,1.0,0.0,0.0,0.0,Delta
37,12054.79,108,6,67549.06999999999,11258.178333333331,0.0,0.1270698471496351,0.5765362868800414,0.0045263391487107,0.0,0.0,0.0,0.1571040134231308,0.134763513398482,Plateau
54,422797.58,62,6,45117.65,7519.608333333334,0.0,0.0,0.0,0.0228806243232969,0.0,0.0253364259884989,0.6366945086900582,0.0,0.3150884409981459,Kano
52,61216.26,87,7,121577.7,17368.242857142857,0.1172170554303955,0.311221548030601,0.2168982469646983,0.3334352434698139,0.0,0.0,0.0,0.0,0.0212279061044912,Kano
34,50221.13,76,6,168703.88,28117.31333333333,0.0601839744290409,0.0,0.121541484404508,0.5954063415731754,0.0,0.2047792261802159,0.0,0.0180889734130596,0.0,Kwara
22,183089.1,162,3,3319.99,1106.6633333333332,0.6647279058069452,0.0,0.0,0.0,0.0,0.3352720941930548,0.0,0.0,0.0,Abuja FCT
36,52709.77,53,8,99778.55,12472.31875,0.0,0.0,0.0,0.453748726554956,0.0,0.0667526236851507,0.1193581185535368,0.3252495651620514,0.0348909660443051,Cross River
23,249570.69,137,3,7381.76,2460.5866666666666,0.7456568623200971,0.0,0.0,0.2543431376799029,0.0,0.0,0.0,0.0,0.0,Kaduna
43,1290.28,62,6,47062.63,7843.771666666666,0.0103013792471861,0.0,0.0,0.0,0.0,0.0,0.0846695137947029,0.0,0.9050291069581108,Edo
61,24905.23,580,1,1426.62,1426.62,1.0,0.0,0.0,0.0,0.0,0.0,0.0,0.0,0.0,Imo
38,11035.53,249,7,54975.96,7853.708571428571,0.0461789116552034,0.0,0.0,0.0,0.0,0.0160088154895339,0.0,0.4958187178541312,0.4419935550011314,Kano
37,188698.8,83,7,77575.87,11082.267142857145,0.0,0.0142555926217778,0.0539960428416722,0.0,0.0,0.0,0.7465241446857122,0.1179583290525777,0.0672658907982598,Unknown
18,27550.35,134,9,173083.79,19231.532222222224,0.2619279367524827,0.0,0.0,0.1037889221168545,0.0469417731146284,0.0,0.4425529392440505,0.1447884287719837,0.0,Imo
52,11114.22,22,13,309622.05,23817.080769230768,0.0087611331298917,0.0242895814429237,0.0825333983803802,0.0,0.0,0.0022593998069581,0.058932204602353,0.8232242826374929,0.0,Delta
18,87408.82,141,3,16670.37,5556.79,0.0,0.8301057505022384,0.0840659205524532,0.0,0.0,0.0858283289453083,0.0,0.0,0.0,Plateau
27,25844.84,30,5,40482.89,8096.577999999999,0.3218354717264504,0.0,0.4188749864448907,0.0,0.0,0.259289541828659,0.0,0.0,0.0,Edo
30,147517.12,62,6,120286.06,20047.676666666663,0.6322806649415569,0.1788495691021885,0.0163745491372815,0.0187845540871485,0.0,0.0,0.0,0.0,0.1537106627318244,Edo
68,20295.58,122,6,41415.81,6902.634999999999,0.1484860491681799,0.1087249048129204,0.7158034576650801,0.0,0.0,0.0,0.0,0.0,0.0269855883538194,Kano
37,92461.07,288,6,49221.45,8203.574999999999,0.0,0.0,0.1695124788075117,0.0,0.0,0.0,0.0,0.0,0.8304875211924883,Unknown
18,45023.67,4,9,50943.86,5660.428888888889,0.0433420239455746,0.116467617491097,0.0,0.0,0.0,0.1436652032256684,0.0,0.1570909624830156,0.5394341928546443,Abuja FCT
40,130416.12,258,4,57882.170000000006,14470.5425,0.0119366637429108,0.0,0.1322747574944063,0.0,0.0,0.8428270743823185,0.0129615043803644,0.0,0.0,Delta
50,125503.02,123,5,138090.49,27618.098,0.033053036454574,0.8624823476258213,0.0,0.0,0.0,0.1044646159196046,0.0,0.0,0.0,Kaduna
19,33623.05,167,10,226382.44,22638.244,0.2663233067017035,0.0,0.0,0.0,0.0,0.6822812317068409,0.0124425286696264,0.0104739572556952,0.0284789756661338,Plateau
39,60167.85,37,9,68157.34,7573.037777777778,0.3181139404794846,0.2058538376057516,0.0400422023512067,0.2308468904449616,0.0,0.0627471670696069,0.1423959620489883,0.0,0.0,Oyo
42,33918.04,283,2,5680.23,2840.115,0.0,0.333842115548138,0.0,0.0,0.0,0.666157884451862,0.0,0.0,0.0,Kaduna
25,119920.02,22,9,84730.76000000001,9414.52888888889,0.0032465187377051,0.2303743056240732,0.0,0.049131625869991,0.0,0.0605751677430958,0.0,0.4841719819343058,0.1725004000908288,Rivers
45,27434.28,123,7,86243.56,12320.50857142857,0.0,0.0,0.3674158395131184,0.0,0.2250648048387613,0.0669601301244985,0.0,0.1187230675542614,0.2218361579693602,Plateau
29,68941.34,70,8,38914.21,4864.27625,0.765703839291611,0.0,0.0300779586685686,0.0025697553669983,0.0,0.0710853438885178,0.1305631027843042,0.0,0.0,Cross River
18,26088.72,261,3,14433.44,4811.1466666666665,0.0,0.0,0.0,0.0,0.0,0.0,1.0,0.0,0.0,Enugu
53,151935.64,19,7,84811.31,12115.901428571427,0.1459470440911713,0.0,0.5815397734099379,0.0134348826825101,0.0,0.0,0.0,0.2398756722422988,0.0192026275740818,Kaduna
28,16630.32,133,5,19558.9,3911.78,0.0,0.0,0.3159507947788474,0.2056235268854588,0.1277663876802887,0.0,0.3506592906554049,0.0,0.0,Kaduna
34,35237.89,176,5,29927.39,5985.478,0.0303116977457773,0.0,0.0202232804130263,0.0495773269904258,0.0,0.0,0.5945456653587232,0.3053420294920472,0.0,Anambra
45,56204.46,211,6,54559.33,9093.221666666666,0.0379091898672509,0.1937809720170683,0.0,0.0,0.4039519913459347,0.1562367059859422,0.0,0.1309251781500982,0.0771959626337053,Edo
36,19806.63,19,6,20265.1,3377.5166666666664,0.4688775283615675,0.0834311204978016,0.030469625119047,0.2114334496252177,0.0,0.0,0.0,0.2057882763963661,0.0,Plateau
48,105977.75,12,6,52198.4,8699.733333333334,0.1550064752942619,0.0430566837297694,0.0057980704389406,0.0187448274276606,0.0,0.0,0.7773939431093674,0.0,0.0,Rivers
20,58421.45,38,7,87535.06999999999,12505.009999999998,0.0,0.7088547481597947,0.0126051192967572,0.0,0.0,0.0,0.1618140020908191,0.0399082333515012,0.0768178971011275,Plateau
27,97282.64,21,9,195512.57,21723.61888888889,0.4393893446339537,0.2454318410320114,0.0134668067633707,0.1122420415219338,0.0625155712494598,0.0,0.1138898128135699,0.0,0.0130645819857004,Kaduna
28,54044.28,190,5,109502.16,21900.432,0.5387213366384737,0.3228364627693189,0.0768151970700851,0.0616270035221223,0.0,0.0,0.0,0.0,0.0,Cross River
38,31386.57,106,6,80524.31,13420.718333333332,0.1605271749612011,0.3289052709672396,0.0431239957225339,0.1986598829595683,0.0,0.0,0.0,0.2687836753894569,0.0,Cross River
62,12559.9,78,3,44250.18,14750.06,0.0,0.0,0.0,0.0,0.0,0.1887761812494322,0.0,0.0,0.8112238187505678,Delta
62,130674.68,180,6,34578.5,5763.083333333333,0.0892042743323163,0.0,0.0,0.0,0.0,0.0,0.0767164567578119,0.4316870309585436,0.4023922379513281,Anambra
27,52588.96,5,7,135288.62,19326.94571428572,0.0266026070781119,0.3460011640299088,0.0,0.0,0.0,0.4762311863333369,0.1375916170924058,0.0135734254662365,0.0,Kano
39,264791.51,14,13,113103.63,8700.27923076923,0.2711384241160076,0.0674499129691947,0.021800007656695,0.0285996125853785,0.0,0.2084494547168822,0.2630750224373878,0.0144701810189469,0.1250173844995072,Abuja FCT
49,52136.8,143,4,18258.8,4564.7,0.0,0.1346369969548929,0.3136022082502683,0.0,0.0,0.0,0.5517607947948386,0.0,0.0,Enugu
43,37088.51,33,5,125330.46,25066.092,0.0,0.0,0.0096058851136427,0.8968735932190786,0.0,0.042924361723399,0.0,0.0,0.0505961599438795,Edo
38,89303.08,378,1,2179.51,2179.51,0.0,0.0,0.0,0.0,0.0,0.0,0.0,1.0,0.0,Rivers
41,28164.98,39,12,84907.78,7075.6483333333335,0.3794680534575277,0.0,0.0,0.2940818850757845,0.0,0.1901221537060561,0.1185335430981707,0.0,0.0177943646624608,Lagos
30,27558.96,64,2,15000.66,7500.33,0.0,0.0,0.0289780582987681,0.9710219417012318,0.0,0.0,0.0,0.0,0.0,Oyo
36,63309.3,228,2,12867.71,6433.8550000000005,0.0,0.0,0.0,0.0,0.0,0.0,0.9297971433922586,0.0702028566077413,0.0,Lagos
37,15963.61,70,7,93517.26,13359.608571428573,0.3389081331082625,0.028466189022219,0.0,0.1719083728501027,0.0,0.0,0.1006433464795696,0.0,0.360073958539846,Enugu
48,66725.61,142,9,94956.89,10550.765555555556,0.0246099045577419,0.3219728447298558,0.3044825920478229,0.1240910480534903,0.0,0.2126670323764815,0.0,0.0121765782346073,0.0,Ogun
44,84460.4,4,6,47306.48,7884.413333333333,0.0,0.4510246799170008,0.0256575843309415,0.0703053788825547,0.0,0.0,0.1272489519406221,0.0,0.3257634049288808,Imo
46,22849.43,34,6,61029.61,10171.601666666667,0.0275508888226551,0.0,0.0,0.1847272168378595,0.0,0.0016385488945447,0.0,0.7860833454449406,0.0,Edo
25,34943.64,24,7,522012.5941500112,74573.22773571587,0.0,0.900678469100114,0.0067780931717965,0.0128205910642775,0.0,0.0718067541282886,0.0079160925355231,0.0,0.0,Oyo
18,30113.11,233,8,68946.69,8618.33625,0.0,0.0,0.0963458869454066,0.093483965655204,0.0,0.0487646325008495,0.6737802786471693,0.0387966412890887,0.0488285949622817,Abuja FCT
32,26975.99,74,3,43032.79,14344.263333333334,0.0,0.025916980981247,0.0,0.0,0.0,0.0,0.9740830190187528,0.0,0.0,Ogun
45,60706.13,127,9,75534.19,8392.687777777777,0.0,0.0056911975888005,0.0812859712932646,0.0905348955221469,0.0,0.0,0.0052251834566571,0.4631118702669612,0.3541508818721694,Kaduna
31,26607.93,24,9,57402.48,6378.053333333333,0.0,0.0221506109143716,0.5303249964113048,0.0,0.0,0.1390265716742552,0.2800361587164875,0.0284616622835807,0.0,Lagos
34,91655.8,2,7,23183.25,3311.8928571428573,0.0,0.0,0.0,0.3621304174350016,0.0,0.2423366007785793,0.3572851088609233,0.0382478729254957,0.0,Cross River
32,179642.3,104,6,20877.69,3479.615,0.0,0.21771469927947,0.1739799757540225,0.0,0.0,0.0,0.0391178334384694,0.1167078350143143,0.4524796565137234,Kaduna
38,64107.0,256,5,195834.18,39166.836,0.0,0.0,0.0,0.0329914828963973,0.0,0.914298055630534,0.0527104614730686,0.0,0.0,Imo
54,75682.55,202,9,200296.19,22255.132222222222,0.1140774569900705,0.0,0.0,0.0,0.0,0.0139474944580823,0.0,0.0658189254623365,0.8061561230895106,Kwara
37,38708.91,81,4,23038.57,5759.6425,0.0,0.0,0.0,1.0,0.0,0.0,0.0,0.0,0.0,Oyo
60,23342.37,169,5,65180.23,13036.045999999998,0.0147165789381228,0.3417786344110783,0.0637931164096843,0.0110530447652608,0.0,0.0,0.5686586254758537,0.0,0.0,Cross River
44,9919.38,37,7,172426.19,24632.312857142857,0.0,0.0,0.0226891866021049,0.1603031418834922,0.0,0.7799269936892997,0.0166080338491501,0.0,0.0204726439759528,Abuja FCT
32,3720.02,18,6,20227.56,3371.26,0.0,0.0,0.0280038719450096,0.06059603827649,0.0,0.0,0.0,0.7374937955937345,0.1739062941847657,Plateau
44,32205.34,306,3,11066.44,3688.8133333333335,0.0,0.0,0.0,0.0,0.0,0.0,0.2381018647369885,0.3360674254773892,0.4258307097856221,Kano
36,24714.02,161,8,22721.17,2840.14625,0.0,0.1642670689933661,0.0299698475034516,0.0383241708063449,0.0,0.353831250767456,0.0631120668521911,0.1225632306787018,0.2279323643984882,Rivers
58,181994.47,20,4,43489.29,10872.3225,0.2489884291051888,0.0,0.0,0.6182269243760935,0.0,0.0,0.1327846465187176,0.0,0.0,Kano
29,32648.82,147,8,129820.17,16227.52125,0.0,0.0,0.0282114096753994,0.0,0.0115752428917632,0.3969468688879393,0.0951606364403929,0.112531665919094,0.3555741761854109,Rivers
48,16227.63,14,7,52792.97,7541.852857142857,0.0345788463880702,0.2745062458126527,0.1196146002015041,0.0,0.0,0.0282177721768637,0.0,0.0335419659094762,0.509540569511433,Cross River
28,29292.03,35,8,46774.5,5846.8125,0.0752683620348694,0.0,0.1746742348929438,0.3736715518070743,0.0,0.0,0.0682130220526141,0.0771773081486707,0.2309955210638275,Plateau
37,27648.64,504,4,27490.800000000003,6872.700000000001,0.0,0.3401617995838607,0.0,0.1539231306473438,0.0,0.0,0.0,0.2021770919725871,0.3037379777962081,Lagos
18,42661.65,132,5,66188.48,13237.696,0.0,0.0,0.0,0.1149529344079211,0.0,0.1077324936303115,0.0,0.7487612648001586,0.0285533071616087,Abuja FCT
35,97389.83,19,13,113121.0,8701.615384615385,0.0165490050476922,0.456985528770078,0.0,0.3403432607561814,0.0,0.0377856454592869,0.0289264592781181,0.0176006223424474,0.1018094783461956,Plateau
48,89235.73,49,5,36870.4,7374.079999999999,0.0962058995834056,0.0,0.0,0.0170979973094948,0.0,0.3409710770699531,0.5457250260371463,0.0,0.0,Rivers
47,567090.13,41,7,33551.020000000004,4793.0028571428575,0.060112926522055,0.187467027828066,0.0,0.0,0.0,0.0,0.2252947898454354,0.1688374898885339,0.3582877659159096,Imo
32,66021.12,54,6,34800.76,5800.126666666667,0.0,0.0753380098595547,0.0,0.1620188754498465,0.0,0.0,0.64974213206838,0.1129009826222185,0.0,Plateau
20,30826.62,80,5,14462.4,2892.48,0.0362360327469852,0.0,0.4502841851974775,0.0,0.0,0.1850896116827082,0.0710774145370063,0.2573127558358225,0.0,Oyo
28,23553.44,58,8,39404.37,4925.54625,0.0,0.0,0.1817823759141435,0.176405307330126,0.0,0.0,0.4174204536197382,0.2243918631359922,0.0,Kwara
25,51553.38,10,11,129750.09,11795.462727272728,0.0795345113055413,0.27178200801248,0.0374943092525022,0.0824470333700732,0.0,0.0604883588134698,0.3037043750798169,0.1645494041661165,0.0,Cross River
48,19719.83,150,6,38079.52,6346.586666666667,0.091096211296781,0.2018954020428829,0.0,0.0201331319302344,0.0,0.1379846699748316,0.0480759736467266,0.5008146111085434,0.0,Edo
47,53438.25,5,9,138661.88999999998,15406.876666666663,0.0,0.185947126495968,0.3164837865688979,0.0,0.0,0.2479630848822268,0.0,0.1768746985923818,0.0727313034605254,Enugu
36,16491.44,219,5,21815.71,4363.142,0.0,0.2845110243948054,0.0,0.0,0.0,0.0,0.6517835083066286,0.0,0.063705467298566,Lagos
34,18441.7,377,2,12525.75,6262.875,1.0,0.0,0.0,0.0,0.0,0.0,0.0,0.0,0.0,Rivers
47,4575.79,257,7,37571.99,5367.427142857143,0.0158990780099749,0.0,0.0,0.3276770807189079,0.0,0.0,0.0,0.0405150219618391,0.615908819309278,Enugu
66,115853.61,123,1,4963.37,4963.37,0.0,1.0,0.0,0.0,0.0,0.0,0.0,0.0,0.0,Enugu
37,28808.09,199,6,63408.49999999999,10568.083333333332,0.0,0.1478549405836756,0.0511227989938257,0.0168114684939716,0.0,0.7842107919285269,0.0,0.0,0.0,Abuja FCT
36,46337.85,32,3,26441.58,8813.86,0.0,0.0,0.1547063375184084,0.0,0.0,0.0,0.3128527115248029,0.5324409509567885,0.0,Lagos
22,174048.71,69,6,35909.57,5984.928333333333,0.6579009439544947,0.0,0.0567829133013845,0.1041897744807303,0.0,0.1334284983083896,0.0,0.0,0.0476978699550008,Kwara
38,23835.8,176,9,59879.73,6653.303333333333,0.0,0.18810071454898,0.2172888889111557,0.2215487611584086,0.0,0.0755437608018606,0.1472546719900039,0.0,0.1502632025895908,Rivers
64,25891.54,520,2,9698.47,4849.235000000001,0.0,0.7962049684125434,0.0,0.0,0.0,0.2037950315874565,0.0,0.0,0.0,Anambra
39,25365.44,22,8,96216.83,12027.10375,0.0,0.0409234018622313,0.1509839806611795,0.0,0.0,0.7180872618646863,0.0548055885856975,0.0351997670262052,0.0,Oyo
50,39504.5,41,10,68168.52,6816.852000000001,0.0,0.0569174745175632,0.0,0.248175844216656,0.0,0.0399608206251213,0.273191789993387,0.0070450407314109,0.3747090299158614,Imo
42,10649.42,30,4,47177.11,11794.2775,0.0,0.6054455222034584,0.0,0.0,0.0,0.2693566859012771,0.0476122848559396,0.0775855070393247,0.0,Anambra
47,10351.54,213,2,177827.59999999998,88913.79999999999,0.0,0.0498127399796207,0.0,0.9501872600203792,0.0,0.0,0.0,0.0,0.0,Ogun
41,166539.08,124,5,110902.39,22180.478,0.0588278575421142,0.0,0.0,0.1253723206506189,0.0,0.024017606834262,0.0170243400525453,0.0,0.7747578749204593,Imo
63,36793.21,30,10,73860.25,7386.025,0.0,0.1927510399707555,0.0,0.2365476694162286,0.0,0.057978141151702,0.0446141192319278,0.0675391702573441,0.4005698599720417,Edo
37,7906.28,70,4,83909.23000000001,20977.307500000003,0.0967425156922545,0.1019125071222796,0.0,0.0,0.0,0.8013449771854657,0.0,0.0,0.0,Edo
39,75232.89,63,9,80134.76,8903.862222222222,0.0,0.0084185689206531,0.2133590966017743,0.0406718632463615,0.0,0.0285967038523607,0.2352117857469093,0.0,0.473741981631941,Kaduna
26,17389.46,10,5,21484.71,4296.942,0.3546298739894558,0.0,0.0,0.1636540590959803,0.0,0.0,0.0,0.0,0.4817160669145638,Imo
64,137201.08,207,8,36154.740000000005,4519.342500000001,0.6404228048659734,0.2352609920580261,0.1243162030760005,0.0,0.0,0.0,0.0,0.0,0.0,Cross River
23,14673.22,44,1,9903.29,9903.29,0.0,0.0,0.0,0.0,0.0,0.0,1.0,0.0,0.0,Anambra
47,8940.48,26,6,34377.8,5729.633333333334,0.1503394632582655,0.6840571531627969,0.0,0.0,0.0,0.0929946069847401,0.0,0.0,0.0726087765941974,Rivers
44,355959.25,33,3,39695.24,13231.746666666666,0.0,0.0,0.0,0.0131161821921217,0.0,0.0547420799068099,0.0,0.0,0.9321417379010682,Cross River
28,94024.14,1,7,156915.88,22416.554285714286,0.0775776167459915,0.2043364890793716,0.0,0.0,0.0,0.4597070098960029,0.0,0.0,0.2583788842786338,Imo
54,34089.57,121,4,31013.16,7753.29,0.0,0.0379258353550557,0.0,0.0568271662739301,0.0,0.0,0.2443991518439269,0.0,0.6608478465270872,Ogun
33,8496.9,1,6,33804.990000000005,5634.165000000001,0.1155885566006675,0.0,0.0,0.2050714997992899,0.0,0.0,0.6582170265395729,0.0211229170604694,0.0,Kano
24,297319.02,129,1,6504.3,6504.3,1.0,0.0,0.0,0.0,0.0,0.0,0.0,0.0,0.0,Delta
36,48282.45,29,9,525628.6641500111,58403.1849055568,0.0566393578404686,0.0011832878273596,0.0,0.0215154362220482,0.0,0.0,0.0,0.8953115692634761,0.0253503488466473,Cross River
36,69365.78,211,4,14100.18,3525.045,0.0,0.1167985089552048,0.0,0.0,0.0,0.0,0.3321879578842255,0.5510135331605696,0.0,Rivers
43,28098.48,265,5,72205.95000000001,14441.190000000002,0.0,0.0,0.6530669563934828,0.0,0.0,0.0,0.0252304692341836,0.3094084351774334,0.0122941391949001,Kano
38,25689.56,185,5,91841.03,18368.206,0.0,0.0,0.0,0.0,0.0,0.0,0.1707853232917792,0.1931868577693433,0.6360278189388774,Delta
26,89362.29,86,7,238713.43,34101.91857142858,0.0,0.8943097587764542,0.0,0.0006918756100149,0.0,0.0,0.0785344167690942,0.0120810127859165,0.01438293605852,Delta
51,70230.31,164,9,75851.1,8427.900000000001,0.4526365471298373,0.0531376604953652,0.115607288490213,0.2097682169408222,0.0,0.1688502869437622,0.0,0.0,0.0,Cross River
42,34453.13,25,7,75588.105,10798.300714285711,0.0882204944812414,0.0670071699773397,0.0,0.674659458654242,0.0,0.0,0.0,0.1532196104135697,0.0168932664736071,Plateau
35,32404.56,207,5,57340.85,11468.17,0.0,0.0,0.0021762844464286,0.4206446189758261,0.0,0.0581791166332553,0.087759598959555,0.4312403809849349,0.0,Enugu
39,20448.31,68,3,35600.1,11866.7,0.6669295872764402,0.1297187367451215,0.0,0.0,0.0,0.2033516759784382,0.0,0.0,0.0,Oyo
42,15941.24,167,8,86043.93,10755.49125,0.0030376343804844,0.0693514347845339,0.0,0.0,0.0,0.0,0.2424863671382746,0.4761138874061192,0.2090106762905878,Plateau
60,15554.41,32,5,48885.07,9777.014,0.2634781948762679,0.632979353409947,0.0,0.0,0.0,0.0780718939340784,0.0,0.0254705577797065,0.0,Oyo
35,56128.66,13,1,1429.47,1429.47,0.0,0.0,0.0,0.0,0.0,0.0,1.0,0.0,0.0,Kano
34,25739.4,146,2,40086.68,20043.34,0.0,0.0,0.0,0.9336325682246572,0.0,0.0,0.0,0.0,0.0663674317753428,Plateau
38,6234.4,203,4,14157.89,3539.4725,0.0,0.4075197645976908,0.0,0.556844981844046,0.0,0.0,0.0,0.0356352535582632,0.0,Anambra
31,15037.76,112,7,138331.56,19761.65142857143,0.0,0.0625184158987291,0.8538990668506883,0.0,0.0,0.0387075805405505,0.0272423010338349,0.0,0.0176326356761971,Enugu
49,19122.38,50,4,32581.4,8145.35,0.1998450035910058,0.0,0.0,0.4916056400277458,0.0,0.1513292860343631,0.157220070346885,0.0,0.0,Edo
40,105316.48,76,6,20257.64,3376.273333333333,0.0,0.0614400295394725,0.1649125959391123,0.599867013136772,0.0,0.0,0.0199658005572218,0.1538145608274211,0.0,Kaduna
53,16460.95,117,5,27646.27,5529.254,0.704509143548117,0.0,0.0,0.1881226653722184,0.0,0.0,0.1073681910796646,0.0,0.0,Kano
37,36236.485,63,9,63221.42,7024.602222222222,0.3805267265429977,0.1161416494599456,0.0,0.0950255467213485,0.0,0.0254592509943623,0.2199518770695122,0.0,0.1628949492118336,Unknown
18,41213.81,130,7,75273.76999999999,10753.395714285713,0.0644694692453958,0.0,0.019068660969153,0.121328319280408,0.0,0.6885933838573517,0.0,0.1065401666476915,0.0,Kano
48,13322.65,113,7,31028.46,4432.637142857143,0.0434829830420201,0.0,0.0,0.0,0.0,0.2307652393963477,0.5001427721517601,0.1117941399605394,0.1138148654493326,Ogun
40,6550.87,124,7,46968.64,6709.805714285714,0.0,0.0109445366099593,0.0310943642396288,0.6019859208186569,0.0,0.0298571557532855,0.0408244735210557,0.0506931859214999,0.2346003631359136,Oyo
20,272285.01,601,4,43827.02,10956.755,0.0,0.0214242264247033,0.4486314606833866,0.0,0.0,0.3960629766751196,0.0,0.1338813362167904,0.0,Anambra
18,75226.36,440,3,12346.99,4115.663333333333,0.0,0.0,0.0,0.5761290808529042,0.0,0.0,0.4238709191470958,0.0,0.0,Abuja FCT
19,297380.18,231,6,30195.07,5032.511666666666,0.2988646822146794,0.4658243878884864,0.060158496072372,0.1375539119465528,0.0375985218779092,0.0,0.0,0.0,0.0,Kwara
49,137472.99,29,6,482084.7841500112,80347.46402500186,0.0020443706841685,0.0,0.9942478997654132,0.0,0.0018538647752091,0.0,0.0018538647752091,0.0,0.0,Rivers
32,112475.49,13,6,42105.42,7017.57,0.0,0.0,0.0,0.0,0.0,0.7698146699403545,0.0370132871255054,0.0,0.1931720429341401,Anambra
44,79090.73,39,8,61462.25,7682.78125,0.0,0.0,0.2335152064885356,0.0,0.0,0.4711553839958673,0.1835380253732982,0.1014710655727702,0.0103203185695284,Abuja FCT
40,33031.66,44,6,77777.07,12962.845,0.0,0.2729958842625468,0.0843843821835921,0.2716863723459883,0.0,0.0,0.0142119007568683,0.3567214604510043,0.0,Plateau
26,62386.93,36,6,59533.49,9922.248333333331,0.6009899638002073,0.0,0.0,0.1732317389758269,0.0,0.0340903918113989,0.0229242397850352,0.0,0.1687636656275317,Anambra
37,65507.51,23,6,48878.880000000005,8146.48,0.0191761758861905,0.0,0.5978305967730848,0.0,0.0,0.0,0.2889313339421852,0.0940618933985394,0.0,Rivers
18,32486.87,175,2,7974.46,3987.23,0.0,0.1880892248503347,0.0,0.0,0.0,0.0,0.0,0.8119107751496654,0.0,Imo
41,21650.34,286,4,38355.7,9588.925,0.0,0.0,0.2113933522266573,0.0,0.0,0.5314852811967974,0.0,0.2571213665765453,0.0,Oyo
30,5756.49,160,4,15426.02,3856.505,0.0,0.0,0.0,0.2471752273107386,0.0,0.1751268311593009,0.0293620778399094,0.0,0.5483358636900509,Plateau
36,38076.21,11,6,528706.6641500111,88117.7773583352,0.0,0.0870436541101409,0.0,0.0068515118980459,0.006064742923479,0.0,0.0,0.00691237740662,0.893127713661714,Oyo
35,12260.07,29,8,505606.8141500111,63200.85176875139,0.0029661783781953,0.0,0.942221269210718,0.0395139848611147,0.0,0.0034536915862884,0.0,0.0118448759636833,0.0,Kano
57,26383.67,8,4,25786.21,6446.5525,0.0,0.205606407455768,0.0,0.0,0.0,0.7342486546103517,0.0,0.0,0.0601449379338801,Lagos
33,7737.83,13,9,379334.89,42148.32111111112,0.6682232683632132,0.0869575957012549,0.0,0.2215196445547099,0.0,0.0,0.0,0.0,0.0232994913808218,Enugu
25,9600.99,117,6,69689.65,11614.941666666666,0.0,0.1478717427910744,0.0578039924149425,0.0,0.0,0.7943242647939831,0.0,0.0,0.0,Oyo
54,27350.85,183,3,151904.21,50634.73666666666,0.9707969910774692,0.0,0.0257358239116611,0.0,0.0,0.0,0.0034671850108696,0.0,0.0,Anambra
46,11169.67,58,5,92703.54,18540.708,0.0,0.6799754356737617,0.0659382586684392,0.1473817504703704,0.0,0.0,0.0,0.1067045551874286,0.0,Imo
44,11075.76,130,4,69294.81999999999,17323.704999999998,0.1182854649164252,0.0,0.0,0.2028116964586963,0.0,0.0,0.0,0.0,0.6789028386248784,Rivers
36,34093.78,177,5,57005.44,11401.088,0.0,0.154337375520652,0.0,0.40713149481874,0.0,0.0,0.0,0.154779964859494,0.2837511648011137,Delta
37,36236.485,141,3,28962.19,9654.063333333334,0.1866440348606234,0.0,0.0,0.4971758005869031,0.3161801645524734,0.0,0.0,0.0,0.0,Unknown
36,60089.25,76,5,20011.84,4002.368,0.5436181780386011,0.2263495010953515,0.1771201448742344,0.0,0.0529121759918128,0.0,0.0,0.0,0.0,Kano
39,62813.37,26,4,32858.759999999995,8214.689999999999,0.0,0.0,0.3734334466668857,0.0,0.0,0.1228832128783922,0.425532795516325,0.0,0.0781505449383969,Enugu
58,18528.48,7,7,95991.8,13713.114285714286,0.0110927183363578,0.0272143037217762,0.0,0.0,0.0,0.177492660831446,0.1727459012123952,0.3853344764865332,0.2261199394114914,Lagos
29,1784.59,22,4,62251.98,15562.995,0.0,0.0,0.2711754710452583,0.7288245289547417,0.0,0.0,0.0,0.0,0.0,Abuja FCT
47,14422.14,282,6,55152.68,9192.113333333333,0.2095948918529435,0.2330476053022265,0.0,0.0,0.1166102898354169,0.0,0.0912414410324212,0.3495057719769919,0.0,Anambra
38,67519.16,115,10,65468.12,6546.812,0.1947984759605133,0.2976586161325543,0.1369518477084724,0.1579952196580564,0.0331903528007219,0.0,0.1794054877396815,0.0,0.0,Delta
48,350049.38,131,4,33112.76,8278.19,0.0527582116380513,0.0830462335365581,0.0,0.0,0.1197900748835192,0.0,0.0,0.0,0.7444054799418715,Kaduna
35,147840.67,81,10,79699.14,7969.914,0.0648205237848237,0.2521954440160834,0.0148369229580143,0.0119207057943159,0.0,0.4624867972226551,0.1643700295887759,0.0293695766353313,0.0,Oyo
62,13737.83,136,7,53302.75,7614.678571428572,0.1223685457129322,0.2207145034730853,0.0,0.2799146385505438,0.0,0.0,0.3456996121213258,0.0,0.0313027001421127,Abuja FCT
59,55352.94,89,8,59776.72,7472.09,0.0,0.0281166313574916,0.0,0.0,0.0,0.1587982746460494,0.0,0.7252037247945353,0.0878813692019234,Anambra
39,32572.43,16,4,45174.0,11293.5,0.0,0.1058863505556293,0.0,0.0,0.0,0.0,0.0,0.8009658210475052,0.0931478283968654,Imo
46,24788.18,50,5,49185.84,9837.168,0.0,0.7481954155911539,0.0688970646836569,0.0147784402990779,0.0,0.0,0.1681290794261112,0.0,0.0,Abuja FCT
62,107988.71,250,6,24186.26,4031.0433333333335,0.0,0.0,0.1992879428237354,0.2847199194914799,0.0,0.0277554280818944,0.0,0.280557638923918,0.2076790706789723,Imo
38,84602.88,20,5,28112.56,5622.512000000001,0.0,0.0,0.1724396497508586,0.2612622258520746,0.0,0.0,0.3433483112174771,0.0,0.2229498131795894,Enugu
45,59538.41,181,5,67158.11,13431.622,0.0961000838171294,0.0,0.0,0.0,0.0,0.2560621494559629,0.6478377667269075,0.0,0.0,Enugu
30,18365.89,140,6,58773.130000000005,9795.521666666667,0.0,0.0,0.0,0.1090770561309224,0.0,0.0,0.2666453190429027,0.0971100228965175,0.5271676019296573,Plateau
49,59655.87,18,9,39509.74,4389.971111111111,0.0,0.0,0.210059595431405,0.0,0.0,0.1442603773145558,0.2245388099238315,0.1730196149101462,0.2481216024200614,Anambra
37,47352.0,58,3,46343.95,15447.983333333332,0.0,0.2079004918657128,0.0,0.6858090430358224,0.0,0.0,0.0,0.0,0.1062904650984648,Kano
35,183275.1,80,8,105824.71,13228.08875,0.0,0.0104289442418505,0.5190185732613867,0.0262402797985461,0.0,0.0,0.4158055335091397,0.0,0.0285066691890769,Kwara
50,47443.99,132,6,16172.62,2695.4366666666665,0.0,0.1095926324862638,0.345438772443797,0.0,0.0,0.0,0.0,0.3376515369804027,0.2073170580895365,Rivers
63,273016.14,358,2,41823.36,20911.68,0.0,0.0,0.0,0.1437452658036083,0.0,0.8562547341963916,0.0,0.0,0.0,Delta
29,8001.11,66,4,62277.77,15569.4425,0.8227573016824462,0.0648004898055919,0.0,0.0,0.0,0.0,0.1124422085119618,0.0,0.0,Enugu
50,27995.22,51,13,145777.78,11213.675384615384,0.0297017830838142,0.0,0.0403894887135748,0.1493029321752602,0.0,0.4524370586518741,0.0,0.0499657766773509,0.2782029606981256,Edo
27,10433.6,138,7,42974.61,6139.2300000000005,0.4688610321303672,0.0899677739949239,0.0827037173810303,0.2311429935024425,0.0,0.0,0.0,0.1146281490396306,0.0126963339516053,Cross River
50,85359.79,43,7,67263.4,9609.057142857142,0.0,0.0180225798874276,0.0,0.3052065462049197,0.2726078372487861,0.0,0.0,0.3357677429330066,0.0683952937258598,Plateau
45,18075.01,64,7,108303.95,15471.992857142855,0.0,0.0803946670458464,0.6164239623762567,0.023647152296846,0.0,0.0450739792962306,0.0,0.23446023898482,0.0,Delta
34,60657.24,2,8,521729.3641500111,65216.17051875139,0.0177633475069946,0.0018939321186374,0.0247599059735609,0.0009486335905327,0.0,0.0,0.0534667624956209,0.9011674183146532,0.0,Anambra
26,19912.63,100,9,81814.11,9090.456666666669,0.4961431469461687,0.0,0.0,0.0256345757473863,0.0,0.0723394778724599,0.1285830769289063,0.0672264234127829,0.2100732990922959,Ogun
18,154837.67,17,12,91403.9,7616.991666666666,0.0869583245353863,0.0565774545725073,0.0065589105060068,0.0537445338765632,0.0,0.0,0.6134415489929861,0.0689151119372368,0.1138041155793133,Cross River
39,5501.2,37,7,100038.49,14291.212857142858,0.0320371688936928,0.0,0.0339050499462756,0.0,0.0,0.0,0.7685299928057691,0.1013802787307165,0.0641475096235459,Abuja FCT
35,14248.79,316,5,67521.02,13504.204000000002,0.0542163018271939,0.0839061672942736,0.0,0.6501865641247718,0.0,0.0722988189455668,0.1393921478081936,0.0,0.0,Edo
26,35148.68,245,2,9806.37,4903.185,0.0,0.0,0.0,0.5021919425842591,0.0,0.497808057415741,0.0,0.0,0.0,Delta
35,31072.13,15,5,40035.57,8007.114,0.2132628560052972,0.5893354334657904,0.0,0.0,0.0,0.1437266910399926,0.0,0.0536750194889194,0.0,Cross River
66,8246.3,101,6,40780.65,6796.775000000001,0.0,0.0,0.0654683042080006,0.0556550717068021,0.0,0.3423030285196534,0.0524640975560713,0.0,0.4841094980094726,Ogun
37,43467.58,112,9,86549.20000000001,9616.577777777778,0.1764309779870871,0.163315316606046,0.0,0.0,0.0,0.3720144149223794,0.0147757576037675,0.0136109865833537,0.2598525462973661,Kwara
36,50873.42,2,7,13606.59,1943.798571428572,0.1252025672854109,0.1076471033521257,0.1299796642656242,0.1376149351159989,0.0,0.1560677583435673,0.0,0.2308322658358927,0.11265570580138,Kwara
23,52545.36,213,4,20045.09,5011.2725,0.3821763833437516,0.0,0.0516365853183996,0.4418353821309857,0.0,0.1243516492068631,0.0,0.0,0.0,Imo
50,22588.98,229,6,25904.5,4317.416666666667,0.0582601478507595,0.0,0.0,0.5281619023721748,0.0,0.3090779594278986,0.1044999903491671,0.0,0.0,Ogun
31,25906.44,33,10,152509.83,15250.982999999998,0.2216962670537368,0.3813059787687128,0.0,0.1157247372185779,0.0,0.1597645214082266,0.0503477054561007,0.0271423815763219,0.044018408518323,Kano
32,66630.31,14,13,230561.99,17735.537692307695,0.5195112602905622,0.0676618899758802,0.008361178700791,0.0765205053964012,0.0,0.2565387729347756,0.0,0.0101711474645061,0.0612352452370835,Cross River
51,94516.51,64,9,62181.32,6909.035555555555,0.0,0.2308952270553278,0.5806776054287687,0.0,0.0671730674099552,0.08911309698797,0.0,0.0,0.0321410031179782,Kaduna
27,121411.66,129,11,124344.81,11304.073636363635,0.0603604605612409,0.0,0.2079085568589473,0.5531577071853662,0.0,0.0157987293558935,0.01035234200768,0.021536564332681,0.1308856396981908,Ogun
35,23268.01,391,3,491346.1941500111,163782.06471667037,0.0,0.956892532694507,0.0,0.0358629418723454,0.0,0.0,0.0,0.0072445254331475,0.0,Lagos
45,3331.81,173,8,75238.08,9404.76,0.123908265601674,0.1103398704485813,0.0,0.0,0.0,0.117497283290589,0.3391822332520978,0.3090723474070577,0.0,Delta
43,27850.79,146,6,135409.56,22568.26,0.8156489837202041,0.0,0.0,0.0,0.0,0.0,0.0,0.1758788670460195,0.0084721492337764,Oyo
31,63869.31,159,6,22983.72,3830.62,0.0,0.0,0.0,0.5398908444760029,0.0,0.0,0.0,0.2224639875529287,0.2376451679710682,Kwara
37,34341.82,195,8,60308.21,7538.52625,0.1142215960314524,0.1381015951227867,0.0318674687907334,0.0,0.0,0.3062646031112513,0.0,0.2150559600425878,0.194488776901188,Enugu
27,8809.92,87,7,48123.91,6874.844285714285,0.0474543735120442,0.0,0.6760888714154772,0.0,0.0,0.0178470535748238,0.0,0.2586097014976547,0.0,Oyo
18,20283.97,5,8,147674.0,18459.25,0.0,0.0,0.02360110784566,0.0342985901377358,0.1313187832658423,0.0,0.5916195132521636,0.0,0.2191620054985982,Enugu
18,19208.68,30,7,86854.41,12407.772857142858,0.2896871903222876,0.0895992500553512,0.0,0.513508985899507,0.0,0.0,0.0141805119624898,0.0930240617603642,0.0,Kwara
31,8479.59,22,8,66758.45999999999,8344.807499999999,0.0495579137086146,0.0239701455066518,0.4415179739017347,0.0,0.0475463334534679,0.0731246646492444,0.3642829687802865,0.0,0.0,Oyo
49,66764.48,4,4,132699.47999999998,33174.869999999995,0.1845445814859259,0.0,0.0,0.0,0.0,0.352179375533348,0.0,0.0,0.463276042980726,Abuja FCT
54,79294.66,116,7,47256.65,6750.95,0.7370105583023766,0.0,0.0,0.0344687996292585,0.0,0.0,0.0,0.2285206420683649,0.0,Abuja FCT
54,18944.55,182,5,102009.13,20401.826,0.0,0.1206416523697437,0.0,0.1676648943089702,0.0,0.0424148309077824,0.0,0.6259182879022692,0.0433603345112344,Plateau
49,8080.28,87,7,38692.13,5527.447142857142,0.2343675574335142,0.0,0.0,0.0,0.0,0.4458351091035825,0.1094969442106185,0.0,0.2103003892522846,Abuja FCT
18,337560.09,4,11,101735.45,9248.677272727273,0.1216309555813632,0.0,0.0,0.1776457468856725,0.0,0.5906284387595474,0.0436100690565579,0.0610174722773625,0.0054673174394962,Anambra
39,10639.51,164,6,194990.03,32498.338333333333,0.0,0.0347399300364228,0.8553109099988343,0.0,0.0,0.0,0.0,0.0837768474624061,0.0261723125023366,Imo
19,189371.7,103,6,78778.84,13129.806666666664,0.0,0.6287627489818332,0.0,0.0330922618307149,0.0,0.0,0.1193130033394754,0.2188319858479764,0.0,Imo
45,28964.01,56,5,34945.82,6989.164,0.0,0.0,0.3282458388442452,0.5587040166749556,0.0,0.0668105656127113,0.0462395788680878,0.0,0.0,Kano
26,7428.01,13,7,497014.2341500111,71002.03345000159,0.0,0.0084952697727478,0.0,0.0,0.0,0.0016224485026652,0.9677418293111482,0.0221404524134386,0.0,Abuja FCT
40,71036.32,60,3,18551.36,6183.786666666667,0.0,0.0,0.0,0.0,0.0,0.8086302028530522,0.0,0.0,0.1913697971469477,Cross River
24,279149.24,168,6,90855.23,15142.538333333332,0.0672740578610609,0.4660848913155577,0.0,0.0,0.0,0.2544414889489576,0.0,0.0,0.2121995618744237,Lagos
29,60127.67,33,6,67829.45999999999,11304.909999999998,0.0,0.0,0.0684858761959773,0.107676664387421,0.0,0.1152045143806246,0.0,0.1442927601074813,0.5643401849284957,Lagos
34,6062.98,89,7,24362.82,3480.402857142857,0.1239368020615019,0.1364932302582377,0.0,0.1115240353949173,0.0,0.1421662188531541,0.0,0.4136508006872768,0.0722289127449121,Rivers
22,5003.14,78,4,55406.56,13851.64,0.0,0.09792829585522,0.8803159770251031,0.0,0.0,0.0,0.0217557271196768,0.0,0.0,Edo
29,156609.55,229,7,32321.59,4617.37,0.0,0.4302022270562803,0.2365223988052568,0.1424769016623254,0.0,0.0571265213128438,0.1336719511632936,0.0,0.0,Imo
47,40250.43,59,7,53276.96000000001,7610.994285714287,0.0514119048834618,0.048228915463645,0.0708428183590054,0.0,0.0,0.3840949258366093,0.4116980398280983,0.0,0.03372339562918,Cross River
28,132755.09,64,4,54765.11000000001,13691.277500000002,0.0,0.0,0.0577824092748101,0.2880673479885277,0.0,0.0,0.0,0.0,0.6541502427366621,Enugu
37,14281.62,123,3,48611.63,16203.876666666663,0.5184553572879576,0.0,0.0,0.2188669666086078,0.0,0.0,0.0,0.2626776761034345,0.0,Enugu
43,6222.32,29,4,54391.69,13597.9225,0.2607166646228495,0.7222868052086633,0.0,0.0169965301684871,0.0,0.0,0.0,0.0,0.0,Oyo
55,8151.91,98,7,48023.02,6860.431428571429,0.0,0.0,0.1643565939834687,0.0,0.0,0.0,0.6487253404721319,0.1869180655443993,0.0,Cross River
36,29026.34,127,7,507736.9741500111,72533.85345000158,0.9343527619673564,0.0025862406459531,0.0,0.0099756571962859,0.0,0.0,0.0,0.0120808022899426,0.0410045379004619,Imo
25,50613.37,112,13,159230.66,12248.512307692308,0.0300128756610064,0.0,0.2174341926360162,0.0,0.0,0.0,0.3031200147006864,0.1261729995969369,0.323259917405354,Enugu
45,171652.88,16,4,66946.94,16736.735,0.2488569305781563,0.2813447485426518,0.0,0.0,0.0,0.0,0.3242016737434153,0.0,0.1455966471357764,Ogun
31,6472.74,21,3,68291.66,22763.88666666667,0.0,0.1823726352529723,0.0,0.0,0.0,0.2922926459834187,0.5253347187636089,0.0,0.0,Anambra
33,16303.18,133,8,83474.7,10434.3375,0.0576045196927931,0.2120795881866002,0.0,0.0,0.0,0.0,0.2761521754495674,0.4279731463545242,0.026190570316515,Rivers
34,21826.02,103,8,85082.51,10635.31375,0.0081746530514908,0.0580025201419187,0.0,0.4002508858753696,0.0,0.1969334238023772,0.0,0.3366385171288435,0.0,Imo
42,30614.07,175,3,15304.55,5101.516666666667,0.0,0.0,0.0,0.164893446720093,0.0,0.0,0.0,0.0,0.835106553279907,Abuja FCT
46,220178.91,382,2,8828.89,4414.445,0.0,0.0,0.0,0.0,0.0,0.0,0.0,1.0,0.0,Abuja FCT
67,7133.89,6,7,111191.86,15884.551428571427,0.0,0.0092217182085091,0.005441855186162,0.8485187674709282,0.0,0.0192469124988106,0.0354944147889962,0.0820763318465938,0.0,Cross River
32,79519.29,11,6,79177.98,13196.33,0.0,0.3680211341587649,0.0878631912559527,0.0,0.0,0.1114500521483372,0.0,0.0,0.4326656224369452,Kaduna
22,13703.85,64,7,57266.630000000005,8180.947142857143,0.0,0.0,0.0288380859848047,0.0,0.0,0.2022439595275643,0.2259212738727597,0.0869605911854774,0.4560360894293936,Kwara
44,5777.57,48,10,93629.86,9362.986,0.0035018742952301,0.0129415979047709,0.0278330011387392,0.155468244852657,0.0,0.0626921796102226,0.4068188289505078,0.0628489671991392,0.2678953060487327,Rivers
46,70556.53,5,6,51454.42,8575.736666666666,0.0,0.0,0.0,0.0,0.0,0.1795744661002883,0.1711952053876032,0.3893084403633352,0.2599218881487732,Delta
67,283284.85,368,5,58381.91,11676.382,0.0,0.0,0.2058629119876345,0.0,0.0,0.5827856608322681,0.0323504318375332,0.0,0.1790009953425641,Ogun
35,84890.05,18,7,14381.22,2054.46,0.0,0.0,0.1190357980755457,0.3640789863446911,0.0,0.4485440039162185,0.0,0.0683412116635445,0.0,Rivers
45,17263.34,46,7,42989.86,6141.408571428571,0.0,0.2804098454844932,0.0,0.2125022040081079,0.0,0.2009459905196248,0.1197289314270853,0.0,0.1864130285606884,Kaduna
43,53780.7,307,7,147776.85,21110.97857142857,0.0,0.2905598542667542,0.0,0.0,0.0,0.0,0.0508324544744322,0.6130812776155399,0.0455264136432736,Kwara
62,30780.57,15,4,15854.92,3963.73,0.0,0.0,0.2433225774712203,0.0,0.0,0.0,0.0,0.2253023036382397,0.53137511889054,Oyo
21,6729.32,102,5,58004.96,11600.992,0.0489559858329356,0.4735305394573154,0.387809594214012,0.0,0.0,0.0806584471396928,0.0,0.0,0.009045433356044,Kaduna
41,9258.05,305,3,23432.68,7810.893333333333,0.0,0.0,0.0,0.7827111538244879,0.0,0.0,0.0,0.0,0.2172888461755121,Plateau
40,50204.55,66,6,82683.09999999999,13780.516666666665,0.0329149487622017,0.0,0.0201949370548515,0.0701917320468148,0.0,0.0590409648404571,0.4412445832340587,0.0,0.3764128340616159,Abuja FCT
54,13574.28,38,10,131499.53,13149.953,0.5729487398167887,0.0,0.0,0.0201325434395088,0.0,0.2824169029349382,0.0876797810608144,0.0,0.0368220327479497,Ogun
20,22482.86,285,4,19342.8,4835.7,0.0,0.6260670637136299,0.0,0.1057788944723618,0.0,0.0,0.2681540418140083,0.0,0.0,Kaduna
65,72934.05,144,10,123022.64,12302.264,0.0,0.0035454449685033,0.0370607393891075,0.0435371895774631,0.0,0.0,0.1033140729218621,0.0,0.8125425531430638,Kano
30,142849.24,119,5,62848.79,12569.758,0.0,0.0622101077840957,0.0282563912527194,0.7608802015122328,0.0,0.0848143615811855,0.0638389378697664,0.0,0.0,Abuja FCT
38,16297.56,24,6,62300.52,10383.42,0.0,0.0,0.0,0.0,0.0836487400105167,0.3930068320457036,0.3162018551370037,0.0087848383930021,0.1983577344137737,Rivers
32,16914.72,366,2,6388.08,3194.04,0.0,0.0510763797572979,0.0,0.0,0.0,0.948923620242702,0.0,0.0,0.0,Ogun
31,9712.35,97,4,38338.3,9584.575,0.0,0.0,0.0,0.0,0.0,0.0939997339475146,0.4085105495027166,0.0,0.4974897165497687,Enugu
25,7943.06,13,6,34723.71,5787.285,0.1159585194093603,0.6661670080760379,0.1681061729866998,0.0497682995279018,0.0,0.0,0.0,0.0,0.0,Imo
46,28846.81,125,7,98397.56,14056.794285714286,0.0738171759543631,0.0101898868223968,0.6929642361050417,0.0,0.0,0.1315357819848378,0.0159578144010888,0.0,0.0755351047322718,Oyo
32,242522.36,94,8,30517.34,3814.6675,0.3470626863284939,0.0,0.0,0.1080375943643843,0.0,0.0,0.2433223210148721,0.0,0.3015773982922496,Imo
27,77205.2,38,8,77700.08,9712.51,0.0662563024388134,0.0313688222714828,0.6048876654953251,0.1850555366223561,0.0260268715296046,0.0,0.0090552030319659,0.0773495986104518,0.0,Ogun
50,5765.27,59,4,19021.73,4755.4325,0.0,0.0,0.5924971072557543,0.0,0.0,0.2839773248805445,0.0,0.1235255678637011,0.0,Rivers
37,36236.485,16,3,195547.95,65182.65,0.0,0.0,0.0,0.0,0.0,0.9803838904984684,0.0,0.0,0.0196161095015314,Unknown
18,9558.54,22,8,86998.45,10874.80625,0.3974478855657773,0.0,0.0,0.1302789877290917,0.0,0.0500833060818899,0.422189820623241,0.0,0.0,Plateau
37,36236.485,10,14,120567.94,8611.995714285715,0.2214917995613095,0.1224975727378273,0.0,0.2646633922749282,0.0,0.0,0.0477365707666565,0.0216171894452206,0.3219934752140577,Unknown
46,22293.1,86,5,42583.26,8516.652,0.0329580215324049,0.762116615778125,0.0,0.0,0.0,0.0,0.0,0.0480336639327284,0.1568916987567415,Delta
38,8752.91,52,3,6069.379999999999,2023.1266666666663,0.0,0.0,0.0,0.0,0.0,0.0947263147141882,0.0,0.4057070079645697,0.4995666773212421,Edo
18,18832.34,60,6,240071.73,40011.955,0.0,0.0,0.1052387551004026,0.0039220777890008,0.0,0.003048505544572,0.008215252999593,0.0037562940042961,0.8758191145621352,Abuja FCT
63,15625.79,56,6,40462.6,6743.766666666666,0.0,0.0394089850874634,0.0,0.3595611750109978,0.0,0.2248528270551076,0.0520134642855377,0.3241635485608933,0.0,Anambra
45,36578.05,2,11,354933.95,32266.72272727273,0.0642780156702395,0.0,0.0025961731753189,0.0,0.0,0.0,0.1073203901740028,0.7800898730594805,0.0457155479209582,Rivers
19,21499.63,23,5,40254.42,8050.884,0.0,0.06500106075308,0.6738107268717324,0.0,0.0,0.0,0.0,0.0440048571063749,0.2171833552688127,Anambra
46,26049.4,22,6,84044.4,14007.4,0.1685718501173189,0.0892552032021169,0.0,0.0206954895269643,0.0,0.0,0.0,0.0755904022159715,0.6458870549376283,Kwara
30,68248.77,283,8,40933.880000000005,5116.735000000001,0.0,0.0581344841974423,0.4651672404375054,0.0150796846035606,0.0150796846035606,0.0,0.0,0.4465389061579308,0.0,Kwara
47,71735.88,118,6,34473.91,5745.651666666666,0.172256642777103,0.0,0.0,0.0,0.0,0.6216208141171106,0.1459715477588703,0.0,0.0601509953469159,Enugu
54,11179.54,65,14,123041.495,8788.678214285714,0.19248108128075,0.2311205256405573,0.0290120824686013,0.0179573565812086,0.0,0.0211228740353,0.0744141640996803,0.0,0.4338919158939023,Rivers
18,58343.93,10,13,87830.45,6756.1884615384615,0.091240794052632,0.0325004596925098,0.0,0.0,0.0,0.3600495044713991,0.3417306867948416,0.0,0.1744785549886172,Delta
28,41630.7,13,8,38671.45,4833.93125,0.0368625950151856,0.0,0.5104538360987241,0.200407277203208,0.0368160490491047,0.0699598799631252,0.0,0.1455003626706524,0.0,Plateau
43,161979.87,205,10,238314.06,23831.406,0.0016970043647445,0.8058955061233063,0.0156344950860221,0.0,0.0,0.0142610133871245,0.1129667716625699,0.0020304299293126,0.0475147794469197,Kano
46,17104.82,5,9,121738.7,13526.522222222222,0.0081767753393128,0.0815479383302105,0.0173728649969155,0.0148311917245707,0.0287085372194708,0.0,0.0140932998298815,0.8352693925596381,0.0,Rivers
51,9029.17,114,5,87129.16,17425.832000000002,0.1162204478959742,0.1267809766558061,0.0,0.0,0.0,0.309021916428438,0.4321437277715061,0.0,0.0158329312482755,Enugu
22,24494.66,115,6,516569.8341500111,86094.97235833519,0.0083845972290016,0.0,0.0,0.0735000139186876,0.0079470571616999,0.9101683316906108,0.0,0.0,0.0,Edo
40,106314.53,5,7,102149.97,14592.852857142858,0.0,0.0,0.0243401931493469,0.0,0.0,0.0,0.4155274837574597,0.045788168121831,0.5143441549713622,Delta
18,45199.57,292,7,106515.61,15216.515714285715,0.0,0.0537438597028172,0.0,0.057423038745213,0.0,0.0387818273772266,0.4713199314166252,0.3787313427581179,0.0,Abuja FCT
49,12821.26,235,9,199840.2,22204.466666666667,0.0666643648274971,0.0144098634809212,0.0578651342422595,0.0,0.0,0.0,0.1798411430733155,0.0434235454127848,0.6377959489632216,Lagos
35,151855.99,77,7,329649.10000000003,47092.728571428575,0.0135930600144213,0.1842322942789772,0.04092748926055,0.7467464646498353,0.0,0.0,0.0,0.0075812128715048,0.0069194789247111,Kano
18,49852.86,64,6,146922.95500000002,24487.159166666668,0.5658808046707201,0.0344734762515496,0.0,0.2831911459989352,0.0,0.007165047830681,0.1092895252481138,0.0,0.0,Anambra
18,4591.62,14,9,115896.57,12877.396666666667,0.0,0.2815666589615206,0.0223133436994727,0.0113595251352132,0.0,0.6363099442891191,0.0324500543890125,0.0160004735256617,0.0,Enugu
41,56070.75,66,6,25784.475,4297.412499999999,0.0300960170800452,0.1964339006320664,0.0,0.0433722230140423,0.0,0.0,0.4419213499596172,0.0494623218041088,0.2387141875101199,Rivers
76,142792.46,153,4,64799.75,16199.9375,0.1429027118160178,0.0,0.0,0.8570972881839822,0.0,0.0,0.0,0.0,0.0,Anambra
38,81802.33,14,8,78510.03,9813.75375,0.0454233681989422,0.0,0.0,0.0,0.0174883387511124,0.0940981680939365,0.1140413524233782,0.0,0.7289487725326306,Delta
51,23907.79,66,9,32110.53,3567.8366666666666,0.0,0.0278323029859675,0.401857895213813,0.0,0.0,0.1247684170893473,0.0634794878813896,0.3273334323662673,0.054728464463215,Oyo
19,28345.15,184,7,25854.84,3693.548571428571,0.151053729205054,0.1436833490363893,0.0229349707830332,0.1595681891669025,0.0,0.0,0.5227597618086207,0.0,0.0,Rivers
43,22854.81,392,4,34759.05,8689.7625,0.0,0.6874897328897078,0.0,0.1823435910935425,0.0,0.0,0.0,0.1301666760167495,0.0,Plateau
45,122955.03,178,1,1355.72,1355.72,0.0,1.0,0.0,0.0,0.0,0.0,0.0,0.0,0.0,Rivers
19,21772.79,10,6,14156.29,2359.3816666666667,0.0,0.0,0.0,0.0,0.0,0.0435657930149777,0.6798327810464465,0.0935577047376113,0.1830437212009643,Plateau
52,19876.71,56,6,33909.11,5651.518333333333,0.3966090528474501,0.0,0.0,0.2089167188404532,0.0,0.3527774689456609,0.0,0.0,0.0416967593664357,Cross River
18,123495.16,66,5,83423.26,16684.652,0.0,0.0,0.0378575471637047,0.0,0.0,0.0,0.0,0.191899237694619,0.7702432151416764,Enugu
49,35699.09,35,7,172100.97,24585.85285714285,0.0830646102691925,0.031319172692635,0.0,0.008302626068871,0.0,0.0,0.0180824663568136,0.7450543712798365,0.1141767533326511,Delta
31,29808.06,49,6,94522.81,15753.801666666666,0.0474825071324054,0.3659929280562015,0.0,0.0,0.0,0.0,0.0,0.4834101948513803,0.1031143699600128,Lagos
36,14094.19,6,6,81953.95,13658.991666666669,0.0358885691293708,0.0408107235831829,0.0405125073288108,0.1760923054959522,0.0,0.0,0.706695894462683,0.0,0.0,Kwara
25,47786.72,303,7,51528.47,7361.21,0.740938941132931,0.078125742914548,0.0323324173995463,0.0,0.0,0.0,0.0812329572370381,0.0673699413159366,0.0,Enugu
37,52667.47,190,6,41212.55,6868.758333333334,0.0,0.0,0.0,0.1619237343964399,0.0405808424860873,0.0,0.3031799779436118,0.3779491926609734,0.1163662525128874,Anambra
31,11549.55,22,7,28756.25,4108.035714285715,0.0608086937622256,0.0,0.0,0.0,0.0,0.0,0.6065147576613779,0.3326765485763964,0.0,Kaduna
37,47550.26,4,8,33376.0,4172.0,0.0772312440076701,0.0703412631831256,0.1444160474592521,0.2251806687440076,0.0,0.0,0.0695910234899328,0.4132397531160115,0.0,Edo
37,36236.485,287,4,67341.6,16835.4,0.0364165686588973,0.0,0.0308195825463012,0.0,0.0,0.0,0.0,0.5365203677964289,0.3962434809983724,Unknown
27,18344.18,29,6,35759.21,5959.868333333333,0.0,0.0,0.2964830598886273,0.6369684900757036,0.0,0.0,0.0,0.0665484500356691,0.0,Ogun
59,24102.16,531,2,5395.76,2697.88,0.0,0.0,0.0,0.3740881729357866,0.0,0.0,0.0,0.6259118270642133,0.0,Imo
52,204146.15,27,6,118736.52,19789.42,0.0,0.0983266142548223,0.0,0.5754365211309881,0.0,0.0418572988327432,0.0,0.1717462327513051,0.112633333030141,Ogun
28,88481.95,271,6,101650.47,16941.745,0.0,0.0,0.0505021767238262,0.2812996339318451,0.0,0.6595776684554435,0.0,0.0,0.0086205208888852,Anambra
44,2727405.85,243,6,48231.54,8038.59,0.1269760409889462,0.0,0.0,0.1825139732216719,0.0,0.0,0.1443333553106535,0.0,0.5461766304787283,Abuja FCT
50,28698.85,79,12,87596.55,7299.712500000001,0.1355892440969421,0.0,0.1710503438776983,0.3528693767049045,0.0,0.0773803306180437,0.0,0.0501565415532917,0.2129541631491194,Lagos
35,73316.79,6,8,122640.94,15330.1175,0.0,0.2803974757532028,0.0,0.0110050526357674,0.0,0.106524705371632,0.0769186048313067,0.5251541614080909,0.0,Plateau
33,46852.9,308,7,53182.600000000006,7597.514285714286,0.0,0.2049557562059771,0.0,0.0,0.0,0.0344033574891035,0.1771306780789205,0.1206631492254985,0.4628470590005001,Rivers
37,36236.485,227,6,33995.82,5665.97,0.0,0.0,0.0729363198181423,0.5989148077616601,0.1646008244543005,0.0,0.0,0.0469116497263487,0.1166363982395482,Unknown
59,227957.63,15,8,40620.84,5077.6050000000005,0.0,0.2111647617331399,0.1186590429936948,0.0,0.0,0.0898504314534116,0.0384287966472382,0.5418969671725153,0.0,Ogun
35,219786.95,19,10,213662.35,21366.235,0.0,0.0106710892209132,0.0917029134987984,0.2323417766396372,0.0,0.597452382228315,0.062752609432593,0.005079228979743,0.0,Rivers
32,46859.27,1,6,513727.8641500111,85621.31069166852,0.0052733950969981,0.0440617914261902,0.9506648134768116,0.0,0.0,0.0,0.0,0.0,0.0,Edo
49,39319.55,97,6,46542.1,7757.016666666666,0.0679043274798515,0.0,0.3407151804495285,0.0,0.0,0.0448445600864593,0.0,0.0,0.5465359319841606,Ogun
32,89067.85,132,8,32027.13,4003.39125,0.0,0.0,0.1219375573146891,0.2507046369749647,0.0,0.0207486590275182,0.0060055334336857,0.3284939986817426,0.2721096145673995,Cross River
41,17461.21,14,6,26837.71,4472.951666666667,0.1755343507326072,0.1986656089509872,0.0,0.0,0.0,0.2554729893124264,0.3703270510039791,0.0,0.0,Kaduna
40,162485.76,370,4,30594.01,7648.5025,0.1204866573554757,0.0,0.6526624002541674,0.0,0.0,0.0,0.2268509423903568,0.0,0.0,Rivers
43,4357.09,22,3,70357.94,23452.646666666667,0.0,0.0,0.0,0.0,0.0,0.0148351415632691,0.8994687735314594,0.0,0.0856960849052715,Plateau
31,208529.2,94,4,30000.89,7500.2225,0.0,0.0866984279466376,0.1523274809513984,0.0,0.0,0.1096797461675303,0.0,0.0,0.6512943449344336,Kwara
63,1111154.82,98,4,8176.18,2044.045,0.7584287527916459,0.0,0.0,0.0,0.0,0.0,0.0122306504993774,0.0,0.2293405967089766,Oyo
46,17119.99,232,6,23273.04,3878.84,0.2217372547806388,0.0,0.0,0.0,0.0,0.0,0.0572078250198513,0.040348832812559,0.6807060873869507,Plateau
28,28181.55,57,8,48632.01,6079.00125,0.7110532754044095,0.0666988676799499,0.0165354053842314,0.0928102704371051,0.0,0.0163281344941325,0.0395077234109797,0.0,0.0570663231891916,Cross River
59,110836.02,110,7,43734.04,6247.72,0.0,0.0,0.4620913137684055,0.0,0.0,0.0,0.4087699192665484,0.0,0.129138766965046,Imo
48,16002.87,86,7,65602.73,9371.81857142857,0.0,0.0,0.0,0.1642960590207145,0.0,0.4342756772469682,0.0,0.3278290400414739,0.0735992236908433,Enugu
65,15613.91,182,4,13959.53,3489.8825,0.3647336264186545,0.0,0.2174937121808542,0.2607945969527627,0.0,0.0,0.0,0.1569780644477285,0.0,Anambra
51,11840.05,30,9,93336.81,10370.756666666666,0.0583873607850964,0.0,0.0093311524145725,0.3556477878341889,0.5273892476076695,0.013727167234449,0.0,0.0355172841240235,0.0,Cross River
62,90400.79,26,10,76083.95,7608.394999999999,0.1129361711635634,0.1069229449837974,0.2297128369386709,0.1153858336745134,0.0,0.0,0.0,0.1940212094666483,0.2410210037728062,Rivers
39,132817.04,21,4,45256.73,11314.1825,0.3452370509314305,0.0,0.0186703723402022,0.5614943898951603,0.0,0.0,0.0,0.0,0.0745981868332069,Edo
35,46865.0,49,5,14834.670000000002,2966.934,0.059520029768104,0.0,0.0,0.0,0.0,0.0,0.292239058907276,0.3432101961149119,0.3050307152097081,Kaduna
52,147542.46,68,5,70821.29000000001,14164.258000000002,0.7091195317114387,0.0,0.0731054178764605,0.0415489466514942,0.0,0.0,0.1334780826500053,0.042748021110601,0.0,Kano
32,9873.07,225,4,16154.06,4038.515,0.0,0.0,0.0,0.0,0.0,0.6539736759675276,0.192238359892188,0.0,0.1537879641402842,Lagos
21,70612.81,103,8,73709.89,9213.73625,0.0618193840745115,0.0,0.6261853056625102,0.1553450968384296,0.0,0.0,0.0338471540250568,0.0992564227134242,0.0235466366860675,Enugu
27,108133.19,5,5,39648.490000000005,7929.698000000001,0.0259931714927857,0.0,0.1800409044581521,0.465698441479108,0.0,0.0,0.0,0.3282674825699541,0.0,Delta
31,2188.77,235,6,202564.28,33760.71333333333,0.7160631677016304,0.1394730107400969,0.0,0.0,0.018792948095291,0.0,0.1256708734629817,0.0,0.0,Edo
49,26744.07,16,6,43849.98,7308.330000000001,0.2270146987524281,0.0,0.0,0.0,0.5282036616664363,0.1009852227982772,0.0,0.0,0.1437964167828583,Cross River
21,8497.25,46,10,49923.36,4992.336,0.0,0.0,0.1141365485015431,0.2765164444059855,0.0,0.0188090304819226,0.3429272388717426,0.0,0.247610737738806,Kano
39,5439.21,101,6,109343.15,18223.858333333334,0.3106817390938527,0.0,0.2033395781994574,0.1842216910707255,0.0,0.0,0.0230064709129012,0.1716746773803389,0.1070758433427242,Abuja FCT
33,211292.52,216,8,124181.36,15522.67,0.0,0.0,0.0254250718465315,0.2595015870336739,0.0,0.0,0.1861376779896757,0.2600250955537932,0.2689105675763254,Delta
26,105107.39,20,4,18911.26,4727.815,0.635984064520291,0.0,0.2548761954518102,0.0,0.0,0.0,0.0,0.0,0.1091397400278987,Kano
21,15935.54,104,5,84318.16,16863.632,0.1689996555902073,0.2166355385364196,0.131099160607869,0.0,0.0,0.0,0.4832656452655038,0.0,0.0,Delta
18,10592.99,54,5,30755.73,6151.146,0.0,0.0,0.0621955648589709,0.0,0.5193754139472547,0.206353092578196,0.2120759286155783,0.0,0.0,Enugu
55,131690.82,91,6,26663.5,4443.916666666667,0.0360455304067358,0.094865640294785,0.290350854163932,0.0,0.0,0.0583426781930354,0.4817432070058319,0.0,0.0386520899356798,Cross River
21,130210.74,129,4,32776.21,8194.0525,0.156340833793779,0.0,0.0,0.0,0.0,0.0,0.0629688423402217,0.6108601330050057,0.1698301908609934,Imo
41,635299.25,67,11,97971.84,8906.530909090909,0.3171266355720174,0.0,0.1762069590608893,0.1330913046034452,0.0,0.1869981210927548,0.0,0.0,0.1865769796708932,Ogun
28,39743.24,91,7,63487.3,9069.614285714286,0.0245523120372105,0.0444767693696219,0.446970968996949,0.0524708091224544,0.0,0.0,0.4161551995438458,0.0153739409299182,0.0,Anambra
25,124389.05,410,4,43132.97,10783.242499999998,0.0,0.859953302543275,0.0157030689052944,0.0,0.0,0.1243436285514306,0.0,0.0,0.0,Kaduna
26,76673.43,149,5,60131.21,12026.242,0.2026333745820182,0.2140874930007229,0.1215673192007943,0.0,0.0,0.0,0.1294908251472072,0.0,0.3322209880692572,Kwara
26,37535.21,14,13,132120.09,10163.083846153846,0.2084261371605181,0.1781122008015586,0.0,0.0869032862451123,0.0,0.0339942244968195,0.4126075754262656,0.0799565758697258,0.0,Delta
28,76692.37,94,4,39592.11,9898.0275,0.0,0.0,0.0,0.182463122071544,0.0,0.0,0.4683958495771001,0.2414195656659875,0.1077214626853683,Oyo
55,220725.7,43,6,32162.16,5360.36,0.0,0.0,0.6631451370181605,0.0,0.0,0.0553992642285219,0.0,0.0807022911396498,0.2007533076136677,Imo
37,91339.61,193,6,48063.37,8010.561666666666,0.1286605579259215,0.1904271381719592,0.3381250628077057,0.0,0.2359655596351234,0.1068216814592901,0.0,0.0,0.0,Plateau
43,55138.51,37,3,40742.10999999999,13580.703333333331,0.9184968574283462,0.0,0.0,0.0,0.0,0.0469727758331613,0.0345303667384924,0.0,0.0,Kaduna
46,49956.22,177,6,63829.01,10638.168333333331,0.0298271898624152,0.0,0.0,0.0218515060785056,0.0,0.0342068598588635,0.0392241709529883,0.0,0.8748902732472272,Ogun
45,8357.97,34,8,196851.2,24606.4,0.0,0.6743161332011184,0.0241071428571428,0.0878376662169191,0.0,0.0113085924800052,0.0820579198907601,0.013822318583783,0.1065502267702711,Imo
19,249576.58,21,8,705032.7241500111,88129.09051875139,0.2783569943318593,0.0012077595419795,0.0,0.0,0.6668704700435623,0.0008236213442433,0.0505571284552401,0.0,0.0021840262831152,Kaduna
29,4659.34,197,5,51117.990000000005,10223.598000000002,0.0,0.3888022592437614,0.0,0.5295219941159658,0.0,0.0,0.0,0.0816757466402728,0.0,Cross River
49,17769.85,66,6,513008.3641500111,85501.39402500185,0.0036905636093028,0.0,0.0,0.9322859773299094,0.0,0.0312150855991061,0.0,0.0,0.0328083734616817,Kano
28,8365.98,6,8,58440.11,7305.01375,0.0,0.0,0.2171780648599053,0.0074633671976319,0.0,0.0835332103242105,0.0497807071205033,0.3610994229819211,0.2809452275158277,Kaduna
20,12471.79,153,5,22937.1,4587.42,0.7152037528719847,0.0,0.0822671567024602,0.0502661626796761,0.0,0.0,0.0,0.0,0.1522629277458789,Kano
42,7877.54,28,5,34170.2,6834.039999999999,0.1730496163323598,0.5400697098641507,0.0,0.0,0.0,0.0,0.2868806738034896,0.0,0.0,Rivers
25,43316.8,346,3,59347.53,19782.51,0.784582104764933,0.0,0.0,0.0568310088052527,0.0,0.0,0.0,0.0,0.1585868864298143,Anambra
32,8680.03,112,5,39373.0,7874.6,0.0,0.0,0.0,0.0,0.0,0.7132791506870191,0.2459416351306732,0.0,0.0407792141823076,Kwara
46,331447.6,101,8,160313.22,20039.1525,0.4089188028286127,0.005067766713188,0.1126847804566585,0.0,0.0,0.4551653943448956,0.0181632556566451,0.0,0.0,Kano
25,129082.19,21,7,40468.52,5781.217142857144,0.0,0.3328354978141034,0.1891186037937636,0.0,0.0,0.2886749997281838,0.0200644846908164,0.0,0.1693064139731326,Kaduna
18,30433.7,52,6,51694.98,8615.83,0.1743668340717029,0.0,0.6926943389861067,0.0,0.0,0.0258613118720618,0.0,0.1070775150701286,0.0,Delta
28,27659.64,57,8,149881.01,18735.12625,0.0,0.0,0.0313415288567911,0.0,0.0,0.4438185331150357,0.0,0.3843856536595263,0.1404542843686468,Ogun
45,145104.88,241,9,79153.29999999999,8794.81111111111,0.0,0.1679967859836545,0.1601791713042917,0.0,0.0,0.2036666822482448,0.0133617928753444,0.0552056578816044,0.39958990970686,Cross River
37,86025.85,136,5,29053.3,5810.66,0.0,0.0619626686125156,0.520863722881738,0.0,0.0,0.3762150943266342,0.0,0.0409585141791121,0.0,Ogun
37,36236.485,9,4,18831.78,4707.945000000001,0.0,0.0,0.4278039569281289,0.0,0.0,0.3106116362871698,0.0,0.2615844067847012,0.0,Unknown
37,136311.28,116,4,81698.64,20424.66,0.0,0.0,0.3416850023452042,0.0,0.0,0.0,0.0,0.3773394514278328,0.2809755462269629,Kwara
53,197670.42,212,4,18689.92,4672.4800000000005,0.1955342773002773,0.3453428372085059,0.0,0.0,0.3394856692805533,0.0,0.1196372162106632,0.0,0.0,Enugu
41,18994.86,30,6,118529.97,19754.995,0.121249756496184,0.7667277735749027,0.0580240592316019,0.0,0.0,0.0,0.0,0.0069059327358304,0.0470924779614809,Lagos
27,12380.87,192,9,248363.66,27595.962222222224,0.0,0.0095704419881716,0.0,0.7274526394078747,0.0,0.1261876636863863,0.0134975462996478,0.0,0.1232917086179193,Edo
50,20585.68,157,8,17899.97,2237.49625,0.1436030339715653,0.0,0.0,0.0383726900100949,0.0,0.0835621512214824,0.1958701606762469,0.5385919641206103,0.0,Abuja FCT
48,41834.61,404,4,7299.93,1824.9825,0.4305890604430453,0.0,0.0,0.2225500792473352,0.0,0.0,0.0,0.0,0.3468608603096194,Abuja FCT
55,37304.72,45,6,49263.53,8210.588333333333,0.2684592435824229,0.2576299343550898,0.0062135214427386,0.2125673901159742,0.0,0.0,0.0,0.2551299105037743,0.0,Imo
37,36236.485,157,5,38246.16,7649.232000000001,0.0,0.0,0.0,0.0,0.0,0.0,0.4869694107852918,0.180250252574376,0.3327803366403319,Unknown
45,6909.06,248,4,9205.41,2301.3525,0.0,0.0,0.0,0.0,0.1839483521103351,0.6883267556795406,0.0,0.0,0.1277248922101242,Plateau
44,9186.39,236,3,14188.82,4729.606666666667,0.0,0.1573830663860701,0.0,0.0,0.0,0.0,0.0,0.5627486993280625,0.2798682342858673,Oyo
23,52969.65,82,2,8081.48,4040.74,0.0,0.0,0.0,0.8169246227176211,0.0,0.0,0.1830753772823789,0.0,0.0,Edo
51,88361.84,266,6,22902.45,3817.075,0.0467373577935985,0.0,0.2601127826935546,0.0,0.0,0.4142792583326238,0.0,0.0,0.278870601180223,Kaduna
21,104772.77,30,4,48092.23,12023.0575,0.5971887766485355,0.0,0.0,0.0,0.0,0.0088267896913908,0.0,0.2577859250860274,0.1361985085740461,Enugu
25,9465.41,40,5,28667.61,5733.522,0.3844370005033555,0.0,0.0,0.0,0.0,0.5663122946070496,0.0,0.0492507048895949,0.0,Ogun
51,40274.62,305,5,65427.39,13085.478,0.0130589039238765,0.0262688149412654,0.0,0.0,0.0,0.960672281134858,0.0,0.0,0.0,Ogun
30,14651.79,105,6,32749.74,5458.29,0.2157772855601296,0.0,0.1966895004357286,0.0,0.3514430954261011,0.2360901185780406,0.0,0.0,0.0,Abuja FCT
33,19322.74,109,4,14265.34,3566.335,0.0,0.0,0.0,0.0,0.0,0.3073204003549862,0.436637332163131,0.0,0.2560422674818827,Cross River
37,390441.44,513,1,2771.75,2771.75,1.0,0.0,0.0,0.0,0.0,0.0,0.0,0.0,0.0,Kwara
24,20324.47,9,9,213625.98,23736.22,0.0735757420515987,0.006909740098091,0.0,0.0357947099879892,0.7512267936699459,0.0,0.0092387171260724,0.0,0.1232542970663025,Kano
39,58172.98,198,8,54724.87,6840.608749999999,0.0,0.1514638591192633,0.4054217031488608,0.0,0.0,0.0798887233537512,0.2672896253568076,0.095936089021317,0.0,Abuja FCT
28,46078.62,30,6,26695.45,4449.241666666666,0.1466987820021764,0.0,0.0259392518200667,0.0992951982453938,0.0,0.0596468686611388,0.0,0.6684198992712241,0.0,Cross River
19,7721.7,6,7,53994.06,7713.437142857142,0.0430480686208816,0.0,0.2569632659592555,0.3725895033638885,0.0,0.0,0.0,0.1419337608618429,0.1854654011941313,Ogun
33,44495.72,57,6,156480.66,26080.11,0.0,0.0,0.009075626342578,0.0690278274644291,0.0,0.0,0.7403004307369357,0.0,0.1815961154560569,Delta
25,82080.18,72,12,136250.24,11354.186666666666,0.0957985835474491,0.0441570598334358,0.0,0.071493892414428,0.0,0.1403345050988534,0.1171558303310144,0.4554866839133641,0.0755734448614549,Kaduna
42,9170.76,75,5,74594.11,14918.822,0.0,0.0,0.0,0.5592189517376104,0.0,0.0,0.00468830581932,0.0,0.4360927424430695,Edo
20,253041.42,68,4,17562.239999999998,4390.56,0.0,0.0,0.4831035221019642,0.0,0.0,0.3322508973798331,0.0,0.1846455805182027,0.0,Kwara
37,87155.59,299,6,104683.45,17447.241666666665,0.1939021879771826,0.7391184566423823,0.0,0.0,0.0,0.0,0.066979355380435,0.0,0.0,Delta
37,32607.36,62,4,24032.99,6008.2475,0.3117835109156205,0.0,0.0264786029536899,0.0,0.0,0.0,0.0,0.0,0.6617378861306895,Kaduna
48,5138.68,181,5,30335.23,6067.046,0.2244591519497297,0.0,0.0,0.0505794747559191,0.0,0.0,0.2794012110671321,0.0,0.4455601622272189,Rivers
23,39983.46,148,7,30608.85,4372.692857142857,0.2509385357502813,0.0451516473176875,0.2021101740182986,0.0,0.0,0.0591812498672769,0.0,0.1888228404530062,0.2537955525934493,Delta
45,59425.54,4,8,99779.67,12472.45875,0.3587649668514637,0.0,0.0224121807578638,0.0590459960430817,0.0,0.1492687839115924,0.1029797953831677,0.0,0.3075282770528305,Kwara
44,73846.0,16,6,30025.870000000003,5004.311666666667,0.4394916783427091,0.2359252204848685,0.0,0.0,0.0,0.1416155468600909,0.0,0.0,0.1829675543123313,Kano
40,111958.52,38,4,43254.670000000006,10813.6675,0.0,0.9217776947552716,0.0,0.0,0.0,0.0582367175613638,0.0,0.0199855876833645,0.0,Kwara
28,33300.67,136,7,37575.97,5367.995714285715,0.3908354195513782,0.2827197807534975,0.0,0.0,0.0,0.0,0.0962820121476571,0.0,0.2301627875474671,Ogun
32,21203.64,111,5,21413.42,4282.684,0.0211670998840913,0.0,0.8047285300526493,0.0,0.1098451344997669,0.0,0.0,0.0,0.0642592355634924,Lagos
30,31224.49,61,9,164562.22,18284.69111111111,0.0,0.1658296175148828,0.539910618609788,0.0,0.0,0.0916154388291553,0.0,0.0120956681308747,0.1905486569152993,Cross River
29,56127.65,17,10,76428.32999999999,7642.832999999999,0.1659002623765297,0.4260312897063171,0.002554026759449,0.0,0.0,0.1798541195391814,0.2256603016185228,0.0,0.0,Imo
18,21318.76,13,11,123056.45,11186.95,0.1925236751100815,0.4062915028021692,0.012624531261872,0.067303745557425,0.0,0.1803013169971992,0.0116189764941211,0.0,0.1293362517771315,Rivers
58,68287.25,547,5,63968.47,12793.694,0.0,0.0,0.6199014920944647,0.0,0.0,0.1031528501463299,0.0,0.1642270012085641,0.1127186565506412,Delta
33,51414.46,54,6,23388.9,3898.15,0.229553762682298,0.351031899747316,0.0,0.0,0.0,0.0,0.4194143375703859,0.0,0.0,Delta
18,11981.33,144,2,70060.85,35030.425,0.0,0.0,0.0,0.4098354501836617,0.0,0.0,0.0,0.5901645498163381,0.0,Cross River
43,24172.61,137,5,47870.530000000006,9574.106000000002,0.0,0.0379076646947506,0.0,0.6108311313870977,0.0,0.1324303282207237,0.0481891468508913,0.0,0.1706417288465367,Kwara
37,36236.485,1,3,4025.25,1341.75,0.4097136823799763,0.0,0.4908962176262343,0.0,0.0,0.0,0.0,0.0,0.0993900999937892,Unknown
28,3366.96,44,5,25628.79,5125.758,0.1846119149596996,0.0,0.0,0.7018161996723216,0.1135718853679787,0.0,0.0,0.0,0.0,Lagos
54,31665.93,28,13,156869.54,12066.887692307691,0.1380398642081821,0.0431615341002466,0.0586133547660049,0.1615703724253924,0.0,0.024938620971286,0.4571621743775114,0.0021229742880612,0.114391104863315,Ogun
18,24413.46,27,7,42069.39,6009.912857142857,0.575384620504362,0.0654901342757762,0.0,0.0,0.0,0.228494399372085,0.1306308458477767,0.0,0.0,Lagos
40,159478.18,332,3,46319.52,15439.840000000002,0.0,0.0986737340974172,0.0,0.0,0.0,0.3503307029088384,0.0,0.0,0.5509955629937443,Edo
34,29269.39,65,7,52303.67,7471.952857142857,0.4729679580801882,0.0,0.0,0.2516391297207251,0.0,0.0044186191905845,0.0161571836163695,0.2548171093921325,0.0,Kaduna
42,23604.36,110,11,141266.89,12842.444545454548,0.1762974324698448,0.0,0.0241619249917655,0.0,0.0,0.2112419973286026,0.423521038794016,0.0362191735090933,0.1285584329066775,Edo
46,33259.67,29,8,25219.13,3152.39125,0.1236442335639651,0.0529820021547135,0.2044789015322891,0.3458957545323728,0.0,0.0,0.0569896741085041,0.0,0.2160094341081551,Oyo
61,29436.95,91,8,136708.53999999998,17088.567499999997,0.5721445053834968,0.0315101748581324,0.0270426412278267,0.0,0.0,0.3405925482051084,0.003913508256324,0.0,0.0247966220691114,Kano
18,16904.51,361,5,115758.91,23151.782,0.0,0.0403533516340124,0.3524066527578741,0.0,0.0234549547849059,0.0,0.5120106089457822,0.0,0.0717744318774252,Kaduna
46,82506.0,67,2,2811.44,1405.72,0.0,0.0,0.0,0.61722462510315,0.0,0.0,0.0,0.38277537489685,0.0,Enugu
54,39569.27,16,5,95022.83,19004.566,0.0,0.4141794135156783,0.0,0.0,0.1019399232794898,0.277043316853434,0.0,0.0,0.2068373463513978,Abuja FCT
26,20028.12,91,3,57245.37,19081.79,0.0,0.0,0.0,0.0884789459828803,0.0,0.0263292909103391,0.0,0.0,0.8851917631067805,Delta
18,8464.65,40,10,133524.52,13352.452,0.0141867576082655,0.0562124469722864,0.0387756495960442,0.1206576140472176,0.0,0.1209189143686867,0.4638222253111263,0.0,0.185426392096373,Oyo
39,75247.47,170,4,113706.84,28426.71,0.0,0.384815460529903,0.0311622414271648,0.5840222980429322,0.0,0.0,0.0,0.0,0.0,Plateau
35,198095.46,44,11,169466.45,15406.04090909091,0.0729788108501712,0.1201828444509222,0.0111858128850872,0.3854964802767745,0.0,0.0,0.0749104026195155,0.3244888294998803,0.0107568194176487,Abuja FCT
47,23560.19,79,4,17585.32,4396.33,0.0,0.0,0.0,0.6603439687193636,0.0,0.3396560312806364,0.0,0.0,0.0,Kwara
18,17481.24,101,6,39683.98,6613.996666666666,0.0,0.0,0.0,0.5302343666134294,0.0,0.097951112766411,0.0,0.136287489309288,0.2355270313108715,Kano
41,29552.93,439,6,22350.95,3725.158333333333,0.022464369523443,0.178575407309309,0.0315051485507327,0.0,0.0,0.7674550746165152,0.0,0.0,0.0,Enugu
30,37643.02,143,4,18047.43,4511.8575,0.0,0.0,0.0,0.0,0.0,0.8090415089572309,0.1909584910427689,0.0,0.0,Delta
63,102100.1,240,5,26634.27,5326.854,0.853310790947152,0.0,0.0,0.0912579920530955,0.0,0.0,0.0554312169997525,0.0,0.0,Kano
18,9025.42,95,5,26299.11,5259.822,0.0,0.0,0.0,0.0,0.0,0.7205057509550703,0.0,0.2794942490449297,0.0,Imo
33,46632.76,163,2,3190.53,1595.265,0.0,0.5024337649230692,0.4975662350769308,0.0,0.0,0.0,0.0,0.0,0.0,Anambra
34,14363.26,76,4,27441.300000000003,6860.325000000001,0.0,0.0,0.9009558585052458,0.0695371574961827,0.0,0.0132854493045154,0.016221534694056,0.0,0.0,Abuja FCT
18,63019.47,233,5,24066.11,4813.222,0.5577228725373564,0.0,0.0846863078411924,0.1163831628792521,0.0,0.0,0.1512733050750619,0.0,0.0899343516671369,Lagos
48,16360.95,93,6,46332.69,7722.114999999999,0.0598883855006044,0.0,0.3617821456082088,0.0964282453706011,0.0,0.0477628214550029,0.0,0.4341384020655826,0.0,Kano
35,35533.32,199,5,13268.69,2653.7380000000003,0.2926536078542796,0.0,0.0854877158182156,0.5601344217100558,0.0,0.061724254617449,0.0,0.0,0.0,Oyo
41,27315.36,10,9,37806.31,4200.701111111111,0.0805762318512438,0.1419733901562993,0.1652946293885862,0.0879416689965246,0.0,0.2419516742046499,0.1819709461198408,0.0,0.1002914592828551,Kaduna
20,11073.28,199,9,82554.7,9172.744444444445,0.0,0.4832981041660861,0.1783940829534841,0.0,0.0,0.0956508835959672,0.0335560543494192,0.0181649258007115,0.1909359491343315,Anambra
42,5222.1,19,8,90042.36,11255.295,0.2028978360851493,0.0,0.7083884740471041,0.0450659000941334,0.0,0.0,0.0,0.0,0.0436477897736132,Anambra
35,5113.67,42,5,19132.96,3826.592,0.3466766250491298,0.0,0.5765631663893093,0.0,0.0,0.0,0.0767602085615607,0.0,0.0,Plateau
50,38580.54,37,8,113710.01,14213.75125,0.080032883648502,0.0498400272764024,0.1375193793404819,0.0,0.0,0.0,0.0121274283592095,0.0433216037884439,0.67715867758696,Enugu
39,4031.84,63,7,71713.55,10244.792857142858,0.0870286019866538,0.0,0.0,0.0,0.0,0.6216210186220038,0.1316020473118399,0.0758586069159872,0.0838897251635151,Kano
55,73970.25,82,9,42082.46,4675.828888888889,0.0185079484421775,0.5472636343027475,0.1146282798106384,0.0,0.0,0.1246481313117151,0.0,0.1949520061327213,0.0,Ogun
50,23751.41,134,8,106819.44,13352.43,0.0,0.0,0.0,0.6827007331249818,0.0,0.2465535299567195,0.0,0.0523035881858208,0.0184421487324779,Kano
45,404133.76,24,10,106181.25,10618.125,0.3684223909588557,0.0,0.0595448819824592,0.0,0.0431065748425451,0.3740904349873447,0.1375430219553829,0.0,0.0172926952734122,Imo
30,52358.43,146,15,311631.7,20775.446666666667,0.0230902055214536,0.0757994773959131,0.2745683767087879,0.0,0.0,0.0,0.4084527665189388,0.216941569166423,0.0011476046884832,Lagos
32,30143.91,39,8,205251.57,25656.44625,0.2420122779085197,0.0525316810000527,0.3218663321308577,0.0,0.0,0.1843920122023914,0.109239213127578,0.0899584836306002,0.0,Lagos
35,13229.16,271,5,57938.14,11587.628,0.3510628749904639,0.2480379936256151,0.1461360340528708,0.0,0.0,0.0,0.0,0.2547630973310499,0.0,Edo
35,29201.77,92,5,30778.52,6155.704,0.0,0.0,0.0,0.0,0.0,0.1266191486790138,0.368117765246672,0.4422896227628878,0.0629734633114262,Ogun
37,16525.57,83,8,55047.27,6880.90875,0.2909993538280827,0.0216875423613196,0.1092188586282298,0.0,0.0,0.0,0.1787798014324779,0.0246578985660869,0.374656545183803,Abuja FCT
48,5437.99,39,5,12398.19,2479.638,0.4539485199049215,0.2157742380137745,0.0,0.0498225950723452,0.0,0.0,0.2245174497245162,0.0559371972844423,0.0,Oyo
42,27183.39,129,6,52209.03,8701.505,0.0181637161234368,0.0,0.0,0.2457965604800548,0.0,0.4915201450783513,0.1014805293260572,0.0,0.1430390489920996,Plateau
39,50867.64,18,9,142087.65,15787.516666666666,0.2604367796919718,0.0037617625458651,0.0,0.0131292198864574,0.0,0.0,0.0354162377940658,0.6872560000816398,0.0,Kwara
25,102216.49,9,6,47918.97,7986.495,0.1123039581193001,0.0,0.0,0.5704832553788197,0.0,0.0,0.0122874093495749,0.0,0.3049253771523052,Abuja FCT
38,55667.02,247,6,53449.7,8908.283333333333,0.0803673360187241,0.095024480960604,0.0,0.0,0.0,0.789142876386584,0.0,0.0,0.0354653066340877,Kwara
58,204769.05,4,2,5163.77,2581.885,0.7557947003836344,0.0,0.0,0.0,0.0,0.0,0.2442052996163655,0.0,0.0,Imo
33,52921.85,36,9,512874.96415001113,56986.10712777902,0.0097565690465959,0.0012682623357878,0.0198537279293315,0.0315512963804311,0.0,0.9197921074814484,0.0,0.0125208685330207,0.0052571682933842,Rivers
40,114898.93,154,5,237235.9,47447.18,0.0082614393521385,0.0,0.1765983984717321,0.0,0.0,0.0,0.8120365425300302,0.0,0.003103619646099,Delta
45,33914.23,244,6,61066.76,10177.793333333331,0.0,0.0330253316206722,0.0,0.0,0.0,0.4878103898094479,0.4791642785698799,0.0,0.0,Imo
31,18520.18,78,4,36131.29,9032.8225,0.2211177624712541,0.7559115658477734,0.0,0.0,0.0,0.0229706716809723,0.0,0.0,0.0,Oyo
41,33460.12,28,5,75030.38,15006.076,0.0,0.087164026091831,0.0101601511281163,0.8044492111062214,0.0,0.0,0.0,0.0982266116738313,0.0,Rivers
22,38654.4,42,9,304815.73,33868.41444444444,0.050662411680657,0.409488414525064,0.0180052387716342,0.0,0.3684227188669036,0.0,0.0,0.153421216155741,0.0,Rivers
66,29927.28,155,7,130679.22,18668.46,0.0,0.8174304988964581,0.028013482174136,0.0565135757620836,0.0,0.0,0.0131020065776333,0.0056353259531239,0.0793051106365648,Kaduna
36,15454.21,176,6,86783.13,14463.855,0.0,0.0,0.0271733688333204,0.1094185010381626,0.0,0.2551787426888152,0.1821597123772788,0.0,0.4260696750624229,Kwara
47,40530.46,334,4,53631.09,13407.7725,0.0264630086764971,0.0,0.0938802474460243,0.0,0.0,0.0114799083889587,0.0,0.8681768354885198,0.0,Abuja FCT
32,7145.21,34,5,23566.36,4713.272,0.0,0.0743979978240169,0.0458573152578506,0.0,0.1995823708031278,0.6801623161150047,0.0,0.0,0.0,Kano
40,6854.64,483,2,46478.55,23239.275,1.0,0.0,0.0,0.0,0.0,0.0,0.0,0.0,0.0,Kano
40,151404.17,90,5,79152.37000000001,15830.474000000002,0.0,0.0,0.7920130502725314,0.0,0.1409217437203712,0.0,0.0,0.0,0.0670652060070974,Edo
39,174566.58,44,6,48346.39,8057.731666666667,0.0,0.0204941878804187,0.3552654086478846,0.0,0.0,0.0,0.5501459364391013,0.0,0.0740944670325954,Enugu
35,162135.06,46,5,19088.73,3817.746,0.0676571987764508,0.0,0.3173935615412864,0.3363382477514219,0.0,0.0,0.0,0.2786109919308409,0.0,Rivers
48,54466.84,71,4,13632.36,3408.09,0.0,0.0755173719003899,0.0,0.0,0.0,0.1673591366425182,0.3836254324269605,0.0,0.3734980590301312,Cross River
30,34865.72,44,5,83599.25,16719.85,0.0,0.0785127857008286,0.677606796711693,0.1990272640005741,0.0,0.0,0.0,0.0,0.0448531535869041,Kano
31,14058.0,586,3,193631.91,64543.97,0.839976634016573,0.0,0.0,0.0,0.0,0.1600233659834269,0.0,0.0,0.0,Oyo
30,12540.93,76,8,50365.83,6295.72875,0.1330751424130208,0.0,0.1485294692850291,0.1139272399561369,0.0,0.0,0.0605924691402881,0.2912029842454696,0.2526726949600552,Imo
65,27674.64,304,2,2658.39,1329.195,0.0,0.0,0.0,0.0,0.0,0.0,0.2882947949698878,0.0,0.7117052050301123,Oyo
34,9327.54,43,6,40678.51,6779.751666666667,0.1279471642397914,0.0508971444627642,0.0,0.7160072972190967,0.0,0.1051483940783475,0.0,0.0,0.0,Abuja FCT
28,7713.23,65,6,281711.59,46951.93166666667,0.0,0.0494200469352361,0.8555650834245053,0.0111843108762404,0.0,0.0,0.0723512653490756,0.0,0.0114792934149425,Edo
41,50047.11,502,2,21015.07,10507.535,0.0,0.0,0.0,0.0,0.0,0.8943696119023159,0.1056303880976841,0.0,0.0,Cross River
38,98917.24,34,3,21333.020000000004,7111.006666666668,0.029401369332612,0.7865853029716373,0.0,0.0,0.0,0.0,0.1840133276957505,0.0,0.0,Edo
43,24251.12,11,6,20731.46,3455.2433333333333,0.0311208183118796,0.0,0.0,0.0,0.0,0.5661752717850069,0.3841287589007238,0.0,0.0185751510023896,Delta
25,8199.66,392,4,16667.43,4166.8575,0.0,0.1035510573615728,0.0,0.0596282690252786,0.0,0.0459830939742959,0.0,0.0,0.7908375796388525,Delta
37,83862.29,86,9,112956.6,12550.733333333332,0.090304860450828,0.0740887208007323,0.0782785600841385,0.0,0.0,0.0,0.1879020792056418,0.5327755084696246,0.0366502709890347,Unknown
47,92412.02,377,4,14859.46,3714.865,0.6460584704962361,0.0,0.3268934402730651,0.0270480892306988,0.0,0.0,0.0,0.0,0.0,Kaduna
36,81929.83,23,3,22218.47,7406.156666666667,0.0,0.0,0.0,0.0907101164031546,0.0,0.0,0.4242281309199059,0.4850617526769396,0.0,Edo
36,103586.47,14,4,17908.02,4477.005,0.0,0.0,0.0,0.3307607429520405,0.0,0.0,0.0,0.094219238084389,0.5750200189635706,Imo
52,17342.08,34,13,71446.3,5495.869230769231,0.0,0.0383937306760462,0.1152486552837585,0.0117055746763653,0.0,0.0576889216096564,0.3261777026941913,0.035028126019122,0.41575728904086,Kano
58,20350.68,52,5,21357.69,4271.538,0.3812977901636366,0.4832413992337185,0.0,0.0229762675645165,0.0,0.0,0.0078861524818461,0.0,0.104598390556282,Imo
51,24023.86,159,6,63012.880000000005,10502.146666666667,0.0852895471528995,0.0,0.0,0.0,0.0,0.1635748120066881,0.2961902392018901,0.4549454016385222,0.0,Kaduna
63,39566.22,52,4,10585.89,2646.4725,0.5181803324992041,0.0935329953362447,0.0,0.0,0.0,0.0,0.0,0.0,0.3882866721645511,Cross River
36,62201.41,72,7,58022.56,8288.937142857143,0.0,0.4686601211666634,0.0,0.0,0.0,0.1879922223355881,0.3055451190019881,0.0,0.0378025374957602,Ogun
45,23071.3,235,3,24723.49,8241.163333333332,0.1058074729740825,0.0,0.0,0.0,0.0,0.0,0.560118737281832,0.3340737897440854,0.0,Kaduna
38,196057.0,217,4,19371.07,4842.7675,0.0,0.1436110653670654,0.0,0.4915820344462129,0.0,0.0,0.0,0.0,0.3648069001867217,Kano
26,30463.26,66,4,45443.16,11360.79,0.3573796364513383,0.5351876938135464,0.0,0.1074326697351152,0.0,0.0,0.0,0.0,0.0,Anambra
37,122226.61,101,5,132310.35,26462.07,0.0286229308591504,0.2858580602348947,0.0,0.0,0.0,0.0,0.6556159816673449,0.0152059910657027,0.0146970361729071,Edo
54,66081.39,26,7,95213.99,13601.998571428572,0.0147687330401761,0.0,0.0236409586448377,0.3217706767671431,0.0,0.0,0.1094407449997631,0.3754924040049156,0.1548864825431641,Cross River
50,50446.95,124,3,118207.4,39402.46666666667,0.0,0.0,0.0,0.0,0.0,1.0,0.0,0.0,0.0,Rivers
51,61074.96,197,7,182756.55,26108.07857142857,0.0,0.0023181658878984,0.9515435698474284,0.0203164264153596,0.0,0.0,0.0,0.0,0.0258218378493137,Kano
21,38577.62,139,3,250404.57,83468.19,0.0,0.0,0.7399628129790123,0.0,0.0,0.0062240477480103,0.0,0.0,0.2538131392729773,Cross River
37,36236.485,206,4,21912.99,5478.2475,0.0605366953574112,0.0,0.4496086567830314,0.0,0.0,0.2384202247160246,0.2514344231435326,0.0,0.0,Unknown
37,162878.35,146,4,43277.32,10819.33,0.7580372352077255,0.0,0.0,0.1739412237171802,0.0,0.0,0.0680215410750943,0.0,0.0,Delta
49,243669.91,1,10,53103.61,5310.361,0.0,0.2964148765027462,0.0,0.0878081546621783,0.0,0.0826474885605705,0.1756833480812321,0.0777159970856971,0.2797301351075755,Lagos
51,176311.01,35,9,67981.67,7553.518888888889,0.0,0.538040474733851,0.2654565561569758,0.1193223114407162,0.0,0.0,0.0,0.072462179878782,0.0047184777896747,Abuja FCT
18,54681.99,5,3,28076.4,9358.8,0.0,0.0,0.0,0.4345393284039264,0.0,0.5654606715960736,0.0,0.0,0.0,Abuja FCT
27,37987.68,160,6,24093.89,4015.648333333333,0.3140298224985671,0.0,0.0,0.0849671846264758,0.0,0.0,0.2459303997818534,0.0853760019656435,0.2696965911274601,Edo
60,27290.85,237,5,27620.99,5524.197999999999,0.0,0.0817410961735984,0.0,0.0,0.0,0.5157490734401627,0.4025098303862388,0.0,0.0,Cross River
42,5534.82,116,9,86444.95,9604.994444444445,0.0,0.1372496600437619,0.0,0.0843982210643883,0.0301863787300472,0.2775874125671887,0.1217920769229434,0.0,0.3487862506716702,Enugu
30,46473.52,121,7,60339.56,8619.937142857143,0.0,0.0054736892347242,0.0445568380014703,0.0528562024648505,0.0505815753379706,0.4209250117170228,0.4256066832439614,0.0,0.0,Cross River
37,183300.06,17,6,18978.27,3163.045,0.0,0.103122149700684,0.1272734553781772,0.0,0.0,0.0171132563716292,0.0,0.3096836539895365,0.4428074845599731,Plateau
57,1389.32,57,10,34918.96,3491.896,0.1431967045983041,0.0729380256456664,0.0375194450235631,0.4242932779212209,0.0,0.2503359206574307,0.0,0.0717166261538144,0.0,Rivers
51,13339.23,37,8,111019.04,13877.38,0.0099198299679046,0.0,0.0594467399465893,0.1656127633602307,0.0,0.6704523836631986,0.0677821570065819,0.0267861260554946,0.0,Ogun
36,24822.08,86,5,34537.67,6907.534,0.0,0.0441549762911047,0.0,0.0,0.0,0.1167774201328578,0.0,0.7818830859174924,0.057184517658545,Enugu
29,131780.07,170,5,33060.380000000005,6612.076000000001,0.2354740024161851,0.0,0.2474971552051125,0.4886165857742711,0.0,0.0,0.0,0.0,0.028412256604431,Lagos
56,171982.26,105,6,23015.04,3835.84,0.0,0.297957335724813,0.057314260587859,0.0871612649815077,0.0,0.2817965990934624,0.0,0.2757705396123578,0.0,Anambra
48,1582.25,523,3,22576.16,7525.386666666666,0.5429825089829271,0.0,0.0,0.2680774764176015,0.0,0.0,0.0,0.0,0.1889400145994713,Ogun
40,15880.29,5,8,127076.56,15884.57,0.0689112138383349,0.0348162556493502,0.0,0.6112627694674769,0.0,0.0361666227036677,0.0,0.0,0.24884313834117,Ogun
38,96845.35,177,6,99525.62,16587.603333333333,0.0218413108102215,0.0,0.1503738434385035,0.0,0.0,0.0979030324051234,0.7138748796541031,0.0,0.0160069336920483,Lagos
30,19320.59,174,4,29952.08,7488.02,0.0,0.0,0.0,0.0,0.250328190896926,0.0,0.0567332886397205,0.0,0.6929385204633535,Enugu
45,57661.26,79,6,45062.93,7510.488333333334,0.0,0.6178390974577108,0.0,0.0,0.0,0.0,0.3821609025422892,0.0,0.0,Kwara
38,30783.46,4,7,37962.335,5423.190714285714,0.1561895494573766,0.1334202703811554,0.0212542247467127,0.0,0.0,0.5209534661131883,0.0,0.1681824893015669,0.0,Kano
39,6147.34,50,9,138777.76,15419.751111111113,0.0692080633092795,0.0183899062789311,0.0,0.4894021203397433,0.0,0.0529476048611823,0.0722403935616196,0.2209546399941892,0.0768572716550548,Imo
43,14643.93,76,6,70294.71,11715.785000000002,0.2523529864480556,0.0,0.2988736990308374,0.0,0.0,0.0144589827598691,0.0,0.0,0.4343143317612377,Kaduna
51,172031.36,310,5,134406.93,26881.386,0.0,0.0,0.8230745989064701,0.0,0.0,0.0357887796410497,0.0,0.1315281139149596,0.0096085075375205,Edo
44,19979.83,151,2,5669.76,2834.88,0.0,0.0,0.0,0.0,0.0,0.1525725956654249,0.0,0.847427404334575,0.0,Anambra
31,177725.45,172,6,47654.08,7942.346666666667,0.0333375442354568,0.166838180487379,0.2105322356448807,0.0,0.0,0.0,0.0,0.4535517210698433,0.1357403185624399,Rivers
34,6506.07,202,3,105818.58,35272.86,0.0,0.355612124071217,0.0,0.0,0.0,0.0,0.5402816783215197,0.0,0.1041061976072633,Imo
39,66800.35,53,3,63633.89,21211.296666666665,0.0,0.0,0.0,0.0,0.0,0.0765516613867233,0.0974001432255673,0.8260481953877093,0.0,Cross River
43,58519.91,10,11,33658.8,3059.890909090909,0.0407108987842703,0.0,0.2055712027760942,0.1582281602433835,0.1165944715794977,0.1007240305655578,0.3624558807800634,0.0157153552711326,0.0,Anambra
22,25407.1,461,4,47514.78,11878.695,0.1182991902730055,0.0,0.4734644672668168,0.0,0.0,0.3180048397572292,0.0902315027029484,0.0,0.0,Oyo
40,129522.17,84,6,77433.5,12905.583333333334,0.0,0.0515535265744154,0.0,0.3799404650441992,0.0,0.0632076556012578,0.0,0.0,0.5052983527801275,Delta
39,37286.18,39,5,50592.41,10118.482,0.2159367383368375,0.0,0.0462213600814825,0.0,0.0,0.0,0.73784190158168,0.0,0.0,Lagos
35,19868.36,322,3,22801.4,7600.466666666666,0.0979295131000728,0.8908856473725297,0.0,0.0,0.0,0.0,0.0111848395273974,0.0,0.0,Plateau
53,20650.28,89,5,29066.92,5813.384,0.0,0.159908239331859,0.1313190389625044,0.4603291301589574,0.0,0.2107715574955998,0.0,0.0,0.0376720340510793,Enugu
46,100817.81,99,9,122491.1,13610.12222222222,0.0,0.0108643811672848,0.0,0.0837402064313243,0.0,0.2834321024139712,0.0114579753141248,0.0840099403140309,0.5264953943592636,Plateau
48,26548.4,2,8,64016.9,8002.112499999999,0.0538762420548323,0.0,0.0,0.0138366587572968,0.1305406853502746,0.0,0.3095302959062372,0.0,0.4922161179313587,Rivers
38,41611.43,152,7,58429.16,8347.022857142856,0.0367622947172268,0.0171624921528907,0.2203810563081858,0.0,0.0,0.0,0.0,0.0,0.7256941568216966,Enugu
53,80085.38,202,3,37573.6,12524.533333333333,0.0,0.0,0.0197194306640832,0.0,0.0,0.1273449975514723,0.0,0.8529355717844445,0.0,Kwara
40,4704.66,147,10,49990.49,4999.049,0.0,0.1163757346647332,0.079742366998203,0.0341086874723572,0.0,0.248492263228466,0.1154625609790982,0.4058183866571422,0.0,Imo
64,7463.26,113,4,34642.63,8660.6575,0.0,0.0,0.0,0.1263809935908446,0.0,0.0,0.0,0.7231976902446494,0.150421316164506,Lagos
33,31292.46,63,6,51031.13,8505.188333333334,0.0,0.0289166632210574,0.0,0.0,0.0,0.259926049060642,0.052775237389413,0.104506602146572,0.5538754481823153,Kaduna
28,113542.58,141,7,48477.31,6925.33,0.0709057495145667,0.0,0.0698992992804262,0.1939678583650784,0.0,0.4897480903952798,0.0,0.1389080788517349,0.0365709235929138,Rivers
51,8825.5,226,4,16071.71,4017.9275,0.0,0.1654609248175831,0.0,0.3677461825779584,0.0,0.0,0.0,0.0,0.4667928926044584,Lagos
40,229601.5,50,6,50529.89,8421.648333333333,0.3358346911105486,0.6295418414724434,0.0,0.034623467417008,0.0,0.0,0.0,0.0,0.0,Delta
18,582864.88,325,5,89463.27,17892.654000000002,0.0,0.0689636093113967,0.0,0.0326453526681955,0.0,0.7734862586623538,0.0,0.1249047793580538,0.0,Kano
31,375874.97,63,5,71766.20999999999,14353.241999999998,0.0,0.0406297058183788,0.0,0.0,0.0,0.0410884175157083,0.0,0.2143369421347456,0.7039449345311674,Imo
18,82677.38,36,12,85399.385,7116.6154166666665,0.0,0.2864612549610281,0.0218173702304764,0.072171245729697,0.0019893585884722,0.090701238656461,0.0,0.4050818398750764,0.1217776919587887,Ogun
38,24125.94,16,5,84459.57,16891.914,0.0,0.7959944622024478,0.0,0.0,0.0,0.0942697198197906,0.1097358179777614,0.0,0.0,Delta
26,28711.34,6,5,104058.1,20811.620000000003,0.6022411518180708,0.0,0.0,0.0,0.0,0.0278746200439946,0.0,0.2397544256525921,0.1301298024853423,Ogun
18,40299.05,132,2,1633.0300000000002,816.5150000000001,0.0,0.0,0.0,0.0,0.0,0.84758393905807,0.0,0.0,0.15241606094193,Oyo
18,66018.89,249,4,103561.22,25890.305,0.0,0.1079462949548103,0.8322557420625211,0.0597979629826686,0.0,0.0,0.0,0.0,0.0,Oyo
61,88926.63,102,12,231174.56,19264.546666666665,0.1269786346732962,0.0112393422528845,0.0,0.6613247582259916,0.0,0.074873982673526,0.0828089820956077,0.0,0.0427743000786937,Kano
55,12789.46,299,3,33184.8,11061.6,0.012044972397001,0.0,0.987955027602999,0.0,0.0,0.0,0.0,0.0,0.0,Kaduna
30,252387.4,348,5,37537.130000000005,7507.426000000001,0.0,0.0,0.0,0.0,0.0,0.0,0.3179297404996066,0.5843696627845549,0.0977005967158384,Kano
27,38219.74,4,3,14612.89,4870.963333333334,0.6089623613125125,0.0,0.0,0.3910376386874875,0.0,0.0,0.0,0.0,0.0,Kano
39,108632.95,72,6,56120.04,9353.34,0.196040843876804,0.210294932077739,0.0890902786241777,0.0,0.0,0.0,0.0,0.0,0.5045739454212791,Rivers
21,144317.67,5,9,36118.79,4013.198888888889,0.040180471161963,0.1403449561848555,0.0,0.1527451501005432,0.0,0.0453725055573567,0.0,0.1363860749488008,0.4849708420464804,Imo
37,36236.485,128,6,67795.64,11299.273333333333,0.1829060098850014,0.1264624096770825,0.206890885608573,0.0,0.0,0.3849867041597365,0.0987539906696064,0.0,0.0,Unknown
38,6651.32,31,8,33984.33,4248.04125,0.1102964219097448,0.0921354047586049,0.3962488005501359,0.1101148676463534,0.0,0.0270136265743653,0.2641908785607955,0.0,0.0,Kwara
50,43718.06,13,12,124693.32,10391.11,0.0103544440071047,0.2341238488156382,0.1454859811255326,0.1566767169243709,0.0,0.0517869762389837,0.0047206217622563,0.0,0.3968514111261133,Imo
35,75543.63,78,4,16583.41,4145.8525,0.1994993791988499,0.0,0.3408551076045276,0.0,0.0,0.0,0.0,0.0,0.4596455131966224,Cross River
25,14862.75,202,3,3714.44,1238.1466666666668,0.0,0.0,0.0,0.0,0.0,0.0,0.0,0.4453268864216409,0.5546731135783591,Anambra
37,25117.41,75,8,152126.68,19015.835,0.0,0.0,0.3131223267345347,0.0,0.0,0.4752007340198314,0.0186582655981186,0.1104944247780862,0.082524248869429,Kwara
37,59963.7,31,9,88685.05,9853.894444444444,0.0,0.6559966984288783,0.0,0.0679660213305399,0.0,0.0,0.0,0.079674308127469,0.1963629721131126,Unknown
37,140613.91,461,2,4832.15,2416.075,0.0,0.1056610411514543,0.0,0.0,0.0,0.0,0.0,0.0,0.8943389588485458,Unknown
43,12326.13,327,6,116659.93,19443.321666666667,0.1130845869700076,0.0,0.0,0.0,0.0,0.0,0.0044447995125661,0.4643855006599096,0.4180851128575167,Abuja FCT
27,10207.96,59,8,81443.74,10180.4675,0.427340763083817,0.0,0.0694381176502945,0.0,0.0,0.3066266357610787,0.0374954539170229,0.0604846977803327,0.0986143318074538,Lagos
52,61247.88,164,9,146006.18000000002,16222.908888888893,0.0,0.122665698123189,0.5957466320946141,0.0138471535930876,0.0,0.204628393126921,0.0,0.0510946180497291,0.012017505012459,Lagos
60,75354.4,8,8,86584.02,10823.0025,0.0,0.388173013911805,0.0,0.0,0.0,0.1289012683864759,0.0511415385887603,0.1733078459512506,0.2584763331617081,Kwara
37,36236.485,7,6,37266.01,6211.001666666666,0.0,0.4056683288605354,0.1369813940370863,0.1361777126126462,0.0,0.0,0.3211725644897321,0.0,0.0,Unknown
18,15114.58,95,6,33149.015,5524.8358333333335,0.1861678242928184,0.1527932277927413,0.2142365316133827,0.0,0.0,0.0564876512922028,0.3903147650088547,0.0,0.0,Lagos
52,23973.77,40,5,36112.39,7222.478,0.0,0.3342451164267997,0.0,0.0,0.0,0.2989724579292592,0.0344892708568998,0.3322931547870413,0.0,Delta
34,42852.61,23,8,204062.94,25507.8675,0.0,0.0,0.2131892248538612,0.0139369745432463,0.0,0.5016778156778492,0.2711959849250432,0.0,0.0,Oyo
62,40739.99,317,5,48188.76,9637.752,0.0,0.0,0.1386970737574488,0.0191416006554225,0.0,0.7154712011680732,0.0,0.0308937187842144,0.0957964056348409,Edo
18,15693.51,135,7,51917.78,7416.825714285714,0.0,0.577612717647018,0.0426356828046191,0.0,0.0,0.0,0.0,0.3797515995483628,0.0,Kano
60,56697.19,106,8,80976.11,10122.01375,0.0,0.0221410981584568,0.1898224056453193,0.5493559767195535,0.0,0.0,0.1608846115230776,0.0234777886959499,0.0543181192576427,Cross River
39,199570.37,92,6,54522.31,9087.051666666666,0.0,0.0816687700869607,0.2017588763205374,0.3796930100723906,0.0,0.0,0.1775983079220231,0.0,0.1592810355980881,Anambra
37,36236.485,3,5,13537.29,2707.458,0.0,0.4104721107400373,0.0,0.3049930968458236,0.0,0.0,0.0,0.257644624588821,0.026890167825318,Unknown
32,47212.33,65,5,39658.98,7931.796,0.0,0.0,0.0114586910707234,0.0,0.0,0.1357692507472456,0.0,0.243719329140588,0.6090527290414428,Delta
28,34154.65,23,8,58442.71,7305.33875,0.1650121974152122,0.0,0.3821285837018851,0.0111166987294052,0.0,0.261188948972421,0.0861050077931019,0.0,0.0944485633879742,Kano
53,13843.19,194,7,139516.02000000002,19930.860000000004,0.0,0.0,0.0,0.1484952767431295,0.0,0.0,0.0823068920687387,0.7625752225443359,0.0066226086437958,Rivers
30,203821.66,16,6,147339.53,24556.588333333333,0.0167850406472723,0.041351224617046,0.0,0.0114595858966022,0.0,0.5586508250705021,0.1343598014735081,0.0,0.237393522295069,Kwara
31,167237.72,43,5,24336.09,4867.218,0.0966757601570342,0.0,0.7112161403084883,0.0,0.0,0.0,0.1921080995344773,0.0,0.0,Abuja FCT
26,78553.0,19,5,49813.64,9962.728,0.0,0.4046614541719898,0.0,0.5701004785034782,0.0,0.0252380673245319,0.0,0.0,0.0,Imo
44,35182.42,17,9,33637.850000000006,3737.5388888888897,0.034952590608496,0.2834283403963095,0.1435936006611599,0.2152155979053358,0.1601918671972197,0.0873206819104074,0.0327140408795449,0.0,0.0425832804415264,Lagos
51,94802.11,99,2,64400.33,32200.165,0.0,0.0,0.0,0.9715148975168296,0.0,0.0284851024831705,0.0,0.0,0.0,Delta
38,12059.33,34,9,519248.8241500111,57694.31379444568,0.0,0.0189773371487754,0.035892984506048,0.0,0.0,0.0053329345608686,0.9206060792386312,0.0191906645456768,0.0,Delta
38,226211.25,182,4,11126.85,2781.7125,0.0,0.0,0.0,0.0,0.0,0.1729617996108512,0.4802482283844933,0.084466852703146,0.2623231193015094,Ogun
37,8070.26,2,5,54993.92,10998.784,0.0,0.0,0.0,0.0,0.0,0.3252168603365609,0.0,0.6005407506866214,0.0742423889768178,Rivers
19,27083.57,294,6,50076.57,8346.095,0.0,0.0,0.0160166720683944,0.5124911710206989,0.0,0.0,0.0,0.0814614499355686,0.3900307069753378,Kwara
59,59037.1,7,9,99329.85,11036.65,0.1566630776146344,0.0,0.5150426583751007,0.0509918216930761,0.0,0.1547247881679072,0.0569242780493476,0.0656533760999337,0.0,Abuja FCT
66,30486.84,189,9,137098.66,15233.184444444443,0.0959393038560697,0.0,0.0,0.0,0.0,0.0031208911888708,0.3696920888942313,0.5312477160608281,0.0,Lagos
59,56057.81,178,3,18510.93,6170.31,0.0,0.4184706008828297,0.0,0.3139842244554974,0.0,0.0,0.2675451746616729,0.0,0.0,Kaduna
39,198491.57,56,7,59049.24999999999,8435.607142857141,0.7105368823482093,0.0118152220392299,0.1547523465581696,0.0,0.0,0.0,0.0,0.0,0.122895549054391,Delta
38,4820.6,109,9,65556.69,7284.076666666667,0.0391192721902219,0.0,0.1375928223343796,0.0,0.0,0.0,0.10383989795702,0.0416149747645892,0.677833032753789,Enugu
33,36404.76,23,7,81902.64,11700.377142857144,0.0,0.2905927086111022,0.1838252100298598,0.0,0.0,0.1741214935196228,0.3032484667160912,0.0,0.0482121211233239,Kwara
18,55874.75,40,5,35706.1,7141.219999999999,0.4669574666513564,0.0,0.0,0.0,0.0,0.0,0.2646544988111274,0.268388034537516,0.0,Ogun
37,9741.72,28,4,34817.89,8704.4725,0.1243329219547767,0.7552913171935463,0.0,0.0,0.0629739481628553,0.0,0.0574018126888217,0.0,0.0,Unknown
27,17190.68,29,3,12987.97,4329.323333333334,0.4417965240141454,0.0,0.0,0.0,0.0,0.0,0.012004185411577,0.0,0.5461992905742775,Imo
24,60123.12,197,3,6763.77,2254.59,0.1085651936715766,0.0,0.0,0.0,0.4419547086905675,0.4494800976378557,0.0,0.0,0.0,Ogun
45,104671.24,123,5,953140.3683000222,190628.07366000445,0.0,0.0019151323988676,0.0,0.0,0.0,0.4963107112898054,0.0,0.4932804440846178,0.0084937122267091,Ogun
70,20252.72,198,5,160869.94,32173.988,0.0,0.0,0.1182550947678603,0.0,0.0,0.8103437472532159,0.0,0.0714011579789238,0.0,Edo
35,227141.76,187,6,56838.43,9473.071666666669,0.5229644801941221,0.3035984632228581,0.0,0.0665787214741856,0.0,0.0,0.0,0.0,0.1068583351088339,Kwara
27,9169.6,26,9,116516.39,12946.265555555556,0.1412757466996703,0.0443208032792639,0.2712914466368207,0.22978861600501,0.0,0.0146480679670902,0.0,0.0,0.2986753194121445,Rivers
42,4992.79,120,5,26815.17,5363.034000000001,0.0,0.30844555525846,0.2880022763234393,0.0,0.0,0.2618323881593889,0.1417197802587117,0.0,0.0,Oyo
19,62882.4,329,4,19959.56,4989.889999999999,0.4629781418027252,0.0,0.0,0.0,0.0,0.0947490826451084,0.0,0.4422727755521665,0.0,Delta
48,11429.63,47,7,60552.4,8650.342857142856,0.0755852782053229,0.0,0.0,0.0,0.5592856765380066,0.184111942714079,0.0,0.1810171025425912,0.0,Delta
36,5565.11,98,5,21914.47,4382.894,0.0,0.4289179706376654,0.0,0.0,0.0,0.2227610341477571,0.0872405310281289,0.1448554311375086,0.1162250330489398,Edo
18,177878.04,8,11,211470.84,19224.62181818182,0.5497141828159381,0.0,0.031647483880047,0.0623557366112509,0.0,0.018884494902465,0.0750973987713861,0.008408440615264,0.2538922624036486,Abuja FCT
25,32047.25,3,10,55299.88,5529.987999999999,0.2381451822318602,0.2788778203497006,0.0,0.3396698148350412,0.0,0.0,0.1226736839211947,0.0206334986622032,0.0,Delta
24,8201.42,213,5,20231.645,4046.329,0.0,0.4897785128198919,0.0,0.3004071097530626,0.0,0.0902981443179731,0.0,0.0,0.1195162331090724,Lagos
36,48566.78,21,7,38265.76,5466.537142857143,0.3847455270717215,0.0164099706892009,0.3203386003570816,0.0,0.0,0.2785059018819958,0.0,0.0,0.0,Enugu
49,103124.72,697,1,11433.75,11433.75,0.0,0.0,0.0,0.0,0.0,0.0,0.0,1.0,0.0,Delta
41,34325.39,190,5,127507.25,25501.45,0.0465846451868423,0.0,0.0,0.3910214517213727,0.0,0.5044681772997222,0.0267200492521013,0.0,0.0312056765399614,Imo
27,9497.53,10,7,53550.61,7650.087142857143,0.2817153716829743,0.0,0.1146203563320753,0.0,0.0,0.0590476933876196,0.0,0.5446165785973306,0.0,Anambra
37,13165.38,1,4,16973.08,4243.27,0.0,0.4667703210024344,0.4850710654754469,0.0376625809811772,0.0,0.0,0.0,0.0,0.0104960325409413,Lagos
18,96940.93,1,5,29002.63,5800.526,0.0890050316126503,0.0,0.0,0.0,0.0,0.0,0.0443187393694985,0.0,0.8666762290178512,Ogun
28,69887.66,121,6,43150.61,7191.768333333333,0.0,0.7123007067571002,0.2033062800270958,0.0,0.0,0.0,0.0635214658610851,0.0,0.0208715473547187,Edo
40,192965.02,371,4,134722.75,33680.6875,0.0,0.893213210092579,0.0,0.0,0.0291669372841632,0.0776198526232577,0.0,0.0,0.0,Oyo
18,141565.21,104,7,150428.37,21489.76714285714,0.0632054312627332,0.1449422073775046,0.1489205792763692,0.0,0.0,0.0,0.6429317820833929,0.0,0.0,Edo
46,10263.27,23,4,10081.16,2520.29,0.0,0.0,0.0,0.2436515242293545,0.0,0.0,0.1797362605097032,0.5766122152609422,0.0,Enugu
63,36463.43,19,6,45098.39,7516.398333333333,0.5709966586390335,0.0,0.1586526703059688,0.0,0.0,0.1059441368084315,0.0,0.1644065342465662,0.0,Edo
47,80017.79,201,6,45084.53,7514.088333333333,0.0,0.4550729485258025,0.421783702746818,0.0442927984388436,0.0,0.0,0.0,0.0,0.0788505502885357,Ogun
37,31321.3,95,3,6337.76,2112.5866666666666,0.1015989876549443,0.0,0.0,0.0,0.0,0.0,0.1885524223069349,0.7098485900381207,0.0,Anambra
22,68651.67,141,4,48123.45,12030.8625,0.0,0.3691077842507135,0.0,0.0,0.0,0.2625875742491446,0.0,0.2118518102920717,0.15645283120807,Anambra
35,49525.34,55,4,44374.54,11093.635,0.0,0.4535359690489186,0.0,0.0,0.0,0.0,0.5464640309510814,0.0,0.0,Enugu
37,36236.485,141,11,56039.59,5094.508181818182,0.0085259367529277,0.4358399124618863,0.3184628938220283,0.0356064346652072,0.0496261660729495,0.0465925964126432,0.0690217398093026,0.0363243200030549,0.0,Unknown
44,16299.68,200,11,556439.5041500111,50585.40946818283,0.0044333480667737,0.0,0.0557177370922998,0.0172197874675282,0.0,0.0150521484142182,0.8681477331267611,0.0,0.0394292458324187,Oyo
45,12418.14,226,4,18683.0,4670.75,0.334209174115506,0.0,0.0,0.6263795964245572,0.0,0.0394112294599368,0.0,0.0,0.0,Oyo
35,105483.12,45,12,85660.79999999999,7138.399999999999,0.0,0.425547391572341,0.0,0.0120630440061264,0.0,0.0,0.2012369718704471,0.2766364544809294,0.0845161380701557,Enugu
27,21661.62,41,10,76856.11,7685.611,0.0,0.2947470279200964,0.1006064449527825,0.0103398415558632,0.0,0.1750115898397668,0.013990819988157,0.0,0.4053042757433339,Kaduna
18,128707.05,120,7,59142.14,8448.877142857144,0.1036387929148319,0.0,0.1342141153499011,0.0419323683586694,0.0,0.5073715628146023,0.0256365427426197,0.0,0.1872066178193754,Kano
18,347412.89,51,6,57609.53,9601.588333333331,0.1542126797423968,0.0,0.0281017741335504,0.0,0.0,0.0,0.6099249551246122,0.0421058807457724,0.1656547102536681,Cross River
25,142596.05,335,3,9836.21,3278.736666666666,0.1690590176500908,0.0,0.0,0.0,0.0,0.3505547360212927,0.0,0.4803862463286164,0.0,Anambra
37,21961.79,39,8,539246.8941500111,67405.86176875139,0.0184551457003506,0.0,0.0552869387351656,0.0397968541549541,0.0,0.0054803468171258,0.0054279403956766,0.8718928365662826,0.0036599376304445,Lagos
51,46423.58,231,5,109628.97,21925.794,0.0,0.0,0.0,0.0,0.0,0.319101967299337,0.070302858815512,0.0,0.6105951738851509,Imo
18,12346.88,37,10,74618.6,7461.860000000001,0.0,0.1800451898052228,0.1552465471075576,0.1303452490397836,0.0,0.0142786114990096,0.3314420265188572,0.0,0.188642376029569,Rivers
18,3122.8,53,5,29182.04,5836.408,0.0,0.171734738215697,0.0,0.5373270682926896,0.0,0.0,0.1146969163225052,0.0,0.1762412771691081,Plateau
33,5148.29,156,7,124853.32,17836.18857142857,0.0,0.2329259646439518,0.0,0.393318335467571,0.0,0.2690922436023327,0.1046634562861444,0.0,0.0,Imo
32,9544.43,105,10,369739.45,36973.945,0.0759424778719176,0.0167720268962373,0.5308805430418637,0.0052727670796286,0.0,0.020907966407155,0.0,0.3441145109076134,0.0061097077955841,Kaduna
40,59524.34,90,5,85902.54,17180.507999999998,0.0,0.0336086686144554,0.0324551520828138,0.0,0.0,0.0,0.0,0.8777710181794391,0.0561651611232915,Anambra
39,11278.57,43,6,71293.09,11882.181666666664,0.0358985702541438,0.0,0.2106723105984044,0.1476265091048796,0.0,0.0,0.0,0.039765705203688,0.5660369048388841,Rivers
54,11359.99,51,12,165805.0,13817.083333333334,0.0476238955399414,0.0020247881547601,0.3843081330478574,0.0,0.0363214016465124,0.0,0.5297217816109284,0.0,0.0,Rivers
37,129640.07,71,5,23337.88,4667.576,0.0753577445766282,0.0,0.0,0.0,0.0,0.1487058807398101,0.5709511746568241,0.0,0.2049852000267376,Ogun
34,60662.1,5,5,16803.04,3360.608,0.6155600415162971,0.0,0.3361141793389767,0.0,0.0,0.0483257791447261,0.0,0.0,0.0,Edo
43,30659.7,2,8,76265.1,9533.1375,0.0,0.510638417834632,0.0,0.0697754280791607,0.0,0.0,0.0,0.3052078867004698,0.1143782673857373,Kaduna
26,26999.05,5,5,47411.66,9482.332,0.1677104324126175,0.0,0.5698003402538532,0.2624892273335293,0.0,0.0,0.0,0.0,0.0,Abuja FCT
66,7585.16,287,5,511340.7841500111,102268.15683000222,0.0,0.0538644889157124,0.9194758539191342,0.0,0.0,0.0,0.0079274138219547,0.0,0.0187322433431986,Anambra
36,156119.39,27,5,29887.910000000003,5977.582,0.0,0.0,0.0,0.8185955458243819,0.0,0.0,0.0368028410149789,0.1446016131606392,0.0,Rivers
18,90085.63,83,10,95255.8,9525.58,0.6876677325685155,0.0167673779444401,0.0132915790954461,0.0060884481574875,0.1072149937326651,0.0,0.0971880977326315,0.0673672364307475,0.0044145343380665,Edo
24,24086.46,3,5,38111.51,7622.302000000001,0.0,0.0,0.0,0.5916852940227243,0.0,0.0,0.1628922601072484,0.1025606175142365,0.1428618283557906,Lagos
19,87857.39,143,3,11254.37,3751.456666666667,0.0,0.0,0.4554026569234884,0.0,0.0,0.0,0.5445973430765116,0.0,0.0,Enugu
24,65646.05,52,3,55546.62,18515.54,0.9238826772898152,0.0,0.0,0.0,0.0,0.0,0.0,0.0,0.0761173227101847,Plateau
53,7057.08,138,5,53068.1,10613.62,0.3601397072817757,0.0,0.4432779767883154,0.0,0.0,0.074501442486164,0.0,0.0,0.1220808734437449,Kano
48,66264.32,100,7,67312.75,9616.107142857143,0.0,0.0438187416202725,0.0,0.0,0.4102051988664852,0.0634994113299486,0.0747586452789404,0.0,0.4077180029043531,Cross River
46,6412.27,138,8,55218.94,6902.3675,0.0583787012209941,0.0463504007863968,0.0,0.0,0.0,0.4957462059213741,0.0382091724325023,0.3613155196387326,0.0,Kaduna
52,19374.2,52,7,18212.1,2601.728571428572,0.1828646888607025,0.0,0.0,0.2403918274114462,0.0,0.3962398625089912,0.1368447350937014,0.0436588861251585,0.0,Oyo
38,18752.59,25,3,8054.019999999999,2684.673333333333,0.0,0.1821214747418059,0.5984626310836079,0.0,0.0,0.0,0.2194158941745861,0.0,0.0,Imo
26,14803.35,65,4,14047.35,3511.8375,0.0,0.0,0.052449038430736,0.0,0.0,0.0,0.9268082592090324,0.0,0.0207427023602316,Delta
30,18883.66,28,8,52211.7,6526.4625,0.1068201188622473,0.0960700379416873,0.0070068586159807,0.0,0.0,0.0454459441083128,0.0,0.4386534052712322,0.3060036352005393,Rivers
36,22981.31,44,11,122905.61,11173.237272727272,0.2307705075464008,0.0820378337490046,0.0277151710161969,0.0848163074085877,0.0,0.0877034010083022,0.0469445617657322,0.4400122175057753,0.0,Edo
50,138736.02,259,4,89219.89,22304.9725,0.0,0.1372526910759473,0.0,0.1993995957627833,0.0,0.1325959940098559,0.5307517191514134,0.0,0.0,Imo
44,28462.29,81,6,64654.56,10775.76,0.0221543538460396,0.0,0.042184031567147,0.0375070219331784,0.0,0.0,0.6964565221695113,0.0,0.2016980704841236,Oyo
25,3399.12,59,7,82114.23000000001,11730.604285714287,0.0,0.0,0.0,0.3294616536013307,0.3429287469419125,0.0,0.0,0.0,0.3276095994567567,Oyo
50,1501.35,159,5,50650.4,10130.08,0.3013490515375989,0.0,0.0,0.433173281948415,0.0,0.0,0.0,0.1787517966294441,0.0867258698845418,Ogun
35,25746.78,134,8,88922.31,11115.28875,0.0228916680189707,0.0633216793400891,0.0,0.592704350572989,0.0,0.1182572742431005,0.0,0.0,0.2028250278248506,Edo
58,34455.39,533,3,18868.69,6289.563333333333,0.0,0.0,0.0,0.6289201847081064,0.0,0.0,0.0,0.3710798152918936,0.0,Plateau
39,22644.08,42,7,35445.090000000004,5063.584285714286,0.214060960206336,0.0,0.0,0.5200514373076779,0.0,0.2533583635984561,0.0,0.0,0.0125292388875299,Oyo
73,91940.92,1,6,101535.91,16922.65166666667,0.0774890381146926,0.0,0.2036934519028785,0.0055834433354662,0.0,0.0163210237639077,0.6969130428830548,0.0,0.0,Cross River
50,6749.67,12,11,105262.14,9569.285454545454,0.0318539030272422,0.0,0.2319050325216644,0.0588638992139054,0.0,0.0,0.002095150260103,0.0285025556197128,0.646779459357372,Kwara
35,164779.59,82,5,35479.07,7095.814,0.1675531517596148,0.0,0.0,0.2222563894713136,0.0,0.162125162807255,0.0,0.138845240306468,0.3092200556553482,Edo
56,101977.15,37,8,125698.22,15712.2775,0.0,0.0,0.0049306983026489,0.2175347431331963,0.0,0.0089328233924076,0.5521025675622138,0.0,0.2164991676095334,Delta
37,52995.24,231,5,69916.51,13983.302,0.2132725160337665,0.6246510302073143,0.0913666886404942,0.0,0.0,0.0,0.0707097651184248,0.0,0.0,Anambra
51,28882.01,19,8,101459.06,12682.3825,0.191621921196589,0.0166823938640866,0.6820444620716967,0.0,0.0,0.0569714523276679,0.0246890716314541,0.0,0.0279906989085055,Imo
36,30160.73,65,6,81699.7,13616.616666666669,0.3426557257860188,0.0,0.0,0.2698636592300829,0.0,0.0,0.0829732544917545,0.0,0.3045073604921438,Kaduna
21,19721.83,53,5,49452.33,9890.466,0.0,0.1453355180635573,0.808318232932604,0.0,0.0,0.0,0.0,0.0392988560902994,0.0070473929135391,Edo
48,102764.66,281,5,55459.38,11091.876,0.0,0.85397979566306,0.0,0.0763861766936449,0.0,0.0696340276432949,0.0,0.0,0.0,Enugu
38,12267.09,49,8,47323.74,5915.4675,0.1057376276684809,0.4005909084953978,0.0,0.0,0.0,0.1943916520545502,0.0714537777445316,0.0063959441920693,0.2214300898449699,Delta
29,92751.27,48,11,66184.91,6016.81,0.0918889215079389,0.0203152047800624,0.3748269809538156,0.3143949277864094,0.0226970165858048,0.0,0.0,0.0200293390139837,0.1558476093719852,Enugu
42,9986.67,63,4,19329.72,4832.43,0.0,0.0,0.1793352412761281,0.0,0.325924017523275,0.0,0.4947407412005967,0.0,0.0,Lagos
38,32788.66,6,5,521340.46415001113,104268.09283000222,0.0,0.0510491163262977,0.0,0.9018396546613062,0.0,0.0367057447405305,0.0,0.0104054842718655,0.0,Ogun
28,290536.58,210,3,27367.83,9122.61,0.4668532360804638,0.0,0.0,0.0289993762749914,0.0,0.0,0.5041473876445447,0.0,0.0,Kano
34,25083.72,99,7,202690.24,28955.74857142857,0.0,0.0,0.0,0.0,0.0,0.2078174065016648,0.715304792179436,0.0097500994621151,0.067127701856784,Kano
52,166872.33,73,2,15728.45,7864.225,0.0,0.0,0.0,0.0,1.0,0.0,0.0,0.0,0.0,Anambra
18,52345.15,24,8,606504.6841500112,75813.0855187514,0.7854755562484347,0.1320009755772939,0.0,0.0,0.0,0.0093387737111014,0.0046833438788371,0.0,0.0685013505843329,Ogun
68,23967.61,6,7,31018.69,4431.2414285714285,0.2180369319271703,0.0883712368252817,0.0672794370103959,0.0,0.0,0.2705230298249216,0.0,0.1588107041270924,0.1969786602851377,Oyo
50,38944.63,151,7,107005.42,15286.488571428572,0.0,0.3903043415931642,0.0,0.0082816365750445,0.2144243721486257,0.0166921451268543,0.3702975045563112,0.0,0.0,Cross River
32,4446.55,30,15,91703.73,6113.581999999999,0.2470973645237767,0.0,0.0,0.0651336646829959,0.0,0.0678121816855214,0.0,0.1345494888812047,0.4854073002265011,Delta
43,1275.22,118,5,81502.76000000001,16300.552,0.0298464739108221,0.0,0.0158242493873827,0.3583298283395555,0.0,0.3853890346780894,0.0,0.0,0.2106104136841501,Kwara
38,13534.83,139,10,83456.78,8345.678,0.1723728138085365,0.0,0.0,0.1528732596680581,0.0,0.0520550876753212,0.0,0.0,0.622698838848084,Kaduna
36,36907.02,96,8,220748.28,27593.535,0.5775727448476609,0.3560624798526177,0.0,0.0521499873068093,0.0065300169043219,0.0,0.0076847710885901,0.0,0.0,Rivers
47,37101.18,170,3,74195.19,24731.73,0.0,0.0,0.2474297862165997,0.0,0.0,0.0,0.0,0.557386267222983,0.1951839465604171,Imo
47,100180.55,34,6,47898.51,7983.085,0.1689781164382775,0.0,0.0,0.0,0.0,0.7584490624029849,0.0,0.0725728211587375,0.0,Lagos
18,97201.57,72,7,59029.13,8432.732857142857,0.0198457947796282,0.0,0.0108871670648034,0.0,0.0,0.3906317101404001,0.4957352412275091,0.0,0.0829000867876589,Delta
36,124122.64,110,9,133041.72,14782.413333333334,0.2422556623591457,0.2709559828300475,0.1608841196581042,0.2346917944235838,0.0,0.0533881402014345,0.037824300527684,0.0,0.0,Cross River
18,16451.49,21,5,29355.67,5871.134,0.4347344141693922,0.0,0.1675015422914891,0.0,0.0,0.3977640435391186,0.0,0.0,0.0,Cross River
44,22171.07,15,4,51675.990000000005,12918.9975,0.0,0.0,0.0,0.4952234103304068,0.0,0.2005981888300543,0.3041784008395388,0.0,0.0,Rivers
22,23499.89,64,9,48370.87,5374.541111111111,0.1370851919760798,0.1103050244909798,0.2382661300075851,0.0,0.0,0.201246948835115,0.2479878902322823,0.0651088144579578,0.0,Ogun
59,21964.75,210,3,5300.29,1766.763333333333,0.0,0.2189351903386418,0.0,0.0,0.0,0.0,0.5759118840667209,0.0,0.2051529255946372,Kano
46,16628.11,59,8,140868.53,17608.56625,0.0,0.2794787451817663,0.0,0.1650581574181259,0.0,0.2678021840648156,0.0357227409131052,0.1960542216206842,0.0558839508015026,Edo
33,31694.49,143,4,30170.82,7542.704999999999,0.8365960885385283,0.0,0.0059633778597996,0.0,0.0,0.0,0.0,0.157440533601672,0.0,Rivers
50,58099.58,149,5,31913.37,6382.674,0.0,0.0,0.0,0.1742385714827359,0.0,0.6065335625789442,0.1054297932183282,0.0975766583096677,0.0162214144103239,Kano
29,26001.29,36,9,185048.79,20560.97666666667,0.0674166526568479,0.0202581167917931,0.0,0.6503843661987738,0.0,0.0649320646733221,0.1890593286235484,0.0079494710557145,0.0,Rivers
37,93070.38,81,6,54224.12,9037.353333333334,0.0,0.3627809911898985,0.0,0.0285214402741805,0.0,0.075758536975796,0.45766570301187,0.0752733285482549,0.0,Unknown
32,24606.23,230,3,45348.32,15116.106666666668,0.0,0.0,0.0,0.7519652326701408,0.0,0.0,0.2480347673298591,0.0,0.0,Delta
37,63292.57,43,9,87638.62,9737.624444444444,0.0200323784194684,0.0,0.0395812941828613,0.0373798674602589,0.098392580805129,0.1386785871343022,0.0,0.6078369330781338,0.058098358919846,Lagos
39,94719.66,116,4,54759.37,13689.8425,0.0262886516042825,0.0807469114418226,0.0,0.0,0.0,0.8929644369538948,0.0,0.0,0.0,Enugu
20,13080.89,100,6,43043.6,7173.933333333333,0.0,0.0,0.0,0.4754560492152143,0.0,0.1344202157812079,0.1169332955421944,0.0,0.2731904394613833,Kwara
30,25100.51,27,5,28284.75,5656.95,0.0,0.0523101671395363,0.2528199824994034,0.0,0.0,0.4998279991868409,0.0,0.0,0.1950418511742193,Imo
18,264641.64,47,4,11997.160000000002,2999.2900000000004,0.0,0.5195954709281196,0.0,0.4303493493460119,0.0,0.0,0.0500551797258684,0.0,0.0,Rivers
32,240453.88,33,12,115764.1,9647.008333333331,0.069413401909573,0.1564670739892592,0.203337304051947,0.0989296336256231,0.0697318944301385,0.0189029241362391,0.1217533760466327,0.2614643918105872,0.0,Kwara
54,25342.02,136,5,72403.45,14480.69,0.0587041087130516,0.1111074126992567,0.0,0.0,0.0,0.400680216205167,0.2789608782454427,0.1505473841370818,0.0,Enugu
22,76619.04,13,4,25489.97,6372.4925,0.0,0.0,0.8492705169915853,0.0,0.0,0.0,0.1507294830084147,0.0,0.0,Abuja FCT
23,18141.84,2,6,159810.84,26635.14,0.2960401184300139,0.0,0.0,0.6744165790005234,0.0,0.0,0.0295433025694627,0.0,0.0,Anambra
33,6347.47,25,6,64888.25,10814.708333333334,0.177104483477363,0.226563206743902,0.0,0.0,0.0,0.0,0.0,0.0,0.596332309778735,Oyo
29,52583.08,76,5,24982.800000000003,4996.56,0.4625190130809997,0.0,0.0156239492771026,0.0,0.0,0.0,0.0,0.4356457242582898,0.0862113133836079,Enugu
18,187053.75,94,6,60686.43,10114.405,0.0,0.0,0.0,0.1221945334401776,0.488960711645091,0.1160620257279922,0.2121800540911699,0.0,0.0606026750955691,Cross River
20,16049.6,6,5,45184.99,9036.998,0.6188028369597958,0.0,0.0270766907329181,0.039626876093145,0.0,0.0385917978514546,0.0,0.2759017983626864,0.0,Anambra
37,63682.22,5,7,36776.17,5253.738571428571,0.0274783915780245,0.0,0.0970726424203499,0.1886457997121505,0.0,0.132740576302535,0.4884915965963829,0.0151804823612681,0.0503905110292888,Cross River
39,184477.56,83,10,45573.54,4557.354,0.3419348156847153,0.0794553155186101,0.0843412646899933,0.1443491113483833,0.0,0.0550734044359951,0.0,0.1032221767279873,0.1916239115943155,Oyo
62,198306.26,63,4,36534.5,9133.625,0.0,0.0,0.1614148270812519,0.0,0.0,0.5608123828162421,0.0,0.2777727901025059,0.0,Cross River
48,19385.79,19,4,46825.33,11706.3325,0.0,0.8592768059509671,0.0029125261904187,0.1378106678586141,0.0,0.0,0.0,0.0,0.0,Delta
28,26669.01,95,6,20730.04,3455.0066666666667,0.1237995681629171,0.0905685661966884,0.2667399580512145,0.0,0.0,0.0,0.0059884110209145,0.5129034965682652,0.0,Oyo
48,12445.31,116,7,113198.18,16171.16857142857,0.0,0.0389161733872399,0.0,0.2695054814485533,0.0,0.0843605436059131,0.6072178015582936,0.0,0.0,Cross River
47,230434.54,67,5,37950.33,7590.066000000001,0.3433414149494879,0.0,0.0476277808387963,0.2966108595103125,0.0,0.0,0.0,0.0,0.3124199447014031,Ogun
54,76152.98,171,7,38643.87,5520.552857142857,0.0,0.0225357864002751,0.368640873701314,0.0,0.0,0.0,0.15904670003289,0.4226874792819663,0.0270891605835543,Cross River
48,33990.29,147,3,9134.42,3044.806666666667,0.0,0.9498216635538984,0.0,0.0,0.0,0.0,0.0,0.0,0.0501783364461016,Abuja FCT
50,64035.37,147,7,115648.28,16521.182857142856,0.137152407281803,0.705445857041713,0.0,0.0,0.0,0.1500556687916154,0.0,0.0073460668848684,0.0,Rivers
18,7754.94,63,4,40668.57,10167.1425,0.5276450585796353,0.0,0.0,0.1288690504731295,0.0,0.0,0.0,0.0,0.3434858909472352,Ogun
41,88382.4,54,4,53467.06,13366.765,0.0,0.0,0.0,0.0976096310513426,0.0,0.8085877547783626,0.0,0.0938026141702947,0.0,Rivers
49,161329.1,12,7,43805.46,6257.922857142857,0.0,0.0575661116217019,0.227425530972623,0.1643687795996206,0.0,0.0,0.0500937554359662,0.4823222949833194,0.0182235273867686,Oyo
36,7371.6,30,7,126776.69,18110.95571428572,0.3974640764007957,0.0,0.1571822075493531,0.0,0.0,0.397446407537537,0.0064194766403823,0.0013254013809636,0.040162430490968,Edo
37,8306.79,288,1,5545.54,5545.54,0.0,0.0,0.0,0.0,0.0,1.0,0.0,0.0,0.0,Unknown
30,22815.03,577,3,24478.27,8159.423333333333,0.0,0.0,0.0,0.0967437649801231,0.0,0.3128554428070284,0.5904007922128484,0.0,0.0,Oyo
26,23181.02,118,6,62520.81,10420.135,0.8346771259041589,0.0,0.0163163273156569,0.0,0.0,0.019766698480074,0.059253870831168,0.0699859774689419,0.0,Kaduna
58,157534.22,56,7,104261.0,14894.42857142857,0.0,0.0,0.0,0.7645140560708222,0.0144613997563806,0.0,0.0,0.0,0.2210245441727971,Enugu
18,344183.32,139,1,653.37,653.37,0.0,0.0,0.0,1.0,0.0,0.0,0.0,0.0,0.0,Ogun
43,32377.07,16,3,8675.65,2891.883333333333,0.0,0.4064802060940679,0.0,0.0,0.0,0.5547665016454099,0.0,0.0,0.0387532922605222,Kaduna
27,27108.13,431,1,843.97,843.97,0.0,0.0,0.0,0.0,0.0,0.0,0.0,1.0,0.0,Edo
39,73079.21,281,4,32075.27,8018.817499999999,0.0,0.0,0.0,0.0363201930958024,0.0,0.0,0.0,0.0,0.9636798069041976,Edo
31,47280.82,2,3,1996.68,665.56,0.0,0.0,0.0,0.384157701784963,0.0,0.476425866939119,0.139416431275918,0.0,0.0,Enugu
49,13351.07,104,9,82957.64,9217.515555555556,0.0,0.183089104270565,0.0,0.0441946034144655,0.0425338763253149,0.0324687394675161,0.2133710650399408,0.0240639680685226,0.4602786434136748,Delta
37,14541.07,68,7,28899.45,4128.492857142857,0.1730143653252916,0.2128192751073117,0.0632216184045025,0.1381842907044943,0.0,0.0,0.1557424103226878,0.1979210677019805,0.0590969724337314,Unknown
33,5047.69,220,6,109185.34,18197.556666666667,0.0,0.6331836306962089,0.0847146695701089,0.0491789465508831,0.0,0.0,0.0242366786603402,0.0,0.2086860745224587,Imo
57,22260.27,133,7,49883.23,7126.175714285714,0.1007847727582997,0.2830672753147701,0.1629826296332455,0.4245344577726824,0.0,0.0,0.0286308645210023,0.0,0.0,Abuja FCT
44,82840.12,309,5,85907.65,17181.53,0.0245988570284485,0.2448175453524802,0.1585987976623735,0.0,0.0,0.5719847999566977,0.0,0.0,0.0,Ogun
28,82413.61,244,5,81955.64,16391.128,0.0,0.0,0.050465227286371,0.0,0.0,0.1076792274454814,0.1211533458832119,0.7207021993849355,0.0,Edo
18,148070.61,377,4,75073.7,18768.425,0.0,0.0,0.3713577457884718,0.0358237305474487,0.0,0.0,0.224879418491429,0.3679391051726502,0.0,Oyo
56,265114.29,3,6,45527.41,7587.901666666668,0.0,0.6771092403455412,0.1692567180957581,0.1536340415587005,0.0,0.0,0.0,0.0,0.0,Imo
38,78258.4,720,1,3648.74,3648.74,0.0,0.0,0.0,0.0,0.0,0.0,0.0,0.0,1.0,Kwara
25,17245.48,204,8,20338.7,2542.3375,0.0,0.0,0.4080246033423965,0.1447265557779012,0.0,0.3405409391947371,0.0,0.1067079016849651,0.0,Kaduna
38,80393.75,127,5,18356.16,3671.232,0.2348688396701706,0.0524189155030246,0.0210964602618412,0.0404392857765458,0.0,0.6511764987884177,0.0,0.0,0.0,Lagos
34,23391.64,1,8,53771.84,6721.4800000000005,0.29824216541595,0.0,0.5766302585144939,0.0,0.0,0.0,0.0380788531692424,0.0,0.0870487229003136,Enugu
32,14259.39,259,8,64725.2,8090.65,0.0,0.0651165233942884,0.0,0.3203852595279736,0.0,0.3801452911694363,0.2343529259083015,0.0,0.0,Abuja FCT
27,163554.85,64,7,67213.54000000001,9601.934285714287,0.3170044309524539,0.0326478861253253,0.0,0.0350331198148468,0.0,0.0,0.6153145631073739,0.0,0.0,Kano
50,169301.27,83,7,68905.99,9843.712857142858,0.5338474927941678,0.0,0.0042231451866521,0.0,0.0,0.0708456550729479,0.280976443412249,0.0635734280865858,0.0465338354473972,Delta
50,36671.07,180,6,53458.38,8909.73,0.0333214362275849,0.0,0.7321869835935919,0.1780519723942252,0.0,0.0257319806548571,0.0250548183465342,0.0056528087832066,0.0,Kaduna
34,189926.47,226,2,4069.12,2034.56,0.3957047223969802,0.0,0.0,0.0,0.0,0.0,0.6042952776030198,0.0,0.0,Rivers
37,39346.47,8,8,126924.12,15865.515,0.4065076047011395,0.014344318479419,0.2380473467139264,0.2046134336011153,0.0,0.1364872965043996,0.0,0.0,0.0,Unknown
32,61259.14,184,4,60809.11,15202.2775,0.0573608132071,0.1354458238247525,0.0705964945055107,0.7365968684626365,0.0,0.0,0.0,0.0,0.0,Abuja FCT
45,219559.29,89,9,151303.56,16811.506666666668,0.5625067909836358,0.0889686270435408,0.0,0.2643225314724914,0.0,0.0205784979547077,0.0,0.0636235525456241,0.0,Delta
34,153765.21,114,7,121780.2,17397.17142857143,0.6647281742023745,0.0,0.0,0.0,0.0,0.0,0.1665815132509225,0.0936650621365378,0.0750252504101652,Kwara
25,4217.2,6,6,69616.09,11602.681666666664,0.0,0.1975546170432726,0.2614125556318948,0.0,0.0,0.2086455875358699,0.0,0.3182528636698786,0.0141343761190839,Ogun
30,15894.3,2,7,69215.99,9887.998571428572,0.0263401563713818,0.1099480047890668,0.1706020530805093,0.0,0.0,0.0,0.3678196324288651,0.3252901533301771,0.0,Kaduna
19,46183.94,16,8,61375.16,7671.895,0.1119428446296514,0.0292545062204318,0.0649818265239553,0.0,0.0,0.0,0.3475702548066677,0.25941390621222,0.1868366616070736,Delta
18,150953.6,5,8,38425.17,4803.14625,0.0,0.5251651456584318,0.0444573179507078,0.0,0.1212528142360853,0.0400063291847505,0.0377411472740393,0.2093265950417395,0.0220506506542456,Kano
43,15959.33,33,6,64355.4,10725.9,0.0,0.0,0.383505191483543,0.0,0.0,0.1651222741215189,0.2643793683202963,0.1869931660746417,0.0,Abuja FCT
35,65934.91,160,5,16405.55,3281.11,0.0,0.0,0.0953335913760892,0.6553361514853205,0.0,0.0361627619921307,0.2131674951464596,0.0,0.0,Delta
18,63499.7,4,5,67976.54000000001,13595.308,0.100189565400063,0.1163624980029875,0.0,0.0,0.0,0.0,0.0,0.3943582594818741,0.3890896771150752,Ogun
40,96864.21,32,10,67165.19,6716.519,0.0046541966158362,0.643371960981574,0.051238595468873,0.0730184787685406,0.0,0.0,0.1038939962799182,0.0611636771964763,0.0626590946887815,Ogun
18,228697.4,25,4,30086.81,7521.702499999999,0.0576365523629789,0.0,0.7877355558798025,0.0,0.0,0.0,0.0,0.1546278917572185,0.0,Edo
67,7790.99,17,3,8584.66,2861.5533333333333,0.0,0.0,0.0,0.4989085182173784,0.5010914817826215,0.0,0.0,0.0,0.0,Imo
43,131115.37,77,10,154825.04,15482.504,0.1091834369944293,0.0243141548679722,0.0463878452736069,0.0058401405870781,0.0,0.3893321132033939,0.3501956143528204,0.0,0.0747466947206989,Anambra
36,18049.74,546,5,25394.64,5078.928,0.0,0.6435121742225919,0.1778899011759961,0.1785979246014119,0.0,0.0,0.0,0.0,0.0,Lagos
53,14724.23,19,8,72336.99,9042.12375,0.1974437974264618,0.0,0.0,0.0,0.0,0.4696595752740056,0.0557630335461843,0.2004137855335147,0.0767198082198332,Rivers
32,4543.74,19,8,48258.08,6032.259999999999,0.0870637621720549,0.0,0.0,0.0373199679722027,0.0,0.0,0.0363756701468438,0.0157316660754012,0.8235089336334972,Ogun
37,10041.22,284,3,482197.3141500111,160732.4380500037,0.9763459487116688,0.0,0.0,0.0,0.0,0.0,0.0236540512883313,0.0,0.0,Kwara
38,10008.4,183,1,27083.31,27083.31,0.0,0.0,1.0,0.0,0.0,0.0,0.0,0.0,0.0,Lagos
39,15516.97,64,8,73491.43,9186.42875,0.0,0.0,0.0,0.6716339578642027,0.0,0.1129692264798766,0.0762852212836245,0.1169619369224411,0.022149657449855,Edo
18,20293.22,14,10,84676.11,8467.611,0.178132651582601,0.1449104121575731,0.142632792177156,0.0314069694510057,0.0,0.0,0.3781558930848382,0.0239946072156597,0.1007666743311661,Kano
27,25880.43,112,6,494717.6441500111,82452.94069166853,0.0066906245191374,0.0,0.0,0.9521331000015448,0.0,0.0,0.0236971535958502,0.0,0.0174791218834676,Oyo
37,12384.17,29,7,39392.9,5627.557142857143,0.0,0.1618243389037111,0.2188376585628375,0.0,0.0,0.0349938694536325,0.0,0.477189544308746,0.1071545887710729,Lagos
41,16483.72,29,6,57111.45,9518.575,0.0,0.0,0.240303301702198,0.0,0.0,0.3784249918361379,0.0,0.0,0.381271706461664,Plateau
35,24530.18,17,4,32312.55,8078.1375,0.0,0.51332036623541,0.0,0.2093189797772073,0.0,0.0,0.0,0.2773606539873826,0.0,Kaduna
49,9394.67,364,3,23456.74,7818.913333333334,0.3553874067751955,0.5669807483904413,0.0,0.0,0.0,0.0,0.0,0.0,0.0776318448343631,Plateau
57,72685.18,26,8,64180.850000000006,8022.606250000001,0.0130351966357566,0.0581416419383663,0.0,0.0939786556270289,0.0,0.3487308130073067,0.4861136927915414,0.0,0.0,Anambra
27,32035.62,120,3,10701.45,3567.15,0.0,0.0,0.0,0.0,0.0,0.0,0.4670834326189441,0.5329165673810559,0.0,Anambra
54,37175.26,101,5,20859.35,4171.870000000001,0.0,0.0,0.1382440008916864,0.0,0.0,0.1477198474544988,0.6841632169746421,0.0298729346791726,0.0,Rivers
46,392220.79,223,6,25695.71,4282.618333333333,0.1112683790407036,0.0,0.0,0.1534065414032147,0.1333806304632174,0.2550277847936484,0.2586241049575979,0.0,0.0882925593416177,Kwara
37,13636.71,41,3,23935.02,7978.34,0.7380929700497431,0.0,0.261907029950257,0.0,0.0,0.0,0.0,0.0,0.0,Lagos
22,13263.94,190,5,201276.61,40255.322,0.9203010225579616,0.0360748822230263,0.0,0.0209068008448671,0.0,0.0092218862390418,0.0134954081351032,0.0,0.0,Rivers
21,250264.49,527,4,33370.04,8342.51,0.1570114989373701,0.2686125039106936,0.0,0.0,0.0,0.0,0.0,0.0,0.5743759971519363,Cross River
48,12595.36,28,7,18426.24,2632.32,0.5054856552394845,0.293268187107082,0.0,0.0123107047341183,0.0974441882880066,0.0502989215379806,0.0,0.0,0.0411923430933277,Anambra
45,7361.33,182,4,81724.84000000001,20431.210000000003,0.1052733783265895,0.0,0.0134052266116397,0.0,0.0,0.8813213950617708,0.0,0.0,0.0,Lagos
41,42338.31,46,6,48524.69,8087.448333333334,0.0574006758209068,0.0393939662468735,0.0,0.0,0.0,0.0,0.7600077403894802,0.1183158511677251,0.0248817663750144,Imo
28,8229.12,92,7,147548.38,21078.34,0.4136937999590371,0.0,0.0287557206659944,0.0163856763456162,0.0,0.0,0.2571528741962466,0.0,0.2840119288331054,Anambra
21,7810.08,101,2,1849.04,924.52,0.5080798684722884,0.0,0.0,0.0,0.0,0.0,0.0,0.4919201315277117,0.0,Oyo
52,49580.78,60,8,80942.55,10117.81875,0.0,0.0,0.0,0.2833526989204071,0.0,0.0162850070821835,0.4526892221705395,0.2476730718268698,0.0,Delta
38,9736.8,51,3,8117.280000000001,2705.76,0.0,0.0,0.0,0.0,0.0,0.3727381585949973,0.0,0.0,0.6272618414050026,Plateau
18,21047.44,80,5,48747.34,9749.468,0.2578723269823543,0.0,0.0,0.0,0.0,0.0,0.0538238599275365,0.6883038130901091,0.0,Kaduna
39,15968.68,46,2,29199.64,14599.82,0.0,0.0,0.0,0.0,0.0,0.670487718341733,0.0,0.0,0.329512281658267,Delta
52,102443.57,186,5,40262.85,8052.57,0.0478699346916574,0.0,0.0,0.3963810311490617,0.0,0.0329087483871608,0.0,0.0315583720476816,0.4912819137244382,Edo
24,61141.84,76,6,36616.61,6102.768333333333,0.477044434206225,0.2010046806626828,0.0,0.0868218002704237,0.0,0.160046765661813,0.0750823191988553,0.0,0.0,Enugu
44,305183.78,128,5,32241.2,6448.24,0.1741827227274418,0.0,0.0,0.5365188020297011,0.0,0.2223459424587174,0.0,0.0,0.0669525327841395,Kano
35,49554.98,182,6,16397.56,2732.9266666666667,0.0,0.0,0.0,0.0682290535909001,0.0565632935631886,0.1426431737404833,0.7068704124272148,0.0256940666782131,0.0,Plateau
32,65571.59,22,8,98983.43,12372.92875,0.0,0.0,0.449523723314094,0.297948151523947,0.0,0.0,0.0,0.0474831999658932,0.2050449251960656,Enugu
38,5322.62,98,3,55836.17,18612.056666666667,0.0,0.0,0.3156398442085121,0.0806095761940692,0.0,0.6037505795974187,0.0,0.0,0.0,Imo
25,25813.72,135,7,40733.06,5819.008571428572,0.484825348255201,0.0,0.0,0.0175817873736959,0.0915578156907435,0.1671882740948016,0.0430777849736798,0.109215708321447,0.0865532812904309,Rivers
37,43213.06,12,3,21092.63,7030.876666666666,0.0,0.0,0.0,0.5999318245282832,0.0,0.0,0.0,0.4000681754717169,0.0,Kano
20,22010.64,46,5,55263.64,11052.728,0.0347675252661605,0.4402008264385045,0.0,0.0090283593335509,0.0,0.0,0.4542878464031685,0.0617154425586153,0.0,Imo
35,7442.19,55,9,64754.82,7194.98,0.2264521776139598,0.0,0.1781638803103768,0.0,0.2777098291679291,0.0196726668377736,0.0496307456340701,0.1070711029696322,0.1412995974662581,Rivers
37,24784.34,212,3,56081.380000000005,18693.79333333333,0.3425912486461638,0.1288748600694205,0.0,0.0,0.5285338912844155,0.0,0.0,0.0,0.0,Unknown
20,37127.64,76,3,8352.16,2784.0533333333333,0.0,0.2149036895844907,0.0,0.0,0.0,0.0,0.0,0.7850963104155093,0.0,Cross River
37,75781.98,354,5,52161.22,10432.244,0.0,0.0,0.0,0.6997403434965669,0.0,0.1711156295807498,0.0336106018992653,0.0955334250234177,0.0,Cross River
45,167662.44,228,6,41716.91,6952.818333333333,0.3265467169068849,0.0,0.0,0.0696777397942464,0.0,0.2509869498963369,0.0,0.3527885934025314,0.0,Kano
47,55230.7,282,1,326.26,326.26,0.0,0.0,0.0,1.0,0.0,0.0,0.0,0.0,0.0,Edo
25,73893.3,252,6,18912.98,3152.1633333333334,0.1974083407268447,0.0,0.3884845222698908,0.0,0.0,0.2347879604377522,0.0599931898622004,0.104497546129695,0.0148284405736166,Abuja FCT
18,7120.55,230,2,23227.18,11613.59,0.0,0.0,0.6100387563191054,0.0,0.0,0.3899612436808946,0.0,0.0,0.0,Cross River
36,413229.62,127,7,43933.0,6276.142857142857,0.2183247217353697,0.0222013065349509,0.0,0.0,0.3600855848678669,0.0,0.3033337126988824,0.0,0.0960546741629299,Plateau
18,343312.26,78,8,174347.89,21793.48625,0.074603770656473,0.0,0.0,0.4009009228617564,0.0,0.0498496425738217,0.3796089531109323,0.0873599904191556,0.0076767203778606,Imo
40,10329.54,128,9,99998.33,11110.925555555554,0.0375832276399015,0.0,0.0,0.3108656914570473,0.0,0.1385164132241008,0.118785183712568,0.0,0.3942494839663823,Ogun
37,28598.95,36,7,83426.34,11918.048571428571,0.1321692885004903,0.0665110083937519,0.0,0.1112281804523607,0.0,0.6882606860135541,0.0,0.001830836639843,0.0,Kaduna
40,414067.44,391,2,44544.49,22272.245,0.0,0.0,0.0,0.0,0.0,0.1530204970356603,0.0,0.0,0.8469795029643397,Rivers
18,26081.23,46,9,81495.38,9055.042222222222,0.0614010266594253,0.0,0.0,0.052148477619222,0.0,0.0633624875422385,0.1251950724077855,0.0063282114887985,0.6915647242825299,Kano
37,24492.26,70,4,84873.68000000001,21218.42,0.0,0.9144230578902672,0.0,0.0,0.0,0.056807834890628,0.0216693797181882,0.0070997275009166,0.0,Edo
43,32593.21,6,8,70299.70999999999,8787.463749999999,0.1995683908226648,0.0,0.5174391188811447,0.0462856816905788,0.0,0.0,0.026397548439389,0.2103092601662226,0.0,Rivers
22,46526.73,39,8,87364.1,10920.5125,0.2234386893472261,0.1277911636473105,0.0,0.1743490747343588,0.0,0.4180352112595448,0.0,0.0563858610115596,0.0,Ogun
61,98810.46,45,6,560390.8941500111,93398.48235833518,0.0039020084423689,0.0,0.0,0.1407743609389953,0.0,0.0063919846617656,0.0040666970569831,0.844864948899887,0.0,Oyo
42,33958.54,53,6,81834.19,13639.031666666668,0.0,0.0,0.0,0.0951227109353682,0.0,0.1742418419489458,0.0445853988412422,0.6860500482744438,0.0,Rivers
23,18307.41,43,3,172076.0,57358.66666666666,0.0,0.0,0.7611618703363631,0.238838129663637,0.0,0.0,0.0,0.0,0.0,Enugu
24,9550.92,126,8,675594.174150011,84449.27176875138,0.0169421383989887,0.0,0.0,0.6959288906562033,0.0,0.1710168684408246,0.0,0.001507221404449,0.1146048810995341,Enugu
27,19610.12,26,9,106764.8,11862.755555555554,0.0,0.041994833503177,0.2407596885865004,0.2367154717659753,0.0,0.0475166908943771,0.0,0.3855587234744035,0.0474545917755664,Lagos
36,12694.26,25,6,29539.870000000003,4923.311666666667,0.0,0.2115154873735057,0.0,0.0430113605780932,0.0,0.7454731520484009,0.0,0.0,0.0,Enugu
49,29676.74,26,4,76069.12,19017.28,0.0,0.0100920057968331,0.7816209783943865,0.0,0.0,0.0,0.0,0.1804213063066852,0.0278657095020949,Kano
59,47082.06,144,7,69438.8,9919.828571428572,0.0,0.0261428768930338,0.2479806678686844,0.0,0.0,0.0357281519841932,0.0,0.6696017212279015,0.020546582026187,Anambra
30,3209.52,12,9,53293.33,5921.48111111111,0.1246692597366312,0.0,0.1075046351954362,0.053821557031621,0.0,0.345581332598282,0.3684232154380294,0.0,0.0,Oyo
41,107040.24,7,10,83307.72,8330.772,0.1097952266608665,0.0874359543149182,0.1446670248567599,0.0,0.0,0.4024043630050132,0.0,0.2435792265110604,0.0121182046513816,Lagos
37,34858.61,57,3,27531.230000000003,9177.076666666668,0.0,0.2438162043613743,0.0,0.0066931263150974,0.0,0.0,0.0,0.7494906693235281,0.0,Kano
31,53164.93,329,3,45497.52,15165.840000000002,0.0,0.7631541235654163,0.0,0.0,0.0,0.0130512608159741,0.2237946156186095,0.0,0.0,Abuja FCT
31,48525.07,39,9,40964.27,4551.585555555555,0.0411753950454872,0.1601866699931428,0.0114050610446616,0.3557585671610894,0.1471470137268405,0.2843272930287785,0.0,0.0,0.0,Delta
34,119410.63,135,9,71007.86,7889.762222222223,0.0,0.0386962795386313,0.1531610725911187,0.0098387699615225,0.0,0.0,0.0408974443110945,0.7574064335976327,0.0,Kwara
52,23715.92,400,3,12857.27,4285.756666666667,0.0,0.531613631820752,0.0,0.0,0.468386368179248,0.0,0.0,0.0,0.0,Kaduna
39,108884.11,142,5,22220.67,4444.134,0.0,0.1754542054762525,0.0,0.0,0.0,0.6550846576633378,0.0527882372583725,0.0,0.1166728996020372,Imo
35,6611.2,109,6,38265.9,6377.650000000001,0.0860931011684031,0.0,0.0,0.0,0.0,0.0,0.1527122059065643,0.5565137629063996,0.2046809300186327,Anambra
33,20719.35,33,9,85431.63,9492.403333333334,0.0413128018276134,0.0510155313670124,0.2952192296927964,0.3254767584324447,0.0,0.0882817054994736,0.0,0.0131978050752396,0.1854961681054195,Plateau
37,9584.31,22,13,161072.72,12390.209230769233,0.2183346130865611,0.1611649073784809,0.020520669173526,0.0,0.0,0.2975193440577647,0.1701524007293103,0.0752943763537363,0.0570136892206203,Plateau
48,37254.04,70,4,26850.29,6712.5725,0.4585902051709684,0.1980075447974677,0.1744621752688704,0.0,0.0,0.1689400747626934,0.0,0.0,0.0,Delta
34,41596.07,34,8,110525.31,13815.66375,0.1720463846697195,0.0,0.0,0.0210982443749761,0.6190781098012753,0.0056781564331283,0.1509079685006086,0.0,0.0311911362202919,Enugu
18,34162.97,25,7,83434.97,11919.281428571428,0.1447022753169324,0.0,0.1121799408569332,0.0199458332639179,0.0,0.0350094211096378,0.0,0.6881625294525785,0.0,Cross River
63,55949.5,92,6,70184.3,11697.383333333331,0.0,0.844093194631848,0.0340949471605473,0.0,0.0,0.0,0.0248152364560165,0.0029416835389111,0.0940549382126772,Enugu
42,157574.26,1,4,13097.13,3274.2825,0.0,0.0,0.3342579633858715,0.0,0.0,0.0384015429334518,0.3096579174216031,0.0,0.3176825762590735,Delta
41,23617.14,468,2,20965.91,10482.955,0.0,0.0,0.0,0.3957867795864811,0.0,0.0,0.0,0.0,0.6042132204135189,Lagos
45,19676.03,150,4,78932.54,19733.135,0.0994150194583881,0.0,0.8282239492103004,0.0723610313313115,0.0,0.0,0.0,0.0,0.0,Cross River
25,11120.18,86,6,130123.91,21687.318333333333,0.0386486234543674,0.0,0.6174838275302363,0.0,0.0637430891832254,0.0752772492003967,0.0,0.0,0.2048472106317739,Delta
18,117077.08,529,3,20515.39,6838.463333333333,0.0,0.0,0.6001060667138183,0.0,0.0,0.3354311080608265,0.0,0.0644628252253552,0.0,Enugu
56,36885.15,552,5,14639.64,2927.928,0.0,0.1538036454448333,0.0,0.0,0.0,0.0418357282009666,0.2265328928853441,0.4109882483449046,0.1668394851239511,Rivers
42,21248.65,416,5,27410.22,5482.044,0.0,0.0,0.0,0.0,0.0,0.0367144079835915,0.7604411785093297,0.0,0.2028444135070787,Delta
37,36236.485,99,4,77009.515,19252.37875,0.0,0.0657703791537967,0.0,0.0544624907714325,0.0,0.0,0.0,0.0,0.8797671300747707,Unknown
29,146705.32,64,5,33711.14,6742.228,0.2881468855695772,0.1536560318043234,0.4275390864859508,0.0,0.0,0.0574139587091981,0.0,0.0,0.0732440374309501,Kaduna
26,17724.48,294,6,73767.42,12294.57,0.0681140807147654,0.0581008526528378,0.0,0.0,0.0,0.0766431847555465,0.0,0.0,0.7971418818768502,Kwara
35,25865.59,218,10,79207.28,7920.728,0.0690625912163629,0.0,0.0,0.0694386930090264,0.0,0.134092851061165,0.4540563695660298,0.0,0.2733494951474157,Ogun
26,53287.37,348,3,10182.83,3394.276666666666,0.0,0.6480015869851504,0.0,0.1520343558715995,0.0,0.0,0.0,0.1999640571432499,0.0,Abuja FCT
18,17207.86,110,2,13878.240000000002,6939.120000000001,0.0,0.0,1.0,0.0,0.0,0.0,0.0,0.0,0.0,Delta
38,226762.08,192,9,69430.75,7714.527777777777,0.1187074891168538,0.0500462691242713,0.1125136917000032,0.0218275043838644,0.0,0.0907276674960302,0.0534652153404651,0.0,0.5527121628385118,Plateau
52,130461.19,20,7,37880.12,5411.4457142857145,0.1811147905550457,0.0,0.0,0.4138012234385742,0.0,0.0,0.0,0.0,0.4050839860063802,Rivers
39,6785.32,53,7,255802.59000000003,36543.22714285715,0.0570887495705184,0.0,0.0344368678987964,0.0,0.0,0.0,0.6737027564889003,0.2347716260417847,0.0,Enugu
37,103845.19,122,11,98017.54,8910.685454545453,0.0505762540051505,0.0252654779950608,0.5999686382661714,0.0021607357213821,0.0,0.1278934362155997,0.0,0.0,0.1941354577966351,Imo
36,50938.48,6,8,170766.78,21345.8475,0.2170255245194645,0.0492760360065347,0.1453000402068833,0.0165920444245654,0.0,0.0,0.2675679075286188,0.0,0.304238447313933,Kano
62,22935.44,91,9,81357.78,9039.753333333334,0.1808340886390951,0.0,0.0,0.0071688288446415,0.0,0.3015655048601375,0.0,0.5104315776561259,0.0,Rivers
40,11763.7,185,7,95112.44,13587.49142857143,0.0975733563348811,0.187315455265368,0.0261268662648124,0.633342704697724,0.0,0.0,0.0,0.0,0.0556416174372143,Plateau
45,18498.91,73,4,33081.32,8270.33,0.0,0.0,0.652721838185417,0.0,0.0,0.0,0.2888862959519148,0.0,0.0583918658626681,Ogun
52,10005.32,101,5,53956.54,10791.308,0.1301186102741206,0.0,0.2962879013368907,0.0,0.0,0.2624108217465389,0.0,0.3111826666424496,0.0,Oyo
33,44855.64,132,8,87008.42,10876.0525,0.5337482280450558,0.0,0.1814204878102602,0.0,0.0,0.0,0.1302572785484439,0.1076280893274466,0.0469459162687933,Kano
18,66407.85,91,4,25895.78,6473.945,0.2329603510687841,0.5157122125689978,0.1861318716794782,0.0,0.0,0.0,0.0,0.0,0.0651955646827398,Rivers
39,16812.32,6,6,56878.79,9479.798333333334,0.175219268904982,0.0132485237467252,0.0,0.0,0.0,0.3835067518138132,0.0,0.2923629352874771,0.1356625202470024,Kano
32,25009.3,211,2,45591.53,22795.765,0.0,0.0249061612979428,0.0,0.9750938387020572,0.0,0.0,0.0,0.0,0.0,Oyo
34,18143.18,86,9,119402.2,13266.91111111111,0.0,0.4685723546132316,0.0,0.1528321086211141,0.0,0.0060189845748235,0.3725765521908306,0.0,0.0,Kaduna
38,23094.68,376,4,22306.74,5576.685,0.2141801087922305,0.0,0.0,0.0440149479484676,0.0,0.741804943259302,0.0,0.0,0.0,Ogun
55,34504.8,81,9,91563.03,10173.67,0.2296978376534721,0.4524098863919203,0.0817126737723729,0.1525295744363199,0.0,0.0533150770567553,0.0303349506891591,0.0,0.0,Enugu
28,45770.9,208,5,15232.63,3046.526,0.1562612628285463,0.6578141791666967,0.0,0.0,0.0,0.1372507570918482,0.0,0.0486738009129086,0.0,Edo
32,55342.03,50,5,28384.9,5676.9800000000005,0.0135737663335083,0.0,0.0,0.0,0.0,0.0,0.0,0.4029991298190234,0.5834271038474682,Kano
43,28164.67,149,7,44926.39,6418.055714285714,0.3458366007150808,0.3248745336538279,0.0,0.0,0.0,0.0,0.3292888656310913,0.0,0.0,Kano
58,160941.95,7,7,62620.53,8945.789999999999,0.8356559741669386,0.0,0.0,0.0,0.0,0.1162633085347569,0.0,0.0480807172983045,0.0,Cross River
25,42172.22,176,4,15715.91,3928.9775,0.0,0.0,0.1509858480991555,0.0,0.0161511487403529,0.0,0.2479773681574913,0.0,0.5848856350030002,Enugu
23,14647.84,78,4,28233.99,7058.4975,0.0,0.4836595890272682,0.0,0.0,0.0,0.058466762933613,0.0,0.4578736480391188,0.0,Delta
43,75605.98,39,5,157472.89,31494.578,0.1266938074229792,0.0,0.7605574521430324,0.0,0.0,0.0,0.0871934845420059,0.0255552558919824,0.0,Imo
28,43384.97,53,7,72769.45999999999,10395.637142857142,0.0502448417234372,0.0668669246686728,0.2625398072213261,0.0,0.0,0.0,0.0444303145852669,0.4187784271038977,0.1571396846973992,Plateau
28,21864.21,143,3,18351.7,6117.233333333334,0.2726668374047091,0.3951721093958598,0.0,0.0,0.0,0.3321610531994311,0.0,0.0,0.0,Edo
28,4987.2,174,4,62102.6,15525.65,0.0687431766141836,0.0,0.0,0.0,0.0,0.2223485007068947,0.0,0.0916815076985504,0.6172268149803711,Delta
32,54996.81,75,9,42209.33,4689.925555555556,0.1354894759049717,0.0187603072590822,0.0,0.1989818364802284,0.0,0.0,0.1865698886952244,0.0494587334127312,0.4107397582477617,Kaduna
29,20709.14,450,1,8560.96,8560.96,0.0,1.0,0.0,0.0,0.0,0.0,0.0,0.0,0.0,Kano
18,14598.2,118,6,22127.44,3687.906666666667,0.0,0.0832803071661249,0.0,0.1996182115960997,0.0,0.170232977696471,0.3299956976496151,0.2168728058916892,0.0,Kano
32,1348.74,132,7,105691.15,15098.735714285713,0.0,0.0,0.0456048590634125,0.0463314099619504,0.0,0.0523143139231619,0.8124501436496812,0.0276892625352264,0.0156100108665673,Abuja FCT
67,9339.77,65,8,82015.64,10251.955,0.380416101124127,0.4919210531064562,0.0,0.0,0.0,0.0187775160932719,0.034871519627232,0.0119322363393128,0.0620815737095997,Abuja FCT
29,45002.1,27,5,74831.38,14966.276000000002,0.2739742338040538,0.0,0.031641805884109,0.0,0.090711811007628,0.603672149304209,0.0,0.0,0.0,Plateau
44,24925.25,22,5,47750.29,9550.058,0.0,0.4484626166668307,0.0,0.0,0.0097463282421949,0.0,0.0,0.0,0.5417910550909744,Edo
41,14402.41,117,2,6995.32,3497.66,0.0,0.0,0.0,0.0,0.0,0.0,0.0,1.0,0.0,Delta
31,53928.99,30,9,62323.15,6924.794444444444,0.033151244762179,0.0350283963503128,0.0336184868704486,0.0307598380377115,0.0,0.5767832659292734,0.1650109148847579,0.1117157910022199,0.0139320621630967,Enugu
56,20668.96,4,7,88429.87000000001,12632.838571428572,0.0,0.0802014070584973,0.0,0.0,0.0,0.7685698282718272,0.0660867193404219,0.0851420453292535,0.0,Kwara
38,148196.9,2,7,31970.57,4567.2242857142855,0.4299128855068896,0.0,0.0,0.046871857461409,0.0,0.3330957189690393,0.190119538062662,0.0,0.0,Abuja FCT
52,14460.86,61,7,67555.7,9650.814285714285,0.3199701875637437,0.3260507995624351,0.0,0.0,0.0,0.2450367622569227,0.0,0.0729190875085299,0.0360231631083683,Imo
43,87415.1,115,5,20170.79,4034.158,0.0910058554969835,0.0,0.200956432544288,0.0,0.0,0.7080377119587284,0.0,0.0,0.0,Plateau
36,52852.86,184,6,10510.55,1751.7583333333332,0.3609706437817241,0.0,0.0,0.3856724909733554,0.0,0.0,0.2533568652449206,0.0,0.0,Kano
40,15151.8,397,4,17999.085,4499.77125,0.2241158369994919,0.7758841630005081,0.0,0.0,0.0,0.0,0.0,0.0,0.0,Abuja FCT
27,52569.39,49,3,58363.9,19454.63333333333,0.8778609722790971,0.0,0.0,0.0,0.0,0.1097145667099011,0.0124244610110016,0.0,0.0,Ogun
18,15589.56,70,8,45464.87,5683.10875,0.117852530976114,0.0890505130664621,0.0781647456596708,0.0,0.0,0.1395468633254643,0.0680547420458917,0.5073306049263971,0.0,Abuja FCT
31,22565.69,173,4,63494.77,15873.6925,0.0,0.1587738643670967,0.0598195725411715,0.0,0.0,0.0,0.7814065630917317,0.0,0.0,Oyo
42,121727.83,377,3,22883.29,7627.763333333333,0.0,0.0,0.0,0.0,0.0,0.2898896968049612,0.0,0.7101103031950388,0.0,Cross River
30,41028.2,31,7,128931.38,18418.76857142857,0.7815682264472775,0.0,0.0,0.0077203858362487,0.0,0.0220774802844738,0.0104242272129562,0.0,0.1782096802190436,Cross River
18,451367.36,173,7,47753.13,6821.875714285714,0.4979987699235632,0.2319163162707868,0.0,0.0,0.0,0.0,0.0,0.1716547166646458,0.0984301971410041,Kwara
43,68809.67,234,5,56065.81,11213.162,0.0,0.142918652205328,0.260793699404325,0.0,0.0,0.0,0.0,0.0658376290291712,0.5304500193611758,Kano
26,14745.22,87,8,68352.20999999999,8544.026249999999,0.1977549811483784,0.0,0.0,0.757488602051053,0.0,0.0,0.0,0.0097955867118268,0.0349608300887418,Ogun
41,45959.79,55,5,28855.35,5771.07,0.0,0.0,0.0,0.2079953977338691,0.0,0.2448811052369838,0.5471234970291471,0.0,0.0,Imo
44,147132.6,303,3,16506.260000000002,5502.086666666667,0.0,0.0,0.0,0.0,0.0,0.6333300214585253,0.0,0.0,0.3666699785414745,Plateau
27,77339.67,89,10,179117.93,17911.792999999998,0.0,0.1097923585874401,0.4218194124954436,0.0172208890533739,0.0,0.0203799809432813,0.4245894869374607,0.0,0.0061978719830002,Kaduna
45,43160.04,167,8,53867.89,6733.48625,0.3363469406356922,0.0,0.35283691267655,0.0984025919708383,0.0,0.0261361638631102,0.0709431908322379,0.0,0.1153342000215713,Edo
34,3224.82,5,8,167563.80000000002,20945.475,0.041070207288209,0.0403984034737813,0.6771031690615753,0.0,0.0,0.1002923662509444,0.0449181744505674,0.0,0.0962176794749223,Abuja FCT
39,11201.69,103,8,80049.97,10006.24625,0.2109481115358319,0.0,0.0,0.0089119333836102,0.0,0.0067928819960831,0.0456688490951339,0.0111341703188645,0.7165440536704761,Kwara
53,9593.33,3,10,101570.36,10157.036,0.0129011061888527,0.0,0.6459560643479063,0.0841532903890465,0.0,0.0245424944836269,0.0858405936535028,0.0822432843597285,0.0643631665773361,Kano
40,12685.95,56,8,57878.61,7234.82625,0.0525660516035198,0.0,0.4972367166384956,0.0,0.0,0.0752281369576774,0.374969094800307,0.0,0.0,Anambra
35,12893.52,281,6,45479.37,7579.894999999999,0.129463974544942,0.0,0.0,0.4801047156106164,0.0,0.2482778455374381,0.0,0.1421534643070034,0.0,Plateau
29,29125.57,20,7,54549.59,7792.79857142857,0.7718683128507474,0.0332682610446751,0.0,0.0,0.0,0.0,0.0,0.0,0.1948634261045775,Plateau
31,15762.02,112,3,53687.630000000005,17895.876666666667,0.0,0.0,0.0,0.826317533480245,0.0,0.0,0.0,0.1736824665197551,0.0,Anambra
50,164605.31,59,5,41025.73,8205.145999999999,0.0262020931742104,0.3818654780792444,0.0,0.2728231770647348,0.0847916661080741,0.0,0.0,0.2343175855737363,0.0,Lagos
36,23840.9,85,5,43911.09,8782.217999999999,0.0,0.0,0.5738891929123144,0.0382420477378266,0.0,0.0,0.0,0.2173020528527076,0.1705667064971514,Imo
50,76279.88,120,8,67946.77,8493.34625,0.0,0.3298064058085469,0.4490802138203185,0.0570946933901346,0.0,0.0570115400629051,0.0574167101688571,0.0,0.0495904367492376,Plateau
25,15128.41,160,6,22121.23,3686.8716666666655,0.0,0.1286791014785344,0.0,0.0,0.0,0.5103748751764707,0.0,0.0,0.3609460233449948,Imo
37,36236.485,11,6,43491.22,7248.536666666667,0.0409222827044171,0.1717132791400195,0.0,0.2776063766433777,0.0,0.0524558750018969,0.0253644298780305,0.0,0.4319377566322582,Unknown
46,102871.38,58,11,98051.52,8913.774545454546,0.5784319304789971,0.1005733516420755,0.0,0.0,0.0,0.1275259169873144,0.0297978042563746,0.0321667629425836,0.1315042336926546,Ogun
35,124794.5,132,6,22562.71,3760.4516666666655,0.0160401831163011,0.0,0.3262458277396642,0.0224879901394823,0.0,0.0749692745242038,0.3345896835974047,0.0,0.2256670408829435,Kano
30,27434.55,7,7,68775.25,9825.035714285714,0.0,0.0,0.0,0.1157413459056855,0.0,0.1769793639426974,0.1725375044074721,0.4607084670720935,0.0740333186720513,Rivers
31,91670.77,141,3,55724.130000000005,18574.710000000003,1.0,0.0,0.0,0.0,0.0,0.0,0.0,0.0,0.0,Imo
42,44834.59,291,5,69197.98,13839.596,0.0,0.162273667526133,0.2330738556241092,0.0,0.0,0.0,0.6046524768497578,0.0,0.0,Lagos
42,13336.91,80,8,169277.59,21159.69875,0.0,0.0623989861859446,0.3339069276683346,0.033416236608756,0.0,0.3829348586543558,0.0,0.0,0.1873429908826088,Kwara
34,27843.44,167,7,73809.05,10544.15,0.1523225132961337,0.0823087412722423,0.0808287059649189,0.0,0.0,0.0,0.305718065738551,0.0679214811733791,0.3109004925547747,Lagos
27,52344.89,69,14,184277.22,13162.658571428572,0.1236871817362992,0.0757885863483288,0.0400497684955308,0.0,0.0,0.009214378206921,0.0827959093370303,0.1212485732094286,0.5472156026664609,Cross River
65,6883.81,215,3,7967.969999999999,2655.99,0.0,0.3615751565329689,0.0362338211614752,0.0,0.0,0.0,0.0,0.6021910223055559,0.0,Delta
28,42848.81,300,5,122655.13999999998,24531.028,0.4348084393365007,0.5348689830691156,0.0155728492095806,0.0147497283848031,0.0,0.0,0.0,0.0,0.0,Ogun
21,25232.12,92,6,43495.920000000006,7249.320000000001,0.0,0.1424970434008523,0.0,0.0816878916459291,0.0571099542209936,0.4298065197839246,0.1732079698509653,0.1156906210973351,0.0,Kaduna
71,238836.66,68,5,522534.6241500111,104506.92483000222,0.0,0.0,0.8997786604376944,0.0,0.0,0.0027015434667057,0.0,0.0860640576175282,0.0114557384780716,Kano
52,2974.75,155,5,35085.28,7017.056,0.0,0.2445350300752908,0.0,0.7077500877861029,0.0,0.0,0.0,0.032740511120333,0.0149743710182731,Lagos
51,14203.74,43,4,34190.38,8547.595,0.0,0.0,0.6675447889143087,0.2715307639166339,0.0,0.0,0.0448392208568609,0.0,0.0160852263121965,Rivers
26,73293.79,109,3,481398.8041500111,160466.2680500037,0.0,0.0,0.0103226056175484,0.0130121012889929,0.0,0.0,0.0,0.9766652930934588,0.0,Edo
44,50869.99,3,11,164124.29,14920.39,0.0,0.2352545135153364,0.0820273464701659,0.3218803871139366,0.0,0.0104643864719841,0.0114561348597456,0.1137220456521091,0.225195185916722,Enugu
30,54991.45,35,7,105482.77,15068.967142857144,0.344451705240581,0.0278928018291518,0.4753187653301103,0.0,0.0,0.0,0.0,0.0,0.1523367276001569,Edo
38,5318.18,35,5,127618.46,25523.692,0.6946149483389785,0.2895408704978888,0.0,0.0,0.0,0.0,0.0,0.0158441811631326,0.0,Imo
24,48380.08,363,3,51464.39,17154.796666666665,0.0,0.0,0.5103484176145875,0.2375238490148236,0.0,0.0,0.2521277333705888,0.0,0.0,Ogun
37,8946.84,36,8,107698.0,13462.25,0.0,0.5112440342439042,0.2403708518264034,0.1977237274601199,0.0,0.0328471280803728,0.0,0.0,0.0178142583891994,Cross River
18,7199.46,343,2,17047.0,8523.5,0.0,0.0,0.0,0.0,0.0,0.0,0.0,0.0,1.0,Kwara
30,46801.57,563,3,25412.305,8470.768333333333,0.1941158033480237,0.1993107276179787,0.0,0.0,0.0,0.0,0.0,0.6065734690339976,0.0,Anambra
35,33768.25,299,2,9718.66,4859.33,0.0,0.0,0.1432038984798316,0.0,0.0,0.0,0.8567961015201684,0.0,0.0,Kano
30,20069.67,103,8,140221.96,17527.745,0.1161808036344664,0.0015857715867043,0.0,0.3411469216376664,0.0,0.190610372298319,0.0,0.3401942891113489,0.0102818417314948,Edo
39,37283.02,161,11,95805.05,8709.55,0.0,0.0,0.0981104858251209,0.3025774737344221,0.0,0.048470826955364,0.0331627612531907,0.4842676873505102,0.0334107648813919,Ogun
46,226637.25,49,8,71596.34999999999,8949.543749999999,0.063077656891727,0.0,0.0,0.0,0.0,0.1995307023332893,0.0431021972488821,0.6609542246217858,0.0333352189043156,Plateau
22,26596.83,154,5,133505.38,26701.076,0.0,0.1617953523670731,0.1800030830218228,0.0,0.0,0.2087619989546488,0.4016798424153393,0.0477597232411158,0.0,Enugu
41,10238.23,58,8,70298.11,8787.26375,0.2869439875410591,0.4659994415212585,0.1347263816907737,0.0098358263116888,0.0302606997542323,0.0683614395892009,0.0038722235917864,0.0,0.0,Imo
18,55207.6,35,10,143441.16999999998,14344.116999999998,0.5916936539209767,0.0,0.1579691520921085,0.0,0.0288207353579171,0.0576264122775908,0.0953107117015289,0.0613361561398306,0.007243178510047,Cross River
40,10252.96,52,5,36720.69,7344.138000000001,0.3169439354216928,0.0,0.2095257469290473,0.0636537603187739,0.0,0.4098765573304859,0.0,0.0,0.0,Anambra
37,37483.39,183,6,75073.12,12512.186666666666,0.0,0.4010097089344362,0.0,0.0118758884671371,0.1372639101718431,0.032186886598026,0.0,0.0,0.4176636058285575,Unknown
44,19955.78,92,5,40765.81,8153.161999999999,0.2599624538307959,0.0,0.2904593334463365,0.1107023262876415,0.0,0.0,0.0,0.1760364874388611,0.1628393989963648,Kwara
57,75464.67,58,8,43288.64,5411.08,0.0,0.0,0.3693105165697051,0.568180705145738,0.0,0.0,0.0,0.0625087782845568,0.0,Kaduna
48,226473.88,32,9,71578.1,7953.122222222223,0.0,0.039987649853796,0.4433886901161109,0.0688679917460787,0.0,0.0893108366944638,0.3464046964085384,0.012040135181012,0.0,Delta
46,277470.45,150,7,26736.62,3819.517142857144,0.0398341301181675,0.0,0.0719559914454407,0.0,0.0,0.1253756084351724,0.1112837000338861,0.6515505699673333,0.0,Kano
37,237019.71,72,5,80969.59,16193.918,0.0414626034292627,0.8000369027433633,0.1376405635745469,0.0,0.0,0.020859930252827,0.0,0.0,0.0,Plateau
58,87758.26,152,8,61819.02,7727.3775,0.0,0.0195153530418308,0.0,0.4339295576021749,0.0,0.1238269386994488,0.3430423193379643,0.0796858313185812,0.0,Kwara
18,15016.32,214,8,49331.7,6166.4625,0.0197438969263171,0.0497232002951449,0.218093436877302,0.0,0.0,0.0,0.1189016393110312,0.0,0.5935378265902047,Plateau
60,422705.15,130,4,18264.31,4566.0775,0.0,0.0,0.0,0.0149105003145478,0.1579769506759357,0.5557247988015972,0.0,0.2713877502079191,0.0,Enugu
21,6262.54,4,5,17024.38,3404.876,0.0,0.2991592057978029,0.0,0.5368312972337319,0.0,0.0,0.0,0.0,0.1640094969684652,Imo
27,89824.04,13,3,9999.41,3333.1366666666668,0.0,0.0,0.0,0.0,0.0,0.7055016245958512,0.0,0.2944983754041488,0.0,Oyo
56,17554.79,189,3,40469.22,13489.74,0.2553498683690963,0.3699984827975434,0.0,0.0,0.0,0.0,0.0,0.3746516488333603,0.0,Enugu
18,9763.36,108,6,43125.39,7187.565,0.0261108363309873,0.1390837277065784,0.0157299447031087,0.0,0.2726727804664491,0.0,0.4901003793820762,0.0563023314107999,0.0,Lagos
18,80808.28,378,4,81982.78,20495.695,0.3902728109488358,0.3022859190673944,0.0,0.0,0.0,0.0,0.0,0.0,0.3074412699837697,Abuja FCT
49,21013.29,85,5,33227.57,6645.514,0.0,0.0,0.0,0.0741712379207989,0.0,0.2012187469622364,0.0,0.0,0.7246100151169645,Rivers
34,210767.71,36,5,31101.55,6220.31,0.2216449019421861,0.0597979843448316,0.0,0.0,0.0,0.4904935606103232,0.0318392491692536,0.1962243039334052,0.0,Kaduna
31,17496.98,122,5,82674.19,16534.838,0.9792786600025958,0.0,0.0,0.0,0.0,0.0,0.0144384843685798,0.0062828556288244,0.0,Kaduna
33,159426.68,13,2,27642.17,13821.085,0.0,0.0,0.0,0.0,0.0,0.8045366915839097,0.1954633084160903,0.0,0.0,Enugu
36,36961.34,10,6,10294.89,1715.8150000000005,0.0682095680478373,0.104441135359387,0.0,0.0,0.0,0.131137875198278,0.265834797652039,0.4303766237424586,0.0,Imo
46,23510.16,79,8,82152.20999999999,10269.02625,0.0,0.0,0.0,0.2578023159693452,0.0,0.0,0.6130123584015573,0.1291853256290975,0.0,Kaduna
31,16145.69,96,9,129850.21,14427.80111111111,0.036477338003535,0.0,0.3927861187132466,0.0312672578658132,0.0,0.4982379312286056,0.0134639751448996,0.0,0.0277673790438998,Delta
18,20716.37,147,2,10531.52,5265.76,0.0,0.8550446659171705,0.0,0.0,0.0,0.0,0.1449553340828294,0.0,0.0,Imo
24,240612.89,144,6,43946.22,7324.37,0.0,0.0,0.4904155579251185,0.3464582391841664,0.0,0.0,0.0,0.1608506943259283,0.0022755085647866,Anambra
58,20431.93,87,10,90447.76,9044.776,0.1557685895150969,0.1096550096984159,0.2740684788655905,0.0,0.0,0.1749193125401889,0.2213196877401939,0.0,0.0642689216405138,Kano
25,217796.28,27,4,16580.32,4145.08,0.0,0.0,0.0,0.3765090179200401,0.0,0.0789261003406448,0.544564881739315,0.0,0.0,Kaduna
35,12044.56,215,2,6605.610000000001,3302.8050000000003,0.0,0.3051966434591203,0.6948033565408797,0.0,0.0,0.0,0.0,0.0,0.0,Kaduna
49,41598.85,162,10,531250.7341500111,53125.07341500111,0.0,0.927865097332404,0.0,0.0,0.0,0.0073646957048631,0.0515031758850689,0.0,0.0132670310776639,Rivers
33,203897.13,18,4,20217.76,5054.4400000000005,0.0,0.0,0.0,0.0,0.0,0.0,0.1074832226715521,0.1832077341901377,0.70930904313831,Edo
48,18416.85,61,12,146428.14,12202.345,0.0471196315134509,0.0062499598779305,0.0595711999073402,0.2200383751374565,0.0,0.1211716545740456,0.4773632308653242,0.0,0.068485948124452,Kaduna
18,167997.02,189,8,32495.79,4061.97375,0.1765696417905211,0.0,0.0,0.5244814789854316,0.0,0.0,0.2391275916049433,0.0,0.0598212876191038,Plateau
61,141894.77,148,5,15045.22,3009.044,0.0,0.5826382066862432,0.0,0.1046292443713019,0.0,0.0,0.2800091989349441,0.0327233500075106,0.0,Anambra
30,14039.22,72,7,63036.07,9005.152857142857,0.2114448124700667,0.0965301294956998,0.0357109826167779,0.0,0.3485821689074207,0.2759058424803449,0.0318260640296896,0.0,0.0,Anambra
34,6834.53,72,8,50060.27,6257.5337500000005,0.2539570801356045,0.0,0.1152846358998862,0.0033062146888141,0.0,0.0,0.176551784478989,0.0,0.4509002847967061,Abuja FCT
49,96376.72,531,3,9514.3,3171.433333333333,0.0,0.0,0.2110843677411895,0.0,0.0,0.479530811515298,0.0,0.3093848207435124,0.0,Plateau
41,11244.3,150,4,32070.47,8017.6175,0.0,0.0,0.5039935492058581,0.0,0.0,0.2554724018700069,0.2405340489241348,0.0,0.0,Abuja FCT
35,11539.15,52,9,163520.12,18168.902222222223,0.0,0.0212071150632717,0.2667633194006951,0.0,0.1300589798980088,0.1230433294691809,0.0,0.1799094203208755,0.2790178358479678,Rivers
26,18011.47,151,7,126022.96,18003.280000000002,0.0146385230119971,0.8427115185994679,0.0,0.0688082552576133,0.0,0.0,0.0,0.0738417031309215,0.0,Enugu
50,24266.26,39,9,570816.8741500111,63424.09712777901,0.0325843731016122,0.0117503183660918,0.0,0.0,0.0,0.081540511690914,0.0099488299263338,0.8641759669150479,0.0,Kaduna
55,111529.03,288,3,50727.56999999999,16909.19,0.0,0.0,0.2665792980030386,0.0,0.0,0.0,0.7334207019969614,0.0,0.0,Ogun
18,28910.27,45,1,7777.65,7777.65,0.0,0.0,0.0,0.0,0.0,1.0,0.0,0.0,0.0,Plateau
26,179870.48,80,7,76992.06,10998.865714285714,0.0,0.01110828830921,0.0,0.2459345807866421,0.0,0.0,0.4179011446115352,0.3250559862926125,0.0,Kaduna
46,6036.21,33,6,159100.5,26516.75,0.3241463728900914,0.0,0.5282455429115559,0.0,0.0,0.0,0.0,0.0,0.1476080841983526,Delta
66,134538.2,157,8,44483.21,5560.40125,0.0,0.0,0.0465202488759241,0.2571199335659455,0.0,0.3096384006459965,0.2480634828286897,0.138657934083444,0.0,Kano
62,8617.87,238,3,41233.73,13744.576666666668,0.0,0.0,0.0,0.9288817674268128,0.0,0.0,0.0,0.0275485627907055,0.0435696697824814,Abuja FCT
34,6276.18,1,6,57821.380000000005,9636.896666666667,0.1721197245724678,0.0,0.0,0.0165381732501022,0.0,0.0,0.0,0.234688622097916,0.5766534800795138,Lagos
40,98166.4,165,4,5857.2,1464.3,0.5412295977600219,0.0,0.3118879328006556,0.0,0.0,0.0,0.1468824694393225,0.0,0.0,Enugu
58,84472.24,13,15,107539.19,7169.279333333334,0.1096838278212807,0.5542179553333069,0.0081433568543709,0.0927268468360232,0.0,0.0772409574593225,0.0918816665812714,0.0,0.0661053891144242,Plateau
38,72468.94,169,5,55328.240000000005,11065.648,0.0,0.0,0.0,0.021607410609844,0.0,0.0,0.7770733354250922,0.0596232592976028,0.1416959946674609,Kaduna
30,9482.62,9,8,169863.05,21232.88125,0.4157642288890962,0.0,0.4604990314256102,0.0,0.0,0.1027119788559077,0.0094738673301815,0.0,0.0115508934992042,Rivers
45,12770.4,5,5,18815.88,3763.176,0.0,0.0,0.0,0.457770245133366,0.0479584266056118,0.0,0.0,0.2912879971598458,0.2029833311011762,Ogun
58,33781.71,164,3,81589.35,27196.45,0.0,0.0,0.0,0.1088379794666828,0.0,0.8911620205333172,0.0,0.0,0.0,Delta
59,12876.85,33,5,12800.29,2560.058,0.4905826352371704,0.0716710324531709,0.1537933906184938,0.2839529416911648,0.0,0.0,0.0,0.0,0.0,Ogun
46,66337.65,3,2,5734.9,2867.45,0.0,0.0,0.0,0.2689515074369213,0.0,0.0,0.0,0.7310484925630787,0.0,Rivers
39,69889.64,8,4,40896.08,10224.02,0.0,0.1685626104017793,0.0,0.0,0.0,0.0,0.5490235249931045,0.0340250214690503,0.2483888431360658,Oyo
46,6455.92,52,4,46041.14,11510.285,0.0686709755666345,0.0,0.0165184875960934,0.3126586352987784,0.0,0.0,0.6021519015384936,0.0,0.0,Cross River
33,41553.62,19,7,121845.01,17406.43,0.1211851022869135,0.0,0.5727172577687014,0.1175192976716896,0.0,0.0,0.1770364662451092,0.0,0.0115418760275861,Kaduna
23,53365.3,67,4,43397.87,10849.4675,0.0,0.0,0.0,0.0,0.0,0.0,0.8169377898039696,0.1830622101960303,0.0,Oyo
50,27490.74,80,4,19370.66,4842.665,0.4407490503679276,0.0,0.0720579474318376,0.0,0.0,0.0,0.3507505681272605,0.0,0.1364424340729743,Rivers
47,23636.94,230,4,16676.88,4169.22,0.0,0.3089282887446573,0.0,0.0,0.0,0.0,0.0,0.5641930624913054,0.1268786487640374,Kaduna
33,17813.36,14,6,29549.0,4924.833333333333,0.0,0.0,0.15546143693526,0.1396514264442113,0.0,0.0486060441977731,0.5637189075772446,0.0,0.0925621848455108,Anambra
22,60802.99,48,4,39586.85,9896.7125,0.0,0.0,0.1217583616781835,0.0,0.0,0.0,0.0,0.2081827677625272,0.6700588705592893,Abuja FCT
19,8540.74,284,3,20213.24,6737.746666666666,0.1630911224524124,0.0,0.0,0.8369088775475877,0.0,0.0,0.0,0.0,0.0,Rivers
32,31448.9,16,3,5479.6,1826.5333333333333,0.1310132126432586,0.0,0.3276881524198846,0.0,0.0,0.0,0.5412986349368567,0.0,0.0,Anambra
31,78103.08,47,3,23275.86,7758.62,0.0,0.818952769092098,0.0,0.0,0.0,0.0,0.0,0.0,0.1810472309079019,Imo
34,12124.8,270,3,17579.4,5859.8,0.0608632831609725,0.4867225275037828,0.0,0.4524141893352446,0.0,0.0,0.0,0.0,0.0,Rivers
29,27273.21,26,7,179279.54,25611.36285714286,0.0,0.0077602274079908,0.727044257253226,0.1437114352256816,0.0,0.0,0.0023351800211,0.0,0.1191489000920015,Delta
30,18427.45,130,4,11942.25,2985.5625,0.1980522933283091,0.0,0.0,0.0,0.0,0.3802549770771839,0.0,0.4216927295945068,0.0,Cross River
25,70903.2,9,9,71049.54,7894.393333333332,0.3818811494064564,0.0,0.2118393729220485,0.0607930748038622,0.0,0.1792197387907085,0.0628849954552837,0.002648996742273,0.1007326718793675,Enugu
53,626886.01,68,5,84991.26999999999,16998.253999999997,0.0522166570754855,0.0,0.0,0.396693095655589,0.0,0.3049456726555563,0.0,0.1952138143129288,0.0509307603004402,Abuja FCT
35,6252.06,48,8,781866.0041500111,97733.2505187514,0.6046550452899678,0.0,0.0053208861594164,0.0152475103620347,0.0,0.0005177357729475,0.324891552582791,0.0,0.0493672698328425,Kaduna
51,321488.64,126,2,25214.66,12607.329999999998,0.1984520116471925,0.0,0.0,0.0,0.0,0.0,0.0,0.0,0.8015479883528075,Kwara
32,30476.21,37,3,46569.47,15523.156666666668,0.3964975336846221,0.0,0.0,0.2606009903054511,0.0,0.0,0.3429014760099266,0.0,0.0,Delta
39,4560.82,38,7,203613.62,29087.66,0.0062644630550746,0.4105160057563929,0.0,0.0025265500412005,0.0,0.0,0.0,0.0224905878103832,0.5582023933369487,Abuja FCT
62,36772.55,42,5,27246.54,5449.308,0.0,0.481280558926014,0.0,0.3887767033905956,0.0,0.0,0.1299427376833902,0.0,0.0,Rivers
53,97159.76,215,8,526571.9941500111,65821.49926875139,0.0043417614787707,0.0,0.0057571234962723,0.8949058616584256,0.0,0.0,0.046288960048749,0.0,0.0487062933177823,Lagos
29,38259.17,7,6,125634.09,20939.015,0.0,0.0671233420801631,0.3066164605482476,0.189800873313923,0.0,0.4247016872570176,0.0117576368006486,0.0,0.0,Kaduna
22,27500.53,34,6,66159.63,11026.605,0.0,0.0,0.0085958763675068,0.0,0.0,0.2860076454478357,0.0,0.0,0.7053964781846573,Cross River
35,186997.36,26,11,151988.85,13817.168181818182,0.3426519116369392,0.0,0.0,0.1754812935290977,0.0,0.4589346521142834,0.0,0.0229321427196797,0.0,Oyo
35,55124.3,29,8,39729.45,4966.18125,0.0,0.0346362710785072,0.075393442396006,0.0907717071341284,0.0,0.0164311360967745,0.3412848655090871,0.0556579565032992,0.3858246212821974,Kwara
36,10171.08,390,2,21348.43,10674.215,0.0,0.0,0.0,0.4849302735611002,0.0,0.5150697264388997,0.0,0.0,0.0,Kano
37,36236.485,156,7,23091.31,3298.758571428571,0.2167005683090305,0.01575008087458,0.1626330424735539,0.2417013153433044,0.0,0.0982586089745449,0.0,0.1444430827008082,0.1205133013241777,Unknown
35,45857.9,154,5,48799.05,9759.81,0.14305688327949,0.1992899451936051,0.55587926404305,0.0,0.0,0.0,0.0,0.1017739074838547,0.0,Ogun
24,28859.38,106,7,117440.39,16777.198571428573,0.4348259572366884,0.0,0.3037166344559993,0.0057831040922122,0.0,0.0,0.0,0.0,0.2556743042151001,Plateau
38,660225.06,22,5,31080.2,6216.04,0.2538069253093609,0.0523178744023526,0.0,0.2783852742260345,0.0,0.0,0.0,0.0,0.4154899260622518,Lagos
28,74426.2,57,7,123733.885,17676.269285714287,0.0,0.6049246332158729,0.0,0.0,0.0,0.0,0.3572786064221616,0.0,0.0377967603619655,Kwara
26,78459.74,36,6,65987.4,10997.9,0.0,0.0,0.0,0.3463990095078758,0.0,0.2516387977098658,0.2998677020158394,0.0820332366482086,0.0200612541182104,Imo
23,23555.56,361,2,6949.79,3474.895,0.6842998133756559,0.0,0.0,0.0,0.0,0.0,0.315700186624344,0.0,0.0,Imo
56,25678.51,46,9,35502.97,3944.7744444444447,0.0,0.2791079168869534,0.2675835289272982,0.200433935527084,0.0573129515643339,0.0,0.026916339675244,0.0,0.1686453274190863,Ogun
52,67728.5,248,4,21249.86,5312.465,0.0,0.1063470535805883,0.1045084532321624,0.2302678700000847,0.0,0.0,0.0,0.0,0.5588766231871645,Kwara
28,134738.25,152,9,503926.9141500111,55991.87935000123,0.0,0.9863167856163616,0.0,0.0012628021685909,0.0,0.0,0.0005998290456659,0.0,0.0118205831693815,Imo
24,29033.13,35,7,32928.52,4704.074285714285,0.0,0.1305233274984724,0.3443100388356355,0.1900996461426143,0.0,0.1273883551401642,0.0,0.2076786323831135,0.0,Enugu
40,47716.98,47,4,6977.48,1744.37,0.0143318218038604,0.0,0.0,0.0,0.0,0.0,0.0,0.9856681781961396,0.0,Kwara
38,97190.0,86,7,51519.86,7359.98,0.4205789767285858,0.2215256407917257,0.0,0.0,0.0,0.1443701516269648,0.0,0.1160859132769382,0.0974393175757853,Rivers
25,19874.73,230,6,55190.71000000001,9198.451666666668,0.0,0.0903575982262232,0.0,0.1176132722336784,0.0,0.4878561989871121,0.0216340757348474,0.0,0.2825388548181387,Kwara
34,67007.66,53,9,109331.51,12147.945555555556,0.0,0.0261992174076805,0.2035971148665192,0.1497949676172953,0.0,0.0,0.0398059992037062,0.3884443743619748,0.1921583265428237,Kaduna
31,48652.87,25,7,32181.71,4597.387142857143,0.0534319027795601,0.2680301947907678,0.09928496652291,0.3676955015752736,0.0,0.0,0.2115574343314883,0.0,0.0,Anambra
18,56828.85,149,5,28108.76,5621.752,0.0,0.0,0.0875951126979632,0.0,0.0,0.1088123417753042,0.4889852843028295,0.3146072612239031,0.0,Kano
53,56590.82,57,4,68467.76,17116.94,0.0,0.1188349085759487,0.0,0.6924587572311407,0.0,0.1321040735084659,0.0566022606844447,0.0,0.0,Cross River
51,11740.89,401,2,3300.16,1650.08,0.0,0.0,0.0,0.0,0.0,0.7576753854358577,0.2423246145641423,0.0,0.0,Imo
42,50540.07,192,4,12475.18,3118.795,0.2800881430167741,0.0,0.0,0.0,0.0,0.5489107171199133,0.1710011398633125,0.0,0.0,Edo
47,71460.79,74,6,65929.28,10988.213333333331,0.4091581160904532,0.0,0.0244791085235573,0.2356211079508224,0.0,0.2783838986259216,0.0047035247465162,0.0,0.047654244062729,Edo
51,45813.33,26,5,35231.25,7046.25,0.2066423984388859,0.0,0.0,0.0,0.0,0.3842665247472059,0.0,0.0291266985985453,0.3799643782153628,Kano
47,165372.69,27,9,70751.73000000001,7861.303333333334,0.0059120815844361,0.0,0.2517650098449889,0.0,0.0,0.352785013172116,0.0078988881261277,0.3816390072723309,0.0,Abuja FCT
19,5234.94,192,9,78196.16,8688.462222222222,0.1131372691446741,0.1270245239663942,0.1414890449863522,0.4016928708519702,0.0,0.1654115751975544,0.0,0.0422513074810834,0.0089934083719712,Rivers
51,69687.74,128,7,49711.41,7101.629999999999,0.01929013882326,0.0512481943280224,0.0,0.0691201476683119,0.0,0.04169666480995,0.7875855864880918,0.0310592678823634,0.0,Plateau
18,27069.12,170,5,247670.48,49534.096000000005,0.0553010193221251,0.8152768145804055,0.0504084701576061,0.0,0.0387379230661643,0.0,0.0,0.0402757728736989,0.0,Enugu
36,59426.09,2,6,60285.69,10047.615,0.2126811520279522,0.0174182297656375,0.2460952176212962,0.1390465962983919,0.0,0.0,0.0429708940878009,0.3417879101989212,0.0,Imo
41,8944.36,45,6,56715.06,9452.51,0.0412366662399722,0.0,0.0,0.4525053839315342,0.0,0.1211965569638822,0.0,0.3850613928646113,0.0,Anambra
21,28668.37,117,6,61708.71,10284.785,0.5778474383924085,0.0581454384640353,0.0,0.0661093061255048,0.0,0.0,0.1349966641662092,0.1629011528518421,0.0,Ogun
40,12295.79,53,8,89793.27,11224.15875,0.4868782482250619,0.0130932975266409,0.0220438569616631,0.0055023054623136,0.0,0.0,0.0,0.4724822918243205,0.0,Ogun
34,2888.18,391,5,156997.25,31399.45,0.9357099567030632,0.0,0.0,0.0,0.0,0.0332893729030285,0.0310006703939081,0.0,0.0,Edo
21,129604.12,18,6,47297.3,7882.883333333332,0.2521902941605546,0.1213466730659043,0.0298752782928412,0.0,0.0,0.0,0.4007262571013567,0.1958614973793429,0.0,Enugu
25,24896.67,92,9,34085.35,3787.261111111111,0.0,0.4018503550645658,0.2033548137249581,0.1882756081425011,0.0,0.0,0.1908558955680373,0.0,0.0156633274999376,Imo
41,52915.32,41,5,38083.6,7616.719999999999,0.2254862985642113,0.1450910628196914,0.0,0.3303348422943208,0.0,0.0,0.162800785640013,0.0,0.1362870106817632,Delta
35,126962.06,124,5,33756.09,6751.217999999999,0.0,0.0545036466012503,0.4643941285853901,0.0,0.0,0.0,0.2879252306768942,0.0,0.1931769941364654,Cross River
50,125549.44,184,5,31576.340000000004,6315.268000000001,0.2785405148285077,0.2085539362700046,0.0,0.0,0.0,0.0,0.0134375928305813,0.0,0.4994679560709062,Oyo
35,4120.69,36,7,57761.78,8251.682857142858,0.1382088640620147,0.0,0.2419477031351873,0.0436652056082759,0.0,0.2452175123412055,0.0,0.0177496261368676,0.3132110887164488,Enugu
60,106589.88,136,4,12034.19,3008.5475,0.0,0.2980724086955582,0.0,0.3228185694259439,0.0,0.1883184493513896,0.1907905725271081,0.0,0.0,Ogun
36,9911.92,43,8,90826.95,11353.36875,0.0108628551327551,0.0,0.0,0.0,0.0,0.0474644364915919,0.1287811602173143,0.0,0.8128915481583384,Kano
37,10584.6,6,6,64703.03,10783.838333333331,0.0889848589780107,0.1071323862267346,0.0496863902664218,0.0,0.0,0.0,0.0,0.5151839102434616,0.2390124542853711,Ogun
36,53217.22,307,4,124760.5,31190.125,0.0,0.7352288584928723,0.001229155061097,0.0,0.0,0.2505547829641593,0.0129872034818712,0.0,0.0,Ogun
37,136280.96,62,4,22194.16,5548.54,0.1436504017273012,0.0,0.0,0.0,0.0,0.1305987701269162,0.0,0.7257508281457825,0.0,Unknown
25,152338.26,138,9,110726.24,12302.915555555555,0.0,0.1067863407987122,0.0443613004469401,0.0,0.0,0.0781391113795609,0.7475704042691236,0.0,0.0231428431056631,Enugu
24,27764.44,33,6,79129.6,13188.266666666668,0.0,0.0,0.0066672901164671,0.0514089544241345,0.0,0.3250179452442575,0.0,0.0,0.6169058102151407,Enugu
22,51062.35,46,13,92531.8,7117.83076923077,0.0,0.2170336035827682,0.0,0.1786867865966078,0.0,0.2184611128282385,0.3024516976866331,0.0,0.0833667993057521,Rivers
54,140201.12,202,3,35598.44,11866.146666666667,0.8136825658652458,0.1029109702559999,0.0,0.0,0.0,0.0,0.0,0.0,0.0834064638787542,Delta
50,26490.1,78,8,55014.92,6876.865,0.0,0.0,0.2050418322884047,0.0127767158436293,0.0096208446726815,0.260733270174709,0.3854539823015284,0.052334348573078,0.0740390061459691,Enugu
45,58762.36,91,5,50423.56,10084.712,0.5069150214701224,0.0356468285856849,0.0,0.0,0.0,0.0,0.0,0.2857977500993583,0.1716403998448344,Oyo
21,5052.22,320,8,165974.71000000002,20746.838750000003,0.0,0.0,0.0,0.2199056711712284,0.0,0.0,0.0,0.2334820768778568,0.5466122519509147,Anambra
47,104023.55,197,6,26286.71,4381.118333333333,0.2265654393417814,0.0,0.0,0.0,0.0,0.0554371391475007,0.320546390172068,0.3974510313386498,0.0,Oyo
20,3308.45,268,5,52533.490000000005,10506.698,0.0,0.0,0.0,0.9292929139107262,0.0,0.018484970254213,0.0,0.0,0.0522221158350606,Enugu
34,18131.74,355,3,9797.42,3265.806666666667,0.0,0.0,0.0,0.0,0.0,0.0,0.1637951623998971,0.0,0.8362048376001029,Kano
34,26695.86,68,1,5237.84,5237.84,0.0,0.0,0.0,0.0,0.0,1.0,0.0,0.0,0.0,Kano
48,28654.7,136,5,49117.54,9823.508,0.5035803910374991,0.0867429435594698,0.0,0.0,0.096347251918561,0.0,0.0,0.004423267126163,0.308906146358307,Kaduna
18,89293.02,3,8,114567.66,14320.9575,0.1783149799864988,0.0,0.5186433064967898,0.042040572356981,0.0,0.0452941083024651,0.0251920131737001,0.1905150196835651,0.0,Kano
38,77974.41,12,5,25636.5,5127.3,0.4771852631989546,0.0,0.0,0.3014549567998751,0.0,0.0530509234879956,0.0,0.1683088565131746,0.0,Kwara
29,37705.74,151,13,197069.91,15159.223846153847,0.0552020853919302,0.0049952324025519,0.1019830982822288,0.056219338609329,0.4565151524146938,0.0,0.2809549666917694,0.0247726301798179,0.0193574960276787,Enugu
30,16778.39,159,4,9816.839999999998,2454.21,0.1750115108324063,0.1928064428064428,0.0,0.0,0.0,0.1195720822586494,0.5126099641025014,0.0,0.0,Kaduna
30,51624.94,11,8,98091.03,12261.37875,0.2710273304297039,0.1632895484938837,0.0538944284711864,0.0,0.0,0.0413683086006946,0.0,0.4704203840045313,0.0,Kwara
61,27665.06,136,2,2388.28,1194.14,0.0,0.6504136868373893,0.3495863131626108,0.0,0.0,0.0,0.0,0.0,0.0,Cross River
43,229106.37,122,4,494110.9241500111,123527.73103750276,0.0367946125280978,0.0,0.0116670158829555,0.0,0.0,0.0,0.0,0.9515383715889468,0.0,Imo
41,45890.52,71,9,105087.4,11676.377777777778,0.0039998134885818,0.0227161391375179,0.0,0.5483022703007212,0.0280349499559414,0.1812726359201959,0.0485480657053081,0.1671261254917335,0.0,Kwara
19,37094.35,3,6,165877.63,27646.271666666667,0.3689623489315587,0.5835012231607118,0.0,0.013972167313941,0.0,0.0,0.0,0.0190294496008895,0.0145348109928988,Ogun
51,8595.77,87,5,98661.27,19732.254,0.1182880577150486,0.0,0.0,0.0,0.0,0.0,0.1440815631098201,0.6751245954973011,0.0625057836778302,Anambra
54,21005.93,195,2,50466.91,25233.455,0.0,0.0,0.0,0.0,0.0,0.0,0.0280280682926693,0.0,0.9719719317073306,Enugu
72,6951.64,5,8,114615.79,14326.97375,0.0,0.6817304142823603,0.1097848734454476,0.0783139042186072,0.1181496022493933,0.0077012949088428,0.0,0.0043199108953487,0.0,Kano
50,19775.0,99,7,70727.66,10103.951428571429,0.0,0.4805195025538806,0.0700402077489909,0.0201725887722002,0.0,0.0,0.0,0.429267700924928,0.0,Delta
37,36236.485,77,5,28827.49,5765.498,0.0,0.0,0.3180981070499026,0.0,0.0,0.0230679119132466,0.5890710568280484,0.0,0.069762924208802,Unknown
32,37193.32,249,5,44711.33,8942.266,0.0,0.0,0.7759010971044699,0.037514652326379,0.0,0.1289248161483901,0.0,0.0403172976514006,0.0173421367693602,Oyo
40,212963.05,108,11,235239.16,21385.37818181818,0.0024957154242516,0.3363914834587915,0.0,0.0288672175159952,0.0054354895672982,0.0460749392235544,0.5807351548101091,0.0,0.0,Rivers
18,7788.09,28,7,51947.9,7421.128571428571,0.0143607345051484,0.0,0.1435203347969792,0.0689396491484737,0.0,0.0115546537973623,0.0726909076209047,0.0,0.6889337201311313,Lagos
32,11275.81,266,7,54817.93,7831.132857142858,0.2264895810549577,0.0084729576618453,0.507559296748345,0.1229763692280974,0.0,0.0,0.0,0.1345017953067545,0.0,Kano
71,32673.97,206,8,47042.67,5880.33375,0.3498234687784515,0.0,0.2962935564669267,0.0283986857038514,0.0,0.1242208403562127,0.0409281616030722,0.0172228744669467,0.1431124126245385,Oyo
44,66303.06,14,4,15739.68,3934.92,0.0695103077063828,0.0,0.0,0.1572376312606101,0.0,0.0,0.1136509763857969,0.6596010846472101,0.0,Anambra
32,42624.25,323,4,165584.34,41396.085,0.0,0.0,0.0,0.0,0.0,0.9458823219635384,0.0,0.0502373594024652,0.0038803186339964,Edo
23,47627.01,110,6,77095.16,12849.193333333336,0.2316096107719343,0.5185660163361746,0.155728323282551,0.0390715837414436,0.0,0.0,0.0,0.0,0.0550244658678962,Delta
42,77634.79,93,4,17335.57,4333.8925,0.0,0.0,0.0825718450561475,0.7087098953192771,0.0910878615470965,0.0,0.0,0.0,0.1176303980774788,Anambra
52,5357.83,14,7,51142.2,7306.028571428571,0.0,0.1476790204566874,0.1052009886160548,0.0031873873239712,0.1248317436481027,0.2128031254032873,0.4062977345518965,0.0,0.0,Anambra
31,31597.37,259,5,35768.16,7153.6320000000005,0.0878680927394643,0.0,0.0,0.0,0.0,0.0,0.0535031715358016,0.0,0.8586287357247339,Delta
22,17190.35,36,13,132740.18,10210.783076923077,0.0,0.1626019340941077,0.0372309273650224,0.0224641852979256,0.0,0.0998246348618783,0.1295502989373677,0.1747763186700515,0.3735517007736467,Delta
32,44336.75,4,9,56668.84,6296.537777777778,0.0,0.0311363352417307,0.0,0.1022512548342263,0.0,0.0233555160119741,0.0341252794304594,0.1970282080946072,0.6121034063870021,Imo
36,23779.11,6,10,53714.93,5371.493,0.0,0.0,0.075004658853693,0.0974704798088725,0.0,0.0365641358929444,0.3859264081699446,0.4050343172745454,0.0,Cross River
45,75748.55,218,5,36297.59,7259.518000000001,0.0179105554941801,0.6319248743511622,0.1277181212306381,0.0,0.0,0.0,0.0,0.0,0.2224464489240194,Kaduna
70,48593.88,89,7,85511.57,12215.938571428573,0.581975632069438,0.0,0.1095475150321763,0.0386105646288566,0.0,0.1932214552954646,0.0,0.0,0.0766448329740642,Abuja FCT
40,38780.04,55,6,484505.2941500111,80750.88235833518,0.0052579404822999,0.0028494012690242,0.0,0.0,0.0,0.0,0.0,0.0102626123182474,0.9816300459304284,Enugu
30,56333.79,113,4,23660.65,5915.1625,0.0,0.2003305065583574,0.3004769522392664,0.0,0.0,0.499192541202376,0.0,0.0,0.0,Kaduna
52,59298.3,188,6,74736.53,12456.088333333331,0.0,0.1097965078121769,0.1662490886317574,0.7239544035560656,0.0,0.0,0.0,0.0,0.0,Enugu
53,176304.69,372,4,24703.43,6175.8575,0.202558915907629,0.0,0.4851585387130451,0.1223315952481093,0.0,0.0,0.0,0.1899509501312166,0.0,Ogun
37,36236.485,139,11,239092.12,21735.64727272728,0.0522521612171911,0.6994000471450085,0.0127815170152826,0.1447549588836303,0.0,0.0426395901295283,0.0481717256093592,0.0,0.0,Unknown
56,50145.66,92,6,60498.87,10083.145,0.0,0.3487884980331038,0.0,0.1121202759654849,0.0,0.0,0.1840308752874227,0.0,0.3550603507139885,Kaduna
29,68026.9,262,6,56746.880000000005,9457.813333333334,0.0,0.2572807527039372,0.4923475969075304,0.0,0.1673397726888244,0.0,0.0830318776997078,0.0,0.0,Cross River
57,26553.37,117,7,19873.83,2839.118571428572,0.1026701949246823,0.016683246259025,0.0,0.0926248237003134,0.0,0.2947383569246591,0.4932833781913199,0.0,0.0,Imo
27,20214.04,49,11,587244.5641500112,53385.86946818284,0.0175847519592571,0.9656087408331616,0.0082737760323633,0.0,0.0,0.0,0.0041585229546308,0.0043742082205869,0.0,Rivers
37,197068.46,73,6,69239.98,11539.996666666666,0.0,0.0,0.5259584130440245,0.0,0.0,0.0156051460442362,0.0,0.0485223999198151,0.409914040991924,Lagos
43,47415.06,269,10,147482.07,14748.207,0.1749051935601392,0.199375151162443,0.0,0.1655340205083913,0.0,0.0487923040407556,0.1039876915207387,0.2472812457812669,0.0601243934262653,Delta
42,145462.15,54,8,80935.14,10116.8925,0.0,0.0,0.0605505840849845,0.8696755204228966,0.0,0.0203565472302883,0.0393966081976259,0.0,0.0100207400642044,Ogun
48,197150.98,155,3,27921.99,9307.33,0.0,0.0,0.0,0.0,0.0,0.0,0.333100183761974,0.650692160551594,0.016207655686432,Ogun
43,17738.76,39,5,63575.07,12715.014,0.1489492658049767,0.4673641727803052,0.3399480330890709,0.0,0.0,0.0,0.0,0.0437385283256471,0.0,Ogun
18,8321.38,122,9,287877.8,31986.42222222222,0.022389777884922,0.0,0.0,0.0099753089679023,0.0,0.0047706353181801,0.028281861261966,0.8818862725781564,0.052696143988873,Edo
18,35445.86,24,4,475634.1,118908.525,0.03762495161722,0.9408916854363468,0.0,0.0,0.0,0.0,0.0214833629464329,0.0,0.0,Rivers
47,51019.33,23,7,44016.76,6288.108571428572,0.0081348559048871,0.2427847937921828,0.188059957161772,0.0,0.0,0.024190103951313,0.0,0.3765949606468082,0.1602353285430368,Kano
46,23708.93,322,9,96092.66,10676.962222222222,0.0,0.0415588453894397,0.333816027155456,0.0,0.0297022686228063,0.0168198070487381,0.0,0.0,0.5781030517835598,Cross River
30,21623.86,66,9,75158.26000000001,8350.917777777779,0.0,0.0,0.0546698393496603,0.2998858675014562,0.0,0.517331428375271,0.0595691012538076,0.0103604048310857,0.0581833586887189,Kano
81,64041.82,181,4,6203.6900000000005,1550.9225,0.0,0.0,0.0,0.0,0.0,0.87760671471334,0.0,0.0,0.12239328528666,Imo
34,26112.72,228,7,35328.04,5046.862857142857,0.3465652212803201,0.0,0.2630907347251645,0.0,0.0,0.215367453161851,0.1562209508367857,0.0187556399958786,0.0,Kwara
31,118393.17,97,5,36127.29,7225.458,0.0,0.1520938880275824,0.0,0.0,0.0,0.055123979684056,0.0,0.6043226602382853,0.1884594720500762,Abuja FCT
30,2813.09,19,6,54946.52,9157.753333333332,0.0021364410339362,0.2391532712171762,0.0,0.3527615579658184,0.0,0.2655997140492246,0.0,0.1403490157338444,0.0,Edo
32,33767.5,49,6,30886.39,5147.731666666667,0.1886788970805587,0.0,0.0,0.0,0.0,0.0,0.4375448215217122,0.3737762813977289,0.0,Cross River
50,36345.7,25,3,42667.6,14222.533333333333,0.0,0.0,0.0,0.9175254760052124,0.0,0.0,0.0,0.0824745239947876,0.0,Plateau
43,44995.9,7,5,27010.49,5402.098,0.2115189320889773,0.0,0.0,0.0,0.1929265259534351,0.0,0.0,0.3955677960673797,0.1999867458902078,Anambra
18,121402.65,224,5,126212.72,25242.544,0.1299983076190735,0.018813951557339,0.0,0.0078230625249182,0.0,0.0,0.0,0.8225550483342725,0.0208096299643966,Edo
37,50903.1,311,5,29643.79,5928.758,0.0131993918456445,0.4914030898208359,0.0253597802440241,0.0,0.0,0.3003161876399745,0.1697215504495207,0.0,0.0,Ogun
55,19794.46,109,4,24409.33,6102.3325,0.0,0.2473324749184021,0.0,0.3641312563679544,0.0,0.3885362687136435,0.0,0.0,0.0,Plateau
46,182260.99,144,4,81998.12,20499.53,0.2334749869875065,0.0,0.0,0.1049971633495987,0.6080684532767338,0.0,0.0,0.0,0.053459396386161,Enugu
32,46989.77,218,3,9019.62,3006.5400000000004,0.453846170902987,0.0,0.0,0.0,0.0,0.0,0.0,0.5461538290970129,0.0,Lagos
53,44937.5,44,3,17524.42,5841.473333333332,0.0,0.4121853961500581,0.2047251777804914,0.0,0.0,0.3830894260694505,0.0,0.0,0.0,Abuja FCT
26,42454.06,143,3,14538.64,4846.213333333333,0.0,0.205960117314962,0.794039882685038,0.0,0.0,0.0,0.0,0.0,0.0,Edo
29,196241.33,133,6,78162.48999999999,13027.081666666663,0.2431166151436578,0.0,0.0,0.5635137775165556,0.1933696073397866,0.0,0.0,0.0,0.0,Delta
53,42081.11,224,7,111130.43,15875.775714285714,0.1506445174377531,0.0,0.0433727287836463,0.4524618504580608,0.0,0.0,0.220351527479917,0.101830794679729,0.0313385811608935,Delta
48,31752.83,69,10,107175.23,10717.523,0.0800661682741432,0.0728421109989687,0.0,0.6578972585363242,0.0,0.03466864498448,0.0,0.0,0.1545258172060839,Imo
30,10177.58,333,3,20255.85,6751.950000000001,0.1305203188214762,0.0,0.0,0.0,0.0,0.7107995961660459,0.1586800850124778,0.0,0.0,Plateau
34,155589.05,181,5,21888.21,4377.642,0.3864587373750526,0.0,0.0,0.0,0.0,0.0,0.0653095890435992,0.0308362355807076,0.5173954380006406,Lagos
50,3582.4,110,6,44515.62,7419.269999999999,0.0,0.0,0.1925481437751513,0.1291894845000474,0.0,0.0856346603731454,0.499970122846767,0.0,0.0926575885048888,Kaduna
27,15574.14,306,6,99945.07,16657.51166666667,0.2872376796574358,0.0,0.0,0.0,0.0,0.3312554586234218,0.3387192584886878,0.0379608518959464,0.004826751334508,Kano
19,115760.73,163,6,64849.990000000005,10808.331666666669,0.1125070335400205,0.0,0.7577663466100766,0.0,0.0,0.0361105684056389,0.0,0.0,0.0936160514442639,Plateau
52,6968.24,65,6,75428.08,12571.346666666666,0.0968329036083113,0.0,0.2269371035296139,0.0,0.0,0.554611359589161,0.1216186332729137,0.0,0.0,Lagos
72,10687.57,23,6,11596.63,1932.7716666666668,0.0,0.0,0.0,0.2307860128330385,0.0,0.2586932583000406,0.4929699404051004,0.0,0.0175507884618203,Ogun
30,141347.26,330,6,28261.41,4710.235,0.0,0.0,0.0,0.0816951454297574,0.0,0.0,0.1780594103408145,0.6357644576119875,0.1044809866174405,Anambra
33,78386.79,112,5,278271.86,55654.372,0.00600312227043,0.3189469822784093,0.578899857139705,0.0961500383114555,0.0,0.0,0.0,0.0,0.0,Rivers
46,69633.12,78,10,176965.86,17696.586,0.0084579590662289,0.2829992180412651,0.32369695488158,0.0717710184325948,0.0,0.0,0.306316879425218,0.0067579701531131,0.0,Enugu
39,63951.66,15,9,80518.53,8946.503333333334,0.0,0.171949736290516,0.0763394463361415,0.0401610660303907,0.0,0.2134816668908387,0.1552432713314562,0.2804163215597702,0.0624084915608866,Ogun
47,46935.88,288,6,25824.14,4304.0233333333335,0.0,0.0047041256746594,0.0,0.2931241853552528,0.0,0.0474869637478731,0.0,0.4397575291955511,0.2149271960266634,Imo
18,56926.61,224,7,47617.66,6802.522857142857,0.3336182416355612,0.0,0.0,0.2229212859262718,0.0,0.233631808030886,0.1611446257543944,0.0486840386528863,0.0,Kano
51,33226.49,64,5,93012.15,18602.43,0.7302457797180262,0.1641402762972365,0.0,0.0277145512709898,0.0,0.023308030187454,0.0,0.0545913625262936,0.0,Cross River
22,18950.66,151,3,27272.11,9090.703333333331,0.0,0.0,0.0,0.0,0.4019637644465353,0.0143850255810789,0.0,0.0,0.5836512099723857,Lagos
50,64834.15,180,7,22521.95,3217.421428571429,0.0,0.1712982224008134,0.4421624237688122,0.0,0.0,0.0400453779535075,0.2986144627796438,0.0,0.0478795130972229,Kaduna
47,13168.96,83,9,19306.87,2145.2077777777777,0.0,0.0,0.2444653120883913,0.0,0.0,0.1667085343196489,0.0,0.0,0.5888261535919598,Kano
51,531643.08,7,7,57028.48,8146.925714285715,0.0197576719561875,0.0431095130012232,0.0,0.2513214450043206,0.0,0.0293765501026855,0.2124961072081878,0.4439387127273951,0.0,Kano
27,5159.7,76,11,59446.75,5404.25,0.0,0.015387384507984,0.0,0.1541953092473516,0.0221250110392914,0.4847625816381888,0.0,0.3235297135671841,0.0,Rivers
37,22096.5,7,8,29042.76,3630.345,0.0894777218143179,0.0,0.1723355493761612,0.4920499980029446,0.0,0.0738332031804139,0.087600489760615,0.0847030378655472,0.0,Kano
24,75501.35,290,5,87360.8,17472.16,0.0,0.3397413943095759,0.0,0.3765685524857831,0.0,0.2836900532046409,0.0,0.0,0.0,Kano
22,7253.12,33,8,136665.21,17083.15125,0.0119142245491738,0.4200996727696829,0.10262567920541,0.0292330432887784,0.0,0.0,0.0,0.0,0.4361273801869546,Delta
18,109893.52,27,8,70630.53,8828.81625,0.8920151101796915,0.0236314239748731,0.0397740184025236,0.0,0.0,0.0302311196022456,0.0100565576953762,0.0,0.0042917701452898,Imo
41,134947.64,13,6,33311.399999999994,5551.899999999999,0.0946732950281285,0.0685678176239966,0.0642650864268688,0.0,0.0,0.0354854494257221,0.710165889155064,0.0268424623402198,0.0,Kaduna
58,19024.6,51,9,87211.56,9690.173333333332,0.0259235128920982,0.0,0.0,0.3325819421186824,0.0,0.0407509050405703,0.0,0.3275796236187037,0.2731640163299452,Delta
30,63255.13,243,2,2900.79,1450.395,0.0,0.0792784034693997,0.0,0.0,0.0,0.0,0.0,0.0,0.9207215965306004,Ogun
18,14095.02,145,5,152185.4,30437.08,0.0207352347859912,0.0,0.0834751559610843,0.8392519256117867,0.0565376836411377,0.0,0.0,0.0,0.0,Abuja FCT
33,81972.43,3,8,62570.76,7821.344999999999,0.1439963331115044,0.0,0.0,0.0869671392835887,0.0,0.4284865646509648,0.0224985280664642,0.2527375406659596,0.0653138942215181,Ogun
50,11810.23,8,6,82791.27,13798.545,0.0,0.0846478137127259,0.0901058771051585,0.0,0.2544680133545481,0.0175612718587358,0.0,0.5532170239688314,0.0,Anambra
23,173261.05,158,6,67649.53,11274.921666666669,0.0,0.0139013530470943,0.0,0.0,0.0,0.6708844836024729,0.0345555985385264,0.2806585648119063,0.0,Rivers
56,8171.7,98,6,38084.52,6347.419999999999,0.3527519842707746,0.0,0.3505088156552846,0.0,0.0,0.0973429624424832,0.1218644740697795,0.0,0.0775317635616781,Kano
42,35165.15,57,8,42424.93,5303.11625,0.2599132161208044,0.0,0.0279088262490945,0.0289435951927322,0.0,0.1023662266502266,0.0,0.5808681357871421,0.0,Lagos
25,57653.76,19,7,66404.31,9486.33,0.0226744318252836,0.3186559727824896,0.0,0.0,0.0,0.2752729453856233,0.0,0.3655219066352771,0.0178747433713263,Edo
27,169288.51,49,3,54846.03999999999,18282.01333333333,0.0,0.0,0.0,0.0726858311010238,0.0,0.3053576885405036,0.0,0.0,0.6219564803584726,Delta
54,52671.29,37,6,47406.3,7901.05,0.3472753621354124,0.0378384307570934,0.0,0.1486688478113668,0.0,0.0,0.0,0.4662173592961273,0.0,Abuja FCT
50,74349.36,11,12,80499.17,6708.264166666667,0.0,0.0,0.3712891698138005,0.0638020242941635,0.082096374409823,0.0,0.3491432271910381,0.040843029810121,0.0928261744810536,Abuja FCT
45,8920.12,91,11,39634.37,3603.1245454545456,0.1120355893130129,0.2167694352149409,0.238422106873403,0.0,0.0,0.0973326938210447,0.0,0.1355437212702006,0.1998964535073977,Delta
56,100418.03,118,7,95379.45,13625.635714285714,0.0434695314347063,0.0,0.7861491128330054,0.0,0.0,0.0,0.1112612832219099,0.011500380847237,0.0476196916631412,Plateau
53,68892.84,92,7,513420.8041500111,73345.8291642873,0.0,0.0,0.0243773721260097,0.0004119817473118,0.0144308137498752,0.0417644353845366,0.0,0.9157507844435504,0.003264612548716,Enugu
41,10529.77,124,10,537786.7341500111,53778.67341500111,0.0,0.0141924475174409,0.0,0.0377513960661158,0.0,0.0291572086187349,0.0,0.9166353181417556,0.0022636296559528,Abuja FCT
51,40234.26,114,9,92661.68,10295.74222222222,0.5041071994377827,0.0731628219993421,0.4227299785628751,0.0,0.0,0.0,0.0,0.0,0.0,Kano
39,28612.39,137,4,114230.31,28557.5775,0.2363195022406925,0.0,0.0,0.0,0.5210276501919675,0.1861935768186219,0.056459270748718,0.0,0.0,Kwara
38,39467.82,208,6,26226.2,4371.033333333334,0.2134781249285066,0.1302155859407767,0.1074928887905987,0.1102992427419908,0.0,0.438514157598127,0.0,0.0,0.0,Kwara
42,163093.53,137,5,68989.98,13797.996,0.0,0.3105933644277039,0.0,0.4745452890405244,0.0,0.1932542957687479,0.0,0.0,0.0216070507630238,Edo
18,48877.04,258,3,3604.19,1201.3966666666663,0.0,0.0,0.0,0.0,0.0,0.0,0.0,0.7412150857751673,0.2587849142248328,Delta
34,164930.18,98,7,89916.77,12845.252857142856,0.3777793619588426,0.0187266513243302,0.0,0.0096650491337711,0.0,0.5630298997617463,0.0,0.0307990378213096,0.0,Edo
36,5700.33,19,5,62720.5,12544.1,0.1107365215519646,0.0,0.1416308862333686,0.0,0.0,0.6315577841375627,0.0,0.0,0.1160748080771039,Kano
33,67656.33,55,6,21836.15,3639.358333333333,0.1483338409014409,0.0,0.1768764182330676,0.0212761865072368,0.0,0.0,0.0,0.1524801762215408,0.5010333781367136,Plateau
37,248832.29,336,1,715.73,715.73,1.0,0.0,0.0,0.0,0.0,0.0,0.0,0.0,0.0,Unknown
49,160101.38,113,6,100734.38,16789.063333333335,0.0,0.611062082280151,0.0130709098522272,0.050280847512041,0.0,0.202492733861071,0.044409267223365,0.0,0.0786841592711445,Plateau
22,308008.23,71,5,67581.34,13516.268,0.7543490555233145,0.0,0.0,0.09006731739856,0.0,0.0,0.0,0.1555836270781254,0.0,Kaduna
32,56241.0,137,8,49864.45,6233.056250000001,0.0540202488947536,0.4485869191377826,0.0167929256213595,0.0,0.0,0.0688005182048533,0.1305860186966867,0.1342601793462076,0.1469531900983566,Oyo
20,153336.25,202,5,18546.36,3709.272,0.1624604504603598,0.1801135101443086,0.0,0.0,0.0,0.6574260393953315,0.0,0.0,0.0,Kaduna
26,161294.49,43,3,23507.93,7835.976666666666,0.0,0.0,0.0,0.0,0.0,0.5875549229557856,0.3315910843702529,0.0808539926739615,0.0,Abuja FCT
18,976853.16,249,5,42585.19,8517.038,0.0348539010862696,0.0,0.0,0.0,0.0,0.0909511029538673,0.0585452360315875,0.2132837730675852,0.6023659868606902,Edo
34,208906.13,90,3,30444.11,10148.036666666669,0.0,0.0,0.0,0.5746960577924597,0.0,0.4253039422075403,0.0,0.0,0.0,Ogun
37,18992.53,117,3,8202.51,2734.17,0.0,0.0,0.3151047667116529,0.4028181617578034,0.0,0.0,0.2820770715305437,0.0,0.0,Plateau
45,72467.0,377,4,80811.76,20202.94,0.0,0.0,0.0,0.0299238625665373,0.0,0.0,0.9018231999897044,0.0,0.0682529374437582,Ogun
41,20792.81,69,9,74236.08,8248.453333333333,0.037422099873808,0.1475319009301137,0.5961706221556957,0.0,0.0,0.1342226044263113,0.0,0.0359383200190527,0.0487144525950184,Kwara
37,7361.21,11,9,211202.76,23466.97333333333,0.0,0.0,0.0,0.1651092533071064,0.0,0.2722296810893949,0.1245104467384801,0.4381506188650186,0.0,Cross River
40,14505.77,88,6,70103.14,11683.856666666668,0.1005482778660128,0.4016800103390519,0.0351981380577246,0.0,0.0,0.0362467358808749,0.0,0.0,0.4263268378563357,Ogun
36,14376.12,279,5,39981.62,7996.324,0.0407072049606794,0.1956091323963361,0.1236102989323594,0.6400733637106251,0.0,0.0,0.0,0.0,0.0,Enugu
24,43697.82,191,4,184512.22,46128.055,0.0,0.1761050297915227,0.0,0.769874483110116,0.0,0.0,0.0540204870983612,0.0,0.0,Imo
38,77307.3,4,9,62528.75,6947.638888888889,0.1720413409831477,0.0,0.0843503188533274,0.0,0.0,0.078303180536953,0.3250744657457569,0.0557086140375427,0.2845220798432721,Ogun
48,19805.12,105,7,117439.02,16777.002857142856,0.2758810487349094,0.0,0.0,0.6381706863698284,0.0,0.0,0.0,0.0480015075057676,0.0379467573894945,Kaduna
31,11122.1,44,10,49411.39,4941.139,0.0,0.0944152755063154,0.3715904369417658,0.0580094994291802,0.0,0.0,0.0,0.0135395907704681,0.4624451973522704,Rivers
27,9692.42,7,8,55749.07,6968.63375,0.0,0.0,0.1260612957310319,0.4792304158616457,0.0,0.3595084187054599,0.0,0.0351998697018622,0.0,Kwara
48,14462.6,56,9,122266.24,13585.137777777776,0.0,0.2998528457242163,0.0,0.0848855743008045,0.0157254365555037,0.580900991148497,0.0186351522709784,0.0,0.0,Edo
31,8083.86,117,3,489297.9941500111,163099.33138333703,0.0078362880000371,0.0,0.9608980820915968,0.0,0.0,0.0,0.0,0.0,0.0312656299083658,Lagos
42,55718.92,179,3,23683.62,7894.54,0.7804089915308555,0.0312667573622613,0.0,0.0,0.0,0.0,0.0,0.0,0.1883242511068831,Lagos
51,29451.77,161,6,37174.39,6195.731666666667,0.211920626000857,0.3834610332543453,0.0,0.0546903392362322,0.0,0.0182496605862261,0.0,0.0,0.3316783409223392,Rivers
33,12898.61,195,7,125687.18,17955.31142857143,0.4273162147483936,0.0,0.1802421694877711,0.0707224873690379,0.0,0.0,0.0,0.3217191283947973,0.0,Oyo
18,10813.39,1,7,25121.87,3588.8385714285714,0.0,0.1079199120129194,0.1751430128410026,0.0,0.0,0.6100783898650857,0.0,0.1068586852809922,0.0,Edo
33,92952.34,64,11,95556.64,8686.967272727272,0.0378023965681505,0.0301414951383807,0.0544304404173273,0.0818381642552521,0.0,0.2321215982479082,0.1930335767352221,0.2085597609962008,0.1620725676415579,Enugu
42,73920.29,35,6,90357.89,15059.648333333333,0.5338610717890823,0.1630157587787851,0.0,0.0,0.0,0.0464471890611876,0.193419744529227,0.0632562358417178,0.0,Anambra
47,24778.28,8,8,273175.57,34146.94625,0.0,0.0431843887065011,0.1576565942554819,0.0357239485214581,0.0,0.0084023985014472,0.0,0.7550326700151115,0.0,Cross River
43,3963.14,351,6,21342.81,3557.135,0.0,0.0,0.0671364267404339,0.8934774755526568,0.0,0.0393860977069092,0.0,0.0,0.0,Lagos
32,13103.46,7,6,28407.93,4734.655,0.1825022097703,0.2396151356329025,0.0,0.0,0.0,0.0,0.3718563795390935,0.2060262750577039,0.0,Kano
22,34376.62,283,8,81924.73999999999,10240.5925,0.0,0.1247764716738802,0.0661839146514227,0.0,0.0328636990486634,0.0,0.6472954323687814,0.0786785530231771,0.050201929234075,Cross River
37,425350.23,236,5,38501.09,7700.218000000001,0.0203209831202181,0.0,0.0,0.0368077890781793,0.0,0.7953816372471534,0.0,0.1417619605055337,0.0057276300489154,Plateau
54,3711.79,170,2,14572.23,7286.115,0.0,0.1951307383976234,0.8048692616023766,0.0,0.0,0.0,0.0,0.0,0.0,Ogun
25,1037.09,316,7,63994.65,9142.092857142858,0.0,0.0,0.0389988850630482,0.0340269069367517,0.4028207045432704,0.2264611182341023,0.2976923852228272,0.0,0.0,Edo
56,69656.08,227,9,79580.62,8842.29111111111,0.0747899425764715,0.0416204347239315,0.0,0.312295129140738,0.0,0.0,0.0,0.2031494602580377,0.3681450333008212,Cross River
50,64495.89,69,8,77970.89,9746.36125,0.0,0.0644970193363189,0.0,0.4137522349687172,0.115095646593235,0.0864226379870744,0.2033156220225266,0.0,0.1169168390921278,Ogun
53,86753.75,150,6,33086.09,5514.348333333332,0.0452335105175619,0.0,0.2113673752323106,0.0,0.0,0.0,0.7433991142501275,0.0,0.0,Plateau
29,27130.9,46,7,46109.7,6587.099999999999,0.0155264510504297,0.0685092290776127,0.0,0.0,0.0,0.1058712158179298,0.2950305467179356,0.3581478517535356,0.1569147055825563,Plateau
49,61756.63,163,5,117838.46,23567.692,0.5087386579899296,0.0447860571158177,0.0,0.0,0.0,0.0,0.4184011739460953,0.0,0.0280741109481573,Lagos
64,111980.55,124,8,76567.27,9570.90875,0.3345008905241104,0.0,0.0,0.0288090459539696,0.0,0.2268594661922776,0.1779991633500841,0.0,0.2318314339795581,Cross River
42,8663.47,45,7,112780.8,16111.542857142858,0.0,0.2773748723186925,0.0277234245545341,0.0,0.0,0.0438219094030189,0.0022457723300419,0.2486841731926001,0.4001498482011122,Delta
46,24027.16,163,7,55989.27,7998.467142857144,0.0,0.0176807091787408,0.0,0.8212955803853131,0.0,0.084594244575791,0.0,0.0764294658601549,0.0,Anambra
22,221226.04,17,6,35563.840000000004,5927.306666666667,0.3884667684929411,0.0,0.0564767471679098,0.0,0.0,0.047447632201697,0.288673551562486,0.0,0.218935300574966,Cross River
40,9225.14,30,8,169231.66,21153.9575,0.0,0.7362966834929113,0.0099568839542199,0.0218713212409545,0.020925162584826,0.1796010864633721,0.0,0.0,0.0313488622637159,Oyo
28,80142.33,364,5,23932.56,4786.512,0.7412107187864567,0.0693164458795883,0.0,0.0,0.0,0.0785912581019331,0.110881577232022,0.0,0.0,Rivers
42,26945.01,3,4,72163.8,18040.95,0.0707081666985385,0.0,0.0363863876347975,0.0,0.0,0.0209279444818593,0.0,0.0,0.8719775011848045,Anambra
33,39671.91,22,4,20205.01,5051.2525000000005,0.0,0.0,0.1812124814588065,0.0,0.0,0.0,0.0,0.1630066008381089,0.6557809177030846,Anambra
47,55984.71,35,4,43344.0,10836.0,0.2788224437061646,0.4997376799557032,0.0,0.0,0.0,0.0,0.2214398763381321,0.0,0.0,Oyo
47,18471.93,18,6,43128.35,7188.058333333333,0.0655153744578682,0.0,0.0,0.0185993667738274,0.0,0.7510016033537105,0.1488705225217287,0.0160131328928651,0.0,Anambra
39,216890.15,23,5,30218.36,6043.6720000000005,0.0166349199625658,0.4856130511384469,0.0,0.2526560011860339,0.0,0.0,0.2450960277129533,0.0,0.0,Delta
34,59359.89,224,5,66581.92,13316.384,0.0,0.0,0.2534697106962371,0.0,0.0,0.6362434426643149,0.110286846639448,0.0,0.0,Lagos
34,134527.31,81,8,166621.44,20827.68,0.3638610973473761,0.0,0.0,0.5435674424611862,0.0,0.037256549937391,0.0496478124303811,0.0056670978236654,0.0,Kano
42,13463.58,171,6,207392.66,34565.443333333336,0.0307818994172696,0.0,0.0129968919825802,0.0,0.0,0.0627920968852031,0.893429111714947,0.0,0.0,Plateau
29,123351.67,137,6,273813.97,45635.66166666666,0.0084269988123688,0.0279977679736355,0.0,0.2333237781841445,0.0,0.0,0.7177669203656775,0.0,0.0124845346641736,Imo
18,48211.89,83,7,110469.91,15781.415714285717,0.3180467875822474,0.0777913189211433,0.0,0.5859391032363473,0.0,0.0,0.0,0.0,0.0182227902602618,Ogun
26,48829.94,40,6,158792.22,26465.37,0.035412125354756,0.0,0.0,0.2982699656192224,0.0,0.0451925793341764,0.0,0.0542071267723318,0.5669182029195134,Kano
40,18398.19,20,10,57234.45,5723.445,0.4130896688969668,0.0287267546032153,0.0185253811297217,0.0,0.0,0.0,0.0049926224502899,0.292155685954875,0.2425098869649311,Abuja FCT
46,6950.8,136,5,199935.82,39987.164,0.055214868451286,0.0,0.0,0.3427447868020847,0.0,0.0,0.0168584598797754,0.0,0.5851818848668537,Edo
80,31092.92,121,9,85643.64,9515.96,0.229208964028152,0.0086175692672567,0.0803577475221744,0.0591405269556501,0.0,0.0,0.5035910430710324,0.1190841491557341,0.0,Delta
29,26453.86,166,8,123470.01,15433.75125,0.0554241471269014,0.0,0.7726824513904227,0.0512338988228801,0.0,0.0,0.0175347843577561,0.0891446433024505,0.0139800749995889,Kano
28,106271.51,251,7,219341.68,31334.52571428572,0.0,0.0230911881408038,0.0972546576646992,0.0326015101188246,0.0,0.0157217725331546,0.0374239861753589,0.0241520444267592,0.7697548409403995,Cross River
21,98913.18,64,6,121507.97,20251.32833333333,0.2166691617019031,0.0,0.0,0.0,0.0,0.4457213794288556,0.100063724214963,0.2375457346542782,0.0,Abuja FCT
30,94738.23,71,7,68928.45,9846.921428571428,0.0991113248593287,0.0413283629618829,0.068731561496015,0.0941315233405074,0.0,0.6229146310413188,0.0575733242224364,0.0,0.0162092720785103,Lagos
45,5776.39,184,6,38217.41,6369.568333333334,0.1931891773932351,0.0317562074457688,0.0343495281339054,0.2837285415207362,0.0,0.4101246002803433,0.0468519452260108,0.0,0.0,Anambra
37,20868.26,39,7,90074.98,12867.854285714286,0.2647270085433269,0.0,0.0,0.0,0.0,0.0,0.5728049009836028,0.0,0.1624680904730703,Plateau
18,17604.8,104,8,186039.45,23254.93125,0.0,0.0,0.1307802726787248,0.3132295865204933,0.0,0.0651760688391628,0.0,0.0338176660917885,0.4569964058698302,Cross River
26,35090.16,58,6,78988.29,13164.714999999998,0.4661563125369596,0.0,0.0840015652953115,0.0,0.0,0.1322209912380683,0.2516399582773598,0.0659811726523007,0.0,Delta
29,6454.14,112,6,28714.34,4785.723333333333,0.0,0.2327638385559271,0.245616998336023,0.2090338834185288,0.0,0.0447522039510572,0.2678330757384637,0.0,0.0,Delta
28,8839.25,99,4,54372.01,13593.0025,0.0,0.306859356496109,0.0,0.65178554186244,0.0,0.0,0.0,0.0,0.0413551016414511,Kaduna
24,79157.28,56,8,176926.79,22115.84875,0.1264807890314406,0.0171462445003382,0.3291118320747242,0.0,0.0,0.1214376861751688,0.0278407244035795,0.3779827238147484,0.0,Delta
37,3143.77,150,5,60731.63,12146.326,0.4289810762530168,0.0187506905380277,0.0783675656326036,0.0,0.0,0.4739006675763519,0.0,0.0,0.0,Cross River
43,81931.84,119,4,12978.26,3244.565,0.3855601598365266,0.0,0.0,0.1479990383918953,0.0,0.0,0.0,0.2425232658307045,0.2239175359408734,Cross River
44,29552.89,10,6,84482.55,14080.425,0.0,0.0,0.0,0.1044927029309602,0.0,0.187805410703157,0.5557959602308405,0.151905926135042,0.0,Delta
51,7086.05,283,5,37764.11,7552.822,0.0,0.0,0.3266032219480348,0.4440189375573792,0.0,0.0,0.0,0.0,0.2293778404945859,Kano
18,39783.32,41,9,114289.85,12698.872222222222,0.0824620034062517,0.0250467561205128,0.6201825446441657,0.0,0.0,0.1692137140787217,0.0201863945048488,0.0120356269607493,0.0708729602847497,Imo
40,509783.82,61,9,131966.77,14662.974444444444,0.169069531670738,0.2958581921797433,0.0,0.0027897174417468,0.0,0.102165189009324,0.0,0.3940466982710874,0.03607067142736,Rivers
30,13548.02,63,4,66554.95999999999,16638.739999999998,0.013136812042258,0.0074822372367138,0.0051046533571652,0.0,0.974276297363863,0.0,0.0,0.0,0.0,Ogun
31,48812.21,96,4,48333.34,12083.335,0.0,0.0,0.7191377628775499,0.0,0.0,0.0582570954128144,0.2226051417096356,0.0,0.0,Rivers
49,36368.5,43,4,32628.65,8157.162499999999,0.0,0.201757657763959,0.0167913781293433,0.0,0.0,0.0,0.0,0.7814509641066977,0.0,Imo
42,286011.68,11,7,109432.61,15633.23,0.0210383358306084,0.0,0.1869396151658998,0.0,0.0,0.0,0.4018272980969748,0.3901947509065167,0.0,Plateau
43,37107.65,109,12,101218.56,8434.88,0.0,0.0383679633458527,0.0,0.2385293764305676,0.0,0.114038769174349,0.0203163332890726,0.3412583621027606,0.2474891956573972,Abuja FCT
53,29220.26,93,9,91402.48,10155.83111111111,0.007615767099536,0.0097768681987622,0.0640908211680908,0.1166660904605651,0.0145433690639466,0.2169554917984719,0.096651972681704,0.0,0.473699619528923,Enugu
45,11789.07,156,4,22037.9,5509.475,0.0,0.0784230802390427,0.0,0.0,0.0,0.0,0.8829176101171164,0.0,0.0386593096438408,Plateau
18,54801.25,37,11,47298.7,4299.881818181819,0.0785408478457124,0.1423954569575908,0.0174197176666589,0.257263096025895,0.0823790083025537,0.2049290995312768,0.2170727736703123,0.0,0.0,Kaduna
51,10006.45,129,4,14198.08,3549.52,0.2161919076382158,0.0,0.0,0.0,0.0,0.2149480774865333,0.5688600148752507,0.0,0.0,Edo
38,3658.74,165,6,130265.3,21710.88333333333,0.0,0.0,0.6172540192975412,0.062324041782424,0.0,0.2695286465390246,0.0,0.0508932923810101,0.0,Rivers
34,82339.34,162,3,37914.58,12638.19333333333,0.106157842181029,0.4233585074659932,0.0,0.0,0.0,0.4704836503529776,0.0,0.0,0.0,Edo
37,36236.485,20,7,324339.77,46334.25285714286,0.032381073711682,0.0,0.8986634602349259,0.0,0.0,0.0590654362244876,0.0075392234507658,0.0023508063781385,0.0,Unknown
46,26976.07,91,4,56312.87,14078.2175,0.0,0.0,0.0,0.0,0.0,0.6648769632945364,0.0,0.1008678833098011,0.2342551533956625,Cross River
49,22002.39,108,4,29585.85,7396.4625,0.6548262091506583,0.0,0.0,0.1210842345242742,0.0,0.0,0.0,0.1665018919517269,0.0575876643733406,Abuja FCT
48,21709.11,90,6,16670.559999999998,2778.4266666666663,0.1307712518355712,0.2087062462208828,0.0751114539643539,0.0,0.0,0.5854110479791921,0.0,0.0,0.0,Abuja FCT
25,57870.26,13,7,181064.9,25866.414285714283,0.2651504515784119,0.4600284759773981,0.0,0.0,0.0,0.2255326128918415,0.0,0.0,0.0492884595523483,Delta
18,11409.46,53,8,112122.56,14015.32,0.1511914283798015,0.0,0.0,0.1220222763376077,0.0,0.5308400914142525,0.1169910854693292,0.0313633580967113,0.0475917603022977,Abuja FCT
18,7014.74,33,7,102345.11,14620.73,0.192485894050043,0.1624809431540012,0.0,0.0,0.0093701594536368,0.0239707593259707,0.0,0.6116922440163481,0.0,Anambra
50,58500.92,14,3,472045.2241500111,157348.4080500037,0.0,0.0,0.0,0.9992566390209076,0.0,0.0,0.0,0.0007433609790923,0.0,Kano
37,36236.485,19,6,51664.52,8610.753333333332,0.0,0.0369872786972568,0.1062917065715504,0.1271319272878176,0.0,0.008258278602027,0.7213308088413479,0.0,0.0,Unknown
59,193990.12,43,4,23109.84,5777.46,0.1058388980624703,0.4766601586164162,0.0,0.0,0.0,0.1325123843349845,0.2849885589861288,0.0,0.0,Edo
27,293199.48,80,11,57538.63,5230.784545454545,0.0,0.1740856534123249,0.0,0.1866858839009549,0.3237584906001411,0.0472110649836466,0.0251041778366985,0.0,0.2431547292662338,Kaduna
