age,account_balance,recency_days,frequency,monetary_total,monetary_avg,share_ATM Withdrawal,share_Airtime/Data,share_Bill Payment,share_Loan Repayment,share_Other/Unclassified,share_POS Purchase,share_Salary Credit,share_Savings Deposit,share_Transfer,location,prediction_proba
66,68020.06,1,6,46813.25,7802.208333333333,0.0422999898533,0.0,0.2348138614601635,0.5066238725147261,0.0,0.2162622761718103,0.0,0.0,0.0,Oyo,0.290681565933087
21,46917.92,6,9,200375.53,22263.94777777778,0.0,0.0,0.0862474574614974,0.2176409464768477,0.0,0.0,0.1501480245616817,0.0550899603359751,0.4908736111639979,Imo,0.5443883545664919
48,404116.59,24,1,14565.67,14565.67,0.0,1.0,0.0,0.0,0.0,0.0,0.0,0.0,0.0,Plateau,0.26552072294485296
44,7791.3,133,2,28131.35,14065.675,0.7525362273762192,0.0,0.0,0.0,0.0,0.0,0.0,0.0,0.2474637726237809,Abuja FCT,0.11525812899470758
37,36236.485,70,6,95705.97,15950.995,0.0,0.0,0.0772952826244799,0.1187955150551214,0.0,0.036165873455961,0.0,0.0,0.7677433288644375,Unknown,0.28173681618645907
30,7662.48,61,4,12226.97,3056.7425,0.1316761225389446,0.0,0.0,0.1861990337753344,0.0,0.682124843685721,0.0,0.0,0.0,Ogun,0.16713078599296688
39,3492.57,232,8,76465.88,9558.235,0.1176107565884287,0.3590172505697966,0.3493916502366808,0.1585594777696928,0.0,0.0,0.0,0.0154208648354011,0.0,Abuja FCT,0.2887334043159955
35,135224.98,17,6,157232.91,26205.485,0.1810557980514384,0.0,0.0067718647451096,0.0,0.0,0.4587893844870008,0.0130271709656712,0.3035050995367318,0.0368506822140479,Abuja FCT,0.42445490183302614
45,13796.97,1,7,45403.5,6486.214285714285,0.0,0.1351032409395751,0.0576424724966136,0.0221174579052275,0.0,0.290870087107822,0.1586128822667855,0.3356538592839758,0.0,Delta,0.32874036421510455
59,12564.33,16,8,45373.75,5671.71875,0.0782511914928786,0.0083059037439047,0.4856382820463373,0.2112168379294195,0.0,0.0606002369211273,0.1559875478663324,0.0,0.0,Oyo,0.33988364504586854
48,33794.34,153,9,58575.43,6508.381111111111,0.0,0.0869344023594875,0.0377839309075494,0.0568601886490632,0.0,0.7242546917709354,0.0518681638359291,0.0422986224770351,0.0,Enugu,0.34586550606039235
39,14926.71,94,6,101614.55,16935.758333333335,0.0,0.0131863005839222,0.4534179406394064,0.0,0.0,0.0,0.4130394712174585,0.0,0.1203562875592127,Delta,0.2980429943707851
50,130895.48,8,3,11417.15,3805.716666666666,0.3863634970198342,0.191461967303574,0.4221745356765918,0.0,0.0,0.0,0.0,0.0,0.0,Lagos,0.2120195980269458
36,33224.19,148,5,28666.33,5733.266,0.0,0.0,0.0,0.473311023769,0.0,0.1358485721750918,0.0,0.390840404055908,0.0,Enugu,0.20081742944970657
46,195015.53,122,2,7703.725,3851.8625,0.0,0.6574670045984247,0.0,0.3425329954015752,0.0,0.0,0.0,0.0,0.0,Kano,0.18079210457180608
32,35215.22,253,3,57235.56,19078.52,0.0,0.0,0.604871866371186,0.0727004330874023,0.0,0.3224277005414117,0.0,0.0,0.0,Lagos,0.1487060345726479
57,7110.75,18,5,19250.055,3850.011,0.4085936377844115,0.5209374726461821,0.0,0.0,0.0,0.0,0.0,0.0704688895694064,0.0,Anambra,0.2153243812840652
62,111900.15,26,7,64738.96,9248.422857142858,0.0,0.7483944752896864,0.0207318745929807,0.0,0.0,0.008952568901323,0.0616576169898311,0.0,0.1602634642261785,Edo,0.3953391040413093
23,13236.68,44,4,21703.12,5425.78,0.4053486319017726,0.0,0.2432908263880953,0.1136463328774849,0.2377142088326471,0.0,0.0,0.0,0.0,Abuja FCT,0.1893869274191862
43,58525.55,32,8,62352.16,7794.019999999999,0.3329737093309998,0.0096938101262249,0.0,0.0,0.054657288536596,0.1143314040764586,0.0,0.0,0.4883437879297204,Delta,0.3542196376899803
21,103539.47,159,7,140226.75,20032.39285714286,0.0,0.0143348540845452,0.0,0.0406811111289393,0.0,0.4163151467177268,0.0,0.0743599919416231,0.4543088961271654,Ogun,0.35097198662118406
49,57750.58,130,3,40061.61,13353.87,0.0,0.0,0.0671815236581854,0.0169965710314687,0.0,0.9158219053103458,0.0,0.0,0.0,Abuja FCT,0.1641181725350675
38,30893.4,19,4,34899.04,8724.76,0.156993430191776,0.008864427216336,0.0,0.0,0.0,0.1398803520096827,0.694261790582205,0.0,0.0,Imo,0.23365270009846376
41,372682.96,78,4,15482.65,3870.6625,0.0,0.0,0.0,0.0,0.3039305286885643,0.0660397283410785,0.0,0.3011674358071777,0.3288623071631794,Kaduna,0.3322426328232754
49,14572.95,6,9,592216.8941500111,65801.87712777901,0.0940420318132509,0.8604682662445818,0.0,0.0149395434128883,0.0,0.0,0.0219525314600479,0.0,0.0085976270692309,Cross River,0.8093432556792164
37,36236.485,170,4,14590.86,3647.715,0.0,0.5692378653485812,0.0566731501775769,0.0,0.0,0.0,0.1866723414521145,0.1874166430217273,0.0,Unknown,0.1687758832156307
56,5359.53,155,6,92189.86,15364.976666666667,0.0117857864194608,0.0224524692845829,0.0789094375455174,0.0045864046219399,0.0,0.0,0.5604820313210152,0.3217838708074836,0.0,Imo,0.2813608195032537
30,30361.41,132,7,75016.02,10716.574285714289,0.0,0.0,0.0153996439693814,0.1490176364995103,0.0,0.0,0.0,0.1677245740309869,0.6678581455001212,Plateau,0.28360323564388124
36,18531.63,134,4,43705.57,10926.3925,0.0,0.0,0.1640596381651126,0.0,0.0,0.0,0.7502155903698315,0.0857247714650558,0.0,Lagos,0.2197782831851601
20,367910.62,34,4,21509.07,5377.2675,0.1349184320846972,0.38558524380645,0.0,0.0149750779554857,0.4645212461533669,0.0,0.0,0.0,0.0,Lagos,0.37352232432107235
46,183863.17,86,5,34902.21,6980.442,0.0,0.0,0.3775236582439908,0.2433459084682603,0.0,0.0,0.1885445076400606,0.0,0.1905859256476882,Kano,0.28833256754464515
60,36302.97,60,9,56858.13,6317.57,0.0,0.0,0.0630011926174849,0.0816157689322529,0.0,0.2545502287887414,0.0,0.6008328096615206,0.0,Oyo,0.3877109501152109
33,15006.25,18,6,51311.46,8551.91,0.0599166346075515,0.3084082970938655,0.3602957312070246,0.0965337957641431,0.0,0.1748455413274149,0.0,0.0,0.0,Anambra,0.27611623480072833
32,79265.59,155,12,284973.13,23747.760833333334,0.0142011985480876,0.2419099653360301,0.0147083691715075,0.0,0.0,0.0,0.6480308160983458,0.0721643826560069,0.0089852681900219,Kaduna,0.7194861748867423
51,174841.68,43,9,91765.07,10196.118888888888,0.286179806760895,0.0747780173872258,0.1439384288596957,0.0,0.0,0.0728373007289157,0.0,0.0,0.4222664462632677,Enugu,0.4766468344772811
32,11570.49,457,3,9099.24,3033.08,0.6609727845402472,0.0,0.0,0.0,0.0,0.2858876125918208,0.0531396028679318,0.0,0.0,Abuja FCT,0.0717719549269737
28,28844.85,298,6,50676.71,8446.118333333334,0.0095552769704268,0.0,0.6662512227017104,0.0303024801728446,0.0,0.0549504890905506,0.0,0.0,0.2389405310644673,Anambra,0.1780876805477452
26,23961.2,159,5,20048.42,4009.684,0.0,0.2836028973854298,0.0,0.0,0.0,0.2617243653115806,0.2241209032931273,0.0,0.2305518340098621,Kwara,0.1872935188450999
40,37025.96,216,7,105807.64,15115.377142857144,0.0200418419690676,0.0,0.0,0.2712305084963619,0.0,0.0,0.6945938875491411,0.0,0.0141337619854294,Plateau,0.3090506513585946
53,29632.75,72,8,45805.81,5725.72625,0.1311586892579784,0.1003117290142888,0.0,0.0182640586423425,0.0,0.0,0.1110976969952065,0.0436702243667342,0.5954976017234496,Rivers,0.32010483637429565
33,70509.74,89,6,35149.72,5858.286666666667,0.0902692823726618,0.2793017981366565,0.0,0.0,0.0,0.1086759723832792,0.0,0.1449783952759794,0.3767745518314228,Delta,0.26223451648456897
47,118273.38,23,8,37800.66,4725.0825,0.3114107002364509,0.0,0.0,0.0029922757962427,0.0,0.3936989459972392,0.1693068322087498,0.0,0.1225912457613174,Delta,0.37702577272449134
42,82846.38,168,9,279254.24,31028.248888888887,0.0254480290075452,0.0,0.0630569476760675,0.056864239554608,0.0,0.0,0.0785141525514527,0.0246839224356987,0.7514327087746278,Oyo,0.5219801576019141
49,1782.07,187,4,16256.740000000002,4064.185,0.0,0.0,0.0,0.1613527681441666,0.0,0.0199750995587061,0.8186721322971273,0.0,0.0,Abuja FCT,0.1709215839650979
50,11433.63,16,8,106623.81,13327.97625,0.0450313114866182,0.0,0.0,0.0,0.0,0.0357498948874552,0.0275332498435386,0.0,0.8916855437823878,Plateau,0.3758025956036307
18,145526.52,100,8,135170.65,16896.33125,0.3524378258149975,0.0,0.0,0.0,0.0,0.0,0.5539557588870069,0.0,0.0936064152979955,Kaduna,0.48156197205093176
45,16385.71,141,7,318048.93,45435.56142857143,0.0,0.0076123821576761,0.0537940813069234,0.0103908854527509,0.0,0.0734826241987356,0.0,0.8439525327124979,0.0107674941714156,Kano,0.5053213545121621
27,28401.02,35,9,543343.9141500111,60371.546016667904,0.0326270885498601,0.0395564566755524,0.0,0.0226544177259369,0.0,0.0119442766008569,0.0168384696354104,0.8763792908123832,0.0,Kano,0.7872093458079986
43,2240.67,43,8,85006.87999999999,10625.86,0.097719502233231,0.0,0.0566451797783897,0.0178213810458635,0.0,0.3901412450380487,0.0,0.4065073321124125,0.0311653597920544,Edo,0.3709936808955657
21,68161.1,159,3,48412.98,16137.659999999998,0.0,0.2796380226955663,0.0,0.0,0.0,0.0,0.0393716726382057,0.6809903046662279,0.0,Plateau,0.17948935269849708
25,8210.32,301,4,12837.05,3209.2625,0.0,0.5029893939807043,0.2249995131280161,0.0,0.1037535882465208,0.0,0.1682575046447587,0.0,0.0,Edo,0.1358169872056707
54,14314.85,48,10,56978.66,5697.866,0.107615201901905,0.0,0.1088198634365918,0.0068216767470488,0.0,0.1011138205075374,0.6133031208526141,0.0316307894920659,0.0306955270622369,Delta,0.4479873683094384
51,6924.44,111,7,27206.9,3886.7,0.0268784756808015,0.0,0.0094803156552198,0.1359960157166013,0.0,0.0812536525660769,0.1567664820321315,0.0,0.5896250583491688,Cross River,0.25216884167581877
52,24665.82,79,8,33305.19,4163.14875,0.0,0.0,0.0,0.0,0.0,0.2111187475585637,0.4826866323236709,0.2874203690175615,0.0187742511002039,Imo,0.3455870153919886
33,28915.18,34,8,50663.2,6332.9,0.0095067030902114,0.0,0.3186904893492712,0.0585415054714269,0.257732831720065,0.2474243632459063,0.1038463815945301,0.0042577255285887,0.0,Abuja FCT,0.36941164019495243
45,6562.25,88,7,150561.31,21508.75857142857,0.0,0.0,0.1366563561382403,0.2962200581278151,0.0,0.240334718129113,0.0,0.3267888676048315,0.0,Kaduna,0.37900025008599536
38,38419.4,170,4,27148.28,6787.07,0.1843173858528054,0.5041288066868325,0.0,0.0,0.0,0.0,0.1853601775140082,0.1261936299463538,0.0,Abuja FCT,0.18116657774490444
27,40331.39,5,6,31795.295,5299.215833333333,0.0,0.4543680126257673,0.2760339226291185,0.1600887804311927,0.0,0.0,0.1095092843139212,0.0,0.0,Lagos,0.3194992599354281
37,15935.75,137,4,15920.61,3980.1525,0.0,0.0,0.0,0.0,0.0,0.0,0.2556799017123087,0.0,0.7443200982876912,Oyo,0.15592270243821305
19,33142.9,185,4,142775.38,35693.845,0.0007004008674324,0.0,0.0,0.1705303113183799,0.0,0.5297644453826703,0.0,0.0,0.2990048424315172,Kwara,0.22009812151456484
45,23269.47,226,6,65963.28,10993.88,0.0,0.4529009169950312,0.0076585033370081,0.0,0.1160143946753405,0.0,0.0110403848929283,0.4123858000996918,0.0,Delta,0.23360768133221796
33,385820.13,54,4,31739.01,7934.7525,0.0,0.4962416912184721,0.1518645351572087,0.0,0.0,0.0,0.0,0.0,0.351893773624319,Rivers,0.34037800276872493
20,323192.56,7,7,101299.21,14471.315714285713,0.6967478818442908,0.0559752637755023,0.0356163685778003,0.2116604858024065,0.0,0.0,0.0,0.0,0.0,Kaduna,0.5077407161091237
58,90314.44,205,3,40934.74,13644.913333333332,0.6558512402912539,0.2915130278096307,0.0,0.0,0.0,0.0,0.0,0.0,0.0526357318991155,Kano,0.1504150905101766
20,65667.11,219,9,86295.62,9588.40222222222,0.0222795780365214,0.0,0.0490927581260787,0.0643952729002932,0.0,0.0673437423591139,0.2337692225862679,0.0,0.5631194259917247,Imo,0.361064510099756
47,50474.41,24,7,84709.91,12101.415714285717,0.0,0.0,0.0,0.836573430428624,0.0,0.0050585580837,0.0,0.0406300750408069,0.117737936446869,Kano,0.36506129624690903
48,51731.28,133,9,123483.51,13720.39,0.0,0.4595093709273408,0.0,0.0,0.1727501105208298,0.2054129332734386,0.0,0.0060731185888706,0.1562544666895199,Plateau,0.42453531635525393
42,25780.82,65,9,63363.79,7040.421111111111,0.0186148903024897,0.0,0.0354896700465676,0.1130659955788629,0.2449602525353991,0.3173143525663474,0.2456282996960882,0.0,0.0249265392742448,Abuja FCT,0.41054931571845105
73,33856.29,108,6,105579.04,17596.506666666664,0.2098973432605562,0.0,0.6253688232058181,0.0142965876560347,0.0,0.0,0.0,0.1504372458775908,0.0,Kaduna,0.2961234915344132
53,35358.17,106,6,44787.57,7464.595,0.337005334292528,0.0,0.0289839346050701,0.0,0.0,0.163943478067687,0.0,0.0,0.4700672530347147,Plateau,0.22766012910548428
23,15829.76,153,11,85462.07,7769.279090909092,0.0,0.016813306768722,0.0269244590026897,0.1752343466522633,0.3581990232626005,0.0842178290322244,0.0699221303673079,0.1209496797819196,0.1477392251322721,Imo,0.4632345295672461
38,42516.05,18,4,23162.66,5790.665,0.1186305890601511,0.0,0.0,0.0361776238134998,0.0,0.0,0.0,0.0,0.845191787126349,Oyo,0.18960363629667193
45,8321.2,77,3,35586.85,11862.283333333333,0.5653327001406419,0.0,0.0,0.2611815881428111,0.0,0.173485711716547,0.0,0.0,0.0,Edo,0.15486575796162153
45,119235.86,26,8,524548.4841500111,65568.56051875139,0.0251383054158802,0.0519853184671516,0.0,0.0,0.0,0.0132649511155771,0.0,0.0,0.9096114250013908,Kano,0.7623274564831393
42,41635.74,32,8,87061.20999999999,10882.65125,0.1146133852263252,0.2927324350304803,0.4025649310410458,0.0,0.0729804926901429,0.0,0.0,0.1171087560120058,0.0,Cross River,0.39186878110537954
31,124655.22,211,4,22617.93,5654.4825,0.5592885821116256,0.0,0.0176926005164928,0.0,0.0,0.0,0.0,0.0,0.4230188173718816,Edo,0.16433964252839112
38,49272.17,207,3,10205.72,3401.906666666667,0.0,0.0,0.2302551902266572,0.0,0.0,0.7697448097733427,0.0,0.0,0.0,Imo,0.12532575225646964
39,3485.54,78,4,25089.36,6272.34,0.0590286081430534,0.0,0.1357424023570151,0.2141126756521489,0.0,0.0,0.5911163138477824,0.0,0.0,Rivers,0.19089461233913957
53,20815.17,89,4,23002.86,5750.715,0.0,0.0,0.1256956743639704,0.0,0.0,0.4070124323671056,0.4672918932689239,0.0,0.0,Anambra,0.184271961477734
57,128172.96,105,6,111804.27,18634.045,0.0,0.8229270670968113,0.0,0.0148956743780894,0.0,0.1324713269001264,0.0,0.0,0.0297059316249728,Edo,0.36748017381570314
52,50323.86,293,4,53053.97,13263.4925,0.0,0.3470032497096824,0.0780465627737189,0.0,0.0,0.0,0.5749501875165987,0.0,0.0,Kaduna,0.18165627084603778
41,15796.75,49,12,44977.27,3748.105833333333,0.2201918880358901,0.1452171285629385,0.1384557132969608,0.0499574562884763,0.0,0.2174104831173612,0.2178569308452914,0.0,0.0109103998530813,Edo,0.5187685319088678
60,64625.0,358,3,7637.36,2545.7866666666664,0.0,0.2253475022782742,0.4552725025401448,0.0,0.0,0.3193799951815811,0.0,0.0,0.0,Kano,0.1037445593834389
26,37764.42,96,5,56881.18,11376.236,0.0,0.0,0.0415035342093817,0.5663425055528032,0.0,0.3577431058919663,0.0344108543458486,0.0,0.0,Delta,0.230155779718712
26,36566.96,79,5,22853.63,4570.726,0.0043756724861652,0.1646071105553034,0.1773153761568731,0.0,0.0,0.0,0.0,0.0,0.6537018408016583,Plateau,0.20782918063839045
18,17764.79,8,7,85979.29000000001,12282.755714285717,0.0989802311696223,0.0,0.0,0.311874173420134,0.0,0.065633596183453,0.3868483910485886,0.0805960365571755,0.0560675716210264,Lagos,0.38961000810137486
56,22893.81,259,4,36324.4,9081.1,0.0,0.0,0.0701718404158086,0.629868352952836,0.0,0.1692011430333329,0.1307586635980222,0.0,0.0,Edo,0.1492605860809749
24,15325.09,329,1,7444.04,7444.04,0.0,0.0,0.0,0.0,0.0,0.0,0.0,0.0,1.0,Oyo,0.06501948874946435
44,36618.77,1,3,13652.08,4550.693333333334,0.4014890038734024,0.0,0.0,0.088612138223626,0.0,0.5098988579029716,0.0,0.0,0.0,Kaduna,0.1763407495664092
18,19037.64,27,9,85604.35,9511.594444444445,0.1083755673631071,0.0,0.0988325943716645,0.2329970381178059,0.0,0.0,0.0487123609956736,0.1019616409680115,0.4091207981837372,Kano,0.42733804406793274
41,20740.95,391,6,52724.58,8787.43,0.0,0.0465930691150123,0.0,0.0324296561489916,0.0,0.5785153717677788,0.0548685262168043,0.1611320564336406,0.126461320317772,Abuja FCT,0.16456576274092652
37,11224.15,227,6,74086.01,12347.668333333331,0.1387418488321884,0.0852237824658123,0.6087064210908375,0.0,0.0,0.0,0.0,0.0,0.1673279476111616,Ogun,0.2075790139382654
24,14821.67,252,2,60987.41,30493.705,0.9534582629431222,0.0,0.0,0.0465417370568778,0.0,0.0,0.0,0.0,0.0,Enugu,0.10790361765019027
26,18263.9,4,8,95894.15,11986.76875,0.0,0.2239622542146731,0.6037318230569853,0.0189861425331993,0.0110497877086349,0.0525646246408149,0.0897053678456923,0.0,0.0,Enugu,0.40678275437079725
47,20330.39,140,6,27744.33,4624.054999999999,0.2818395686614166,0.0,0.0,0.0,0.0,0.0,0.2806101282676497,0.1775533955947035,0.2599969074762303,Cross River,0.2203362274577798
40,15820.77,16,6,83388.85,13898.141666666668,0.1676049016145444,0.0,0.0,0.5491573513725155,0.0,0.1063494699830972,0.1616045790294505,0.0152836980003921,0.0,Enugu,0.3064957658636841
53,36892.74,137,4,24524.73,6131.1825,0.2248599678773222,0.4880330996508422,0.0,0.1867947170060588,0.0,0.0,0.0,0.0,0.1003122154657768,Kaduna,0.18439514847754937
54,17473.92,69,4,31877.9,7969.475,0.1910511671095022,0.0,0.0,0.0,0.0,0.0,0.0,0.6655055696893458,0.1434432632011519,Kaduna,0.2030210425592059
63,83524.44,255,3,13770.7,4590.233333333334,0.0,0.0,0.0,0.0,0.0,0.1250132527758211,0.0,0.447532078979282,0.4274546682448967,Cross River,0.1250023410685739
51,26821.78,15,5,49708.05,9941.61,0.0,0.0105491967598809,0.035174182048984,0.0,0.0,0.0688465952697802,0.810136185185297,0.0,0.0752938407360578,Delta,0.279013389775933
32,109293.81,84,5,30858.92,6171.784,0.0,0.0,0.0047325052205326,0.0,0.0,0.8376942550160537,0.0,0.0,0.1575732397634136,Imo,0.23913688203897637
54,12356.43,183,2,27124.57,13562.285,0.0,0.0,0.0,0.0,0.0,0.9114835737488188,0.0,0.0,0.0885164262511811,Edo,0.11513182533300338
57,28329.14,57,10,99006.3,9900.63,0.0110436406572107,0.0698494944261122,0.0469509516061099,0.3988214891375599,0.0,0.0,0.1503240702864363,0.2598378083010879,0.0631725455854829,Oyo,0.46599225769468744
59,36225.88,40,7,22039.49,3148.498571428572,0.0495410737725782,0.0,0.0,0.2298152089726214,0.0,0.2992601008462537,0.0,0.0,0.4213836164085467,Rivers,0.27641294452563303
28,28461.56,30,9,68738.03,7637.558888888889,0.0,0.0,0.0091316262627835,0.0,0.0,0.0,0.7563377943767083,0.0739686604344058,0.1605619189261024,Imo,0.45208227626511843
18,19090.01,153,7,359328.11000000004,51332.58714285715,0.0,0.0424181119590115,0.9257912496742878,0.0,0.0,0.0,0.0021097709277462,0.0201179918821268,0.0095628755568274,Cross River,0.5052152511603203
30,61531.04,36,8,75723.05,9465.38125,0.0,0.0941171809640525,0.0,0.0,0.0,0.4593162848036365,0.4183246712856918,0.0282418629466192,0.0,Enugu,0.40803505972840043
42,12207.43,191,6,18971.02,3161.8366666666666,0.4065211042948665,0.1808026136707461,0.0,0.121784701086183,0.0,0.0,0.0316345668287735,0.2592570141194305,0.0,Plateau,0.19150860493280883
50,5179.54,116,4,21528.83,5382.2075,0.0,0.0,0.0,0.0,0.0,0.0,0.0805891448815379,0.5735439408458333,0.3458669142726288,Edo,0.17705975262368084
41,16551.19,159,3,43558.32,14519.44,0.0,0.0,0.0,0.0,0.0,0.0638415347515698,0.0,0.0,0.9361584652484302,Anambra,0.1368817042763967
26,148362.14,69,4,67119.98,16779.995,0.0,0.1205854054187739,0.0889241921704982,0.0,0.0,0.7904904024107278,0.0,0.0,0.0,Kwara,0.25050034420030076
50,118300.6,179,5,36484.37,7296.873999999999,0.0,0.1824447016626572,0.4784374788436802,0.0880659306985429,0.0,0.0,0.0,0.2510518887951197,0.0,Kaduna,0.23712696036760453
56,59246.69,19,5,8566.6,1713.3200000000002,0.0,0.1752784068358508,0.0,0.0,0.0,0.2130028249247075,0.4209954941283589,0.1907232741110825,0.0,Kwara,0.24569695367325822
34,36407.01,66,8,151111.35,18888.91875,0.0,0.50601963386602,0.426818435544385,0.0283255361030127,0.0034389872104246,0.0049321245558325,0.0,0.0,0.0304652827203251,Abuja FCT,0.4436083242680682
18,18972.69,68,6,123694.46,20615.743333333336,0.0,0.0339323200085112,0.0,0.6785633730079746,0.0,0.0,0.0,0.287504306983514,0.0,Oyo,0.3170994981263467
40,30227.39,182,5,84231.84,16846.368,0.0544453261379544,0.0,0.0331346198777089,0.0,0.0,0.0,0.8976009546983658,0.0,0.0148190992859707,Kwara,0.24149912398103815
43,20474.48,130,6,30422.54,5070.423333333333,0.209984439169116,0.2532303351396694,0.2462575445705717,0.074295242935008,0.0,0.0,0.0,0.0,0.2162324381856347,Enugu,0.22244620391018566
27,69614.5,148,4,22064.01,5516.0025000000005,0.3539927692201009,0.0,0.0,0.0,0.0,0.0,0.0,0.1725869413583478,0.4734202894215512,Kaduna,0.17776598852539488
37,29885.09,156,3,15548.6,5182.866666666667,0.0,0.0687303036929369,0.0,0.0,0.0,0.0,0.0,0.0,0.931269696307063,Kano,0.1367580050237071
18,60050.09,85,11,52702.12,4791.101818181818,0.0752020981319157,0.1219662510730118,0.0,0.2496470730209714,0.0,0.1087106173337998,0.0,0.3624207147644155,0.0820532456758855,Kwara,0.4725804369276247
47,29752.05,83,5,22984.25,4596.85,0.0901952423942482,0.1436853497503725,0.0,0.0343892013008908,0.0,0.0,0.1875858468298944,0.0,0.544144359724594,Lagos,0.22867500451741135
26,23045.05,17,11,122644.19,11149.47181818182,0.1642654250478559,0.1315762287638738,0.0,0.3233401435485856,0.0,0.116251899091184,0.0253460029374404,0.0,0.2392203006110603,Edo,0.5477150312662542
44,64901.32,65,4,19168.07,4792.0175,0.1992808874341548,0.0203051220075886,0.0,0.4368666224612076,0.0,0.3435473680970489,0.0,0.0,0.0,Delta,0.18925936616304928
30,7728.52,53,3,9342.16,3114.0533333333333,0.0,0.0,0.0,0.0828084725588086,0.0,0.0,0.0,0.9171915274411911,0.0,Abuja FCT,0.16969706785160252
42,16946.21,60,7,163702.66,23386.094285714287,0.0204836011827785,0.2064761195694682,0.71785919666791,0.0,0.0,0.0,0.0,0.020495085418893,0.0346859971609502,Lagos,0.41128404557727
29,7510.53,44,2,16706.37,8353.185,0.1124092187590721,0.0,0.0,0.8875907812409279,0.0,0.0,0.0,0.0,0.0,Ogun,0.13614633311406665
27,16980.83,15,8,110288.63,13786.07875,0.0,0.0612895454409035,0.5920089858764227,0.0,0.0,0.023137108512455,0.2015066285618019,0.0,0.1220577316084169,Kwara,0.40125502646036515
30,69621.93,58,7,80552.45999999999,11507.494285714283,0.0,0.3897848681467953,0.2215990672413977,0.0,0.0,0.0218035550993725,0.1075068346764332,0.2593056748360013,0.0,Kwara,0.3573143984457669
18,15060.15,180,10,127634.41,12763.441,0.0404647931541345,0.0532177803775643,0.0518431510750118,0.0,0.0,0.0523206085255535,0.2656683256497992,0.5028879751158014,0.033597366102135,Kaduna,0.46513267723501145
53,478312.45,233,4,26293.31,6573.327499999999,0.0,0.2371797236635479,0.0,0.0,0.0,0.0,0.2191428161764342,0.0,0.543677460160018,Anambra,0.2981104051800599
81,76432.11,39,6,51811.12,8635.186666666666,0.0,0.0,0.8352023658241706,0.0,0.0,0.0267971431615452,0.1174496903367462,0.0205508006775379,0.0,Rivers,0.28766980971127976
18,14966.1,25,12,57381.41,4781.784166666667,0.0472560712607096,0.2318247320865764,0.4134466197327671,0.099684549403718,0.0,0.0834014012552148,0.0534080636917078,0.0709785625693059,0.0,Cross River,0.5335191636974055
43,4874.52,38,3,23874.57,7958.19,0.0,0.0,0.0,0.0,0.0,0.0,0.0,0.9483450382561864,0.0516549617438136,Enugu,0.17647952028660222
49,28328.19,5,5,71379.92,14275.984,0.0272112941566759,0.0,0.0,0.057664396373658,0.0,0.2487112622149198,0.0667002708885075,0.5997127763662385,0.0,Ogun,0.27585194709846034
45,13219.45,63,10,61689.26,6168.926,0.0646610123058697,0.0,0.3357000878272814,0.0383757237483477,0.1973124657355267,0.0615001703700125,0.0,0.08258617464369,0.2198643653692717,Kwara,0.4117439398966921
40,35904.3,47,10,67225.38,6722.5380000000005,0.3005321799594141,0.166735093204382,0.1430584698814644,0.1121448476750893,0.0,0.1682440471143487,0.0,0.1092853621653012,0.0,Kaduna,0.4587524257851193
44,22621.58,183,8,74469.91,9308.73875,0.2767376783455224,0.0,0.0,0.0550943327311661,0.0,0.0,0.1123315443781253,0.1655808366090411,0.3902556079361449,Oyo,0.28806440159024116
41,47779.86,57,7,43447.19,6206.7414285714285,0.0,0.5624557077224096,0.1370141544251768,0.0,0.0,0.0,0.1212467365553445,0.0790628807064392,0.1002205205906296,Lagos,0.35039646941840297
42,10509.24,297,5,21637.98,4327.596,0.0825257255991548,0.0,0.0899843700752103,0.1427684099902116,0.0,0.0,0.0677840537795117,0.6169374405559114,0.0,Enugu,0.15093593314359233
46,43622.2,265,6,20681.72,3446.9533333333334,0.2607524906052301,0.1602139473892887,0.0,0.0,0.0,0.0,0.5262898830464777,0.0,0.0527436789590034,Imo,0.20011539446592008
41,47860.52,72,5,26292.31,5258.462,0.0,0.0743662310386573,0.0,0.5224565661974927,0.0,0.0,0.2635797311076889,0.0,0.139597471656161,Plateau,0.22993171108721663
18,57199.41,16,7,44910.38,6415.768571428571,0.1690649244116839,0.4580860816586276,0.0,0.0241514322524102,0.0,0.0,0.0690967210698283,0.0,0.2796008406074497,Ogun,0.3333285425648326
18,256535.99,35,6,130424.64,21737.44,0.0,0.0532045171832561,0.0821897610758212,0.0,0.6477164897675776,0.1345001220628249,0.0385832769022785,0.0438058330082413,0.0,Plateau,0.4694838445984901
38,7737.86,20,6,75040.87,12506.811666666666,0.0665753208884705,0.0,0.0,0.0790735768388612,0.0,0.0,0.7549832511270193,0.099367851145649,0.0,Cross River,0.3239159611860973
38,52572.86,160,6,135264.84,22544.14,0.0182292013209049,0.912046914778445,0.0,0.0,0.0,0.00965601999751,0.0330454684306727,0.0270223954724672,0.0,Edo,0.33506824919685263
38,17917.7,257,4,15470.31,3867.5775,0.040473009267429,0.0,0.0,0.0,0.0,0.1219813953307981,0.0,0.8375455954017729,0.0,Kaduna,0.14844487228126899
37,14346.25,34,7,85360.75,12194.392857142857,0.3754758480917752,0.2624227177010511,0.0,0.0218532522265795,0.0,0.0,0.2748482177113017,0.0653999642692923,0.0,Unknown,0.33333917160295956
38,41048.51,50,3,29266.620000000003,9755.54,0.0,0.0,0.3149362652742271,0.0,0.0,0.0,0.0,0.0,0.6850637347257729,Imo,0.17064416601826926
64,38112.56,49,6,78554.96,13092.493333333334,0.0,0.0556120199157379,0.0290903336975793,0.8354308881323342,0.0,0.0422646768580876,0.0376020813962606,0.0,0.0,Ogun,0.2935337118245961
50,21738.82,59,6,53920.67,8986.778333333334,0.2801183664817221,0.0,0.0285521303796855,0.6804631693189273,0.0,0.0,0.0,0.0,0.010866333819665,Kaduna,0.2743687484967371
27,44648.7,88,6,74704.28000000001,12450.713333333337,0.1745060657836472,0.0,0.0344970863784511,0.0767567802005454,0.0,0.0,0.6533744786777946,0.0,0.0608655889595616,Kaduna,0.320368348352415
37,36236.485,237,6,35646.0,5941.0,0.0,0.0,0.3041297761319643,0.0,0.0,0.0,0.0744265836278965,0.0601775795320653,0.5612660607080738,Unknown,0.19039519192655446
26,29980.61,100,5,21907.87,4381.574,0.3027058312834611,0.1179503073553019,0.0,0.0,0.2307243926497646,0.0,0.2915687376271632,0.0,0.0570507310843089,Plateau,0.2109129422412044
31,71749.51,18,6,53451.73,8908.621666666668,0.0,0.0457010465330121,0.026217299234281,0.5118678104525335,0.0,0.0,0.0178733223414845,0.3983405214386887,0.0,Kwara,0.30802504612690496
32,34546.02,84,6,73805.12,12300.853333333333,0.1318063028689608,0.2493637297791806,0.2692756274903421,0.2824029010453475,0.0,0.0128259394470193,0.0,0.0543254993691494,0.0,Kano,0.2901320086492122
37,23685.77,353,11,60623.21,5511.200909090909,0.0,0.0228196428397638,0.0306054397317463,0.0788313584846464,0.1047903929864486,0.6393430832844385,0.0,0.1056737180363758,0.0179363646365806,Ogun,0.33024610548655225
44,35244.49,36,12,130474.25,10872.854166666666,0.0206751140550721,0.0,0.0825572862078149,0.5217086130021824,0.0,0.0,0.105327986173517,0.0,0.2697310005614134,Lagos,0.612486263547349
19,21349.83,27,9,79445.62,8827.29111111111,0.2018940754694846,0.1014785963027288,0.1222413520090849,0.0,0.0,0.0,0.309866799453513,0.1062820077431581,0.1582371690220304,Anambra,0.4200028710662726
45,61219.21,106,6,115658.33,19276.38833333333,0.003418084974943,0.0,0.0,0.0,0.4366322771563449,0.0,0.1322155524811744,0.0,0.4277340853875375,Edo,0.33013966276071394
34,212794.06,43,6,30373.805,5062.300833333334,0.0,0.3544065354999151,0.2955154943544281,0.0,0.104037014789553,0.0,0.0,0.0,0.2460409553561037,Enugu,0.3478801507945122
42,19318.11,298,2,12221.82,6110.91,0.0,0.0,0.0,0.0,0.0,0.0,0.5405455161342583,0.4594544838657418,0.0,Ogun,0.1007205895146642
29,15147.9,115,4,31630.870000000003,7907.717500000001,0.0273476512027648,0.0,0.7359351797784885,0.1316441817755882,0.0,0.0,0.0,0.0,0.1050729872431583,Cross River,0.1706124217489392
49,52046.23,145,2,11275.84,5637.92,0.0,0.8076161066492606,0.0,0.0,0.0,0.1923838933507392,0.0,0.0,0.0,Kaduna,0.14291586175290752
37,12326.0,499,1,20753.33,20753.33,0.0,1.0,0.0,0.0,0.0,0.0,0.0,0.0,0.0,Ogun,0.06357681681713394
25,262584.47,3,9,62227.87,6914.207777777778,0.2736560001169894,0.0,0.0941484900575899,0.0337789161030258,0.0,0.3221072808694882,0.2355912230323808,0.0,0.0407180898205257,Oyo,0.5245425409045459
40,15770.39,31,6,26662.620000000003,4443.77,0.0,0.0707826162620177,0.0,0.3249455604888041,0.0,0.0,0.0,0.1847567868424033,0.4195150364067747,Lagos,0.2774276146877376
54,231773.46,41,7,114497.99,16356.855714285715,0.100187959631431,0.0,0.6516183384529283,0.1572550749580844,0.0285280990522191,0.0,0.062410527905337,0.0,0.0,Abuja FCT,0.4638043768363856
24,89302.05,9,9,93524.63,10391.625555555556,0.0,0.0443732308804643,0.0,0.0,0.0,0.1066812025880241,0.0289686256978509,0.6456316373558495,0.1743453034778111,Anambra,0.47661815299191423
39,24843.18,128,2,10789.95,5394.975,0.0,0.0,0.0,0.0,0.0,0.0,0.0,0.0,1.0,Plateau,0.11231288172692178
18,96884.45,111,9,220374.44,24486.04888888889,0.0646944809025946,0.0016114845260639,0.0076072796827073,0.1252159279451827,0.0,0.036597756073708,0.0,0.0,0.7642730708697433,Oyo,0.5058094927605625
52,9179.82,3,6,65639.6,10939.933333333334,0.0,0.0,0.0387491697085296,0.826627980670205,0.0,0.0481569052827866,0.0,0.0,0.0864659443384786,Kano,0.3015649162148156
32,11364.81,261,5,525679.9641500111,105135.9928300022,0.0,0.0,0.0,0.0,0.0,0.0589992431044023,0.0,0.0450892588960002,0.8959114979995975,Rivers,0.5290999281681217
55,385993.93,217,6,80040.25,13340.041666666666,0.4652557931790567,0.0,0.0,0.0250016710342608,0.0,0.1987771152638828,0.0,0.0,0.3109654205227994,Kano,0.36778594303533585
40,27647.55,3,7,32833.89,4690.555714285714,0.0909980510990321,0.0,0.1307971732865036,0.0207974138915614,0.0,0.396944742155133,0.0053673201682773,0.0,0.3550952993994924,Ogun,0.2961710253642665
52,27710.5,20,7,90199.64,12885.662857142856,0.0,0.0134789894948582,0.0316572216917938,0.5296638656207497,0.0,0.1505349688757072,0.1080221606205967,0.0,0.1666427936962941,Kano,0.3614437071800555
45,39294.33,134,6,210630.41,35105.06833333333,0.0470444414935146,0.0128134394269089,0.0,0.0321702360072318,0.0,0.9079718830723448,0.0,0.0,0.0,Enugu,0.35485488541059934
31,97481.84,139,4,28614.58,7153.645,0.0,0.0,0.0,0.0,0.0,0.0,0.0108186106523317,0.9891813893476682,0.0,Imo,0.2088722463391201
29,108146.99,102,3,23892.06,7964.02,0.2153460187191895,0.0,0.6770508696194467,0.0,0.0,0.1076031116613636,0.0,0.0,0.0,Abuja FCT,0.17545915158054348
31,22295.19,153,8,124940.27,15617.53375,0.0,0.0280376375047052,0.6005249548444228,0.0,0.0795880303444197,0.0749394090472191,0.1819535847009135,0.0,0.0349563835583195,Abuja FCT,0.37003785467334294
29,15076.44,118,4,58193.880000000005,14548.47,0.0,0.0,0.0559252966119461,0.3088252579137188,0.0,0.5252672617807921,0.0,0.0,0.109982183693543,Cross River,0.18540701087099373
33,8117.3,214,2,12709.25,6354.625,0.6039136849145308,0.0,0.0,0.0,0.0,0.0,0.0,0.3960863150854692,0.0,Lagos,0.10602159391691952
50,9098.9,146,4,13338.1,3334.525,0.3063554779166448,0.5812132162751816,0.0,0.0,0.0,0.0,0.0,0.1124313058081735,0.0,Delta,0.15701084713604244
43,152582.23,8,6,65706.39,10951.065,0.225414453601849,0.0600877631536293,0.0,0.0,0.0,0.0185662307729887,0.0,0.0446670407550924,0.6512645117164403,Plateau,0.33501464110411616
19,13138.53,23,3,42577.46,14192.486666666666,0.4256982450338747,0.0317388590113172,0.0,0.0,0.0,0.542562895954808,0.0,0.0,0.0,Lagos,0.1878453669200276
35,42675.7,142,7,103422.46,14774.637142857142,0.2918249092121769,0.0,0.5144427042249817,0.0,0.0,0.0,0.1447712614842076,0.0264514110377958,0.0225097140408379,Abuja FCT,0.3161097626569915
35,47024.35,117,8,21969.800000000003,2746.2250000000004,0.3056682354868956,0.0,0.1689282560605922,0.0891405474788118,0.0,0.0380818214093892,0.1118945097360922,0.2017983777731249,0.0844882520550938,Rivers,0.2945358189788205
40,70787.55,175,7,56137.03,8019.575714285714,0.1017861115915822,0.0,0.4004233925449921,0.4977904958634256,0.0,0.0,0.0,0.0,0.0,Delta,0.2724320929652825
24,41726.62,22,8,101646.16,12705.77,0.089811754816906,0.0,0.0656646547198634,0.0378849530567608,0.0,0.7592933171307209,0.0473453202757487,0.0,0.0,Ogun,0.39164835221672145
39,11088.19,265,3,8067.6,2689.2000000000003,0.0,0.0,0.7723610491348109,0.2276389508651891,0.0,0.0,0.0,0.0,0.0,Abuja FCT,0.10902919839606956
34,33565.06,127,3,53281.3,17760.433333333334,0.0,0.0,0.0,0.7190488970802138,0.0,0.0,0.0,0.2809511029197861,0.0,Ogun,0.1696544326770369
44,127282.45,33,4,49106.91,12276.7275,0.0847960093599861,0.5214335416339574,0.0,0.0551912144339768,0.0,0.0,0.0,0.0,0.3385792345720795,Delta,0.2549032093072039
37,36236.485,72,4,25034.07,6258.5175,0.1351162635560258,0.0,0.089905077360573,0.5105466270566471,0.0,0.0,0.2644320320267539,0.0,0.0,Unknown,0.18995806571511525
34,59193.07,54,12,120871.34,10072.611666666666,0.0,0.065669247978884,0.0470885819583037,0.1478728538957208,0.0,0.0624416838598794,0.1719446479206733,0.325431322263822,0.1795516621227166,Delta,0.5958487076444154
65,49525.24,16,7,56677.08,8096.725714285714,0.0120611365299694,0.1530751054923789,0.0,0.3508518787488699,0.0,0.3616744193596424,0.1223374598691393,0.0,0.0,Cross River,0.3369983695038299
32,50178.62,27,8,125193.81,15649.22625,0.0190253815264508,0.0,0.0,0.0382153079293616,0.0,0.1264913976178215,0.6205878709178994,0.1956800420084667,0.0,Edo,0.47008704628739545
29,37372.86,88,6,49882.24,8313.706666666667,0.0,0.2216333909623946,0.3757515700978945,0.0,0.0,0.0,0.0,0.0,0.4026150389397108,Ogun,0.25572851380111433
40,24654.22,153,8,114082.24,14260.28,0.4095709375972982,0.0216795357454411,0.0,0.4459127029763791,0.0,0.0,0.1228368236808814,0.0,0.0,Enugu,0.33903697631207164
29,19835.56,75,8,49889.39,6236.17375,0.2671992982876719,0.142938608790366,0.1855691159984117,0.0,0.0,0.1395647451291747,0.0,0.0560425773897014,0.208685654404674,Rivers,0.31519252329499947
36,56749.75,65,8,96219.83,12027.47875,0.0,0.0101169374337909,0.0,0.2323972095980631,0.0,0.5135146258312866,0.0593656214108879,0.1846056057259714,0.0,Kano,0.4012199410083732
42,51206.21,101,5,213217.62,42643.524,0.66954180428428,0.0,0.0022306786840599,0.0,0.0,0.0,0.0245635890692335,0.3036639279624263,0.0,Delta,0.3358899539794654
54,32883.72,76,3,4369.45,1456.4833333333331,0.0,0.0,0.246310176337983,0.0,0.0,0.0,0.5657783016169083,0.1879115220451086,0.0,Anambra,0.16256213214354476
38,11308.78,156,8,129467.5,16183.4375,0.0,0.1107006005368142,0.1391947013729314,0.0,0.6072905555448278,0.0105527642072334,0.0261130399521115,0.1061483383860814,0.0,Kano,0.38383900622675216
45,34755.08,69,7,25832.88,3690.411428571428,0.2337664248043578,0.0,0.3213075739135551,0.0,0.0,0.3727966064952882,0.0,0.0,0.0721293947867988,Oyo,0.26279428648295944
62,32042.11,197,5,37119.28,7423.856,0.0,0.4014353187885109,0.0,0.4052899194165404,0.0,0.05451291081077,0.0,0.1387618509841785,0.0,Delta,0.19114711236783472
40,25079.15,253,6,98637.17,16439.528333333335,0.0970037968445363,0.0,0.0,0.1188536735188164,0.0,0.0,0.7841425296366471,0.0,0.0,Rivers,0.2505763626979842
24,22375.34,482,1,5959.68,5959.68,0.0,0.0,0.0,0.0,0.0,0.0,0.0,1.0,0.0,Kwara,0.05686194027787138
33,49463.0,28,7,87936.28,12562.325714285716,0.0661218555071922,0.0,0.0,0.0,0.0,0.0611938553689103,0.1953657807676194,0.677318508356278,0.0,Edo,0.3846427470643877
24,58170.74,127,3,34359.06,11453.02,0.0,0.0,0.0,0.0,0.0,0.4555642674741393,0.5444357325258607,0.0,0.0,Lagos,0.19274838643119893
48,8157.81,22,4,18841.04,4710.26,0.2598885199543124,0.0,0.0,0.1057967076127432,0.0,0.5606914480304697,0.0,0.0,0.0736233244024746,Oyo,0.1751879631009048
32,11856.8,52,8,80469.70999999999,10058.71375,0.0,0.01823356887952,0.0,0.1767534641295464,0.0,0.0139960738021797,0.2731202833960754,0.0,0.5178966097926785,Cross River,0.3640596746653591
36,49361.38,75,5,13353.73,2670.746,0.5834392338320454,0.0309486562930357,0.0,0.2506348413514426,0.0,0.0,0.0854248213794947,0.0495524471439814,0.0,Anambra,0.19775932425490986
38,4133.94,156,12,218080.79,18173.399166666662,0.0031733652468885,0.0,0.5998979093940371,0.0425067700827752,0.0,0.0482215329465745,0.1462231038322999,0.1467049436128693,0.0132723748845553,Oyo,0.5785921776773686
18,11773.05,132,4,88448.99,22112.2475,0.0070256313836935,0.0,0.5085604708431379,0.0,0.0,0.0606974709377687,0.4237164268353997,0.0,0.0,Abuja FCT,0.2247296429894031
23,122920.01,235,3,35533.38,11844.46,0.9513108519369676,0.0486891480630325,0.0,0.0,0.0,0.0,0.0,0.0,0.0,Kaduna,0.14527592167158057
18,11425.0,404,3,20409.22,6803.073333333334,0.0,0.0,0.0,0.0,0.0,0.0,0.3374195584152652,0.6625804415847347,0.0,Lagos,0.10978677089160124
37,52419.21,136,5,49218.73,9843.746,0.4969650781318412,0.0,0.0,0.0,0.0,0.2923498838755083,0.0,0.1741495564798197,0.0365354815128305,Imo,0.20705584744623018
47,20352.72,79,8,56218.72,7027.34,0.0974920809296262,0.0,0.0354581178653658,0.3886515025600013,0.0,0.1481798233755588,0.1759693212509996,0.0894915430305065,0.0647576109879413,Kano,0.34724715591071914
37,36236.485,83,4,8888.47,2222.1175,0.0,0.1284934302529006,0.108551865506662,0.6455779228596148,0.0,0.0,0.0,0.0,0.1173767813808225,Unknown,0.17354333032736158
39,638926.74,79,6,46466.04,7744.34,0.514433336690624,0.0,0.0386656577577947,0.3189120484551728,0.0,0.0,0.0136773006694781,0.0,0.1143116564269302,Kano,0.5377247935616913
32,5867.25,411,4,122021.03,30505.2575,0.5965748691024817,0.0,0.0,0.0,0.0,0.2481064124766034,0.0,0.132091410800253,0.0232273076206617,Lagos,0.1456937441829841
30,18095.99,34,10,329461.31999999995,32946.132,0.0159248436204893,0.0,0.0438566809603021,0.0080615229733189,0.0,0.6922315493667057,0.2069068988128864,0.0330185042662974,0.0,Ogun,0.6478057965563502
41,15457.52,18,8,45004.94,5625.6175,0.1674796144601014,0.0,0.0,0.138985186959476,0.3878845300093723,0.1397459923288421,0.0198671523614963,0.0373503442066582,0.1086871796740535,Imo,0.35572336479203887
31,121647.37,56,10,76321.09,7632.108999999999,0.0405133102789805,0.1463899428061103,0.0368641223546466,0.0740331407740639,0.0,0.1417753598644883,0.0117232340366208,0.2669998554790033,0.2817010344060862,Delta,0.4947605380814633
18,163335.51,2,6,74689.76000000001,12448.293333333337,0.0078394949990467,0.4210707063458229,0.0,0.04890295537166,0.0,0.0,0.4743141496237235,0.0478726936597466,0.0,Lagos,0.4353185463459277
29,75291.7,135,5,39464.01,7892.801999999999,0.1236845926199593,0.0,0.0,0.0,0.0,0.0464638540280118,0.0450673917830448,0.095571382634456,0.689212778934528,Enugu,0.2126708210306607
43,9984.0,30,8,36788.68,4598.585,0.0812595070005229,0.5919940590420749,0.0733100508091075,0.0,0.0,0.0,0.0151913577763594,0.238245025371935,0.0,Cross River,0.3512611348472399
44,196028.0,19,3,66913.34,22304.446666666667,0.0,0.0,0.6850855150856316,0.0,0.0,0.0,0.0,0.0,0.3149144849143683,Kaduna,0.277474386210623
64,36342.79,35,5,23610.75,4722.15,0.2398682803384051,0.0,0.0,0.2145213515030229,0.0,0.0,0.0,0.1920252427390066,0.3535851254195652,Anambra,0.21377022999149844
34,152947.34,44,3,32138.78,10712.926666666668,0.0296859432747602,0.6514410316757513,0.0,0.0,0.0,0.3188730250494885,0.0,0.0,0.0,Oyo,0.22039910274217014
25,7744.21,21,5,144554.07,28910.814,0.0,0.0,0.0662901431969366,0.2815357602867909,0.0,0.0,0.0348119565225662,0.6173621399937061,0.0,Kano,0.3389480704712492
45,25422.9,95,8,106740.63,13342.57875,0.0,0.3255232801230422,0.502688901124155,0.0424419454897352,0.0,0.0667132093936488,0.0198999200210828,0.0177921003464191,0.0249406435019167,Oyo,0.3644892894229986
37,25307.27,46,4,39309.42,9827.355,0.0,0.5873637921902689,0.0,0.0,0.0,0.3616489380916838,0.0,0.0509872697180472,0.0,Kano,0.22212833918955338
19,17906.98,106,6,28797.94,4799.656666666667,0.1541641520192069,0.0,0.0,0.328380085520006,0.0,0.0,0.0,0.0148034894162568,0.5026522730445303,Imo,0.22771489503438788
44,3667.39,50,4,26635.21,6658.8025,0.068353506505111,0.0,0.0,0.0,0.0,0.0,0.2870523641450546,0.0,0.6445941293498344,Ogun,0.1843500334780407
25,657118.91,3,12,121522.31,10126.859166666669,0.1447625542997002,0.0,0.0321473480877708,0.0250024871976182,0.0,0.0879270645859184,0.0448675638242887,0.0609031378682646,0.6043898441364389,Imo,0.836355967672252
39,20441.94,90,6,39624.76,6604.126666666667,0.0,0.0937401261231613,0.315870178141142,0.0,0.0,0.0084797989943661,0.0,0.2778002945632983,0.3041096021780321,Lagos,0.2673834546839993
18,3810.74,48,3,13915.43,4638.4766666666665,0.0,0.7315311133037211,0.0,0.0,0.0,0.2684688866962789,0.0,0.0,0.0,Ogun,0.16554270335587148
18,44455.08,6,7,44618.1,6374.0142857142855,0.1837516613213023,0.0889840670041978,0.0,0.31730172284342,0.0,0.1090989979402977,0.0,0.300863550890782,0.0,Cross River,0.3300205759543142
35,107398.66,5,8,50548.4,6318.55,0.3132035831005531,0.0,0.0,0.6611247833759327,0.0,0.0,0.0,0.0,0.025671633523514,Kano,0.4041213089377332
33,3586.6,28,6,95320.24,15886.706666666669,0.0079283266596894,0.4145565516830424,0.2845917089591885,0.0,0.0,0.0,0.0,0.0,0.2929234126980796,Edo,0.31755416628551153
38,67115.48,136,7,94201.52,13457.36,0.0346671688524771,0.0529533918348663,0.0197825894953712,0.0,0.8078591513173037,0.0459986208290482,0.0387390776709335,0.0,0.0,Imo,0.346911681837162
35,82375.64,137,3,16061.79,5353.93,0.0,0.0,0.0,0.0,0.0,0.472358311246754,0.0,0.527641688753246,0.0,Cross River,0.1581274950976643
34,7094.8,545,3,12338.28,4112.76,0.0,0.2854076905370927,0.0,0.7145923094629073,0.0,0.0,0.0,0.0,0.0,Plateau,0.06740843322203233
40,56957.18,32,4,16314.79,4078.6975,0.3702248082874496,0.5188463964292522,0.05293601695149,0.0,0.0,0.0,0.0,0.0579927783318081,0.0,Ogun,0.20101551995405656
25,24934.21,137,4,66595.07,16648.7675,0.0,0.0453625170752129,0.0487247779753065,0.3766088090304582,0.0,0.5293038959190222,0.0,0.0,0.0,Anambra,0.1869221878823805
59,13735.57,22,8,29516.19,3689.52375,0.3795781230572103,0.0,0.0,0.2742840454679279,0.0,0.0,0.1296190328087737,0.1562376444927343,0.0602811541733536,Kaduna,0.34486500834392647
18,22010.11,258,2,9001.01,4500.505,0.0,0.0,0.0,0.0,0.0,0.9520820441261592,0.0,0.0,0.0479179558738408,Plateau,0.09089906645161566
20,78562.07,12,6,36696.31,6116.051666666666,0.0,0.0,0.4975868145870797,0.0,0.0,0.0,0.0107994509529704,0.0886892987333058,0.4029244357266439,Plateau,0.290106594395203
27,92825.98,208,10,158543.9,15854.39,0.2195934375273977,0.039012664631058,0.0569818832512635,0.0245427291746954,0.0,0.127588447111494,0.5322808383040911,0.0,0.0,Oyo,0.48044844147951526
25,47116.99,162,5,87813.35,17562.670000000002,0.0,0.0906183399221189,0.6654361779843271,0.0,0.0,0.089811970503346,0.0,0.1541335115902081,0.0,Cross River,0.23324004250004424
18,82426.8,187,5,22452.97,4490.594,0.0,0.0170569862249849,0.1365930654162901,0.5380112296947798,0.0,0.0,0.0,0.0815687189712541,0.2267699996926909,Oyo,0.19040678162902427
18,52595.38,50,6,22955.81,3825.9683333333337,0.0836315512282075,0.4073896760776465,0.3768017769793355,0.0,0.0,0.1321769957148103,0.0,0.0,0.0,Lagos,0.2895473122875899
34,150301.9,97,6,518803.2641500111,86467.21069166852,0.0591538105495154,0.0,0.9062500886927024,0.0014594742406652,0.0,0.0,0.0190968729085236,0.0140397536085931,0.0,Delta,0.6946821299926272
34,10103.66,138,5,49554.68,9910.936,0.0,0.6704644243490222,0.0,0.3295355756509779,0.0,0.0,0.0,0.0,0.0,Kwara,0.21161799066425957
20,47360.79,17,6,35999.08,5999.846666666667,0.4070587359454741,0.0263770629693869,0.2665937573960223,0.1063177170083235,0.0,0.0,0.0,0.0,0.1936527266807929,Edo,0.2755967560840921
18,30964.76,124,1,1236.51,1236.51,0.0,0.0,0.0,0.0,0.0,0.0,1.0,0.0,0.0,Edo,0.12650426718718402
41,53161.68,389,4,16968.02,4242.005,0.0,0.0,0.3454480841017396,0.3614811863729533,0.0,0.2168261234958469,0.0,0.0,0.0762446060294601,Delta,0.10955609885044679
36,26076.4,18,8,20488.17,2561.02125,0.133357932894934,0.0,0.0675062731322514,0.0440732383614544,0.0,0.0,0.1230300217149701,0.3835154628256209,0.2485170710707691,Edo,0.34916345470417665
28,14319.2,139,9,104696.13,11632.903333333334,0.00743188883868,0.0269455996128987,0.1897690010127403,0.0,0.0,0.3619735514579192,0.4138799590777615,0.0,0.0,Edo,0.40688553860571197
31,65200.65,145,3,19618.73,6539.576666666667,0.0,0.0,0.0,1.0,0.0,0.0,0.0,0.0,0.0,Kwara,0.14832365992696736
39,45355.28,16,4,67964.2,16991.05,0.0,0.915525085265478,0.0,0.0,0.0,0.0340289446502717,0.0,0.0504459700842502,0.0,Lagos,0.28375270820233955
37,119139.8,162,6,50036.11,8339.351666666667,0.0,0.0627934505699983,0.0,0.4566162317574248,0.0,0.3447306355350166,0.0,0.1358596821375602,0.0,Kaduna,0.28270829165363764
35,21114.16,238,5,22810.55,4562.11,0.0,0.0812768653101306,0.0,0.2220468160566054,0.1989938866007176,0.0,0.4976824320325463,0.0,0.0,Lagos,0.1983859990617959
29,63501.16,99,3,19474.48,6491.493333333333,0.0,0.0898488688786555,0.0,0.5678010401304682,0.0,0.0,0.3423500909908762,0.0,0.0,Anambra,0.17103086855253286
43,19231.16,98,4,65980.81,16495.2025,0.0,0.0,0.4766695043604345,0.0,0.0,0.0,0.5085516531245979,0.0,0.0147788425149676,Imo,0.220768785494002
57,172046.73,43,12,131737.29,10978.1075,0.1247923044416656,0.0,0.0487551398696602,0.0,0.0,0.0,0.3118067025669042,0.0805586633822511,0.4340871897395187,Delta,0.6512386246771362
48,9377.32,43,10,79449.4,7944.94,0.3682795590652667,0.0,0.2147053344644515,0.117939971856301,0.0,0.0,0.0091759031534536,0.0152040166445561,0.2746952148159709,Anambra,0.41592042324025724
35,49480.45,101,4,13195.86,3298.965,0.4251591029307677,0.0,0.0,0.0,0.0,0.0851380660298002,0.0,0.2897287482589236,0.1999740827805084,Rivers,0.16592116389112732
45,38652.91,265,4,37390.55,9347.6375,0.1325136966426008,0.0,0.0,0.0,0.0,0.0545343676410215,0.0,0.0,0.8129519357163775,Plateau,0.13351413394204886
42,23084.93,221,10,93554.9,9355.49,0.6228882720199582,0.0,0.0,0.0537599847789907,0.0,0.0332720146138791,0.065645091812401,0.0845550580461312,0.1398795787286395,Delta,0.3546413724199627
54,9231.11,32,7,72822.23,10403.175714285711,0.0,0.0555035186370974,0.4218280599207137,0.0,0.006836236682123,0.1663880658419826,0.1027953964057404,0.2466487225123427,0.0,Ogun,0.32341947509831087
43,20904.93,14,7,85342.45,12191.778571428573,0.0,0.806321355902016,0.0,0.0951533498276649,0.0,0.0,0.0835967329271657,0.0,0.0149285613431533,Kaduna,0.39085528500520744
51,19252.94,70,10,264000.24,26400.024,0.0,0.0065176834687726,0.0638798282910652,0.0682599000667575,0.0,0.7367686105133844,0.116651446983533,0.0004094314459714,0.0075130992305158,Plateau,0.5754692465484196
37,76853.08,18,3,16646.28,5548.759999999999,0.5034440127163546,0.0,0.2989208399714531,0.0,0.0,0.1976351473121922,0.0,0.0,0.0,Kano,0.17982282772333297
41,48395.44,118,10,56203.82,5620.382,0.3183354796880354,0.1122542916122071,0.0,0.0,0.0,0.1368691665441957,0.0,0.3570381870840807,0.0755028750714809,Cross River,0.403252686733673
36,37847.05,164,5,98593.05,19718.61,0.7250691605544205,0.0,0.0251671897765613,0.0,0.0874408490253623,0.0,0.0,0.0150101858092431,0.1473126148344128,Kwara,0.2090952971314679
52,45286.7,174,6,19038.68,3173.113333333333,0.0,0.1704687509848372,0.1065714639880496,0.0,0.0,0.0,0.2046722776999246,0.412699304783735,0.1055882025434536,Abuja FCT,0.23386660509120635
38,14184.61,32,6,31746.24,5291.04,0.0,0.0,0.0,0.2154286617879786,0.0,0.7606875648895743,0.0,0.023883773322447,0.0,Ogun,0.250116518698711
27,21161.87,92,5,189675.05,37935.01,0.190975354955752,0.0,0.0,0.7696099724238903,0.0,0.0,0.0358747763609394,0.0,0.0035398962594184,Plateau,0.32038947936782164
18,45448.64,8,8,523934.1241500111,65491.76551875139,0.9327894703229568,0.00622704238876,0.0151178929466563,0.0,0.0,0.0054451692846468,0.0,0.0386904556615518,0.0017299693954282,Cross River,0.714054688714153
22,2841.94,192,5,103317.1,20663.42,0.2423893043842694,0.0046014648107622,0.0,0.0,0.0,0.080491999872238,0.0,0.2736951579167437,0.3988220730159867,Kano,0.21865688405755437
25,464817.65,234,6,29864.98,4977.496666666667,0.2222636680151803,0.0,0.0,0.2472601689336473,0.0,0.0,0.0,0.5304761630511723,0.0,Enugu,0.37677319423554023
40,12201.57,148,6,75267.01999999999,12544.503333333332,0.0064237962390433,0.0135738069608707,0.0,0.0,0.0,0.1953963369348221,0.0247594497563474,0.1605583693894085,0.5992882407195077,Delta,0.23866321142528782
47,388644.97,95,11,116766.52,10615.138181818182,0.0476306907151125,0.0146217426022459,0.0846095267718863,0.0,0.0,0.059786229819986,0.232759698584834,0.0306556194361191,0.529936492069816,Kwara,0.6696675186853807
32,12814.32,70,7,95149.93,13592.847142857145,0.0,0.4467236076789546,0.0022034698291422,0.0,0.0,0.2510568320964608,0.1541856100156878,0.1458304803797543,0.0,Plateau,0.34190957009057865
50,44328.33,229,3,8055.01,2685.0033333333336,0.6212158644123347,0.0,0.0,0.0,0.0,0.0,0.3787841355876653,0.0,0.0,Plateau,0.11596030083903552
37,21568.52,92,3,89903.34,29967.78,0.0,0.9794893048467388,0.0161692546684027,0.0,0.0,0.0,0.0,0.0043414404848585,0.0,Unknown,0.2136929383659834
27,78608.36,46,2,5270.389999999999,2635.195,0.0599633044233918,0.0,0.0,0.0,0.0,0.0,0.0,0.0,0.9400366955766082,Delta,0.13951873450082308
38,59015.87,391,2,387400.7,193700.35,0.9840183045616592,0.0,0.0159816954383407,0.0,0.0,0.0,0.0,0.0,0.0,Lagos,0.4009948201289472
18,18162.73,132,4,10674.44,2668.61,0.0,0.0,0.4108833812359243,0.0,0.0,0.0,0.359239454247717,0.0,0.2298771645163587,Rivers,0.16399050516896346
31,37539.72,95,5,120908.81,24181.762,0.0,0.0138396035822368,0.0,0.0,0.0655113552105921,0.005909577639545,0.0286883147720997,0.0,0.8860511487955262,Rivers,0.2641505448815159
31,57443.69,224,6,77423.99,12903.998333333337,0.8943957809459316,0.0,0.0,0.0,0.0,0.0,0.1056042190540683,0.0,0.0,Delta,0.21429281635810019
48,70454.39,40,8,91874.78,11484.3475,0.0,0.2744320040820778,0.0,0.0,0.0,0.4357216420001223,0.0,0.1293019694849881,0.1605443844328117,Oyo,0.39578648675056777
70,12173.88,99,9,76228.62,8469.846666666666,0.0148916509311069,0.0880969641061323,0.0,0.0080558981652822,0.0,0.4000507945703332,0.0,0.4190805238242538,0.0698241684028912,Kano,0.38761764736240345
34,33637.72,141,2,22037.11,11018.555,0.0,0.0,0.0,0.0,0.7785617079553535,0.2214382920446465,0.0,0.0,0.0,Ogun,0.1340985838182016
18,18754.28,632,2,57256.03999999999,28628.02,0.0,0.0,0.0,0.0,0.0,0.0,0.3315459818737027,0.6684540181262973,0.0,Oyo,0.06790004892393264
44,118080.62,502,1,5462.69,5462.69,0.0,0.0,0.0,0.0,0.0,1.0,0.0,0.0,0.0,Kano,0.062221155888952245
37,106236.24,249,6,28883.75,4813.958333333333,0.0841580473449604,0.0,0.5424773445276323,0.1388147314666551,0.0,0.0,0.1174508157701129,0.0421527675596139,0.0749462933310252,Abuja FCT,0.22156973025390075
40,59655.92,271,6,94030.89,15671.815,0.1868075480302271,0.0,0.1846195436414565,0.0,0.0,0.4270204185028984,0.0,0.0172878295632424,0.1842646602621755,Anambra,0.2151718597374672
33,28959.58,15,8,87506.51999999999,10938.315,0.0442052775038934,0.0069279409122885,0.0,0.0,0.0,0.2407504035127896,0.2536441855989702,0.454472192472058,0.0,Lagos,0.4340774466470965
48,14353.67,92,6,91312.83,15218.805,0.0,0.9089474064049924,0.0,0.0,0.0,0.0,0.0,0.0910525935950074,0.0,Delta,0.3010627766985843
53,9598.81,409,4,29233.24,7308.309999999999,0.0,0.0,0.0,0.0,0.0,0.0,0.2573984272697792,0.5614594892663284,0.1811420834638925,Edo,0.1169448774865918
43,60452.75,149,5,67179.5,13435.9,0.0266910292574371,0.8004501373186761,0.0447329914631695,0.1281258419607172,0.0,0.0,0.0,0.0,0.0,Rivers,0.24006923037037053
19,69597.52,103,3,62753.99,20917.996666666662,0.0,0.0,0.0,0.4410106831454063,0.0,0.0,0.5109812141028802,0.0,0.0480081027517134,Cross River,0.2094368592181408
25,26567.11,31,11,69605.01,6327.728181818181,0.1158670906016678,0.3004187485929532,0.0333711610701586,0.2677784257196429,0.0720894947073493,0.1908690193421421,0.0,0.0196060599660857,0.0,Enugu,0.503326368569147
44,80970.11,230,4,238913.5,59728.375,0.0,0.6317938082192928,0.0,0.0180012012715899,0.0,0.0,0.0,0.3237409355268748,0.0264640549822425,Plateau,0.32985486905298655
25,64119.76,42,7,77555.17,11079.31,0.1503915212873622,0.0915815154553848,0.0,0.0,0.0,0.0835892694194339,0.3752924531014502,0.2991452407363686,0.0,Plateau,0.3646533100997035
59,54577.35,14,11,76023.85,6911.259090909091,0.0,0.3042464963297702,0.0,0.0,0.0,0.0392689925595717,0.4945608516274827,0.1322509975487955,0.0296726619343798,Kwara,0.547300000760104
42,299235.17,32,4,8921.16,2230.29,0.0,0.068869967582691,0.3515204300785997,0.0,0.0,0.0,0.0,0.5796096023387093,0.0,Kwara,0.2912913739567006
40,8359.23,39,6,54203.02,9033.836666666668,0.0,0.0,0.1247900947216594,0.7800253565207252,0.0,0.0734918460262915,0.0,0.0,0.0216927027313238,Anambra,0.2640508141813645
46,219879.28,32,7,183734.95,26247.85,0.0918001719324494,0.4072156658273236,0.0,0.4369951389215825,0.0,0.0,0.0163587276127922,0.0268109034236545,0.0208193922821978,Lagos,0.55416218232209
55,51248.69,282,2,21739.72,10869.86,0.0,0.0,0.2372647853790205,0.0,0.0,0.0,0.0,0.7627352146209795,0.0,Delta,0.10661147907355321
48,18155.44,79,4,16778.68,4194.67,0.1611563007340267,0.0,0.2157875351338722,0.1307933639595009,0.0,0.4922628001726,0.0,0.0,0.0,Kano,0.17591195692350112
26,19083.92,186,4,111900.55,27975.1375,0.0392754995395464,0.0,0.0,0.0,0.8231073037621353,0.0,0.0,0.062424447422287,0.0751927492760312,Kaduna,0.23574119205991603
23,115666.71,277,2,6886.78,3443.39,0.0,0.0,0.8220634316763422,0.0,0.0,0.0,0.0,0.1779365683236578,0.0,Delta,0.10781641160741005
37,74520.3,379,3,8709.44,2903.146666666667,0.0,0.0,0.0,0.0,0.0,0.8127158577359738,0.1220009552852996,0.0652831869787265,0.0,Anambra,0.09557063159092001
69,34085.23,49,8,41225.51,5153.18875,0.252433505370825,0.0922179010035291,0.0,0.0747418285425698,0.2688260254391031,0.0,0.0,0.0150627608973181,0.2967179787466547,Oyo,0.32559263996500337
36,4582.34,26,9,60150.0,6683.333333333333,0.1646475477971737,0.0,0.0356232751454696,0.293428927680798,0.0,0.0,0.0,0.0435029093931837,0.4627973399833748,Lagos,0.4054625209407883
25,12671.8,108,9,97955.45,10883.938888888888,0.0380646508183056,0.5360256116428438,0.0,0.1397359718116756,0.0,0.1433725229173058,0.1000091368065789,0.0,0.0427921060032902,Enugu,0.40842560178943954
30,12820.22,87,6,85651.61,14275.268333333332,0.0394616049832571,0.0,0.0,0.0394347520145855,0.0,0.129242404199991,0.791861238802166,0.0,0.0,Lagos,0.3311295192951779
44,14271.0,400,5,24638.08,4927.616,0.0,0.0,0.2435270930202353,0.2367708847442658,0.0,0.2565824934410474,0.2631195287944515,0.0,0.0,Imo,0.12898739708286647
20,82255.91,71,4,28970.58,7242.644999999999,0.2680978427080162,0.1700124747243583,0.0,0.0,0.0,0.0,0.0,0.3906576948062483,0.1712319877613772,Kano,0.21738194070954742
47,65285.68,59,4,61300.37,15325.0925,0.0,0.3466305342039534,0.0669578340228615,0.0,0.0,0.0,0.1627510568043879,0.0,0.423660574968797,Cross River,0.23432940432367833
22,40658.35,65,6,18275.67,3045.945,0.0,0.0,0.5730695509384881,0.0946706741804814,0.0,0.0,0.0839460331686882,0.2297787167310418,0.0185350249813002,Rivers,0.2497047210830029
53,42210.37,14,8,281118.6,35139.825,0.0427290830275904,0.0,0.0124103136540947,0.0,0.0,0.0405700654456873,0.8936007436007435,0.0075809640486257,0.003108830223258,Enugu,0.5992901498545073
33,48810.15,53,6,25601.48,4266.913333333333,0.0236224624513895,0.0,0.8657933056995143,0.1105842318490962,0.0,0.0,0.0,0.0,0.0,Plateau,0.2540926844597883
30,88610.46,76,7,164079.08000000002,23439.86857142857,0.0064144679504541,0.4176651892489889,0.0,0.0006094622178525,0.0,0.071346816425348,0.0128617249682287,0.4163909865901247,0.0747113525990028,Enugu,0.43562082590000745
58,96860.26,144,11,283082.15,25734.740909090902,0.0130839051490883,0.0,0.0030555087984177,0.1441024804990353,0.0,0.5105052367307511,0.0027229904817382,0.3079237246149218,0.0186061537260473,Cross River,0.6364367965927045
59,57377.6,55,8,140819.47,17602.43375,0.0275136669666488,0.0495296566589833,0.122843950484972,0.564417761265541,0.0,0.0,0.0,0.235694964623855,0.0,Rivers,0.42524896896188996
44,20360.7,37,6,55936.86,9322.81,0.0,0.0537171732557029,0.1270698784307878,0.0,0.0,0.6356384680870539,0.0,0.1835744802264553,0.0,Rivers,0.2697619659580982
38,28755.09,64,7,102177.06,14596.722857142857,0.1136215898167357,0.0396883605772176,0.0,0.3870087865123541,0.0,0.1189222903849455,0.0759382781223104,0.2648206945864365,0.0,Kwara,0.3372051479660821
38,105413.59,62,4,10111.68,2527.92,0.1688987388841419,0.0,0.0,0.5589506392607361,0.0,0.0,0.0,0.272150621855122,0.0,Cross River,0.2046941962813553
21,70871.55,103,3,14416.78,4805.593333333333,0.0,0.0,0.243174273312071,0.0,0.0,0.0525803958997778,0.0,0.704245330788151,0.0,Abuja FCT,0.17432755040449446
44,15053.27,262,8,73658.64,9207.33,0.0,0.0157982824553915,0.5886397033667741,0.1310997596480195,0.0,0.0,0.0,0.0132329350636938,0.251229319466121,Edo,0.27056643357882865
27,25482.12,2,4,57208.560000000005,14302.14,0.1430887265821758,0.7933155457854559,0.0463808213316328,0.0,0.0,0.0,0.0,0.0172149063007354,0.0,Anambra,0.23972256927620056
18,24669.8,201,7,65370.14,9338.591428571428,0.0,0.3812075360401553,0.0,0.1437388691534085,0.0,0.0,0.0742667829684929,0.3228971209178992,0.0778896909200439,Lagos,0.2969877302250808
32,16113.82,16,6,273708.36,45618.06,0.0,0.0,0.0,0.0,0.0,0.0,0.0253046344656772,0.0037330609850572,0.9709623045492656,Enugu,0.45134162842685366
29,255976.77,116,5,77172.36,15434.472,0.0,0.1715584439817571,0.0,0.2792353376260619,0.0,0.0633238377056241,0.0,0.4858823806865567,0.0,Enugu,0.34414525174434796
29,16194.42,16,5,14856.09,2971.218,0.0,0.0634197827288337,0.7886839673157607,0.0,0.0,0.0,0.073692337620464,0.0742039123349414,0.0,Ogun,0.2219732575305197
44,91437.9,116,7,85580.3,12225.757142857145,0.0,0.1099286868590084,0.1720036036330791,0.0,0.0,0.0208585387057535,0.0337648968278914,0.6355761781624977,0.0278680958117697,Anambra,0.3410016985552528
40,15472.7,117,7,94588.69,13512.67,0.2069578297363035,0.0476361391620922,0.2496726617104011,0.0,0.0,0.0,0.0203599394388483,0.0520791650671977,0.423294264885157,Enugu,0.2953405873776728
37,41171.92,33,8,88821.2,11102.65,0.0,0.0,0.2824475463065123,0.5388097661369131,0.0,0.0536031938321031,0.0,0.0698759980725322,0.0552634956519389,Unknown,0.380011469933764
56,8269.0,37,11,51983.41,4725.764545454545,0.0348690091704257,0.0,0.7532037625080771,0.0,0.0,0.0669648258934917,0.0,0.0905113766103454,0.0544510258176599,Ogun,0.4555693031450693
72,40411.57,179,4,15999.919999999998,3999.98,0.4491628708143541,0.1086449182245911,0.0,0.0477971139855699,0.0,0.0,0.0,0.3943950969754849,0.0,Lagos,0.16423684369740804
27,56826.47,9,4,32941.51,8235.3775,0.0,0.0871775458987763,0.401659486769125,0.0,0.0,0.5111629673320985,0.0,0.0,0.0,Edo,0.2266437140081736
51,63060.73,36,7,129331.98,18475.997142857144,0.0178109080213571,0.0,0.0074877072167301,0.079153431347761,0.0,0.2665237940376386,0.0,0.0,0.629024159376513,Enugu,0.3768099837807964
29,100772.84,48,8,84669.71,10583.71375,0.0,0.0549848346002366,0.5828100745827521,0.0059302199098119,0.0,0.0,0.3180401822564409,0.0,0.0382346886507583,Ogun,0.4172934521416949
34,4541.39,72,6,142237.7,23706.283333333336,0.0,0.0273556869943763,0.0,0.0296263226978501,0.0,0.0,0.0095508434121192,0.9334671468956544,0.0,Rivers,0.3349762666541973
50,99737.79,215,4,39196.87,9799.2175,0.0,0.3706334204746451,0.5591645455364166,0.0,0.0,0.0702020339889384,0.0,0.0,0.0,Enugu,0.18041252747775105
48,8580.96,34,6,22829.85,3804.975,0.351156052273668,0.0,0.0,0.2218591011329465,0.0,0.0,0.2872449884690438,0.1397398581243416,0.0,Kwara,0.24567489061882664
20,21751.85,202,4,75098.22,18774.555,0.6542786233814863,0.0,0.0,0.1437344320544481,0.0,0.016198786069763,0.0,0.1857881584943025,0.0,Abuja FCT,0.1718578845894176
53,116204.3,79,7,52942.73,7563.2471428571425,0.0192279468776921,0.0,0.1981682848617742,0.6791497151733581,0.0,0.1034540530871755,0.0,0.0,0.0,Plateau,0.32889487194548755
47,33230.11,15,4,49545.52,12386.38,0.0651336387225323,0.0,0.0,0.6496500591779034,0.0,0.0365639516953298,0.0,0.2486523504042343,0.0,Enugu,0.22607956598187473
24,6749.85,227,6,47790.28,7965.046666666666,0.5480407312951504,0.0,0.1543744878665703,0.0725714517680164,0.0,0.1959373328635028,0.0,0.02907599620676,0.0,Kaduna,0.19831949660216724
48,63449.62,29,7,157431.37,22490.19571428572,0.0,0.0,0.0,0.1641940866042136,0.0,0.0078574556011295,0.0790069984146107,0.0,0.7489414593800461,Rivers,0.4021168141086792
34,3914.55,36,4,24369.725,6092.43125,0.0887158143967566,0.2078375935715319,0.0,0.0,0.0,0.0,0.0,0.7034465920317114,0.0,Cross River,0.2005493897373536
48,19423.43,290,7,116519.87,16645.695714285714,0.3048044080378737,0.1875039853717653,0.0,0.3152723222228105,0.0,0.0,0.1017902783448007,0.0906290060227495,0.0,Kano,0.26420839386575895
51,55659.3,255,6,41013.3,6835.55,0.1633587153435592,0.2229467026549924,0.36460172675693,0.0,0.0,0.1487668634321061,0.0,0.100325991812412,0.0,Oyo,0.1957366786952556
18,145632.63,184,7,75295.4,10756.485714285713,0.1014963729523981,0.0688424525269804,0.032968680689657,0.0233197512729861,0.0,0.7316964914191305,0.0416762511388478,0.0,0.0,Kaduna,0.3337304285682293
52,178679.53,68,4,31283.980000000003,7820.995000000001,0.0362310038556475,0.0,0.6228146162988213,0.0,0.0,0.3409543798455311,0.0,0.0,0.0,Plateau,0.23399439007786962
27,4452.4,40,6,203877.22,33979.53666666667,0.0097846635342585,0.0,0.054643476107826,0.0,0.0,0.7826305459727183,0.0662908293530782,0.0866504850321188,0.0,Plateau,0.3795637667810818
37,59348.98,299,6,75632.38,12605.396666666667,0.0,0.0,0.0142425770549597,0.0,0.0,0.0,0.5182283038032124,0.2605928836300007,0.206936235511827,Lagos,0.25028729651150994
47,3958.45,292,5,40254.57,8050.914,0.0,0.0,0.0,0.0,0.0,0.1588132726296666,0.8411867273703334,0.0,0.0,Abuja FCT,0.18004076346080297
39,343273.8,22,10,56973.14,5697.314,0.104373218678135,0.0867306944991973,0.1539176180214044,0.1111478145666536,0.0,0.0,0.0667221431011174,0.477108511133492,0.0,Lagos,0.6409184085282282
37,28480.51,130,5,23056.93,4611.386,0.150917750108102,0.0,0.0,0.0,0.0,0.0,0.0,0.849082249891898,0.0,Kaduna,0.21652848818545098
47,167898.18,115,7,111701.92,15957.417142857144,0.0,0.0,0.0,0.0183479388715968,0.0,0.0058857537990394,0.6626261213773228,0.0,0.3131401859520409,Imo,0.4217027301478279
58,37073.94,112,4,130621.39,32655.3475,0.3823667777536282,0.2190837963062558,0.0,0.0,0.0,0.0048688044125085,0.0,0.3936806215276074,0.0,Ogun,0.2441982429881785
50,413153.84,14,3,27308.69,9102.896666666667,0.1205813973500742,0.0,0.0,0.0266882080392724,0.0,0.8527303946106531,0.0,0.0,0.0,Kaduna,0.33021747169230364
18,15717.17,223,8,52301.75,6537.71875,0.0298439344763798,0.0,0.3411776852590974,0.0,0.0,0.6034989269001515,0.0,0.0,0.0254794533643711,Edo,0.2715639798400271
18,44193.12,271,3,18472.9,6157.633333333334,0.2513584764709385,0.7121859588911325,0.0,0.0,0.036455564637929,0.0,0.0,0.0,0.0,Delta,0.12306932802346628
34,105576.66,25,7,74962.19,10708.884285714286,0.2481811163734678,0.0372248996460749,0.0165995683957472,0.6979944155847102,0.0,0.0,0.0,0.0,0.0,Rivers,0.35966050550720047
69,54458.12,95,5,44790.3,8958.060000000001,0.1336061602623782,0.0,0.0,0.1213396650614083,0.0,0.0,0.3721234285101908,0.0,0.3729307461660225,Kwara,0.2253937402814747
37,29535.69,183,6,107549.15,17924.858333333334,0.0266097872461102,0.3469406313299547,0.3922402919967289,0.0,0.0,0.0,0.1805090974684597,0.0,0.0537001919587463,Unknown,0.26702561694984916
30,60081.38,40,5,26677.68,5335.536,0.0,0.4037255113638067,0.0,0.1360290699940924,0.0,0.1515783981215758,0.0,0.0,0.308667020520525,Kano,0.2526616672828072
26,8405.61,78,6,41484.52,6914.086666666666,0.0,0.0,0.0,0.5630738887662193,0.0,0.1299354554421745,0.1358207832704825,0.0,0.1711698725211235,Ogun,0.24751946951915793
36,116559.62,191,2,6270.46,3135.23,0.0,0.0,0.0,0.0,0.0,0.0,0.0,0.2800623877674046,0.7199376122325954,Delta,0.12189412826738921
37,37705.39,151,10,127129.48,12712.948,0.1085994373610275,0.1665509840833141,0.250874620111716,0.0155543781033321,0.0,0.0,0.2837541693712583,0.1746664109693518,0.0,Edo,0.4726529828432692
37,26016.92,79,2,40226.82,20113.41,0.0,0.0610590148562575,0.9389409851437424,0.0,0.0,0.0,0.0,0.0,0.0,Ogun,0.14711653123895857
38,3936.63,17,8,40179.02,5022.3775,0.1245401206898525,0.0238283561918633,0.0517210225635169,0.7465269187750225,0.0,0.0,0.0,0.0,0.0533835817797447,Cross River,0.33536271925968464
48,70555.83,30,6,36234.42,6039.07,0.2352348954391984,0.0500772469933284,0.212702728510626,0.1451619758229882,0.0,0.0,0.0,0.3568231532338589,0.0,Enugu,0.28518138673302645
39,114511.17,162,6,37984.18,6330.696666666667,0.2326202645417118,0.0597659341336314,0.0,0.0040824890783478,0.0,0.2433149800785485,0.0,0.0,0.4602163321677604,Edo,0.2487500352250467
18,10514.98,139,4,118748.47,29687.1175,0.0,0.0120631448977826,0.0,0.0,0.0,0.028215521429455,0.4166462102627511,0.0,0.5430751234100111,Kaduna,0.24775744988360238
18,16184.07,404,2,14351.55,7175.775,0.2943138546010709,0.0,0.0,0.0,0.0,0.0,0.7056861453989292,0.0,0.0,Rivers,0.08043299731528356
45,18950.52,230,3,16830.88,5610.293333333334,0.0915537393172549,0.0,0.0,0.0,0.0,0.0,0.0,0.908446260682745,0.0,Rivers,0.12301060124765015
41,17784.84,16,10,103880.68,10388.068,0.1894259837344153,0.2312565724444622,0.0894579242261409,0.3215876137892051,0.0,0.0113493673703329,0.0,0.0183818588788598,0.1385406795565835,Imo,0.4830688735569356
50,63019.76,172,5,32522.44,6504.487999999999,0.0,0.0447561745059718,0.0,0.0,0.0,0.0358404842933064,0.5481178533959936,0.371285487804728,0.0,Delta,0.22166331910067655
45,78534.24,76,9,40856.37,4539.596666666666,0.1079222162908745,0.432081949522192,0.0,0.0412170733719123,0.0,0.1413260649440956,0.0,0.2674990460483886,0.0099536498225368,Anambra,0.3946215663952228
18,246479.88,171,7,26944.93,3849.2757142857145,0.4127637369998734,0.1609627488362374,0.0,0.2102681283640373,0.0,0.1339420811262081,0.0158393434312132,0.0662239612424303,0.0,Rivers,0.32229241855414326
42,140539.57,50,6,51844.73,8640.788333333332,0.0,0.0,0.0,0.5060122793579984,0.0,0.0,0.0,0.3855695651226267,0.1084181555193748,Ogun,0.3221104249541874
46,6984.87,221,7,53947.67,7706.809999999999,0.1098369957405018,0.0,0.1948312132850223,0.0,0.0,0.1000104360392209,0.0,0.2327631573337643,0.3625581976014904,Anambra,0.22327934137175376
31,50185.94,25,9,116782.37,12975.818888888887,0.0,0.1109504799397374,0.4634890523287034,0.0,0.0,0.0914989993780739,0.0,0.0,0.3340614683534852,Anambra,0.44842533493010733
38,35945.88,22,8,26538.87,3317.35875,0.0,0.0,0.0155164858187255,0.0,0.0,0.0,0.0678887232199411,0.5836571037124036,0.3329376872489296,Anambra,0.34505577409424715
25,217963.52,56,11,173183.82,15743.983636363637,0.0,0.0306693200323217,0.214468765038212,0.2721205710787531,0.0,0.0293314352345386,0.0,0.3721862700568679,0.0812236385593065,Kaduna,0.6820222546620531
34,8580.92,266,4,49008.56,12252.14,0.5924224257966364,0.0,0.0,0.1857432660743347,0.0,0.1783351724678301,0.0434991356611987,0.0,0.0,Imo,0.13448411490501697
29,3793.96,145,8,67053.95,8381.74375,0.0544387019705774,0.0,0.7937951455507095,0.0,0.0,0.0,0.0,0.0290470583761284,0.1227190941025845,Edo,0.30833631502937014
48,83259.75,23,4,88479.01,22119.7525,0.0,0.0,0.0148899722092279,0.7149127233679491,0.270197304422823,0.0,0.0,0.0,0.0,Delta,0.27381091562555154
42,39321.12,501,2,65109.15,32554.575,0.0,0.0,0.0,0.0,0.0,0.0,0.0,0.1117239282036395,0.8882760717963604,Imo,0.08209943277559094
21,149959.92,65,9,155731.45,17303.494444444445,0.0172436588755835,0.0,0.5029131238423581,0.2593198740524152,0.0,0.0381712878163017,0.0404432759086234,0.0,0.1419087795047179,Cross River,0.520973499116368
44,18440.81,175,6,77109.94,12851.656666666668,0.0,0.5134662275706607,0.0742193548587899,0.0,0.0,0.0609071930285511,0.0,0.3514072245419981,0.0,Enugu,0.256690259711173
18,20240.63,177,7,48510.68,6930.097142857143,0.1998359948778289,0.5916579606799987,0.1975546415758344,0.0109514028663378,0.0,0.0,0.0,0.0,0.0,Delta,0.26000684027059545
44,19245.81,230,7,38695.75,5527.964285714285,0.0,0.2884290910500507,0.0372185575935341,0.0,0.0,0.0868950724562774,0.0,0.3879730978208201,0.1994841810793175,Edo,0.2432338344518319
59,4380.64,193,5,56099.48,11219.896,0.4939361291762419,0.1509345541170791,0.0,0.137538708023675,0.0,0.0178431243925968,0.1997474842904069,0.0,0.0,Imo,0.18595823696454575
42,17185.29,208,3,4139.77,1379.9233333333332,0.0,0.5575527142812281,0.0,0.3202738316379895,0.0,0.0,0.0,0.1221734540807822,0.0,Enugu,0.1266835501897112
37,56310.72,12,6,51166.64,8527.773333333333,0.4575121602669239,0.0381305084719262,0.3183333906623534,0.0,0.0,0.1151107440316581,0.0,0.0709131965671382,0.0,Ogun,0.2788143040661576
39,171357.12,60,5,66506.15,13301.23,0.2182931954413238,0.0,0.1043479437615919,0.0,0.0,0.0,0.6773588607970842,0.0,0.0,Lagos,0.3505872449630023
45,19870.26,440,3,41167.64,13722.546666666669,0.0,0.0,0.0,0.0,0.0,0.0,0.1222370288896813,0.8777629711103188,0.0,Kwara,0.09678798913640292
43,134552.66,198,7,64752.67,9250.381428571429,0.2181262950238191,0.3720540017886521,0.2217426709971959,0.0,0.0,0.0291503037635359,0.1589267284267969,0.0,0.0,Cross River,0.30782025081363557
39,86424.33,50,2,4429.53,2214.765,0.0,0.0,0.13591735466291,0.0,0.0,0.86408264533709,0.0,0.0,0.0,Edo,0.14915450935052307
24,24610.92,57,5,12254.429999999998,2450.8859999999995,0.1887317484370958,0.3707418460099735,0.0,0.0,0.0,0.0,0.4106441507275328,0.0,0.0298822548253978,Kaduna,0.24307483109124442
58,92908.79,139,6,43761.42,7293.57,0.117292583284546,0.0,0.0,0.1079773005537754,0.0,0.1741049536326746,0.2586801342369603,0.0400773101055678,0.3018677181864757,Abuja FCT,0.26608183931224344
37,40224.41,38,6,42642.2,7107.033333333333,0.0,0.0,0.0,0.1187792843708814,0.0,0.0385657869434503,0.0213143318121485,0.6726475181862099,0.1486930786873097,Delta,0.2844047159482432
35,15959.79,294,5,28927.36,5785.472,0.0,0.0,0.3592712919533618,0.12898722869975,0.0,0.0,0.1097901778800416,0.0843343464457178,0.3176169550211287,Kaduna,0.16046259789306988
47,14476.75,125,4,49836.89000000001,12459.222500000002,0.0295538104404187,0.0,0.0,0.0,0.0491455225235764,0.042155319081909,0.0,0.8791453479540958,0.0,Anambra,0.18869862031796597
27,10663.15,78,6,28255.37,4709.2283333333335,0.0,0.3501631725226036,0.2527140858534147,0.1274306441571991,0.1302311737556436,0.0,0.1394609237111388,0.0,0.0,Kaduna,0.27135941136823327
32,2524.33,28,2,8721.09,4360.545,0.0,0.0,0.0,0.0,0.0,0.7888199754847157,0.0,0.2111800245152842,0.0,Abuja FCT,0.13932085471522337
39,211942.87,48,12,106920.47,8910.039166666667,0.0130546564189252,0.46610532108585,0.0,0.2343137848159477,0.012978899176182,0.0270859265770156,0.0,0.0118541379400969,0.2346072739859822,Lagos,0.6826337203454274
35,6994.01,154,6,159026.42,26504.40333333333,0.0,0.6819861756304393,0.0,0.0,0.0,0.0361527977552409,0.0,0.0638877489664924,0.2179732776478273,Ogun,0.3127876836808211
35,79639.48,74,6,37292.1,6215.349999999999,0.0376701767934763,0.0406010924565792,0.0330445322199607,0.0,0.0,0.822266109980398,0.0,0.0664180885495855,0.0,Imo,0.2711239433000827
26,39209.51,141,8,57381.22,7172.6525,0.247158216573297,0.3022610882096965,0.1345698122138218,0.0,0.0,0.0,0.0,0.0227445495233457,0.2932663334798389,Imo,0.315998209195332
21,59564.2,45,9,542709.4741500111,60301.052683334565,0.0174643533077149,0.0,0.9142552282270692,0.0,0.0,0.0,0.0,0.0682804184652158,0.0,Kwara,0.7634263843275578
36,24172.91,122,5,566248.1141500111,113249.62283000222,0.0,0.0,0.0,0.1328246013020271,0.0,0.0271188364539645,0.0097394408249437,0.0,0.8303171214190646,Imo,0.6488361564750539
37,154017.34,92,8,70810.03,8851.25375,0.0,0.0,0.036572643734228,0.0,0.0,0.6288593579186452,0.0629744119583059,0.0459796444091324,0.2256139419796884,Kwara,0.38681022709670315
40,7668.79,3,5,32395.57,6479.114,0.0,0.0375057453843226,0.0700151286117206,0.4611503980328174,0.0,0.0,0.0,0.2713540771160995,0.1599746508550397,Kwara,0.2328136159008805
39,69135.9,65,9,114467.04,12718.56,0.0702926362033996,0.6250165986645588,0.0,0.0600605204782092,0.0,0.0,0.1779226579109584,0.0667075867428737,0.0,Ogun,0.47152005111253253
38,24302.97,23,5,42572.130000000005,8514.426000000001,0.034568390165115,0.5661741613586166,0.0,0.3169444422912361,0.0,0.0465879907817626,0.0,0.0,0.0357250154032697,Anambra,0.24807883095601388
68,7784.75,152,9,104561.75,11617.972222222224,0.0,0.0431982058448715,0.0195199487384249,0.0810741977826499,0.0,0.3594807852775991,0.0144915325154753,0.4822353298409791,0.0,Kaduna,0.39369896289129197
49,26388.88,223,9,394494.32,43832.70222222222,0.0049038728871939,0.0061270590664017,0.0102354578894824,0.5278392094466658,0.0,0.4508944007102561,0.0,0.0,0.0,Edo,0.5838449629266648
25,80446.02,5,5,36172.86,7234.572,0.6670940589159938,0.0,0.0817143018273921,0.0,0.0,0.0455523837484788,0.0,0.2056392555081351,0.0,Delta,0.24730405809576492
23,135483.08,92,7,69787.83,9969.69,0.0369531478482709,0.4571285566552219,0.1120546376065855,0.0,0.0019318554538807,0.3919318024360407,0.0,0.0,0.0,Lagos,0.3855329665399943
36,26094.7,110,9,36176.19,4019.576666666667,0.0,0.2614014908700999,0.0446202322577363,0.1451794674895283,0.0,0.0,0.0554552593846947,0.1069377399886499,0.3864058100092906,Plateau,0.34939502917463144
45,119561.71,59,8,32414.01,4051.75125,0.269187922136138,0.0531878036688456,0.1502945794118037,0.0356694528075977,0.0,0.1085305397264948,0.1890805858331011,0.1940491164160188,0.0,Ogun,0.3665514980289568
36,58470.07,107,7,114578.75,16368.392857142857,0.0,0.1629814428940794,0.0,0.1038416809399648,0.0,0.0224238787733327,0.0434165148424118,0.0,0.6673364825502112,Ogun,0.33678565734184807
39,6590.0,1,11,67114.95,6101.359090909091,0.0317500050286858,0.0,0.2232617322966045,0.0991093638600639,0.0,0.2047376925707312,0.060034165264222,0.2560015317004631,0.1251055092792291,Rivers,0.4925720060957479
42,18930.6,41,5,22583.370000000003,4516.674000000001,0.4437845193166477,0.3534189095781542,0.1199046023689112,0.0,0.0,0.0,0.0828919687362869,0.0,0.0,Anambra,0.21224264565582243
22,2379.73,27,7,35529.43,5075.632857142858,0.2085240320489239,0.3359527580374917,0.0,0.0,0.0,0.0,0.0,0.3088614143260954,0.146661795587489,Oyo,0.29366604070542107
59,21921.59,99,8,144559.0,18069.875,0.0029349262238947,0.0,0.0,0.0665187224593418,0.0,0.2632623357936898,0.0,0.4400237273362433,0.2272602881868302,Enugu,0.3941106747215578
18,54800.92,25,3,90456.1,30152.033333333336,0.0,0.0190710189804778,0.0,0.0,0.0,0.0,0.228456234571245,0.0,0.7524727464482771,Plateau,0.23221834059001506
56,13882.45,247,4,26498.06,6624.514999999999,0.0,0.1614046462269313,0.5932343726295434,0.0,0.0,0.0,0.0866508717996713,0.1587101093438538,0.0,Imo,0.14363641659195236
44,14314.2,253,4,65836.84000000001,16459.210000000003,0.7226578614647969,0.0722249123742877,0.0,0.2051172261609154,0.0,0.0,0.0,0.0,0.0,Imo,0.14491222733587297
18,43020.63,7,8,23577.69,2947.21125,0.1141943930893993,0.0,0.1639066422537577,0.0,0.3366228837515465,0.0223181320986067,0.1777790784423749,0.1851788703643147,0.0,Oyo,0.3602764829689184
44,58680.3,261,5,23697.58,4739.5160000000005,0.0,0.4621974058110574,0.0577320553406719,0.3582796218010446,0.0,0.0,0.0,0.0,0.1217909170472259,Rivers,0.1703119675229507
30,52268.17,17,9,208685.31000000003,23187.256666666668,0.0,0.0280287577501262,0.0959294164021415,0.8551793607321952,0.0,0.0107483368139329,0.0,0.0101141283016039,0.0,Lagos,0.5705591865784797
56,85013.38,54,3,33059.5,11019.833333333334,0.8749294453939109,0.0,0.0,0.0808920280101029,0.0,0.0,0.0,0.044178526595986,0.0,Rivers,0.16498881870881763
39,2848.51,209,4,45658.76,11414.69,0.0083131911598124,0.0410219199995794,0.0,0.5224029299087405,0.4282619589318677,0.0,0.0,0.0,0.0,Anambra,0.15787054567458397
28,88301.6,108,3,18281.97,6093.990000000001,0.0,0.0,0.0,0.0,0.0,0.0,0.4666242204751457,0.0,0.5333757795248543,Enugu,0.1763353186659905
18,66107.71,27,7,29870.94,4267.277142857142,0.2263869165148468,0.0,0.0440776219295408,0.0,0.0,0.0,0.5181607944041935,0.0,0.2113746671514187,Kano,0.34293337058063716
56,12806.6,224,3,11866.08,3955.36,0.0,0.0,0.0,0.469464220703046,0.2933588851583674,0.0,0.0,0.2371768941385866,0.0,Edo,0.12671783996844954
53,16377.09,447,5,22006.98,4401.396,0.1095788699767073,0.0,0.0,0.1464126381720708,0.0,0.0310474222269479,0.0,0.6101773164695928,0.1027837531546809,Cross River,0.11407893848527667
31,30763.33,59,8,62736.92,7842.115,0.5305027725301146,0.0584569660098072,0.0,0.1069070652496169,0.0,0.0801244307179886,0.0067747986353171,0.2172339668571552,0.0,Imo,0.3422595586501978
43,138155.27,164,5,24221.54,4844.308,0.4559412820159246,0.0,0.0,0.0,0.0,0.1247567247994966,0.245162776602974,0.0,0.1741392165816046,Rivers,0.21027658509422434
22,18308.57,407,3,18747.98,6249.326666666667,0.0,0.0,0.0,0.3431249659963367,0.0,0.0,0.0,0.0,0.6568750340036633,Cross River,0.0850943600205966
32,330816.89,285,8,55057.09,6882.13625,0.0240207028740531,0.0697345246543179,0.0,0.5331607609483174,0.0,0.0,0.3730840115233116,0.0,0.0,Delta,0.40552974054847296
39,47928.44,167,2,8798.12,4399.06,0.6538249080485377,0.0,0.0,0.0,0.0,0.3461750919514623,0.0,0.0,0.0,Lagos,0.11488071369635036
25,56799.58,41,8,123878.38,15484.7975,0.1056564511095479,0.1005132614746818,0.0,0.2335170188696364,0.0,0.1849363868013127,0.0,0.1330559860405019,0.242320895704319,Ogun,0.4138066150746237
53,6830.36,101,7,57748.01,8249.715714285714,0.0,0.0,0.0305996691487724,0.3260675129757718,0.0,0.0186422008308165,0.0,0.0,0.6246906170446394,Delta,0.2709913560721408
44,50763.93,201,3,47457.83,15819.276666666668,0.5428385579365934,0.0,0.0,0.3680153517343714,0.0,0.0,0.0891460903290352,0.0,0.0,Kaduna,0.15093826547897707
42,34729.1,33,5,12873.83,2574.766,0.060626091846793,0.0,0.0,0.3934345878421573,0.0,0.0,0.2531725213087325,0.2927667990023171,0.0,Imo,0.2377864912289168
44,117238.69,66,7,66852.23,9550.31857142857,0.0,0.1238564517593504,0.0221887886163258,0.0757642639594819,0.0,0.0,0.2729760847169945,0.1170040251462068,0.3882103858016404,Kano,0.37602077750765156
46,31235.33,80,11,87539.56999999999,7958.142727272727,0.0063652357442468,0.0293973342569537,0.0,0.146305836320649,0.0533253704581825,0.1671968459520648,0.0839079972634089,0.4016528753796711,0.1118485046248228,Lagos,0.5245232050993361
37,91291.73,229,6,69378.55,11563.091666666667,0.403751880083974,0.0,0.0191776853220483,0.0,0.0,0.0,0.4076453024746121,0.0620504464276062,0.1073746856917591,Plateau,0.2424782613089657
27,10878.48,3,5,21150.09,4230.018,0.2831907571078894,0.0,0.2116274682519081,0.2780286041335994,0.0,0.0,0.0,0.0,0.227153170506603,Edo,0.22654989854315863
52,24006.24,83,5,49082.9,9816.58,0.0,0.0,0.1638990361205226,0.0364805258043025,0.0,0.2276558638548252,0.0,0.5719645742203496,0.0,Lagos,0.2495084995572446
18,16464.0,22,8,186909.32,23363.665,0.0,0.5377788009715085,0.0565680726889381,0.0,0.0,0.0,0.0385970052215694,0.0105702594177754,0.3564858617002084,Anambra,0.46931235599254517
34,15496.6,76,13,215100.04,16546.156923076924,0.1067250847559117,0.0707545661079375,0.0,0.0878152788813986,0.0,0.5407922750734961,0.1644282818357448,0.0176423956034596,0.0118421177420515,Imo,0.6662970026234709
21,45822.76,232,4,32369.54,8092.385,0.2469120660967069,0.0,0.0,0.0,0.0,0.0,0.2297344973082719,0.5233534365950211,0.0,Ogun,0.15815389404104072
51,86432.65,2,2,55441.58,27720.79,0.0,0.0,0.0,0.8999527069755228,0.1000472930244772,0.0,0.0,0.0,0.0,Plateau,0.20299392337961847
33,8445.15,107,9,53023.27,5891.474444444445,0.2593838516560748,0.1336122800423286,0.0729021427761811,0.0,0.0,0.19121868568272,0.0,0.0,0.3428830398426954,Anambra,0.3323784715422502
39,25166.83,115,4,160025.17,40006.2925,0.1429044568426329,0.6705133948615709,0.0,0.0,0.0,0.0,0.1299190621075422,0.0,0.056663086188254,Imo,0.2878633085371742
23,34695.31,276,5,24578.23,4915.646,0.6929835875081322,0.0,0.0588691699931199,0.0,0.0,0.0,0.0,0.120176269812757,0.1279709726859908,Oyo,0.13906446173619233
29,28021.23,109,3,27988.2,9329.4,0.0,0.9722254378630996,0.0,0.0,0.0,0.0277745621369005,0.0,0.0,0.0,Plateau,0.1702951444403672
32,55921.36,136,5,64663.61,12932.722,0.3226301470023093,0.1926534877963046,0.0,0.0,0.0,0.0,0.0768511068280907,0.0,0.4078652583732953,Kwara,0.21631405627776298
27,362806.9,86,8,41397.17,5174.64625,0.0976989489861263,0.2068235582287388,0.0,0.5011762881375708,0.0,0.137033280294281,0.0,0.0351166516938235,0.0221512726594595,Oyo,0.4806134373644352
57,28846.5,18,10,83767.11,8376.711,0.1444921521107747,0.0,0.0072163167620322,0.1768486462049365,0.0,0.0241810896902137,0.0,0.6472617952320427,0.0,Delta,0.4734410374698515
26,88449.86,72,3,213874.59,71291.53,0.1367209634393688,0.0,0.8465887883174903,0.0,0.0,0.0166902482431409,0.0,0.0,0.0,Abuja FCT,0.34340939720002706
27,84156.44,147,6,29106.02,4851.003333333333,0.0,0.0,0.0,0.0540513611960687,0.0,0.1677209731869901,0.5648360717129997,0.0947546246446611,0.1186369692592803,Kwara,0.2575126560139754
36,8344.22,113,6,40154.79,6692.465,0.0239157022113675,0.0,0.0,0.4675384929170342,0.0,0.0784790556743043,0.0,0.4300667491972937,0.0,Anambra,0.23448314657920527
51,179490.65,201,5,23173.300000000003,4634.660000000001,0.4277310525475439,0.2459248359102933,0.0440739989556946,0.0,0.0,0.0,0.0,0.282270112586468,0.0,Anambra,0.21429565893074173
30,12873.77,214,9,173498.44,19277.604444444445,0.4082008460710079,0.0,0.0195292245855351,0.0,0.0,0.1241579463192867,0.2204843455652973,0.2276276374588728,0.0,Abuja FCT,0.40600714551148964
26,67027.04,171,9,117835.31,13092.812222222225,0.0017284292798143,0.0,0.1804798578626389,0.0187295302231563,0.0,0.7658156116362744,0.0223810672709224,0.0108655037271934,0.0,Enugu,0.39556642122047203
50,6345.94,33,10,135498.61,13549.861,0.0098029049892098,0.2265912543309484,0.0,0.0,0.0134627211304972,0.3377940186987896,0.2848677931087263,0.0,0.1274813077418284,Abuja FCT,0.5163120598249709
35,35087.93,116,5,96927.79,19385.558,0.1599628960899655,0.0,0.0,0.3875473690259521,0.0,0.2825424989056286,0.0,0.1699472359784536,0.0,Imo,0.25059601105686463
38,851916.13,137,9,49154.16,5461.573333333334,0.1184383987031819,0.0,0.131403323747166,0.0199069620963922,0.0,0.2005917708694442,0.0459910209024017,0.3966408946872451,0.0870276289941685,Oyo,0.7338766223504922
23,5712.92,124,5,49535.9,9907.18,0.1399728277875238,0.0,0.0,0.0,0.0,0.0,0.0,0.0511889357011783,0.8088382365112978,Oyo,0.189858714819043
18,57238.26,223,8,44230.26,5528.7825,0.2362375893788551,0.0,0.0,0.0842380307056752,0.0,0.2703762085052179,0.1986246519916455,0.1604582473627783,0.0500652720558278,Ogun,0.27928607487323265
45,126950.75,358,3,34830.11,11610.036666666669,0.0,0.0,0.0,0.0,0.0,0.7142317379991048,0.0,0.2857682620008952,0.0,Lagos,0.13586197688352872
33,48769.26,1,8,109285.56,13660.695,0.10622217610451,0.0,0.0784087120018417,0.0,0.0,0.0707293808989952,0.0135564112953257,0.2163792727968818,0.5147040469024453,Kano,0.42767509783692664
43,68868.9,5,7,33897.24,4842.462857142857,0.3533730179802249,0.0,0.1868517908832695,0.0501704563557387,0.0,0.0,0.2170872908826795,0.0,0.1925174438980873,Kano,0.3348409684086037
42,5468.8,72,5,34131.810000000005,6826.362000000001,0.1682052607230615,0.0,0.0,0.0,0.0,0.2710325060405527,0.0713920533367553,0.4893701798996302,0.0,Delta,0.2140952892615207
41,18143.52,123,6,87051.15,14508.525,0.0,0.0,0.3727245418354611,0.0,0.0,0.627275458164539,0.0,0.0,0.0,Kano,0.2673144928057494
46,14145.14,5,3,8253.03,2751.01,0.1452908810461127,0.0,0.0,0.0,0.0,0.4880462084834297,0.3666629104704574,0.0,0.0,Kano,0.17731179390468516
37,36236.485,116,7,31708.535,4529.790714285714,0.0946741941877794,0.159734437431436,0.0395253202331801,0.1597364873526954,0.0,0.4955167433626309,0.0,0.0,0.050812817432278,Unknown,0.25974775576790093
37,33307.91,279,3,35999.44,11999.813333333334,0.0692908000791123,0.0,0.0,0.0,0.3800803568055503,0.0,0.5506288431153373,0.0,0.0,Rivers,0.13529128102357874
31,120312.24,297,7,52223.87,7460.552857142858,0.6563100360046087,0.0746963026677264,0.0832295653309492,0.0,0.0,0.0,0.0,0.1857640959967156,0.0,Oyo,0.22811716156723805
51,69002.55,47,13,92088.18,7083.706153846153,0.0,0.0105030851950814,0.0533800320518876,0.028901972001184,0.0,0.0261876171295816,0.6946135758139644,0.1111831073216997,0.075230610486601,Anambra,0.6376140574571971
37,62016.26,7,9,100353.05,11150.33888888889,0.1557298956035716,0.4861587166508641,0.0,0.0238514923064122,0.0,0.0102751236758623,0.1942890624649674,0.016481512021807,0.1132141972765152,Lagos,0.5059962856848225
42,59724.75,417,2,26375.93,13187.965,0.0,0.0,0.0,0.6184672919589944,0.0,0.0,0.0,0.3815327080410056,0.0,Kaduna,0.09351835109345012
34,41564.5,212,4,27901.74,6975.435,0.5077952127716766,0.0,0.1713817847919162,0.0,0.0,0.0,0.0,0.0,0.3208230024364072,Kano,0.14683800271881053
32,12152.72,281,2,8124.14,4062.07,0.2531763362029704,0.0,0.0,0.7468236637970296,0.0,0.0,0.0,0.0,0.0,Edo,0.09017677224883314
19,28747.41,114,2,21687.27,10843.634999999998,0.0,0.0,0.0,0.0,0.0,0.2326871939160623,0.0,0.0,0.7673128060839377,Imo,0.12772031146768573
30,7020.28,5,7,29924.96,4274.994285714286,0.1037548588201955,0.2487348354016179,0.0,0.0,0.0,0.0,0.0,0.2880595329116563,0.3594507728665301,Kwara,0.29750211165668283
43,85547.76,78,5,52030.17,10406.034,0.1636915658741841,0.0,0.5436213258576706,0.078550002815674,0.0,0.1863078671470802,0.0278292383053908,0.0,0.0,Kwara,0.23710813526783672
29,18883.54,74,6,122064.87,20344.145,0.0,0.0296756142860759,0.0,0.0,0.0,0.0,0.4237639379782241,0.3666608582796999,0.1798995894559999,Edo,0.34560959771653593
46,9254.28,10,7,36841.15,5263.021428571427,0.0203592993161179,0.5491891539759208,0.0,0.1358632941696988,0.0,0.0592522220397571,0.0511259827665531,0.1842100477319519,0.0,Abuja FCT,0.3320893776102405
42,37051.13,10,6,37418.92,6236.486666666667,0.0,0.4504010270740043,0.0,0.0,0.0,0.3064072934226856,0.1393378002358165,0.1038538792674935,0.0,Anambra,0.29092985690810097
69,133610.26,5,8,29120.99,3640.12375,0.4397652689692212,0.0,0.0,0.0,0.0,0.0,0.0,0.0386329585635653,0.5216017724672135,Anambra,0.3629704897513083
30,25763.68,169,9,136230.33000000002,15136.703333333337,0.1839999947148333,0.0212580414361471,0.7587025591144059,0.0,0.0,0.0,0.0,0.0360394047346138,0.0,Oyo,0.378208789362789
43,17989.72,195,5,26285.75,5257.15,0.0596231798598099,0.0,0.6999210598898642,0.0,0.0,0.2404557602503257,0.0,0.0,0.0,Kwara,0.16416391469328
26,13198.16,1,8,118539.26,14817.4075,0.0,0.0105707594260331,0.0377926266791272,0.1028330192039329,0.0,0.6018313257565467,0.2469722689343597,0.0,0.0,Kwara,0.41272894568725954
37,93466.25,171,6,90060.23,15010.038333333332,0.0100748132666327,0.0,0.2247025129738176,0.0,0.0,0.0122015011509519,0.7139070153385128,0.0,0.0391141572700846,Enugu,0.30903343875976724
44,34663.24,19,4,30467.87,7616.9675,0.0,0.0,0.0413255012575542,0.0,0.0,0.0,0.0,0.0,0.9586744987424458,Oyo,0.19255028615082515
41,38951.5,58,6,43933.13,7322.188333333333,0.0553336400115357,0.7652573354095189,0.0500032663277121,0.0,0.0233559502817122,0.0,0.0,0.0,0.1060498079695209,Kaduna,0.3006051724357609
41,12250.71,33,10,92503.58,9250.358,0.110422320952335,0.0097738919942341,0.2738841026477029,0.0819521795805092,0.0,0.0,0.0,0.352588083617953,0.1713794212072657,Anambra,0.45208470266930584
26,173061.32,4,4,20677.32,5169.33,0.0,0.0,0.0,0.0,0.0,0.0,0.1698430937858484,0.097380124697011,0.7327767815171405,Cross River,0.25667495621046693
37,80656.99,143,8,186678.17,23334.77125,0.042522915239634,0.0024308680548989,0.0470059246884625,0.2031460882651678,0.0,0.6640640949072941,0.0,0.0408301088445424,0.0,Kaduna,0.4477906829712396
29,29644.21,34,8,79408.51,9926.06375,0.0,0.521464513060376,0.2013590231072211,0.0232470046346418,0.0,0.0,0.1898096312347379,0.0,0.0641198279630231,Edo,0.408964044541027
56,275404.77,156,9,66937.06,7437.451111111111,0.022101657885781,0.0,0.0,0.6698066810821988,0.0,0.0,0.0,0.2652057021924775,0.0428859588395427,Kwara,0.46579108546289366
18,44498.67,44,7,68038.3,9719.757142857145,0.0739972927013167,0.2345913992560072,0.0,0.1149377629952541,0.0,0.27327784497849,0.0476311136521635,0.1452571566308975,0.1103074297858706,Kaduna,0.3550499767309219
33,29029.32,29,11,60676.445,5516.040454545455,0.0,0.1572551753814845,0.0587666268186938,0.0,0.0458804071332788,0.0,0.3483096282255824,0.1111223638761301,0.2786657985648302,Imo,0.5168456163633053
36,13436.12,101,7,82178.2,11739.742857142855,0.0,0.0921591127573979,0.0596243285932278,0.0,0.0,0.2620005062169772,0.0302274812541525,0.4602185251076319,0.0957700460706124,Plateau,0.3074527984750402
41,4157.46,22,5,110302.63,22060.526,0.0,0.0,0.0,0.0,0.0,0.0,0.2109919772538515,0.5795945210009952,0.2094135017451533,Kwara,0.2925572857155795
52,8574.59,79,4,88239.98999999999,22059.9975,0.0,0.1194908340311462,0.0,0.0158464433189532,0.0,0.8646627226499005,0.0,0.0,0.0,Ogun,0.21171643261160225
48,15214.6,88,6,83544.53,13924.088333333331,0.0475073592490136,0.1111486293596959,0.1040488228253842,0.249162692039802,0.0,0.0,0.0,0.4881324965261041,0.0,Plateau,0.2804598036282425
41,18288.79,92,2,5220.780000000001,2610.3900000000003,0.0564436731676109,0.0,0.0,0.0,0.0,0.0,0.0,0.943556326832389,0.0,Kaduna,0.14105378901566965
19,43197.49,16,5,27589.26,5517.852000000001,0.0,0.3989059510838638,0.0504841376680635,0.078878157659901,0.0,0.0,0.4604342414403286,0.0,0.011297512147843,Abuja FCT,0.278160271578906
49,51867.11,48,12,643171.9341500112,53597.6611791676,0.0,0.0967974606701033,0.0,0.0037481113089703,0.0,0.0037305732302684,0.0878693347754484,0.7468894686532908,0.0609650513619186,Delta,0.8843292644445047
42,39038.8,23,5,36297.69,7259.538,0.0,0.0,0.1511864804619798,0.8040776148564827,0.0,0.0447359046815375,0.0,0.0,0.0,Cross River,0.2418126037261471
32,71165.38,221,3,12642.0,4214.0,0.7237944945420027,0.2762055054579971,0.0,0.0,0.0,0.0,0.0,0.0,0.0,Rivers,0.11919298281683513
44,6706.76,64,4,26891.18,6722.795,0.0,0.0,0.4540511052322731,0.0,0.0,0.49107737183716,0.0,0.0,0.0548715229305668,Anambra,0.17383417090202402
47,24097.99,296,1,5608.41,5608.41,0.0,1.0,0.0,0.0,0.0,0.0,0.0,0.0,0.0,Kano,0.0882908790618532
27,129873.89,189,8,62040.52,7755.065,0.0,0.1800492645774084,0.0,0.5181578104116471,0.2808063181933355,0.0,0.0,0.0,0.0209866068176088,Kano,0.36547340607591616
40,34892.82,222,3,14847.11,4949.036666666667,0.9720080204160944,0.0,0.0,0.0,0.0,0.0,0.0279919795839055,0.0,0.0,Plateau,0.10614594230819818
27,32009.56,149,4,37154.32000000001,9288.580000000002,0.0,0.5409860818338217,0.0,0.1692643008942163,0.0,0.0,0.0,0.0,0.2897496172719618,Imo,0.18455203605157985
39,61320.19,29,7,16835.579999999998,2405.082857142857,0.0,0.3870142875980513,0.0450207239667418,0.0,0.0,0.4950990699459121,0.0728659184892947,0.0,0.0,Lagos,0.33676979277853725
37,10749.28,262,7,62658.4,8951.2,0.0228550361962641,0.1762606450212581,0.0,0.0,0.4928304904051173,0.0356988049487379,0.1419618119837085,0.0121998008247896,0.1181934106201243,Kwara,0.2385594193738231
43,16064.26,84,5,16385.93,3277.186,0.0934014730930743,0.0,0.4699794274722277,0.0,0.0,0.1730606685125592,0.0,0.0,0.2635584309221386,Kano,0.20057018809411842
44,9486.71,53,8,143216.46,17902.0575,0.2066201049795533,0.0024782765891574,0.121522903163505,0.0,0.0,0.4619330766868556,0.1277151383297702,0.0523344174266002,0.027396082824558,Ogun,0.3949329470156185
45,14248.56,7,7,72825.33,10403.618571428571,0.1967665646005311,0.7174222210870861,0.0,0.0,0.0,0.0,0.0461436975294173,0.0396675167829654,0.0,Rivers,0.34480119934004866
39,21675.89,83,6,12615.44,2102.5733333333333,0.0159701128141388,0.0,0.2189800752094259,0.0319140672065342,0.0,0.1303117449728269,0.4142471447686326,0.0,0.1885768550284413,Rivers,0.23730410397135887
26,14967.26,185,8,75992.89,9499.11125,0.100636914848218,0.031871797480001,0.0,0.106148219918995,0.0,0.0308501229522919,0.5796344894897405,0.1508584553107534,0.0,Ogun,0.3230055438221178
52,57311.86,64,8,176663.67,22082.95875,0.0102053806535322,0.0,0.4990496914277847,0.4206073608682532,0.0,0.0,0.0284846907120179,0.0416528763384118,0.0,Edo,0.4620006368288108
26,131930.76,80,9,183299.535,20366.615,0.154645891491214,0.0276320668243921,0.0,0.0,0.0,0.0168847673290606,0.0,0.0,0.8008372743553333,Imo,0.5173826029627359
58,37096.52,58,5,22518.11,4503.622,0.2222166958061755,0.0,0.0,0.0524138127045298,0.0,0.4350751461823394,0.0,0.0,0.2902943453069551,Kwara,0.2006761275521192
38,32217.55,71,7,95220.66,13602.951428571429,0.0,0.0294463407415995,0.0683264535238466,0.3078610251178683,0.0,0.0,0.0565987465325277,0.098717337182918,0.4390500969012397,Delta,0.3306244469263411
39,8371.36,119,9,229618.83,25513.20333333333,0.022390193347819,0.0110997429958161,0.3871121109710384,0.0009568030635815,0.0,0.4888535491623226,0.0,0.0130180525699917,0.0765695478894305,Edo,0.48706953413684134
18,20919.93,30,8,106827.94,13353.4925,0.0,0.0584773047200947,0.0,0.080710158784303,0.0,0.0538923618671295,0.7061292205016777,0.1007909541267949,0.0,Delta,0.4340861181331817
38,57311.13,120,6,27689.82,4614.97,0.1142000923082923,0.0,0.0,0.0,0.0,0.2304554525814902,0.5588696495679639,0.0964748055422534,0.0,Cross River,0.25750520039116187
44,47490.27,109,3,15246.47,5082.156666666667,0.0,0.0,0.0,0.1304761036489101,0.0,0.7879883015543926,0.0,0.0815355947966972,0.0,Rivers,0.14593758558095313
51,21008.28,17,5,62116.59,12423.318,0.0,0.0,0.0,0.0429970479705985,0.0,0.3493548180928798,0.5517672492968465,0.0,0.0558808846396751,Ogun,0.26988505768968385
52,33814.38,24,7,40729.69,5818.527142857143,0.1972116654951216,0.7086049513266611,0.0196718904563231,0.0,0.0163305932355488,0.0581808994863452,0.0,0.0,0.0,Oyo,0.31528727013319224
49,48567.96,280,8,83181.12,10397.64,0.0,0.0,0.020309296147972,0.0157387878403176,0.4762547077990775,0.2700271407742526,0.0043616868827926,0.0,0.2133083805555876,Kaduna,0.30286939103006405
39,25572.4,21,3,20966.61,6988.87,0.0,0.0,0.0,0.466724472864235,0.0,0.0,0.0,0.1959052989491386,0.3373702281866262,Enugu,0.174284671547393
28,31965.2,549,3,14779.08,4926.36,0.0,0.763289054528428,0.0,0.0,0.0,0.2367109454715719,0.0,0.0,0.0,Anambra,0.07292547592766316
49,39588.07,18,11,266289.59,24208.144545454543,0.3979752268949004,0.0298103279215684,0.0641891032991563,0.0008565111388695,0.0,0.4405808728760295,0.0,0.0176525113129657,0.0489354465565101,Cross River,0.6348215192988801
44,46456.54,136,7,33018.82,4716.9742857142855,0.0,0.2115272441595429,0.0,0.4396165580720328,0.0,0.0,0.0278420004106748,0.2660403975672056,0.0549737997905437,Enugu,0.27921911773893093
30,36386.8,11,4,23714.3,5928.575,0.0,0.0,0.0,0.8020654204425178,0.0,0.0592507474393087,0.0375035316243785,0.0,0.1011803004937949,Delta,0.20847086454668282
38,59370.92,125,8,167284.59,20910.57375,0.071039896741236,0.2527439616524152,0.0274496294010105,0.5611424818030161,0.0,0.0,0.0876240304023221,0.0,0.0,Kano,0.44007738279971464
18,96033.27,129,4,117455.16,29363.79,0.0,0.0,0.0,0.0,0.0,0.0,0.1879460212731394,0.8120539787268606,0.0,Ogun,0.2762519323529249
34,52394.33,159,5,22649.47,4529.894,0.2939110716498002,0.2381993927451724,0.0,0.0,0.0,0.0,0.0,0.1243945222559291,0.3434950133490982,Ogun,0.18636550237289415
43,37925.98,104,5,66926.55,13385.31,0.0,0.8897385267879488,0.0381643757223403,0.0,0.0,0.0271479704242934,0.0,0.0449491270654172,0.0,Lagos,0.276132493857297
31,7359.78,50,5,40958.05,8191.610000000001,0.0,0.3124067185815731,0.3811895341697175,0.3064037472487093,0.0,0.0,0.0,0.0,0.0,Abuja FCT,0.23870508596593515
21,44731.26,237,6,111049.18,18508.196666666667,0.1173334193012501,0.1581438061946968,0.02699335555652,0.3456650467837763,0.0,0.3518643721637566,0.0,0.0,0.0,Ogun,0.24540765080640878
54,128166.43,9,6,39636.86,6606.143333333333,0.7223094866747769,0.0,0.0,0.0472951187354396,0.0,0.1080527064959232,0.0161856918030338,0.0,0.1061569962908262,Abuja FCT,0.3015734670809937
37,59887.02,29,7,105751.82,15107.40285714286,0.0771466628186635,0.2723398046482793,0.251750277205631,0.0,0.0,0.0,0.197516789781963,0.2012464655454629,0.0,Lagos,0.41598800301889843
40,21219.51,89,11,121012.33000000002,11001.12090909091,0.1072140334790678,0.1188223547137717,0.0,0.0,0.0,0.4691586386279811,0.0,0.0582116714883516,0.2465933016908277,Plateau,0.4913072319145526
50,28424.51,69,5,89099.75,17819.95,0.0,0.0,0.0,0.0,0.0,0.7179485913260139,0.0,0.2654946843285195,0.0165567243454667,Imo,0.26016856171638625
37,30442.77,30,8,58195.07,7274.38375,0.2835585557333293,0.0,0.0948179974695451,0.0,0.0,0.0614911194367495,0.0,0.5292745588243127,0.0308577685360632,Oyo,0.3507467509949521
24,61129.4,162,6,57459.4,9576.566666666668,0.0,0.0,0.6781839002843747,0.0971331061584353,0.0,0.0812846984131404,0.0724219187809131,0.0,0.0709763763631364,Anambra,0.2414319426870953
52,21628.41,17,7,63535.73,9076.532857142858,0.0524345907413041,0.3327875511936354,0.0294722355436854,0.0,0.0,0.0,0.4380236128553177,0.1472820096660572,0.0,Plateau,0.35261727251572306
41,85819.81,369,5,22331.75,4466.35,0.5610523134102792,0.0,0.0,0.433165784141413,0.0,0.0057819024483079,0.0,0.0,0.0,Cross River,0.13420366253432942
20,157995.7,60,2,19075.59,9537.795,0.0,0.0,1.0,0.0,0.0,0.0,0.0,0.0,0.0,Rivers,0.17187340070190532
29,108446.7,56,6,72723.94,12120.656666666668,0.0,0.6649180448694061,0.0,0.0102934466971948,0.0,0.0097663850445946,0.0198981243315474,0.0,0.2951239990572568,Oyo,0.3276670845342353
44,89493.19,236,3,32903.72,10967.906666666668,0.0,0.0,0.0,0.0,0.0,0.0,0.8410389463562173,0.0,0.1589610536437825,Rivers,0.15999599385620591
38,159793.14,45,8,91171.12,11396.39,0.4588531982496212,0.0052715158045661,0.1452701250132717,0.0538711162043419,0.0,0.0,0.1143286382793147,0.2224054064488842,0.0,Ogun,0.42999130036542643
41,89534.42,136,4,16093.32,4023.33,0.7767179177447537,0.0,0.0,0.0,0.0,0.0,0.1809862725652631,0.0422958096899831,0.0,Plateau,0.16690005116819534
29,155349.77,435,3,26245.58,8748.526666666667,0.0,0.0,0.0,0.0,0.0,0.4059453058381639,0.594054694161836,0.0,0.0,Rivers,0.12009640635378756
24,3661.08,6,6,212742.48,35457.08,0.0382277672047444,0.0,0.9075666035292996,0.0048296889271949,0.0,0.0,0.0154825684085284,0.0,0.0338933719302322,Ogun,0.3993526516137976
44,67964.2,25,12,150011.38,12500.948333333334,0.0672328326024332,0.66653776533487,0.010704454555381,0.0647553538938179,0.0,0.0335309227873245,0.0533864164172078,0.0699234284758929,0.0339288259330725,Plateau,0.6383651894821621
37,36236.485,132,7,42918.93,6131.2757142857145,0.0720598113699479,0.4551944794523069,0.3451621464002015,0.0,0.0,0.0885912113838811,0.0,0.0,0.0389923513936624,Unknown,0.2711078127064126
48,46806.76,184,5,21291.78,4258.356,0.0,0.1844293901214459,0.0,0.2019511755240755,0.0,0.1565547831134832,0.0,0.0,0.4570646512409954,Kaduna,0.19349086327684523
20,25946.82,88,7,166550.49000000002,23792.927142857145,0.8150632880155442,0.0,0.0760412052825542,0.10380059524292,0.0,0.0,0.0,0.0050949114589815,0.0,Abuja FCT,0.3590579028960177
43,13137.25,215,4,25340.29,6335.0725,0.0,0.086061761724116,0.802005028356029,0.1119332099198549,0.0,0.0,0.0,0.0,0.0,Cross River,0.14271326508768445
31,27683.81,166,4,117987.8,29496.95,0.0,0.615371589266009,0.0,0.0,0.0,0.0,0.0,0.3824980209818303,0.0021303897521608,Anambra,0.23332267993514721
55,16130.86,144,4,512368.8941500111,128092.22353750278,0.0,0.0487230983087177,0.0,0.0,0.0,0.0080660243960672,0.9176308505807854,0.0255800267144295,0.0,Lagos,0.6565661821632675
21,18925.95,21,11,71868.57,6533.506363636364,0.304747123812259,0.0,0.3936153175164053,0.1677000112844878,0.043530572543742,0.0681427221941385,0.0,0.0222642526489674,0.0,Lagos,0.5127187631976793
37,7521.42,6,10,63321.39,6332.139,0.069694142848096,0.0874852873570842,0.4431944718838294,0.2566650858422407,0.0,0.0,0.1024262101637377,0.0405348019050118,0.0,Unknown,0.44398650704508436
18,17311.16,113,5,49121.74,9824.348,0.0,0.0,0.2297019608833075,0.3221005607700378,0.0,0.0134270487975385,0.1430499001053301,0.0,0.291720529443786,Rivers,0.21182160508007244
38,70356.29,15,8,72223.09,9027.88625,0.0648962817846758,0.3305465052796827,0.2102291663234015,0.0321305831694545,0.0,0.1191027689344225,0.0,0.1162628184421353,0.1268318760662276,Kaduna,0.42272066798712243
40,115349.26,245,5,24522.68,4904.536,0.0,0.1341036134712845,0.0,0.1822484328792775,0.0,0.426276410245536,0.2052063640678751,0.0521651793360269,0.0,Enugu,0.19687084484949474
51,9132.41,20,5,276564.91,55312.982,0.1202792863346257,0.0,0.1688360609449695,0.0037585389990364,0.0,0.0,0.0,0.0,0.7071261137213684,Delta,0.40922034873240765
35,75774.74,118,3,21211.26,7070.419999999999,0.6971325607248224,0.1644037176480793,0.0,0.0,0.0,0.0,0.0,0.138463721627098,0.0,Kano,0.1576076878515234
45,12376.47,24,6,46825.6,7804.266666666666,0.1103434873231736,0.0,0.0507466001503451,0.0640450949907742,0.0,0.0,0.5816126221554022,0.1743193893938358,0.0189328059864689,Anambra,0.2886534773973135
49,80277.84,6,12,162535.52,13544.626666666663,0.0852748371555952,0.060489854771437,0.0957371041111505,0.172718738648635,0.0,0.0,0.0,0.5857794653131819,0.0,Oyo,0.6465952052084449
37,10894.97,46,6,329221.54,54870.25666666666,0.014366921435335,0.0,0.0931322415902677,0.0521906312691447,0.0,0.7846112681448486,0.0556989375604038,0.0,0.0,Unknown,0.4812081014876375
37,98350.15,7,7,58279.64,8325.662857142857,0.5129479180036115,0.0168314354721477,0.0,0.0,0.1019503552183918,0.0,0.0421797389276941,0.1188982979304608,0.2071922544476939,Cross River,0.3466449181027358
27,213303.8,296,9,57934.21,6437.134444444444,0.3286659125929222,0.1598670284793734,0.0269645516871637,0.0158957893790214,0.0,0.0,0.0229767524231365,0.0278612584861345,0.417768706952248,Kano,0.3672684585605859
49,44430.27,81,12,107808.24,8984.019999999999,0.003635807429933,0.5463456225609471,0.062313696986427,0.1258183975547694,0.0,0.0924682566007941,0.1261029769153081,0.0433152419518211,0.0,Kaduna,0.5940528210863563
38,15855.0,19,9,43714.59,4857.176666666666,0.03319738329926,0.0,0.0,0.3908436519706579,0.0,0.0,0.2118221856821715,0.3641367790479106,0.0,Kano,0.41787350921134714
18,7032.46,163,8,85498.02,10687.2525,0.3226537877719274,0.0,0.0549402196682449,0.0,0.0,0.5186117760387902,0.0,0.1037942165210375,0.0,Abuja FCT,0.30857146115520273
60,37058.08,96,5,26076.56,5215.312,0.0,0.2483026902321471,0.0,0.0,0.0,0.1095221148801835,0.0,0.0,0.6421751948876693,Kano,0.21402170211288787
43,15175.79,139,4,10537.67,2634.4175,0.0,0.676619214684081,0.0,0.0,0.0,0.0,0.0,0.323380785315919,0.0,Lagos,0.18719205878635586
53,18568.81,202,7,82161.62,11737.374285714284,0.0,0.125465393695986,0.4330272455679427,0.0,0.0,0.4332525332387555,0.0082548274973156,0.0,0.0,Ogun,0.2568851048096943
32,41026.56,142,9,40952.26,4550.251111111112,0.1297464413441406,0.14163003458173,0.0,0.0,0.0,0.4509199248100104,0.1533719994940449,0.0,0.1243315997700737,Cross River,0.3417387304529582
43,70794.43,75,5,55445.54,11089.108,0.0,0.0176457835923322,0.0,0.5246943216713192,0.1673189583869144,0.0,0.0,0.0,0.2903409363494341,Ogun,0.246991363262418
37,52992.73,24,6,39590.98,6598.496666666666,0.3925636597022857,0.1051249552297013,0.0,0.0,0.0,0.2056033975415612,0.2967079875264517,0.0,0.0,Ogun,0.2800294212442141
30,58927.66,52,8,140074.4,17509.3,0.0011440348843186,0.0547546875089238,0.022145802516377,0.7877088175997898,0.0,0.0482206598778934,0.0056035221282404,0.0,0.0804224754844568,Cross River,0.43095302182348755
57,20011.24,108,8,73877.09,9234.63625,0.0379412616279282,0.0,0.0365160566015797,0.6251499619164751,0.0,0.0,0.1670333793602319,0.133359340493785,0.0,Kano,0.3521446155553379
39,4831.56,199,3,42407.93,14135.976666666667,0.6637999072343309,0.0232680538757727,0.0,0.0,0.0,0.0,0.3129320388898963,0.0,0.0,Edo,0.13576493943663437
35,20310.09,142,8,75488.72,9436.09,0.0,0.1833096388440551,0.181075132814545,0.303372742311699,0.0857981165927836,0.0,0.0083597920325049,0.2380845774044122,0.0,Cross River,0.3307000131058404
42,11477.3,246,7,101050.34,14435.762857142856,0.0045876144503818,0.0,0.0298660053988932,0.0105800732585362,0.0,0.4434868799055995,0.0,0.322419103191538,0.189060323795051,Oyo,0.24963771217914174
39,13395.67,123,2,17058.579999999998,8529.289999999999,0.0,0.9555836417802654,0.0,0.0,0.0,0.0,0.0444163582197345,0.0,0.0,Abuja FCT,0.1423450800436896
37,36236.485,198,6,64070.54000000001,10678.423333333334,0.0,0.0,0.5795463874660648,0.0257481831743575,0.0,0.2521628505082054,0.1425425788513722,0.0,0.0,Unknown,0.22440739740360113
37,36236.485,110,5,29911.92,5982.384,0.0,0.0,0.0,0.4783885487792157,0.0,0.0,0.4391877886809004,0.0492974038443536,0.03312625869553,Unknown,0.21892744126402114
52,45767.68,356,4,62278.99,15569.7475,0.4875486901762536,0.0,0.0,0.502124392190689,0.0,0.0103269176330573,0.0,0.0,0.0,Edo,0.13301590867966553
47,140032.04,128,8,109668.1,13708.5125,0.5804900422274116,0.2742980866815419,0.1249738073332172,0.0111061466369892,0.0,0.00913191712084,0.0,0.0,0.0,Delta,0.39080762985598727
18,157514.74,336,5,18016.29,3603.258,0.6433189074998237,0.2618963171662978,0.0055505323238025,0.0,0.0,0.0,0.0892342430100758,0.0,0.0,Cross River,0.16470163611370758
56,2352.92,60,2,24822.69,12411.345,0.0,0.0,0.0,0.995971427754204,0.0,0.004028572245796,0.0,0.0,0.0,Enugu,0.1400600055691753
32,7715.22,221,8,72285.37000000001,9035.67125,0.0230041016598517,0.6591986732585031,0.1201077064418429,0.0306958378991488,0.0,0.0422432644392634,0.0,0.091544526921561,0.0332058893798288,Edo,0.30610026345725
27,17263.03,89,9,57048.29,6338.698888888889,0.0,0.0177404090464411,0.0290662524678653,0.0,0.0,0.1349928280058876,0.2106483822740348,0.3786902289271072,0.2288618992786637,Kwara,0.3734357232134664
39,8829.47,59,6,63443.54,10573.923333333334,0.0645802551370872,0.1239743242574421,0.2966480117597473,0.0,0.0,0.0,0.0,0.4404635996036791,0.0743338092420441,Plateau,0.27221048692901967
36,191428.65,406,5,21196.15,4239.2300000000005,0.0601783814513484,0.0,0.1548649165060636,0.1747553211314318,0.0,0.5674903225349887,0.0427110583761673,0.0,0.0,Enugu,0.1612260971480112
52,79855.5,6,6,58752.48,9792.08,0.0,0.4103865913404846,0.0,0.1998650950564129,0.0285695174059035,0.0,0.0,0.0,0.3611787961971988,Cross River,0.32100378059042106
37,36236.485,398,2,53198.65,26599.325,0.0,0.0,0.0,0.0,0.0,0.0,0.1305950432952716,0.8694049567047285,0.0,Unknown,0.10117603629311356
39,66014.38,62,4,48976.5,12244.125,0.0581942360111482,0.0,0.0200900431839759,0.1506655232611558,0.0,0.0,0.0,0.0,0.7710501975437198,Edo,0.21547575111831013
33,56543.63,442,3,29121.09,9707.03,0.0,0.0,0.0,0.0757468212899998,0.0,0.0,0.0,0.8754864601565395,0.0487667185534607,Oyo,0.09636903520699655
31,14636.55,107,9,81876.01,9097.334444444445,0.0491182948460727,0.0,0.0,0.0449769108191764,0.0,0.353915023460474,0.1048170276006366,0.2286784614931773,0.2184942817804629,Ogun,0.3738141723004013
29,18417.68,59,7,25049.73,3578.532857142857,0.0,0.0456316295624743,0.0,0.0,0.0,0.2950650565894324,0.0,0.1193805282531987,0.5399227855948947,Kano,0.28484943561810816
45,263437.94,183,5,47103.56,9420.712,0.3155455765976075,0.3284144552980709,0.2741737567181758,0.0,0.0,0.0,0.0818662113861457,0.0,0.0,Rivers,0.2734453971285143
45,35040.01,15,5,31766.660000000003,6353.332,0.0,0.0147796463336088,0.0,0.5216459646686179,0.0,0.1010657085132651,0.3625086804845079,0.0,0.0,Cross River,0.25365144981128734
18,130772.35,389,2,2034.08,1017.04,0.0,0.3851372610713443,0.0,0.0,0.0,0.6148627389286557,0.0,0.0,0.0,Anambra,0.08926466733278572
53,8572.25,156,6,210529.01,35088.168333333335,0.880906626597446,0.0,0.0563487188772701,0.0,0.0,0.0,0.0627446545252837,0.0,0.0,Plateau,0.30646862265282365
35,22707.05,102,4,30830.0,7707.5,0.1366493674991891,0.0,0.0,0.1105900097307817,0.0,0.0,0.0816925072980862,0.6710681154719429,0.0,Ogun,0.1856371733736743
54,134119.27,83,4,30836.44,7709.110000000001,0.0,0.0,0.1657146544802188,0.0,0.0956546864683471,0.3773545195230058,0.0,0.0,0.361276139528428,Enugu,0.2164903730726038
31,65960.81,200,3,33567.41,11189.136666666667,0.0,0.0,0.7854237190179402,0.2145762809820596,0.0,0.0,0.0,0.0,0.0,Edo,0.1495356187749565
18,68070.37,68,8,51309.525,6413.690624999999,0.0,0.098713542953282,0.0107500507946623,0.0284107093176169,0.0,0.8062803153995286,0.0,0.0558453815349099,0.0,Imo,0.35856977886113073
62,12801.5,28,2,248146.91,124073.455,0.0,0.0,0.0,0.0,0.0,0.0,0.0181610562871808,0.0,0.9818389437128192,Kwara,0.35134357124837423
46,264595.77,71,10,85447.12,8544.712,0.0,0.0451354007016269,0.0023468315842593,0.0553090613235413,0.0,0.3549498215972639,0.0899699135558928,0.0384764284624221,0.4138125427749934,Cross River,0.5587139038732416
18,38263.16,10,12,114216.11,9518.009166666669,0.5226530653162675,0.0737268148950266,0.0135292648296286,0.0135775942640666,0.0,0.2058981872171973,0.0177481968174191,0.152866876660394,0.0,Enugu,0.5756719421138523
20,69690.83,27,5,102294.42,20458.884,0.1068665328959292,0.0,0.0,0.0,0.0,0.0477219578545926,0.7514830232186662,0.0,0.0939284860308118,Edo,0.3430123448648514
34,723738.98,8,8,173644.55,21705.56875,0.4734454378211122,0.1768020937023362,0.0385951070736167,0.0904718288019981,0.0,0.0,0.2206855326009368,0.0,0.0,Oyo,0.7739950574649223
28,21293.64,177,10,165919.76,16591.976000000002,0.0127879886036479,0.0053730791317441,0.0,0.04727718988986,0.0,0.0325835813648717,0.0,0.8579666460462575,0.0440115149636185,Kaduna,0.49310692800886347
32,77261.44,52,8,148591.13,18573.89125,0.1315628328555008,0.5478711952725577,0.0,0.0,0.0519497361652744,0.0460641896996139,0.0061608657259689,0.0,0.216391180281084,Edo,0.46663108670326187
43,91266.64,30,9,133270.37,14807.818888888887,0.1195786430247023,0.0,0.0,0.0602647085019723,0.0,0.0438359254198814,0.7514352214974717,0.0,0.0248855015559722,Cross River,0.5234681730677089
43,39532.25,162,8,103720.06,12965.0075,0.0,0.0,0.0,0.0220900373563223,0.0,0.0,0.0412974115132598,0.4830333688584445,0.4535791822719732,Abuja FCT,0.35374652039883014
45,11829.71,30,10,131828.31,13182.831,0.3300301733368196,0.0,0.0073552486563773,0.0,0.3761548638528401,0.0274938668333076,0.2004441231174093,0.0585217242032458,0.0,Kano,0.513682973087241
31,34576.61,33,10,564624.0541500112,56462.40541500112,0.0125695672152756,0.0364962842949038,0.0319037417332809,0.0744526020296529,0.0,0.0,0.8327054093680113,0.0,0.0118723953588753,Kano,0.8361368491634708
51,62103.17,128,5,31671.21,6334.242,0.0,0.0165715171602221,0.0,0.0174833863309927,0.0,0.0,0.0,0.8469827960472618,0.1189623004615232,Kwara,0.21646942904749295
27,104023.64,15,6,492979.9341500111,82163.32235833518,0.0,0.0003329547282345,0.0,0.0282693859011293,0.0,0.0026075503503329,0.0,0.0150687269103726,0.9537213821099304,Rivers,0.6778491097146622
36,17636.28,14,7,45936.44,6562.348571428572,0.0965586362373749,0.087804801591068,0.0,0.0,0.0,0.0539597757248929,0.541352573251214,0.0,0.22032421319545,Enugu,0.33470922251932594
27,117308.22,118,7,179557.40000000002,25651.057142857146,0.0,0.0,0.0557781522788812,0.0,0.0,0.6588909173333988,0.0119373526237292,0.0257502614762744,0.2476433162877163,Ogun,0.4070243689904266
44,4286.61,40,7,28683.79,4097.684285714286,0.5645237257698512,0.0222052246233848,0.0,0.2110317360432495,0.0,0.0,0.0,0.0868539338769388,0.1153853796865755,Cross River,0.26511672918417095
20,23000.35,297,5,29921.55,5984.31,0.0,0.0475195970796967,0.0,0.0,0.0,0.0,0.2628607141007066,0.1603219084572824,0.5292977803623141,Cross River,0.15640175969974895
30,52040.61,400,4,29515.320000000003,7378.830000000001,0.0590337492529303,0.2101508640258686,0.0,0.0,0.0,0.0240780042364439,0.7067373824847571,0.0,0.0,Kaduna,0.14273444804441796
26,12621.32,72,6,64136.21,10689.368333333334,0.2018918797976993,0.0,0.0,0.0136224139218703,0.0,0.0,0.0,0.5956312354596568,0.1888544708207734,Lagos,0.28998751261272265
46,96158.64,257,7,31540.6,4505.8,0.0,0.1468881378287033,0.0,0.0,0.0,0.202554168278346,0.405698369720297,0.0786361071127372,0.1662232170599164,Anambra,0.25131851596125804
47,144346.3,366,2,7063.27,3531.635,0.7084395754374391,0.0,0.291560424562561,0.0,0.0,0.0,0.0,0.0,0.0,Abuja FCT,0.08998714936453615
34,36694.02,219,5,25451.79,5090.358,0.0,0.0720656582503627,0.0,0.0,0.0,0.0,0.7239396521816344,0.2039946895680029,0.0,Rivers,0.19619745319011614
30,2619.31,380,2,7569.61,3784.805,0.0,0.0,0.0,0.1815086906723067,0.0,0.0,0.8184913093276932,0.0,0.0,Abuja FCT,0.0891511249429548
47,74598.38,146,5,70349.08,14069.816,0.8244077960934244,0.0,0.0,0.0829183551511974,0.0,0.0767813879015901,0.0158924608537879,0.0,0.0,Kano,0.2201146645906349
36,68723.26,38,7,87133.4,12447.628571428571,0.0139136083292973,0.075240837612213,0.4459368049450612,0.3739914889124033,0.0,0.0909172602010251,0.0,0.0,0.0,Anambra,0.3506703317404273
46,193945.57,24,5,25117.18,5023.436,0.0,0.0,0.0,0.0993666486444736,0.0,0.0,0.6240648830800273,0.2005667037462008,0.0760017645292982,Oyo,0.31836644460835584
37,62499.65,161,3,49861.380000000005,16620.460000000003,0.8610654177642095,0.0,0.0,0.1015818254528855,0.0,0.0,0.0,0.0,0.0373527567829049,Edo,0.15116900853430348
46,17313.54,40,7,62708.9,8958.414285714285,0.0822744458920504,0.1089153214296535,0.0,0.0,0.0,0.0419578401151989,0.687537813611784,0.0,0.0793145789513131,Enugu,0.3451064005241427
42,22998.48,31,9,24841.08,2760.1200000000003,0.2348021905649835,0.0,0.3400347327893956,0.1247630940361691,0.0,0.2289852132032906,0.0,0.0,0.0714147694061611,Edo,0.36696007981183976
53,273087.63,271,5,54740.67,10948.134,0.0838520975355252,0.0,0.0,0.0,0.0,0.9161479024644748,0.0,0.0,0.0,Kwara,0.23703055702953713
60,23397.87,140,8,102464.36,12808.045,0.0,0.8285109085734785,0.0101335722977238,0.1476778852666429,0.0136776338621546,0.0,0.0,0.0,0.0,Enugu,0.36513072750484205
55,78020.21,55,9,85506.81,9500.756666666666,0.0084075174831104,0.0,0.0563701300516297,0.0,0.0,0.2758032956673275,0.1054447008372783,0.2825203045231134,0.2714540514375405,Cross River,0.43435357741614006
55,7727.21,52,4,45869.12,11467.28,0.0,0.0,0.5808892780153619,0.1164295281880271,0.0,0.0,0.0,0.0,0.3026811937966108,Abuja FCT,0.19951078471757605
50,34800.35,142,10,35236.5,3523.65,0.0209583812240148,0.2124532799795666,0.165951499155705,0.1140056475529635,0.0,0.4160223064152228,0.070608885672527,0.0,0.0,Edo,0.388398724031496
40,29661.89,76,5,30337.38,6067.476,0.0466015852390681,0.6016663271515207,0.0,0.0,0.0,0.2305980279114412,0.0552041738607618,0.065929885837208,0.0,Kano,0.23896934046392868
47,49374.76,85,8,64224.43000000001,8028.053750000001,0.0635526076292152,0.154089806635886,0.0,0.0,0.0,0.2554945213215594,0.2639959591700541,0.2628671052432851,0.0,Kwara,0.35731731070325295
18,13062.99,89,8,87145.59,10893.19875,0.0,0.2185352121662152,0.0514736316547974,0.5229747139241355,0.0,0.2070164422548519,0.0,0.0,0.0,Kwara,0.3478023078791358
24,2241.84,44,6,54278.240000000005,9046.373333333337,0.0694657748666869,0.0,0.5204048620589025,0.0,0.0,0.0,0.2261882478134884,0.0269168639218957,0.1570242513390264,Oyo,0.26334776262739934
36,109869.89,52,5,66763.12,13352.624,0.0,0.0886991201130204,0.0990454011136687,0.8122554787733108,0.0,0.0,0.0,0.0,0.0,Anambra,0.2799545047852968
18,195341.65,36,9,188912.24,20990.248888888887,0.0,0.0,0.0,0.3192903223210946,0.0,0.1627054975368456,0.4916408275080534,0.0236634746377471,0.002699877996259,Delta,0.6124735512899987
53,48823.06,192,5,79221.92000000001,15844.384000000002,0.0209053251928254,0.0,0.0,0.0,0.0,0.0106880772392287,0.882982891603738,0.0854237059642079,0.0,Enugu,0.24980046416214519
18,28492.84,123,6,77336.23,12889.371666666666,0.0,0.0882177732222012,0.0,0.3525015377656759,0.0,0.0336088273245282,0.3660611591746843,0.1596107025129101,0.0,Oyo,0.27791764886240633
40,21527.11,382,3,2881.16,960.3866666666668,0.5473698093823322,0.0,0.0,0.0,0.0,0.0,0.1549341237557095,0.0,0.2976960668619584,Abuja FCT,0.0836511076641747
31,45309.66,16,5,28528.68,5705.736,0.0,0.0825611279596532,0.0,0.3149227373996974,0.0,0.0852892597904985,0.0,0.0,0.5172268748501508,Rivers,0.23412792995504536
46,185926.38,115,4,22454.5,5613.625,0.3038313033022334,0.0,0.0,0.1888899775100759,0.0,0.2831717473112293,0.2241069718764612,0.0,0.0,Delta,0.21997905345499968
37,5838.69,36,11,555871.9541500111,50533.81401363737,0.0394061794923523,0.0533961639517974,0.0078652286148981,0.0027941147028634,0.0,0.0079068209273495,0.0,0.0428152919432543,0.8458162003674848,Oyo,0.797649709303142
19,14140.71,299,4,27472.49,6868.1225,0.0,0.0,0.0,0.0,0.0,0.2625939621781644,0.7374060378218356,0.0,0.0,Kwara,0.14021681761305613
46,37098.04,31,5,46578.9,9315.78,0.1515714196771499,0.3308223251300482,0.4275328528582685,0.0,0.0,0.0,0.0,0.0900734023345334,0.0,Oyo,0.24188674369934435
64,5560.51,59,7,20171.83,2881.69,0.2154107981278842,0.0,0.0,0.0527765700980029,0.2241997875254749,0.0,0.3678456540631167,0.139767190185521,0.0,Imo,0.2889197864735755
30,18536.11,58,6,137228.7,22871.45,0.0237362155292588,0.0,0.0,0.1623366686414722,0.0,0.0355733895314901,0.0701362032869217,0.4916115943676505,0.2166059286432065,Enugu,0.3400394648081527
44,10465.34,34,8,94953.4,11869.175,0.3069542533495378,0.0,0.1211861818534144,0.0,0.0,0.0308784098305063,0.0,0.465820181267864,0.0751609736986774,Imo,0.37696926013816623
22,49730.99,25,3,34052.8,11350.933333333332,0.0,0.0,0.0,0.0946732720950993,0.3859858807498943,0.5193408471550064,0.0,0.0,0.0,Delta,0.19261002046999037
28,9096.5,72,7,76617.61,10945.372857142856,0.1825217466323995,0.1819060918240597,0.4491847239818626,0.0,0.0,0.0,0.0,0.0,0.186387437561678,Cross River,0.30161909696523254
38,4754.83,177,3,17648.07,5882.69,0.2110820050011134,0.0,0.0,0.7889179949988865,0.0,0.0,0.0,0.0,0.0,Plateau,0.12313031518523253
35,56387.34,18,4,9439.05,2359.7625,0.1467192143277131,0.0,0.0,0.6227363982604182,0.0,0.1064980056255661,0.0,0.1240463817863026,0.0,Plateau,0.1987152060911807
37,36236.485,311,3,21806.37,7268.79,0.0,0.0,0.0,0.0,0.0,0.0,0.0868622333749266,0.9131377666250732,0.0,Unknown,0.1155003437352458
47,17752.37,29,7,39335.65,5619.378571428571,0.0,0.3516947095065164,0.4843029160570627,0.0,0.0,0.0,0.0707215973296488,0.0752754816559533,0.0180052954508187,Rivers,0.30738582738125625
28,55321.61,39,12,95765.36,7980.446666666667,0.1153150784375477,0.3609529583557145,0.1840761628212957,0.0,0.0,0.0,0.0974594571565334,0.2333837621453102,0.0088125810835984,Rivers,0.5795918811031413
32,8085.45,107,5,100489.79,20097.958,0.0,0.296610431766252,0.0146021799826629,0.0,0.0,0.0,0.0535139938097193,0.0,0.6352733944413657,Delta,0.24627658094943441
34,39712.47,271,5,109163.1,21832.62,0.0,0.0,0.0,0.1247662442711868,0.0,0.1828427371520229,0.0,0.6923910185767901,0.0,Kano,0.22490696907977767
39,82994.19,73,7,254013.28000000003,36287.61142857144,0.0,0.0356421916208475,0.1181925212729035,0.0050824508072963,0.0,0.0,0.0094543088455847,0.6615942284592364,0.1700342989941313,Kaduna,0.5211213882560972
66,14926.18,78,4,80632.8,20158.2,0.0,0.6933007411376017,0.0180853201178676,0.0,0.0,0.0,0.2886139387445308,0.0,0.0,Kano,0.24967709642657598
48,72590.67,204,3,18332.620000000003,6110.873333333334,0.3343979202099863,0.0,0.0,0.0,0.0,0.1894202792617749,0.0,0.0,0.4761818005282386,Anambra,0.12312191677302645
64,16929.54,306,6,51714.55,8619.091666666667,0.0,0.0,0.8513865053452075,0.0,0.0,0.0167627872619988,0.0,0.0101629038636128,0.1216878035291808,Kwara,0.1703104091160101
33,129996.5,61,4,57143.11,14285.7775,0.0,0.0401796472050611,0.1664597884154362,0.0,0.0,0.0,0.0,0.7727148557367632,0.0206457086427392,Cross River,0.2601321791597254
29,129002.04,136,5,60515.49,12103.098,0.0,0.0,0.0,0.0,0.0,0.0296831439355444,0.5515619224102788,0.4187549336541768,0.0,Kwara,0.27638473548273496
36,22781.88,39,7,127724.92,18246.417142857143,0.0,0.0603161074596875,0.0159918675227982,0.0723453183607396,0.0,0.7855344125484675,0.0658122941083071,0.0,0.0,Cross River,0.36402598602782926
32,53021.85,99,6,238846.25,39807.708333333336,0.0579039444831141,0.0,0.539438571884633,0.012228703611633,0.0,0.1507016333729334,0.0,0.2063546319023221,0.0333725147453644,Delta,0.40785041143254996
33,3661.5,218,5,33690.65,6738.13,0.0,0.0,0.0,0.0260861693081018,0.0,0.0607159553169796,0.648245433080098,0.2649524422948207,0.0,Imo,0.1943341183141682
52,19529.04,274,3,52892.2,17630.733333333334,0.0,0.0,0.0,0.1401947735204812,0.0,0.0,0.8598052264795187,0.0,0.0,Ogun,0.1458708578362635
19,22863.34,445,4,244476.34000000003,61119.08500000001,0.9022448961727748,0.0,0.0,0.0,0.0,0.0041884216689435,0.0,0.0935666821582816,0.0,Kano,0.19911025091259182
38,120690.64,50,3,76792.97,25597.656666666662,0.0,0.9101368263266808,0.0617086433823304,0.0,0.0,0.0,0.0281545302909888,0.0,0.0,Rivers,0.254770038659342
52,40448.36,89,7,528021.5341500111,75431.64773571587,0.0679649932417424,0.0067958781373877,0.0,0.0244270719389555,0.0,0.000853090207249,0.0095303120697542,0.8904286544049109,0.0,Kaduna,0.7161316128692073
35,691.46,148,8,27593.94,3449.2425000000003,0.0,0.2792511689160736,0.0591760364775744,0.0566588171170916,0.0,0.0,0.3198209461932584,0.2317552332142492,0.0533377980817527,Cross River,0.2984210121139848
45,29046.41,60,6,39553.45,6592.241666666666,0.1283273646167401,0.0,0.5562187369243391,0.0,0.0,0.0933870496758184,0.2052935963866616,0.0167732523964407,0.0,Delta,0.2591057037715633
40,101300.83,46,3,11643.59,3881.196666666666,0.6124408365461168,0.0,0.0,0.0,0.0,0.0,0.0,0.3875591634538832,0.0,Delta,0.17199068862323819
65,113064.28,3,11,199961.35,18178.304545454543,0.8118254852750294,0.0139589975762816,0.0,0.0,0.0,0.0977605422247849,0.0,0.0738843781560786,0.0025705967678253,Oyo,0.6083737356464575
60,114013.03,13,5,57909.56,11581.912,0.0,0.0,0.3543694685298938,0.0,0.0,0.5040487270150213,0.0748601785266543,0.0,0.0667216259284304,Anambra,0.28014690261853725
19,49143.63,240,2,26397.120000000003,13198.56,0.0,0.0,0.5320466778193984,0.0,0.0,0.0,0.0,0.4679533221806015,0.0,Plateau,0.11472607065513167
33,164708.66,150,11,63107.17,5737.015454545454,0.0545841304561747,0.045898588068519,0.0269769663256964,0.0409169037369287,0.0,0.0306637106370005,0.0,0.3925436681758982,0.4084160325997822,Enugu,0.5046468255298209
23,89555.05,16,6,174930.11000000002,29155.018333333337,0.0,0.0560138560479953,0.0312027472000103,0.8716406798120689,0.0,0.0349603621697831,0.0025425011165887,0.0,0.0036398536535534,Anambra,0.41159451326770496
42,47542.87,292,4,28880.76,7220.19,0.0,0.0,0.4465221829342441,0.0,0.0,0.0,0.0,0.3356352118157555,0.2178426052500003,Kwara,0.1329210378022661
32,44958.67,76,8,67393.67,8424.20875,0.5733799628362722,0.027171097819721,0.0,0.0,0.0,0.1979473739892782,0.1427749816859654,0.0587265836687629,0.0,Kwara,0.3318621843643813
56,100592.9,245,9,80719.08,8968.786666666667,0.0,0.4642510791748369,0.1640252837371288,0.0628629563171433,0.0,0.0088257943475074,0.0261379341786353,0.0522368441265683,0.2216601081181797,Anambra,0.35639372020646487
32,36387.27,7,5,27871.5,5574.3,0.4356224099886981,0.0,0.0100177600774985,0.0,0.4269368351183109,0.0,0.110513248300235,0.0169097465152575,0.0,Abuja FCT,0.2501763006795981
18,21062.79,83,9,55148.37,6127.596666666666,0.0,0.0585785219037298,0.0684172533113852,0.4687050587351901,0.3045912327055178,0.0,0.0,0.0569815572064958,0.0427263761376809,Kaduna,0.4035831267671627
23,10051.4,47,5,57650.93,11530.186,0.0,0.870124211352705,0.0,0.0,0.0,0.1182652213936531,0.0116105672536418,0.0,0.0,Edo,0.26806709954347313
42,67296.46,90,7,199529.83,28504.26142857143,0.0,0.0687006549346531,0.2335282899805006,0.0950019854174185,0.0,0.0,0.0,0.6010893709476924,0.0016796987197352,Kano,0.45114692909397985
39,18480.39,98,6,25474.03,4245.671666666666,0.0,0.3825908189634698,0.0,0.0468802933811415,0.0,0.0,0.0,0.3292007585764797,0.241328129078909,Delta,0.2426449930018855
38,15766.7,16,6,29293.74,4882.29,0.0324311610603494,0.0,0.8028329602160735,0.0187442777876775,0.0,0.0,0.0,0.0,0.1459916009358996,Imo,0.26145383729908483
18,343271.38,105,7,82980.28,11854.325714285716,0.4641315984954497,0.0,0.0,0.0616669406273394,0.0,0.2716324890684871,0.0080039498541099,0.1945650219546137,0.0,Rivers,0.43783793441064134
39,25064.44,191,7,189836.05,27119.435714285715,0.0,0.2934854575830039,0.0341004250773233,0.0,0.0,0.0,0.0,0.6212182564902715,0.0511958608494013,Ogun,0.3659787922717502
37,27902.97,21,9,66043.38,7338.153333333334,0.0204305109762704,0.0119427564125276,0.1561458544368867,0.3858070256246727,0.0,0.0,0.4256738525496423,0.0,0.0,Rivers,0.4258517816709594
37,41318.27,52,11,76936.41,6994.219090909091,0.0328115127804897,0.0656139271380091,0.0,0.0,0.0,0.0487866538092952,0.2826718844822627,0.475545063774096,0.0945709580158471,Kano,0.5335605113563353
41,2478.05,27,3,72036.23000000001,24012.07666666667,0.0,0.0,0.0,0.8439490795117955,0.0,0.0,0.0,0.1560509204882043,0.0,Enugu,0.204306230975311
38,6641.7,37,10,183638.08,18363.808,0.0065335032908207,0.0807628243553842,0.0983120712218293,0.6221585414092764,0.0,0.0,0.0294820660290066,0.1627509936936827,0.0,Kano,0.5495481869936105
24,55246.94,187,5,39369.77,7873.954000000001,0.2769774880574613,0.0,0.1687446992959318,0.4419870880627445,0.0,0.0,0.1122907245838621,0.0,0.0,Anambra,0.18916833665685936
57,55265.69,47,9,85084.21,9453.801111111112,0.0,0.0,0.0,0.4648135065248887,0.0431427875983099,0.2149584511626775,0.2087538921734127,0.0683313625407111,0.0,Ogun,0.4319353312077181
23,27472.93,95,11,78775.54,7161.412727272726,0.0,0.0,0.2642146280431717,0.1640095390015733,0.0,0.1010788374157765,0.0504147607239506,0.4202822348155278,0.0,Enugu,0.4840181792326103
30,365029.43,153,7,54886.4,7840.914285714286,0.0,0.098845797866138,0.6137412911030783,0.0,0.0,0.1043759474113805,0.0598751238922574,0.0,0.1231618397271455,Lagos,0.4489253958477864
49,73034.63,177,5,41942.28,8388.456,0.0158463011548251,0.0511915422814401,0.0,0.3303437485992655,0.0,0.0240645000700963,0.0,0.5785539078943729,0.0,Anambra,0.20990488299660584
24,185318.22,164,5,25199.27,5039.854,0.1200745100949352,0.0,0.123978988280216,0.1634606875516632,0.0,0.0,0.0,0.0,0.5924858140731855,Oyo,0.2240581511481833
31,11359.24,123,12,280282.79,23356.899166666662,0.3001100781107538,0.0,0.0727938379662911,0.0306585716518663,0.0,0.5080081798814691,0.0074606079096044,0.0,0.0809687244800153,Lagos,0.6528809422480146
58,108216.69,58,3,26029.24,8676.413333333332,0.0,0.0,0.0740386580630091,0.0,0.0,0.8595441126978737,0.0664172292391172,0.0,0.0,Plateau,0.18364723073531558
44,48738.42,121,1,4926.1,4926.1,0.0,0.0,0.0,0.0,0.0,0.0,0.0,1.0,0.0,Rivers,0.11298856114604268
26,40533.16,139,5,92673.67,18534.734,0.74995087601473,0.0,0.0,0.111565345367244,0.0,0.138483778618026,0.0,0.0,0.0,Cross River,0.21847396804128255
47,3808.78,23,5,86774.33,17354.866,0.0,0.0,0.0,0.0,0.0,0.6416469017968793,0.3015840053158578,0.0567690928872628,0.0,Cross River,0.2708775981370553
37,36236.485,45,10,78599.44,7859.944,0.032546542316332,0.0,0.0,0.0,0.0,0.0,0.1214812726401104,0.1117860381702465,0.734186146873311,Unknown,0.442888747196029
33,15129.04,32,7,122591.29,17513.04142857143,0.0,0.0064473585358307,0.3241135646749455,0.0,0.0,0.0962118923783247,0.5560565518153859,0.0,0.0171706325955131,Imo,0.3930933610989036
43,63537.71,11,7,56959.85,8137.121428571429,0.0,0.6649496092422995,0.0,0.0647043487649633,0.0,0.0,0.0560250773132302,0.0942713156723551,0.1200496490071515,Oyo,0.3571199812261046
18,21350.59,285,2,6446.96,3223.48,0.0,0.2814365220196806,0.0,0.0,0.0,0.0,0.0,0.0,0.7185634779803194,Kano,0.0933047095470831
26,262655.23,64,7,367688.97,52526.99571428571,0.539054135890995,0.3611668307591603,0.0,0.0137752568427603,0.0,0.0036441941676955,0.0,0.0823595823393886,0.0,Oyo,0.6608082015793495
42,31532.12,11,11,99690.58,9062.78,0.0987472437215231,0.2977786868127359,0.0210545469792632,0.0291369555679182,0.0,0.0331985228694627,0.1260484190181259,0.3940356250309709,0.0,Kwara,0.5409088222782541
24,95718.3,55,9,70539.97,7837.774444444444,0.0,0.2023220310414081,0.0,0.128578024629157,0.0,0.6489815632186972,0.0100540161840159,0.0100643649267216,0.0,Enugu,0.43550698949311045
46,156696.76,53,10,98989.51,9898.951,0.0615508653391657,0.539881246002733,0.1266530160620049,0.0,0.0,0.0,0.0,0.195407877056872,0.0765069955392243,Rivers,0.5393206575335502
62,37732.92,180,4,8994.87,2248.7175,0.1815379210594483,0.0,0.0,0.0,0.0,0.5957095544460341,0.0,0.1021059781853434,0.120646546309174,Rivers,0.13967337410726688
37,7172.77,121,2,41200.67,20600.335,0.0,0.9212296790319188,0.0787703209680813,0.0,0.0,0.0,0.0,0.0,0.0,Anambra,0.14743158171587967
35,137770.17,49,8,90321.07,11290.13375,0.2940213175065352,0.0458050375178239,0.1561490580215668,0.364410319762598,0.0,0.1396142671914759,0.0,0.0,0.0,Enugu,0.41955275003010817
38,8854.74,293,3,9751.98,3250.66,0.1456791338784534,0.688716547819007,0.0,0.0,0.0,0.1656043183025396,0.0,0.0,0.0,Oyo,0.10387329393872909
35,9593.33,82,8,39710.27,4963.7837500000005,0.1328822493526233,0.0253941864409383,0.1558997206516097,0.08461664954683,0.0,0.0,0.5146036529089325,0.0,0.0866035410990658,Plateau,0.32881551518561236
32,41860.85,98,5,10919.9,2183.98,0.3431487467833954,0.0292200478026355,0.2857947417100889,0.1097528365644374,0.0,0.0,0.0,0.2320836271394426,0.0,Lagos,0.21385633639047696
40,79213.67,91,7,55520.97,7931.567142857143,0.0,0.2162687359388714,0.1528152335955225,0.4004054684203104,0.0,0.0,0.0179144924881535,0.212596069557142,0.0,Plateau,0.3228015288489706
42,12034.59,51,3,4504.2,1501.4,0.0,0.0,0.0,0.0,0.0,0.0,0.0,1.0,0.0,Plateau,0.16088101411069092
18,29432.93,39,6,34342.43,5723.738333333334,0.0,0.0,0.1416239328434243,0.2141883961035954,0.0,0.2867601389884175,0.1705936359191821,0.0,0.1868338961453805,Kano,0.2782895679787702
22,56159.53,128,5,27003.29,5400.658,0.3829770372424989,0.5161097036694418,0.0,0.0,0.0,0.0,0.0,0.1009132590880592,0.0,Delta,0.209344448245514
20,20230.25,272,7,80431.49,11490.212857142858,0.1794442698997619,0.0111512294500574,0.5582350892666542,0.0810330630453321,0.0,0.0,0.0,0.1701363483381944,0.0,Rivers,0.23111044517215837
37,14195.41,290,7,126519.45,18074.207142857143,0.1880320377617828,0.0360633088430276,0.0769477736427086,0.0,0.0,0.0154565167648136,0.5868051908224388,0.0966951721652283,0.0,Cross River,0.2778296080448047
32,93156.73,9,6,51631.29,8605.215,0.4966926063633118,0.046757886545155,0.0,0.0,0.0,0.0,0.0,0.0,0.456549507091533,Kaduna,0.31141991251416584
68,14089.25,120,6,21012.91,3502.151666666666,0.0,0.1890395000026174,0.0,0.742382659041513,0.0,0.0,0.0,0.0685778409558695,0.0,Ogun,0.22129021415558794
18,58302.42,342,2,6669.27,3334.635,0.0,0.0,0.0,0.0,0.0,0.7319676666261825,0.0,0.2680323333738175,0.0,Lagos,0.09555264625755147
37,22188.61,152,4,26946.31,6736.5775,0.7565006117720757,0.1141722187564828,0.0,0.0,0.0,0.1293271694714415,0.0,0.0,0.0,Imo,0.15121562044185557
50,25952.18,194,4,18671.87,4667.9675,0.0,0.0672428631947416,0.0,0.0,0.0,0.6219323506429726,0.0,0.1228612881302194,0.1879634980320664,Lagos,0.1600327841715927
42,117849.69,33,6,53199.33,8866.555,0.2593745071601465,0.0,0.478240797393501,0.0,0.0,0.1106534612371997,0.1517312342091526,0.0,0.0,Kaduna,0.3294829608909847
47,45223.24,185,4,52398.78,13099.695,0.8087186381056963,0.0,0.0,0.0,0.0,0.0098885890091334,0.0,0.0,0.1813927728851702,Plateau,0.153420210762805
32,126258.31,41,7,95632.49,13661.784285714286,0.69833432131695,0.0,0.0,0.1446742628995647,0.0,0.0,0.1341155082336557,0.0025279065723374,0.020348000977492,Enugu,0.37276514361726276
27,9567.02,212,2,14381.77,7190.885,0.6441877460145725,0.0,0.0,0.0,0.0,0.0,0.0,0.3558122539854274,0.0,Kano,0.10161419153446541
38,9408.69,29,4,27962.44,6990.610000000001,0.0,0.0,0.676653396484713,0.0,0.0,0.0,0.1749664907640391,0.0909169586059013,0.0574631541453464,Oyo,0.1943475930121125
40,41845.29,31,5,39169.02,7833.803999999999,0.0458293314461275,0.3092543545894178,0.1230572018396171,0.0,0.5218591121248375,0.0,0.0,0.0,0.0,Kaduna,0.27578939551581366
78,27337.3,114,5,66724.75,13344.95,0.0,0.0,0.7283138565524787,0.0,0.0,0.0,0.0,0.1391948265074054,0.1324913169401159,Plateau,0.2186538558013724
29,16278.81,26,5,19376.34,3875.268,0.0,0.0,0.1808463311440653,0.2462203904349325,0.0,0.0,0.0,0.4113738714328919,0.1615594069881102,Oyo,0.22096849341882271
58,60015.42,176,3,6457.31,2152.436666666667,0.0,0.3443910854519916,0.0,0.0,0.0,0.0,0.0,0.6556089145480084,0.0,Imo,0.14812535733028515
21,90463.86,5,7,67350.45999999999,9621.494285714283,0.0,0.0,0.0,0.0426683054577504,0.013562936318475,0.0,0.0547792843582657,0.0561433433416787,0.8328461305238303,Kaduna,0.3798814420043255
49,8262.0,35,8,55406.740000000005,6925.842500000001,0.1106114526860811,0.0976254874406976,0.0,0.5930744165781996,0.0,0.1986886432950215,0.0,0.0,0.0,Imo,0.34675157322153416
44,81500.59,31,7,44735.05,6390.721428571429,0.0,0.0593447419864289,0.0,0.1170764311205642,0.0,0.0255636240487045,0.5018881168122088,0.0,0.2961270860320933,Imo,0.3582240283789404
49,57494.74,228,2,7253.73,3626.865,0.0,0.0,0.0190853533285633,0.0,0.0,0.0,0.0,0.0,0.9809146466714368,Kwara,0.09621773041462958
45,16695.21,138,6,19434.81,3239.135,0.0,0.0,0.0,0.4336857422326228,0.0,0.0487038463458094,0.5176104114215678,0.0,0.0,Edo,0.24106329586710873
33,356618.83,173,4,38485.77,9621.4425,0.1569341083730427,0.0,0.0,0.588632369834357,0.0,0.0158375420317691,0.0,0.0,0.238595979760831,Delta,0.2730105349407961
74,11593.61,59,6,36725.3,6120.883333333334,0.1361919439732282,0.0602086300179984,0.543298489052506,0.0,0.0,0.0,0.0296190909264185,0.0,0.2306818460298486,Anambra,0.2357126649240391
28,44328.2,36,7,88803.99,12686.284285714286,0.0899508006340706,0.308537825834177,0.0784969233927439,0.0776295074128989,0.0,0.0845735647688803,0.3608113779572292,0.0,0.0,Kano,0.3834141045773156
28,25795.85,70,9,111472.58,12385.842222222222,0.0,0.0069378496487656,0.1729265618504568,0.0,0.0,0.0,0.0214250894704329,0.5807745725451048,0.2179359264852396,Rivers,0.4269175489003834
27,51710.73,34,3,67813.29000000001,22604.430000000004,0.6592250575071641,0.0,0.0,0.0,0.0,0.0,0.3264809891984299,0.0,0.0142939532944058,Ogun,0.2020449653482125
26,12035.87,300,5,69910.48,13982.096,0.0,0.1135107354433841,0.7575164696337373,0.0229843937561292,0.0,0.0,0.0251282783353797,0.0808601228313695,0.0,Kwara,0.16466798389263212
30,89041.39,103,8,406557.68,50819.71,0.0,0.0157992341947641,0.0034188014846995,0.6939595385333762,0.0,0.0016453261933214,0.0077573494614589,0.2737587197959217,0.003661030336458,Lagos,0.6718379137681444
27,16464.79,245,4,31148.36,7787.09,0.8386473637777399,0.0,0.0967957863592176,0.0,0.0,0.0,0.0,0.0645568498630425,0.0,Lagos,0.13858386770049957
58,12110.29,227,8,96343.15,12042.89375,0.5347123277576039,0.0853691206899504,0.064390462632787,0.0,0.0,0.2023662294620841,0.0647064165952639,0.0484554428623104,0.0,Kaduna,0.295975331217068
35,16514.04,134,5,48607.99,9721.598,0.0,0.0,0.135876221172692,0.1671542065409411,0.0,0.0,0.0626427877392173,0.4058182615656397,0.2285085229815098,Edo,0.21812843911285357
44,73609.65,68,4,22743.42,5685.855,0.0,0.0,0.0,0.2029791473753727,0.0,0.0,0.0356740542979024,0.7613467983267249,0.0,Edo,0.2205511245768399
37,148217.0,45,6,83856.78,13976.13,0.5830430169152692,0.0,0.0404923728290067,0.1165463305411917,0.0,0.0,0.0,0.0598557445205981,0.2000625351939342,Kwara,0.3203215129201943
58,25474.86,70,4,54304.83,13576.2075,0.0,0.0,0.0194934778361335,0.0,0.0,0.0,0.0470737133326814,0.8862467666319921,0.0471860421991929,Kaduna,0.2319132474133346
30,11984.21,56,7,179339.62,25619.94571428572,0.0,0.2973280527749529,0.0893111070492956,0.0,0.0,0.0,0.0177812354013017,0.0133737876772572,0.5822058170971925,Kwara,0.3902914853061275
18,35271.65,56,7,78985.24,11283.605714285715,0.0930323184432939,0.1002341703335965,0.0,0.0,0.0,0.0,0.0573585647141162,0.5061049380871666,0.2432700084218266,Rivers,0.3335517671341762
41,56015.83,4,5,43830.12,8766.024,0.0,0.0053965172808105,0.0,0.0,0.037841101051058,0.4597762908246658,0.0,0.3628242404994556,0.13416185034401,Rivers,0.25820806792156176
27,12770.97,11,7,314353.4,44907.62857142857,0.0723040374304842,0.8213585410560216,0.0,0.0,0.0,0.0,0.0896633215991937,0.0015227129720881,0.0151513869422121,Plateau,0.559602586769428
24,38203.68,126,8,52887.52,6610.94,0.2229962758699973,0.0337361252711414,0.0,0.5860817448048234,0.0,0.0154212184651501,0.0,0.0515575319092292,0.0902071036796582,Delta,0.3121386004926638
32,41987.23,35,2,5338.73,2669.365,0.0,0.8030467920273174,0.1969532079726826,0.0,0.0,0.0,0.0,0.0,0.0,Anambra,0.1506742814187732
44,186843.08,42,4,75803.17,18950.7925,0.0,0.0,0.0460687857776924,0.7069679275945847,0.0,0.0,0.2469632866277227,0.0,0.0,Delta,0.3033044409205133
42,100377.88,309,3,59359.22,19786.406666666662,0.0,0.0,0.0,0.0,0.0,0.924604804443185,0.0174195348254239,0.0,0.057975660731391,Abuja FCT,0.142248868199791
60,204909.09,101,5,26276.6,5255.320000000001,0.381265460523812,0.4094304438169321,0.163872418806086,0.0,0.0,0.0,0.0,0.0,0.0454316768531697,Enugu,0.26659029881932494
56,31624.24,292,3,51110.78999999999,17036.929999999997,0.7150317966128091,0.0,0.0,0.0,0.0,0.0,0.0918555553533803,0.1931126480338104,0.0,Lagos,0.1274501784363986
38,46806.2,92,5,15616.12,3123.224,0.0,0.0,0.536966929045115,0.2941025043352638,0.0,0.1138253292110972,0.055105237408524,0.0,0.0,Oyo,0.20235079180296583
29,134311.66,83,9,64091.8,7121.311111111111,0.0,0.7707455555936953,0.00643405240608,0.086594853007717,0.0,0.0306206098127997,0.1056049291797078,0.0,0.0,Rivers,0.4570050887318539
41,10882.69,9,5,91931.22,18386.244,0.0887087107078531,0.0,0.0,0.6049108235483005,0.0,0.3063804657438463,0.0,0.0,0.0,Edo,0.2814803393223764
43,14900.07,583,1,307.0,307.0,1.0,0.0,0.0,0.0,0.0,0.0,0.0,0.0,0.0,Rivers,0.034913654321594004
35,238680.07,17,6,58969.490000000005,9828.248333333337,0.0792504734227818,0.0,0.0,0.0,0.040972204439957,0.0,0.2456120953394713,0.0,0.6341652267977899,Edo,0.3967538368733788
47,28987.95,369,5,20574.19,4114.838,0.0,0.0,0.1454526277826733,0.0,0.0,0.0,0.0643354610801203,0.7902119111372063,0.0,Abuja FCT,0.14456246708244125
48,5306.11,45,5,97622.38,19524.476,0.2764703134670554,0.0726096823289905,0.0,0.0,0.0,0.6381969994995,0.0,0.0,0.012723004704454,Abuja FCT,0.25963640502732693
22,23457.47,82,10,140012.56,14001.256,0.0227293894204919,0.0023482893249005,0.0987944938654075,0.1649154904388577,0.0108256716397443,0.0113764079451157,0.5735372598001208,0.0791072600915232,0.036365737473838,Oyo,0.5040684278975504
25,9895.2,58,2,39328.95,19664.475,0.0,0.0,0.6280968599466805,0.0,0.0,0.0,0.0,0.3719031400533195,0.0,Cross River,0.15403791635345443
21,27125.75,51,5,32845.72,6569.144,0.0,0.0,0.5554732854082662,0.102650208307201,0.0,0.3418765062845326,0.0,0.0,0.0,Plateau,0.22076206750498817
41,96301.33,113,5,107232.18,21446.436,0.0,0.0298817948119678,0.0878986140167998,0.0,0.0,0.6751819276638785,0.0,0.2070376635073538,0.0,Imo,0.28521398362628114
18,42598.32,73,6,51240.14,8540.023333333333,0.0,0.0,0.0386794415471932,0.2563162395731159,0.0,0.5828139813825646,0.1130346248078166,0.0,0.0091557126893095,Rivers,0.26583545970239003
53,103179.57,75,4,54512.53,13628.1325,0.0,0.1171706761729826,0.0,0.0,0.0,0.7763389444591913,0.0,0.0,0.106490379367826,Lagos,0.24424238943857604
20,34278.68,221,8,275848.4,34481.05,0.0,0.0,0.0355500702559811,0.7186524192273728,0.0,0.0,0.1493181037120389,0.0,0.0964794068046071,Imo,0.46307645337584646
37,36236.485,109,7,57706.95,8243.85,0.2245240824545397,0.1741708754318154,0.1862678585508331,0.0,0.0,0.0,0.004398430345045,0.1297204236231511,0.2809183295946156,Unknown,0.2788961512776803
59,55839.72,5,10,56817.060000000005,5681.706,0.0233461569465227,0.1959209082624127,0.0777162704300433,0.3248335975145493,0.0,0.0696757276775672,0.1065579598803598,0.1024808393816927,0.0994685399068519,Kaduna,0.4963760475540866
21,20826.08,5,4,213621.0,53405.24999999999,0.113573993193553,0.0,0.0008817017053566,0.0,0.0,0.0,0.0,0.0,0.8855443051010902,Kwara,0.3344022397554128
38,67100.95,57,9,133282.04,14809.115555555556,0.0686889246293048,0.7051353655751368,0.0,0.0,0.0,0.0,0.0231350750633768,0.0748185576991468,0.1282220770330346,Anambra,0.47965552835623654
22,11921.41,159,7,141950.64,20278.66285714286,0.0,0.0763229387341966,0.0,0.0439792310904691,0.0,0.7483674606891522,0.0,0.0,0.1313303694861819,Kaduna,0.3345940920083208
41,48356.41,89,9,66175.09,7352.787777777778,0.0,0.0,0.0,0.1668801659355507,0.0,0.0,0.1682587813631987,0.2683887547413989,0.3964722979598516,Ogun,0.39193151082051014
33,5777.42,158,6,32169.61,5361.6016666666665,0.0,0.2535035395206843,0.0,0.0,0.0,0.4307612059953478,0.0751923943125204,0.0142901950008097,0.2262526651706377,Ogun,0.21204866062997746
54,2191.2,62,5,24366.63,4873.326,0.0,0.4742174030631236,0.0673511273409576,0.0,0.0,0.268870582431793,0.1895608871641257,0.0,0.0,Anambra,0.2164066355055101
34,104872.0,209,2,3503.52,1751.76,0.4934123395898981,0.0,0.0,0.0,0.0,0.0,0.0,0.5065876604101018,0.0,Ogun,0.11167892059444273
32,10634.98,200,2,42678.66,21339.33,1.0,0.0,0.0,0.0,0.0,0.0,0.0,0.0,0.0,Kano,0.11010720302817714
32,71932.35,84,3,20580.48,6860.16,0.0,0.0,0.0,0.1268396072394813,0.0,0.0,0.5527276331747364,0.0,0.3204327595857822,Delta,0.1825649063771953
46,169771.77,156,7,99189.45,14169.921428571428,0.1199632622219399,0.0,0.0,0.5357127194474816,0.0,0.3131588087241133,0.0293354787227875,0.0,0.0018297308836776,Imo,0.3606629472382685
24,25958.46,15,10,129125.55,12912.554999999998,0.5461097358346199,0.0030154373011383,0.1227399225017821,0.0,0.0,0.0938021948406028,0.0607133135154119,0.1186758933456624,0.0549435026607824,Kano,0.5008230032174212
38,8081.03,46,4,19151.78,4787.945,0.0,0.0,0.0,0.3687584130561233,0.0,0.3910524243699541,0.0,0.2401891625739226,0.0,Abuja FCT,0.19210845424046052
35,25956.05,35,10,80413.18000000001,8041.318000000001,0.2501716758372197,0.3070690650463021,0.0,0.0118760382315436,0.0,0.1307390156688244,0.0902595818247705,0.2098846233913395,0.0,Enugu,0.4661278061782305
18,107971.6,97,4,29426.32,7356.58,0.0,0.7107137419833672,0.0536509492182508,0.017846947902422,0.0,0.0,0.0,0.2177883608959598,0.0,Lagos,0.2475065578271157
29,225202.81,182,4,149112.16,37278.04,0.0,0.0,0.6654457959699598,0.1255894891469615,0.0,0.0,0.0,0.0,0.2089647148830786,Oyo,0.30312805393386777
35,91205.45,20,6,40636.28,6772.713333333333,0.0,0.0,0.0613107302144783,0.0577875238579909,0.0,0.0,0.0,0.1464331872897814,0.7344685586377493,Lagos,0.3173178091078326
46,16406.25,50,3,17202.17,5734.056666666666,0.1744210178134503,0.0,0.2801989516438914,0.0,0.0,0.0,0.0,0.0,0.5453800305426583,Enugu,0.15150230645895657
27,20845.7,497,4,18313.225,4578.30625,0.0,0.654347063392712,0.0,0.0,0.0,0.0,0.1886232490454302,0.0,0.1570296875618576,Oyo,0.09474346643747619
40,55673.92,126,3,9112.48,3037.4933333333333,0.0751387108668551,0.0,0.6268425280494443,0.0,0.0,0.2980187610837006,0.0,0.0,0.0,Enugu,0.14276437491039817
32,241438.63,36,2,6914.41,3457.205,0.0,0.0,0.5880588510082567,0.0,0.0,0.0,0.0,0.4119411489917433,0.0,Lagos,0.22223194304369437
36,28479.32,89,12,145000.68000000002,12083.39,0.0713306999663725,0.2001747164220195,0.0612626092512118,0.4714139271622726,0.0,0.0123332525061261,0.0,0.1021308313864459,0.0813539633055514,Plateau,0.5707804872823278
36,21193.98,54,8,257989.31,32248.66375,0.7846697989153117,0.0,0.0434780030226833,0.0474168096344767,0.0,0.0,0.0,0.0,0.1244353884275282,Delta,0.4716986278302993
26,19498.01,3,2,5147.219999999999,2573.61,0.0,0.871388827367006,0.0,0.0,0.0,0.0,0.1286111726329941,0.0,0.0,Anambra,0.15829802018866762
42,3604.62,28,5,58223.46,11644.692,0.2778958859538749,0.0,0.0,0.0,0.0,0.0,0.4057027871583036,0.3164013268878215,0.0,Lagos,0.27562272764916823
48,160179.22,338,5,112130.17,22426.034,0.0420764545349391,0.0,0.0,0.8550542641645866,0.0,0.0,0.0084981588808792,0.0244638887107724,0.0699072337088225,Plateau,0.2253704453860847
26,42013.52,176,3,480299.3941500111,160099.79805000368,0.0,0.0014474721568831,0.9789008894797088,0.0,0.0,0.019651638363408,0.0,0.0,0.0,Plateau,0.5584177025063412
42,31471.66,110,7,107797.2,15399.600000000002,0.0,0.0784486981108971,0.6000347875455022,0.0,0.0,0.1664158252718994,0.0,0.1187290578976077,0.0363716311740935,Kwara,0.3164838338070485
39,7302.45,133,6,67058.34,11176.39,0.0,0.0021041379789598,0.085718346144566,0.0,0.0,0.0420181889381693,0.0,0.8627308698664478,0.0074284570718571,Imo,0.26038372403600857
42,61570.23,83,6,106626.15,17771.025,0.0,0.0,0.0,0.0825276913777717,0.0,0.0069817769843513,0.0423558386005684,0.8374887398635324,0.0306459531737758,Delta,0.32916287358333385
35,7725.83,302,6,84495.06,14082.51,0.0217171276048564,0.0,0.4053496145218431,0.0,0.0,0.225764914540566,0.3471683433327345,0.0,0.0,Kaduna,0.21976009018919612
44,11153.3,48,4,80180.77,20045.1925,0.0,0.0,0.1467723495296939,0.0,0.0,0.8024097299140431,0.0416304308377183,0.0091874897185447,0.0,Ogun,0.21689167380604973
35,118482.83,95,4,19529.89,4882.4725,0.0,0.3929407692516444,0.2301354487915702,0.3072116637625711,0.0,0.0,0.0,0.0,0.069712118194214,Kwara,0.20709771552211512
39,142507.34,502,2,4293.73,2146.865,0.0,0.0,0.4158598700896423,0.0,0.0,0.0,0.5841401299103577,0.0,0.0,Kaduna,0.08976020910513148
34,78106.38,151,5,45941.86,9188.372,0.2447532598810757,0.0,0.0,0.1498966302191509,0.0,0.4957259022599433,0.10962420763983,0.0,0.0,Plateau,0.21078058402218086
21,39825.38,108,6,22358.22,3726.37,0.4223677019011352,0.0641992072714196,0.0,0.0,0.0,0.0,0.0,0.3754789066392584,0.1379541841881867,Delta,0.2289198678583118
39,134404.19,40,10,102009.33,10200.933,0.0473922336319628,0.0,0.032371254668568,0.0,0.0,0.0736640462200859,0.8465724654793831,0.0,0.0,Enugu,0.5690578057250647
34,54303.07,115,5,46113.86,9222.772,0.3630129856836968,0.0,0.0,0.4728732316054218,0.0,0.0,0.0690397637499875,0.0430855278651581,0.0519884910957356,Ogun,0.21332676213957605
32,115027.72,116,5,19149.445,3829.889,0.0,0.6803792485891889,0.0,0.0,0.0,0.1330973299748374,0.1865234214359737,0.0,0.0,Anambra,0.24305906604687702
37,16177.42,106,3,11808.59,3936.196666666666,0.0,0.0,0.0,0.8469182180090934,0.0,0.0275358870110656,0.0,0.0,0.1255458949798409,Kwara,0.1391655942481154
58,26865.75,97,4,44485.02,11121.255,0.0,0.3824170473566158,0.5221240768240635,0.0735876931155701,0.0,0.0,0.0218711827037506,0.0,0.0,Plateau,0.19377603799115165
48,13990.82,312,5,79026.08,15805.216,0.0,0.8615775956494363,0.0,0.0218874579126283,0.0391127840328154,0.031560973288818,0.0458611891163018,0.0,0.0,Imo,0.18936685404318782
50,86507.18,148,5,52436.46,10487.292,0.0,0.0,0.0,0.6980585645941774,0.0,0.0,0.1397338798233137,0.0,0.1622075555825088,Kano,0.23980441793593674
25,29742.92,49,4,56107.91,14026.9775,0.0,0.733893313794793,0.0,0.0273911468097813,0.0,0.171274781042459,0.0,0.0,0.0674407583529666,Kaduna,0.2450963310658309
35,12163.75,58,4,15362.77,3840.6925,0.0,0.0,0.0757610769412026,0.0,0.0,0.0,0.7857775648532134,0.0,0.138461358205584,Kaduna,0.21771688396895394
55,177732.94,727,1,1388.3,1388.3,0.0,0.0,0.0,1.0,0.0,0.0,0.0,0.0,0.0,Oyo,0.04312039725378264
43,47888.04,114,3,9264.22,3088.0733333333337,0.0,0.0,0.0,0.085554963072984,0.0,0.914445036927016,0.0,0.0,0.0,Delta,0.14211813369289605
35,121580.68,73,7,158294.65,22613.52142857143,0.0166970898890139,0.0,0.0621924998728636,0.0137693219575014,0.0,0.0,0.8417680572274553,0.0655730310531657,0.0,Rivers,0.46376849148956784
42,10275.72,58,13,65971.04,5074.695384615384,0.2982974044368559,0.0,0.1047874946340091,0.0,0.0,0.1099044368559295,0.1075969091892442,0.2938613670483291,0.0855523878356321,Rivers,0.5478163683510587
62,33971.36,8,7,23977.94,3425.42,0.0,0.0,0.2085421016150678,0.2647683662566509,0.0,0.152236180422505,0.0,0.0,0.3744533517057762,Rivers,0.29186858749625944
49,25811.21,219,3,47654.68,15884.893333333332,0.0,0.0,0.0,0.8601845610966226,0.0,0.0,0.0754874442552127,0.0643279946481646,0.0,Delta,0.14109561800697
37,34919.28,122,4,32794.01,8198.5025,0.0,0.3663626375670435,0.0,0.0,0.0,0.0663294912698996,0.3228998222541251,0.2444080489089319,0.0,Unknown,0.19414863621160894
38,48798.34,517,4,25177.13,6294.282499999999,0.0,0.0673412736082309,0.7681566564576662,0.0,0.0,0.0,0.0,0.1450153373319357,0.0194867326021671,Ogun,0.09028290618660006
30,23707.06,110,5,194366.17,38873.234,0.8996936040875837,0.0,0.0482388473261576,0.0,0.0,0.0,0.0,0.0520675485862586,0.0,Cross River,0.29194609901416424
67,18408.99,135,6,209047.95,34841.325000000004,0.0,0.0317171730217875,0.1978486753876323,0.0,0.0,0.0,0.7211412022935407,0.0237530193431698,0.0255399299538694,Anambra,0.3771720790561607
45,24459.62,201,4,29037.370000000003,7259.342500000001,0.0,0.5651410578850632,0.0,0.1744307421780967,0.0,0.0,0.0,0.0,0.2604281999368399,Kaduna,0.17104567678577765
51,17366.84,274,4,211486.55,52871.6375,0.0,0.0,0.0569513758676379,0.0,0.0,0.0,0.9341639929347751,0.0,0.0088846311975867,Ogun,0.2770264333335472
29,24056.75,82,2,196280.25,98140.125,0.0,0.0,0.0,0.4195602970752278,0.0,0.0,0.0,0.5804397029247721,0.0,Oyo,0.30011583654542406
31,114528.27,28,9,140979.91,15664.434444444443,0.0478508604523864,0.2974699728493231,0.0,0.0052035782970779,0.0,0.3077598077626805,0.0,0.1935571529305133,0.1481586277080188,Cross River,0.5168406021293072
47,184516.16,70,3,11507.17,3835.723333333333,0.0,0.4308366001371319,0.3054956170804811,0.263667782782387,0.0,0.0,0.0,0.0,0.0,Delta,0.2082155500480204
56,4695.55,394,4,70184.04000000001,17546.010000000002,0.8314314764439322,0.0666182795974697,0.0,0.0617322684758529,0.0,0.040217975482745,0.0,0.0,0.0,Ogun,0.10729393215219374
45,29073.67,8,6,14523.33,2420.555,0.4258355349634003,0.0121094817786279,0.1576456639076575,0.2682862676810346,0.0,0.0,0.0,0.1361230516692797,0.0,Enugu,0.25162259405221327
36,31962.61,1,5,34600.91,6920.182000000001,0.0,0.0,0.0428173709882196,0.0,0.0,0.4956537270262545,0.2162486477956793,0.2452802541898464,0.0,Lagos,0.2760323181082455
36,9751.5,360,5,140615.6,28123.120000000003,0.0,0.0,0.1592287768924642,0.3537230577546161,0.0,0.0,0.4870481653529196,0.0,0.0,Imo,0.2080223737675101
41,70192.21,110,5,16644.55,3328.91,0.0,0.1045891898549375,0.6700811977494135,0.0398472773370262,0.0,0.1854823350586228,0.0,0.0,0.0,Kaduna,0.22315929798712933
22,59222.86,127,7,47520.75,6788.678571428572,0.0,0.8722046684869241,0.0081892646896355,0.0573277989088977,0.0,0.0,0.0,0.0,0.0622782679145426,Kwara,0.30276577572860475
52,6488.5,78,5,543755.9141500111,108751.18283000225,0.0,0.0165018710904991,0.0053562819717607,0.0,0.0,0.8646627869509518,0.0986440765133495,0.0,0.0148349834734387,Anambra,0.6357378795773796
37,22905.68,68,5,29821.66,5964.332,0.0,0.4889667443059843,0.2478752021181919,0.1794162363865727,0.0,0.083741817189251,0.0,0.0,0.0,Cross River,0.22544372212460384
35,27784.92,23,7,420191.65,60027.37857142858,0.0119086136052441,0.0454202504976003,0.5899543458324314,0.0,0.0,0.0,0.0,0.0,0.352716790064724,Cross River,0.6162967996849218
18,39971.64,40,5,58921.44,11784.288,0.0,0.5392464949940123,0.0681811238829193,0.0,0.0,0.1014681582799062,0.0,0.0,0.291104222843162,Ogun,0.25953549066247655
35,84361.57,95,6,14952.58,2492.096666666667,0.2080604149919278,0.0,0.4229363761972851,0.0,0.0,0.1921420918664204,0.1768611169443668,0.0,0.0,Rivers,0.2445261977130265
40,57987.88,26,10,35125.21,3512.521,0.3161689282427066,0.1776897561608884,0.1039273501852373,0.1376620951162996,0.0,0.0,0.0347263404261497,0.2298255298687182,0.0,Kano,0.4528559781613329
37,26480.91,137,5,55969.39,11193.878,0.0,0.0447775114218682,0.0,0.0724331639133462,0.0,0.0,0.3987817269403865,0.0,0.484007597724399,Enugu,0.2231971250007007
55,13878.84,5,5,87363.5,17472.7,0.0,0.0423189318193524,0.0,0.3370310255427037,0.0530844116822242,0.0,0.0838239081538628,0.0,0.4837417228018566,Anambra,0.26910799238593885
24,21323.84,105,8,91546.11,11443.26375,0.4788101864732428,0.0,0.0,0.2438412729934674,0.0,0.0,0.2559301536679166,0.0,0.021418386865373,Delta,0.34290534707870896
37,36236.485,68,8,64463.38,8057.9225,0.0,0.3913409442694442,0.0,0.0502928949738595,0.0,0.082764353963444,0.0,0.1520109556774714,0.3235908511157808,Unknown,0.35186898712876835
37,23275.65,100,7,60006.14,8572.305714285714,0.2210225486925171,0.0352992210463795,0.2254807591356484,0.0,0.0,0.5181974711254548,0.0,0.0,0.0,Unknown,0.2719232527339601
59,19752.85,143,10,201436.82,20143.682,0.1128722643655712,0.4322016203393203,0.0,0.0136312219384718,0.0105828219488373,0.0,0.4238406861267964,0.0,0.0068713852810027,Delta,0.5247660907963846
29,4163.8,2,6,100360.16,16726.693333333333,0.0,0.7168374382822826,0.0902110957176632,0.045997236353549,0.0,0.0,0.0,0.0567997300921003,0.0901544995544048,Kwara,0.33000846475121093
32,79503.35,80,7,67668.01000000001,9666.858571428573,0.0,0.4927187898683587,0.0,0.0,0.0,0.1085860216666634,0.3031633411415526,0.0874636331111259,0.0080682142122991,Imo,0.3632259816115572
61,28571.06,189,4,75851.9,18962.975,0.0,0.0,0.0,0.0429547578900462,0.1592040542161765,0.0,0.7719295100056822,0.0,0.025911677888095,Cross River,0.2090207938869001
58,24822.41,8,12,125369.82,10447.485,0.0607154895811448,0.2184914200243727,0.061657023995089,0.0986292394772521,0.0070520161869898,0.3533422956178768,0.0219239367177842,0.0509528529274429,0.1272357254720474,Cross River,0.5874482063082458
29,25650.54,53,8,550014.7441500111,68751.84301875139,0.0,0.0,0.8562971432299588,0.1015711498540541,0.0,0.0,0.0216546194928032,0.0,0.020477087423184,Kwara,0.7259139404064047
25,216551.22,225,8,60342.94,7542.8675,0.4492151028769894,0.0,0.3205798391659405,0.0,0.0201516532008549,0.210053404756215,0.0,0.0,0.0,Imo,0.3480776875971592
35,13305.17,107,3,39146.08,13048.693333333336,0.0916416152013177,0.1354756338310247,0.0,0.0,0.0,0.0,0.7728827509676576,0.0,0.0,Enugu,0.1823484809750348
57,70426.87,172,1,514.64,514.64,0.0,0.0,0.0,1.0,0.0,0.0,0.0,0.0,0.0,Ogun,0.09699789311847913
45,51967.61,17,7,70132.65000000001,10018.95,0.7431224971536082,0.0610287790351569,0.0297730087199043,0.061085386050577,0.0,0.0,0.0,0.026727351668588,0.0782629773721654,Anambra,0.3127107979412069
32,90405.82,89,7,154918.83000000002,22131.26142857143,0.0351021241252596,0.038058704677798,0.0,0.0,0.853034715018181,0.0490982277622416,0.0006454993237426,0.0240607290927771,0.0,Kaduna,0.4451705678320665
26,40426.38,431,6,102775.92,17129.320000000003,0.475072079140717,0.4815056873244239,0.0,0.0,0.0,0.0149330699253288,0.0,0.0,0.0284891636095303,Oyo,0.17273251012309912
34,28069.79,73,11,106414.35,9674.031818181817,0.0,0.0,0.0,0.5765462082886378,0.0,0.2914169000703382,0.0511275969829257,0.0,0.0809092946580982,Rivers,0.4978003139683372
25,7961.88,170,4,30946.84,7736.709999999999,0.0,0.0,0.0641206016510894,0.0,0.0,0.0,0.6600405728016172,0.2758388255472934,0.0,Anambra,0.17642755474531888
60,20775.12,239,6,18188.65,3031.441666666667,0.1222383189516539,0.0453524588136007,0.0953996035989477,0.0,0.0,0.0673628883946857,0.0,0.2423797258180239,0.4272670044230879,Cross River,0.17741881363027148
30,83360.54,1,8,65481.16,8185.145,0.0,0.4717320218517815,0.0455155345445926,0.0711560393859852,0.0,0.139064121649647,0.0364616326283773,0.230281045723686,0.0057896042159302,Edo,0.43599870301233784
62,8456.32,47,5,172611.00000000003,34522.200000000004,0.0652890024390102,0.0,0.0,0.0490110711368336,0.0,0.8674672529560687,0.0,0.0182326734680872,0.0,Lagos,0.3354626122204582
18,60289.15,347,4,16796.149999999998,4199.037499999999,0.0,0.0,0.0555859527332156,0.0,0.0906606573530243,0.0,0.2996049689958711,0.0,0.554148420917889,Edo,0.13190072364085675
25,39637.76,48,4,45584.69,11396.1725,0.0,0.1486814981082464,0.0,0.0,0.0,0.0,0.0,0.1082738524710818,0.7430446494206716,Enugu,0.21024838754281314
62,8128.09,34,6,17805.7,2967.616666666667,0.375698231465205,0.0,0.025866436028912,0.0,0.0,0.257129458544174,0.0,0.0538973474786164,0.2874085264830925,Kaduna,0.24305469378235128
52,18246.98,25,11,61548.83,5595.348181818182,0.5273244024297457,0.0217594713010791,0.1015301184441686,0.1320470267265844,0.0,0.0,0.0444172537479591,0.0560459069652501,0.1168758203852128,Oyo,0.4564896518506986
18,17234.68,149,9,60827.41,6758.601111111111,0.0844745814428067,0.3790361943735563,0.2128305314988753,0.0,0.1434746276390857,0.0,0.0564515240744263,0.1237325409712496,0.0,Abuja FCT,0.37025907411023945
22,116261.31,246,6,58313.96,9718.993333333334,0.0,0.0,0.0,0.175981188723935,0.0,0.0997718213614716,0.2313192244189899,0.0,0.4929277654956034,Ogun,0.23860610666641924
43,98157.47,3,7,165480.90000000002,23640.128571428573,0.4398254420902956,0.0,0.0,0.3379548334581211,0.0,0.0,0.0213355740753162,0.0,0.2008841503762669,Ogun,0.42928870313023165
42,175343.72,150,5,82436.16,16487.232,0.0,0.0,0.0,0.6038920299053232,0.0,0.0,0.3042514352924736,0.0405325769662245,0.0513239578359787,Kaduna,0.31387170746003595
18,29263.35,287,2,26741.66,13370.83,0.0,0.4438307120799531,0.0,0.0,0.0,0.0,0.5561692879200468,0.0,0.0,Kwara,0.11396271167588044
27,9009.15,87,8,191170.11,23896.26375,0.0047947872185667,0.0,0.025554831767372,0.0,0.3441319356880634,0.1331905913534286,0.1643281996333004,0.245941010338907,0.0820586440003617,Kwara,0.44302713210381955
39,24191.32,80,9,56363.01,6262.556666666667,0.2117156269688223,0.0,0.0943459194248142,0.0358974795703778,0.0880298976225719,0.0859434228228762,0.4840676535905375,0.0,0.0,Anambra,0.38318315609582715
22,123717.23,8,9,45259.5,5028.833333333333,0.0700823031628718,0.2104963598802461,0.041672356079939,0.066920536020062,0.0,0.3287367293054496,0.0652389001204167,0.1068337034213811,0.1100191120096333,Ogun,0.44942542620285003
28,45953.16,101,12,56422.99,4701.9158333333335,0.1010510077541087,0.0282788983710363,0.0768498798096308,0.13499390939757,0.0571899858550566,0.1268447489223807,0.4340486032377937,0.040742966652423,0.0,Ogun,0.5207889698531036
18,82967.93,137,3,67826.55,22608.85,0.0,0.0,0.0,0.0,0.0,0.0,0.6259920340928441,0.2375925061793648,0.1364154597277909,Kwara,0.2077868306278326
26,8608.0,260,2,11044.29,5522.145,0.8954518579283955,0.0,0.0,0.0,0.0,0.1045481420716044,0.0,0.0,0.0,Kwara,0.0791066459656896
40,153407.29,46,8,153504.41,19188.05125,0.0611803921463885,0.0,0.0,0.0,0.0,0.2152620892129418,0.0,0.2861261770915898,0.43743134154908,Rivers,0.47913603995663084
25,63424.61,143,9,56397.78,6266.42,0.0713375597408266,0.2021180620939335,0.2149916184644147,0.0,0.0,0.0830788020379525,0.0,0.1479717818680097,0.2805021757948628,Imo,0.36995788120560313
34,24394.28,241,3,16672.4,5557.466666666667,0.0,0.0,0.4924048127444159,0.0,0.0,0.0902341594491494,0.4173610278064345,0.0,0.0,Imo,0.1280534230820359
34,15113.06,134,8,88845.75,11105.71875,0.0,0.0395419026796442,0.0622997723582726,0.0570090296947237,0.0,0.6491405610285242,0.1061052442013264,0.0457943120520677,0.040109177985441,Rivers,0.3255745248866774
23,25238.65,46,7,23064.8,3294.9714285714285,0.0737647844334223,0.1262859422149769,0.0,0.5125875793416809,0.0,0.0,0.1614763622489681,0.0,0.1258853317609517,Edo,0.30477045981361695
46,28407.29,201,4,56458.3,14114.575,0.0,0.0,0.0,0.125173269474993,0.0,0.0,0.3924351246849445,0.4545007554248003,0.0278908504152622,Anambra,0.1815640840743253
43,22735.18,19,8,76115.57,9514.44625,0.0681306071806333,0.0,0.3517918869949998,0.0,0.0,0.0020609449551517,0.1717095464173755,0.4063070144518395,0.0,Kaduna,0.4066381407884118
47,257810.17,144,9,121590.34,13510.037777777778,0.0,0.3678627759409176,0.0,0.0426354593629724,0.1528262031342292,0.0601668685193248,0.3491536416462031,0.0,0.0273550513963527,Anambra,0.5370127390708509
22,43891.67,6,10,103784.27,10378.427,0.0811960232509223,0.0,0.0,0.1350744192737493,0.0,0.0,0.0745039686650009,0.3721502304732692,0.3370753583370582,Ogun,0.49973806797658665
35,91552.46,130,6,40512.3,6752.05,0.4366451670233484,0.1067167255376762,0.0882324627335401,0.01076808771657,0.0,0.0265166381568066,0.3311209188320583,0.0,0.0,Anambra,0.2549802094435755
18,38239.66,61,10,79107.4,7910.74,0.0,0.0665095806460584,0.0,0.0127996875134311,0.0,0.0739858723709792,0.1690540960769788,0.29970811833027,0.3779426450622825,Kano,0.47502351508863183
37,36236.485,99,8,41733.04,5216.63,0.0396846239813826,0.0,0.3074082309843711,0.3786894029287106,0.0,0.0,0.0807209347797332,0.1704088654936232,0.023087941832179,Unknown,0.3176025827485329
50,101834.49,123,5,17130.199999999997,3426.0399999999995,0.0,0.0,0.2785910263744732,0.036211486147272,0.0,0.5055177405984752,0.0,0.1796797468797795,0.0,Enugu,0.2159791201748749
20,159645.94,5,9,47204.58,5244.953333333334,0.0845951812302958,0.0,0.0675606053480403,0.0848360476885929,0.0,0.0228130405990266,0.0,0.2916841967453158,0.4485109283887283,Plateau,0.46312959313738006
35,13139.04,185,7,43071.98,6153.139999999999,0.6021350771429594,0.0546234466119272,0.0453849579239217,0.138828073378563,0.0,0.0,0.0760896062823209,0.0829388386603077,0.0,Cross River,0.2297074430418306
22,8379.63,15,4,18983.31,4745.8275,0.2029082388687747,0.0,0.0,0.2806807664206084,0.0,0.0,0.0168131901127885,0.0,0.4995978045978284,Kwara,0.180959735298422
44,1817.65,51,11,113876.12,10352.374545454544,0.3398565037164947,0.0,0.3211252719182915,0.0287569509744448,0.0,0.0960817772857031,0.0,0.1372915585813777,0.076887937523688,Ogun,0.48616077468495966
21,49794.08,104,11,590333.0341500111,53666.63946818283,0.0013304523964695,0.7964411221319796,0.006165130171379,0.0455236424956204,0.0,0.0,0.09334886718536,0.0571907856191912,0.0,Cross River,0.8392352370180347
26,18531.05,111,10,57451.4,5745.14,0.0,0.5725557601729463,0.1371674145451633,0.172329133841821,0.0291702203949773,0.0,0.0,0.0538684871038825,0.0349089839412094,Enugu,0.420698217111611
41,205910.85,85,8,329524.24,41190.53,0.2496248530912323,0.0077742990925341,0.0943062337386773,0.0287557904693141,0.0,0.0,0.0,0.1059852835105545,0.5135535400976875,Enugu,0.6281919481602176
42,7093.5,230,5,50912.91,10182.582,0.0,0.0,0.0,0.0,0.7144111385501241,0.2776187807768207,0.0,0.0079700806730552,0.0,Rivers,0.1818304651281462
42,20983.73,191,4,45518.55,11379.6375,0.1099310061502398,0.0,0.0,0.7828228271770519,0.0,0.1072461666727081,0.0,0.0,0.0,Cross River,0.16040591766775766
37,63158.29,90,4,42411.57,10602.8925,0.0890879540653647,0.0,0.0,0.0,0.0,0.0,0.5976864332067877,0.0,0.3132256127278476,Oyo,0.21284442791237973
71,3058.33,163,6,45064.52,7510.753333333333,0.0272802195607542,0.0740185405281139,0.0989556751076012,0.1295143052672035,0.0,0.0,0.0,0.6205871048887239,0.049644154647603,Cross River,0.2226850676874219
60,58213.04,112,7,73905.51000000001,10557.930000000002,0.0,0.0592463268300293,0.0,0.0514214704695224,0.0,0.1167960277927856,0.1782687109526745,0.5942674639549879,0.0,Kaduna,0.34649658930156374
30,7541.72,280,2,15656.95,7828.474999999999,0.0,0.0,0.6519283768550068,0.3480716231449931,0.0,0.0,0.0,0.0,0.0,Kaduna,0.09840217592604375
37,203029.8,264,5,36702.38,7340.476,0.18068528525943,0.0,0.0,0.4227428847938471,0.0,0.2001807512210379,0.0,0.0,0.1963910787256848,Rivers,0.2074177740759604
34,4817.47,153,8,55702.91,6962.86375,0.0,0.0,0.523399764931491,0.1883117057977761,0.0,0.1363855137909312,0.1182401422116007,0.0336628732682008,0.0,Anambra,0.29098677421108665
42,7726.12,30,5,25352.57,5070.514,0.0,0.0,0.3469072366233482,0.4918349500662063,0.0,0.0,0.0,0.1612578133104454,0.0,Enugu,0.22421777219604258
55,365619.43,7,6,32637.01,5439.501666666666,0.0,0.2220381094959372,0.0,0.0474954660368704,0.0,0.1314234974343544,0.2223423653085867,0.1537741968397227,0.2229263648845283,Kwara,0.436152833009563
54,43365.93,153,6,27842.3,4640.383333333333,0.4799071915754085,0.0,0.033617193981819,0.0,0.0,0.1786088074620271,0.1646688671553715,0.1431979398253736,0.0,Kwara,0.2099984461490333
18,81417.5,145,7,49117.630000000005,7016.804285714286,0.0686270897028215,0.0,0.0,0.0,0.0,0.6380684491495212,0.1694377354933452,0.1238667256543119,0.0,Ogun,0.28917078389890905
40,14238.45,77,7,61648.17,8806.881428571429,0.0,0.0,0.0,0.1783483597323327,0.0220945731235817,0.6789346707290744,0.0,0.1206223964150111,0.0,Kaduna,0.31136932323886735
27,193436.41,299,7,219195.24,31313.60571428572,0.0,0.0150084463512985,0.0,0.244550748456034,0.0,0.0,0.0,0.0128278789265679,0.7276129262660996,Imo,0.40164370843403235
29,8472.67,132,7,273608.27,39086.89571428571,0.0,0.0,0.0334480752354451,0.0,0.0,0.582848171950358,0.0105132421618688,0.2298060654380073,0.1433844452143204,Plateau,0.43300999457081873
18,30383.76,43,8,33694.33,4211.79125,0.0,0.0363052181183006,0.3086976354775417,0.0,0.0,0.0264649868390319,0.0,0.1727961351360896,0.4557360244290359,Abuja FCT,0.34296190613063654
34,9444.21,235,5,83232.01000000001,16646.402000000002,0.0,0.0,0.1041124682679176,0.1955728330963051,0.0,0.0,0.084216276886741,0.6160984217490363,0.0,Oyo,0.19865588049501196
44,9307.46,175,2,30604.78,15302.39,0.0,0.0,0.0,0.0,0.0,0.8147639028936002,0.0,0.1852360971063997,0.0,Abuja FCT,0.12106429407784669
48,117970.34,23,6,81284.95999999999,13547.493333333332,0.0,0.1079475219031909,0.0,0.266633704439296,0.0,0.1398235294696583,0.4381906566725258,0.0337656560328011,0.0136389314825276,Oyo,0.35905626027141146
42,58281.84,19,8,356147.78,44518.4725,0.0027235604276404,0.0109438840247719,0.1671649055344385,0.015157780851533,0.0,0.7898803131666298,0.0141295559949861,0.0,0.0,Rivers,0.6087435549974337
49,53467.46,229,1,1384.03,1384.03,0.0,0.0,0.0,0.0,0.0,0.0,0.0,1.0,0.0,Kaduna,0.1008516167208517
18,36450.59,138,7,52167.86,7452.551428571429,0.0,0.9410688880088238,0.0,0.0073712051826546,0.0,0.0,0.0331571967874472,0.0,0.0184027100210742,Anambra,0.2972469192712537
25,36324.45,129,6,60273.07,10045.511666666667,0.5023983347786997,0.0,0.0,0.0,0.0060370244953509,0.0747142961193116,0.385497868285123,0.0313524763215147,0.0,Abuja FCT,0.25979037569550295
47,81479.06,436,5,38914.11,7782.822,0.0,0.3351506689989826,0.0,0.3375986242522314,0.0,0.0,0.218940636185692,0.0,0.1083100705630939,Anambra,0.14236740650338145
36,620127.43,90,8,75946.605,9493.325625,0.0216777300315135,0.0666908678801376,0.4567925057347857,0.1959973062653689,0.0,0.0,0.0270525588339333,0.0951871383849218,0.1366018928693389,Abuja FCT,0.6493379936719064
53,9938.34,75,7,94811.63,13544.518571428573,0.02094416054233,0.0301441922262068,0.0472401961658079,0.0460732507182926,0.0,0.0,0.0,0.0,0.8555982003473624,Rivers,0.3015521434654568
30,26131.59,182,4,484292.3741500111,121073.09353750278,0.9708298731220076,0.0233416436090701,0.0,0.0037984079415427,0.0020300753273795,0.0,0.0,0.0,0.0,Lagos,0.5347899607440788
59,20500.05,41,5,117442.17,23488.434,0.0241859461554567,0.0,0.0,0.0258423358492098,0.0,0.8147589575362922,0.0562760378150369,0.0789367226440043,0.0,Cross River,0.28055488820932123
34,10481.49,260,4,258489.77,64622.4425,0.0377138716166601,0.0,0.0,0.0037479626369739,0.0,0.0,0.0050501418295973,0.0,0.9534880239167686,Kaduna,0.2881392065924562
42,12914.84,178,7,47770.48,6824.354285714285,0.2045256819692831,0.3727774977350028,0.2330973019320718,0.0,0.0,0.0,0.1053414158702194,0.009900465726951,0.0743576367664716,Imo,0.2565117312542052
58,14304.69,141,6,132502.33000000002,22083.721666666668,0.0,0.0718188880150258,0.0,0.0,0.0,0.2023022538547057,0.0,0.0,0.7258788581302683,Delta,0.2757182829202312
20,53456.73,156,4,525103.0341500111,131275.75853750278,0.0,0.0,0.0,0.0,0.0,0.0,0.9687821076361998,0.0312178923638003,0.0,Abuja FCT,0.670526349162874
64,6075.13,408,2,60770.81,30385.405,0.3512957948067501,0.0,0.0,0.6487042051932499,0.0,0.0,0.0,0.0,0.0,Delta,0.08592022047004409
37,11344.84,65,9,51793.39,5754.821111111111,0.0774228139922874,0.0,0.0841769577160328,0.1923042689424268,0.0,0.1544291655749894,0.0162323802323037,0.0,0.4754344135419597,Rivers,0.35446769325345356
18,35106.26,143,2,27605.44,13802.72,0.0,0.0,0.0,0.0,0.0,0.8637047625395574,0.0,0.1362952374604425,0.0,Kano,0.1340443363070393
18,11374.66,419,3,21310.84,7103.613333333334,0.9382605284446788,0.0,0.0,0.0,0.0,0.0,0.0563539494454465,0.0,0.0053855221098745,Imo,0.07758545032915168
35,2352.88,138,7,102661.44,14665.92,0.0,0.0,0.0281518552632809,0.3153646588241895,0.0,0.1293006410196467,0.2557951651564599,0.0,0.2713876797364229,Anambra,0.2979027710288423
35,12912.9,15,5,23661.06,4732.212,0.2585792859660556,0.0,0.0429676438840863,0.5926412426155041,0.0,0.1058118275343539,0.0,0.0,0.0,Rivers,0.21628836393091377
18,43152.92,68,4,162497.25,40624.3125,0.3343483043559199,0.0,0.6494688371649366,0.0161828584791434,0.0,0.0,0.0,0.0,0.0,Kwara,0.2760285385556065
18,19917.5,555,5,18477.22,3695.444,0.0,0.0,0.0,0.3546226109771925,0.0,0.0,0.2612113727065002,0.3841660163163073,0.0,Kaduna,0.10950037401937636
41,28061.43,110,6,30551.65,5091.941666666667,0.2103185916308939,0.224201638864022,0.1959491549556243,0.0,0.0,0.0,0.3695306145494597,0.0,0.0,Ogun,0.24360886299099566
18,37470.28,124,6,45724.69,7620.781666666667,0.4627364340797061,0.0,0.0988385049740085,0.0,0.0,0.2677076651585828,0.0,0.1707173957877024,0.0,Ogun,0.2288827118015099
46,101857.2,227,6,24315.3,4052.55,0.0,0.2957479447097095,0.2363248654139575,0.2087562152225142,0.0,0.0668797012580556,0.0,0.1922912733957631,0.0,Kwara,0.2194299227672914
35,1120683.41,63,6,34787.39,5797.8983333333335,0.1721727327057304,0.0,0.0717699718202486,0.0,0.0,0.6081580135790584,0.0,0.1478992818949625,0.0,Ogun,0.7506263214217177
46,186459.77,38,8,83455.43000000001,10431.92875,0.0098369872397757,0.0059039897104358,0.0,0.133231714221591,0.0,0.0,0.7113335824882814,0.1396937263399158,0.0,Lagos,0.5190187087140152
50,10452.91,23,7,155529.34,22218.477142857144,0.0,0.0327635930300996,0.0,0.1380061151162861,0.0,0.0,0.0288465186054284,0.0,0.8003837732481859,Anambra,0.3737612938320932
28,23862.22,102,9,89738.56999999999,9970.952222222222,0.2381561239498244,0.3969131667687595,0.0247078820177321,0.0653854858618763,0.0,0.2318494711917071,0.0,0.0100704747133813,0.0329173954967189,Plateau,0.3869803310591065
18,61746.16,11,6,31555.870000000003,5259.311666666667,0.1035230529216909,0.0,0.1905658123195462,0.3955371853160759,0.0,0.0339623024179019,0.0491544045529405,0.0,0.2272572424718444,Cross River,0.2825919763268051
36,31765.7,66,3,27593.34,9197.78,0.0,0.0899655496579971,0.0,0.4713901977796091,0.0,0.0,0.4386442525623936,0.0,0.0,Ogun,0.18002725650317877
47,28082.55,13,4,21630.65,5407.6625,0.1325729924898234,0.0,0.0,0.0,0.0,0.0,0.0,0.0170711467292938,0.8503558607808827,Imo,0.1929599325756149
32,10476.85,30,5,20887.83,4177.566000000001,0.0,0.0,0.1551195121752714,0.0314829257036274,0.0,0.0724493640555289,0.0979900736457544,0.0,0.6429581244198176,Kano,0.22382507702966792
46,33641.46,243,7,40348.1,5764.0142857142855,0.0,0.0,0.0,0.0649272208604618,0.0,0.4232233983756361,0.1512651153338075,0.1071007061051202,0.2534835593249744,Kwara,0.22261101915778667
49,57690.24,159,6,511838.46415001113,85306.41069166853,0.0184892513221249,0.0599173804784857,0.9185818125857256,0.0,0.0,0.0,0.0016125400058994,0.0013990156077643,0.0,Imo,0.625722786676815
51,40423.94,84,8,250391.99,31298.99875,0.0046437587719958,0.0064528821389214,0.0417086025794994,0.1409049866171837,0.0,0.0,0.0,0.1990319259014635,0.607257843990936,Delta,0.48726406904066044
33,6617.14,276,2,6576.91,3288.455,0.0,0.0,0.0,0.0,0.0,0.2117362104696582,0.0,0.0,0.7882637895303418,Kaduna,0.09017472596636521
39,306453.68,32,9,235042.47000000003,26115.83,0.1913597146932637,0.0,0.0,0.6040766589969889,0.0,0.0307696306969544,0.0814221787237004,0.0523894256216759,0.0399823912674164,Plateau,0.6717857687169554
27,81535.7,13,8,157714.68,19714.335,0.167821029722788,0.0071504440804115,0.0,0.1721950042950979,0.0,0.0,0.0,0.564639322097347,0.0881941998043555,Rivers,0.4743271638177997
36,23686.77,32,4,40652.59,10163.1475,0.0,0.19405110473896,0.0,0.0,0.0,0.1051635332459752,0.0,0.0,0.7007853620150647,Kwara,0.1981746503354651
42,16179.94,98,4,36026.93,9006.7325,0.0,0.0,0.0,0.0,0.0,0.0,0.5862420139601127,0.3053127202345578,0.1084452658053295,Lagos,0.22191245014657016
38,38241.58,106,9,159789.71,17754.41222222222,0.0176319864401781,0.0801377635643747,0.017112491161039,0.1172197508838335,0.0,0.6868118103474873,0.0,0.0810861976030872,0.0,Edo,0.45721800614339697
42,44956.79,85,4,70907.6,17726.9,0.0,0.0189423982760663,0.0,0.0,0.0,0.0,0.0308229301231461,0.0,0.9502346716007876,Imo,0.21240007334669514
48,51415.58,323,4,18493.04,4623.26,0.251547609262728,0.0,0.0,0.0,0.0,0.5129432478381055,0.0676178713721486,0.1678912715270177,0.0,Anambra,0.11839983465139112
38,11097.56,190,2,13705.86,6852.93,0.0,0.5744207222312208,0.0,0.0,0.0,0.0,0.0,0.0,0.4255792777687792,Abuja FCT,0.11561121440610268
18,75044.35,13,10,135971.8,13597.179999999998,0.0542390407422715,0.0815150641530082,0.1861552174789184,0.0,0.0,0.0822488192404601,0.0,0.5389627113857433,0.0568791469995984,Abuja FCT,0.558775938310046
42,12187.48,290,2,14578.09,7289.045,0.0,0.0,0.0,0.0,0.0,0.0,0.0,1.0,0.0,Ogun,0.09620627753250538
21,26062.75,213,3,37521.01,12507.003333333334,0.0,0.6353515003993763,0.0,0.0,0.0,0.0,0.0,0.0,0.3646484996006238,Oyo,0.13850847325808013
22,19486.34,154,7,71039.23,10148.461428571429,0.0,0.0,0.6531933130468897,0.2396775697033877,0.0,0.0349612460608033,0.0214142242251218,0.0287417248188078,0.0220119221449894,Kaduna,0.29223903595474077
45,77105.87,235,4,492159.5641500111,123039.89103750278,0.0345914033579786,0.0,0.0,0.0,0.0,0.0,0.9654085966420214,0.0,0.0,Rivers,0.5948346300212086
18,21937.54,316,2,10981.44,5490.72,0.2515990616895416,0.0,0.0,0.0,0.0,0.0,0.0,0.7484009383104584,0.0,Cross River,0.08882709211548857
29,104119.12,19,5,23748.01,4749.602000000001,0.3130531779294349,0.0,0.0,0.0,0.0,0.0739666186766807,0.3598971029572583,0.2530831004366261,0.0,Rivers,0.26474921754770425
38,27960.51,285,4,19881.33,4970.3325,0.0,0.4004918182033093,0.0,0.1559996237676252,0.0,0.0478338219827345,0.3956747360463308,0.0,0.0,Delta,0.14428638489357748
51,46939.44,470,2,32368.86,16184.43,0.0,0.0,0.0,0.5089020744011374,0.0,0.0,0.4910979255988626,0.0,0.0,Abuja FCT,0.08726590480299352
19,16668.87,112,4,98222.27,24555.5675,0.0224203737095467,0.0,0.0,0.0,0.0,0.7877753181635897,0.1898043081268637,0.0,0.0,Delta,0.21975232992458854
37,76290.33,54,5,41831.62,8366.323999999999,0.0,0.0,0.3663037673415469,0.0,0.0,0.3649445084842519,0.0,0.1252652897497156,0.1434864344244856,Abuja FCT,0.2528461624671729
43,36337.88,177,4,56178.990000000005,14044.7475,0.0,0.086133801978284,0.0,0.0,0.0,0.0,0.0,0.7612527387907828,0.1526134592309331,Anambra,0.1830694145889572
35,115306.78,87,8,152136.32,19017.04,0.0,0.2445138675629856,0.0,0.0559325347162334,0.0212395041499623,0.0011668482581937,0.6534624999474156,0.0,0.0236847453652093,Rivers,0.4870534362333518
22,10575.73,151,5,53252.37,10650.474,0.306145623190104,0.6829168354384979,0.0,0.0,0.0,0.0,0.0,0.0,0.0109375413713981,Plateau,0.20562245230777873
30,13965.65,366,4,11430.83,2857.7075,0.0,0.1624282751121309,0.4216692926060487,0.4159024322818203,0.0,0.0,0.0,0.0,0.0,Plateau,0.10702633787536003
55,45777.41,15,7,44196.81,6313.83,0.0591302856473125,0.4749229638971682,0.0,0.0,0.0,0.3818042523883511,0.0,0.057834943291156,0.0263075547760121,Delta,0.32870536206435896
29,50085.76,9,8,91203.68,11400.46,0.1063166530122468,0.0715621343349303,0.0,0.7434022399096176,0.0,0.012221875257665,0.0,0.06649709748554,0.0,Edo,0.4182962010610707
30,15038.48,95,10,245899.89,24589.989,0.0026834904236842,0.0022358692393071,0.0,0.8554287275199676,0.0,0.0259056236259398,0.0051631173970838,0.1032904894752088,0.0052926823188086,Cross River,0.5584026846816608
38,97978.65,269,3,11053.33,3684.443333333333,0.3071734943225255,0.0,0.0,0.498507689537904,0.0,0.0,0.0,0.1943188161395706,0.0,Enugu,0.12314717016400607
33,24799.41,22,7,17254.89,2464.9842857142858,0.0,0.0229963795770358,0.0,0.3493235830538473,0.0,0.1346001046659816,0.258981656794103,0.0260627567025927,0.2080355192064394,Enugu,0.303052598815745
67,7439.24,202,8,111864.25,13983.03125,0.0,0.0,0.214120865245152,0.5196636995286698,0.0,0.0691615954158723,0.1897052901172626,0.0073485496930431,0.0,Plateau,0.316605417359773
22,11127.29,30,8,57545.08,7193.135,0.0707719930183431,0.0,0.0,0.065552606756303,0.0,0.0321337636510367,0.0,0.5524911947294191,0.2790504418448979,Delta,0.35518373407852827
38,212848.55,14,7,32758.65,4679.807142857143,0.0288760373214402,0.0,0.5961085087450184,0.0264992605006616,0.0,0.0,0.1579851428553985,0.0,0.190531050577481,Ogun,0.38982283139566176
28,103935.88,35,7,51415.38,7345.054285714285,0.0,0.0,0.0,0.1917980573128118,0.2202595799155816,0.4047936629078691,0.0,0.1100567573360344,0.0730919425277027,Lagos,0.37688851382044447
33,227731.75,221,3,16561.219999999998,5520.406666666666,0.3853454032975832,0.0,0.0,0.0,0.0,0.0,0.0,0.6146545967024168,0.0,Delta,0.17214687407792753
41,4426.62,114,2,16502.15,8251.075,0.0,0.0,0.8321539920555806,0.0,0.0,0.0,0.0,0.1678460079444193,0.0,Kano,0.12733077819691646
46,116300.21,59,6,56282.04,9380.34,0.3335840349781209,0.0252313171306512,0.532895573792279,0.1082890740989487,0.0,0.0,0.0,0.0,0.0,Edo,0.3036470738811363
51,87235.98,69,5,124415.86,24883.172,0.0338263144264726,0.9275558598397344,0.0,0.0,0.0,0.0,0.0,0.0386178257337931,0.0,Anambra,0.32805080375336965
34,58520.05,19,7,40709.02,5815.574285714285,0.1502205162393985,0.2644470439229439,0.0,0.0,0.0,0.2498885996273062,0.2375144378322052,0.0,0.0979294023781461,Enugu,0.33627008987482687
37,18009.48,271,6,54246.7,9041.116666666669,0.2624238893794461,0.0,0.0,0.2161689098138688,0.0,0.0898281370110992,0.0606341030882984,0.1192415391166651,0.2517034215906221,Kwara,0.18242277777009633
79,98465.94,45,8,59707.75,7463.46875,0.0,0.0,0.0724470441441856,0.0,0.0,0.0,0.0300831969049244,0.1197249938240848,0.7777447651268051,Enugu,0.3745924753044749
30,26037.25,96,3,29594.72,9864.906666666668,0.0,0.5884914606389248,0.0,0.0237819448874664,0.0,0.3877265944736088,0.0,0.0,0.0,Cross River,0.16645108690842758
42,41281.05,22,7,47542.76,6791.822857142856,0.3883787983701409,0.0,0.211870745408975,0.0547429303641606,0.0,0.0,0.1058459794929869,0.03237106974858,0.2067904766151565,Kaduna,0.3265716250268405
49,7501.16,115,6,54388.73,9064.788333333334,0.1252726437995518,0.0,0.0,0.4955006303695637,0.0,0.3792267258308844,0.0,0.0,0.0,Kano,0.24377113999010908
60,41524.09,101,7,94640.52,13520.074285714289,0.0197928963196736,0.0,0.1093716518041109,0.0,0.0,0.4880327157965742,0.0712702128010285,0.3115325232786126,0.0,Plateau,0.3210967803304367
18,29290.59,84,6,65666.23,10944.371666666666,0.4419283701835784,0.0526328373046541,0.084790157741658,0.0,0.0,0.4206486347701094,0.0,0.0,0.0,Plateau,0.25188666385512903
40,38218.7,29,7,31258.24,4465.462857142857,0.0987470823693208,0.0,0.1036961773919453,0.0516439825146905,0.0,0.0513189482197334,0.2586012520218669,0.0,0.4359925574824431,Abuja FCT,0.31440405597403864
54,42137.52,78,9,106047.12,11783.013333333332,0.1959274330127965,0.0,0.6879455095055859,0.01595102252659,0.0,0.0,0.0195570610498427,0.0087311187705993,0.0718878551345854,Ogun,0.40402500255517626
46,60406.41,158,5,48087.83,9617.566,0.2861896658676426,0.2000518634340538,0.0,0.0,0.0,0.4691686025341546,0.0445898681641488,0.0,0.0,Imo,0.20917531132114942
73,189485.36,38,10,80788.57,8078.857000000001,0.0,0.0109691259543274,0.4736900281809667,0.0491236569727623,0.0,0.0140457988054498,0.4050072924919948,0.0471640975944988,0.0,Kano,0.5661716560374229
23,24172.23,532,2,7462.62,3731.31,0.0,0.0,0.7538920647172174,0.0,0.0,0.0,0.0,0.0,0.2461079352827827,Imo,0.05742936630275965
18,12031.46,52,6,38386.23,6397.704999999999,0.0,0.0219813198639199,0.2787820007330754,0.0723707433629194,0.0,0.0,0.5702026481892075,0.0,0.0566632878508777,Lagos,0.3014021214796544
52,83341.63,179,7,37133.37,5304.767142857142,0.0,0.2801587897893458,0.0,0.5044053367631325,0.0,0.0,0.0,0.1958489089463196,0.019586964501202,Anambra,0.2723155509495458
35,79714.35,12,9,100506.95,11167.438888888888,0.0221402599521724,0.0,0.0,0.0958339696906532,0.0,0.6227843945120214,0.0156508579754932,0.196948071750262,0.0466424461193977,Rivers,0.45987838232409983
24,38864.94,127,4,22230.9,5557.725,0.054484073969115,0.0,0.388393632286592,0.0,0.0,0.5264357268486656,0.0306865668956272,0.0,0.0,Oyo,0.16417122286544197
38,13091.15,10,5,14294.36,2858.8720000000003,0.0,0.0,0.0459048184039019,0.0,0.3510328549162047,0.196162682344645,0.0,0.0,0.4068996443352483,Anambra,0.2186682042712845
45,18979.52,171,5,37852.07,7570.414,0.0,0.0,0.1161452993191653,0.0,0.0,0.0,0.0,0.2369054057017225,0.6469492949791121,Abuja FCT,0.18997810414280156
29,137070.89,70,7,58308.740000000005,8329.820000000002,0.0238545713730051,0.0,0.5153217167786511,0.0,0.0,0.0,0.0,0.4381653590868196,0.0226583527615242,Plateau,0.35539463330147103
29,45148.32,35,7,57900.08,8271.44,0.1400977338891414,0.0,0.0,0.4637136943506814,0.0,0.0,0.0,0.3961885717601771,0.0,Delta,0.328968857450881
18,135137.96,265,4,15341.57,3835.3925,0.0,0.2142049346970355,0.1601263755925893,0.0,0.0,0.0,0.6256686897103751,0.0,0.0,Kano,0.18965861272364856
32,48836.06,249,5,85197.14000000001,17039.428000000004,0.0,0.0079779673355232,0.0,0.5063254470748666,0.0,0.3322819287126305,0.0,0.0906415403146161,0.0627731165623634,Lagos,0.219807886882133
26,143570.4,278,3,27703.02,9234.34,0.8599250190051482,0.1153654005953141,0.0247095803995376,0.0,0.0,0.0,0.0,0.0,0.0,Enugu,0.12967270405516693
32,57378.25,7,7,113906.46,16272.351428571428,0.0,0.780830516548403,0.0,0.0262600558387996,0.0,0.0012523433701653,0.0,0.1469567222087316,0.0447003620339004,Kaduna,0.43505820732705525
50,41709.12,3,6,65434.99,10905.831666666669,0.2162045107670987,0.1405503385879634,0.0,0.0,0.0,0.0,0.2742905592252708,0.0,0.3689545914196671,Ogun,0.3041522663122714
64,60832.28,70,4,40894.19,10223.5475,0.0,0.0,0.0,0.7790099278161519,0.0,0.0,0.1337390470382223,0.0680637029367741,0.0191873222088516,Edo,0.22017082898079482
62,41653.04,3,5,24390.62,4878.124,0.0,0.0,0.3604373320563397,0.3573287599905209,0.0,0.068245907648104,0.0,0.0,0.2139880003050353,Cross River,0.23514193873990424
45,76745.75,140,9,47856.42,5317.38,0.0,0.0,0.0346032987841547,0.0919132688989272,0.0205197129246191,0.2920490082626323,0.0,0.0708122337609039,0.4901024773687626,Delta,0.35428117587494573
39,26318.99,48,7,581733.4241500112,83104.77487857302,0.910824704501382,0.0,0.0,0.0,0.0,0.068130914186185,0.0,0.0108978781978413,0.0101465031145913,Plateau,0.7007392919238318
43,25884.79,13,7,45469.59,6495.655714285715,0.6329439082252555,0.1713483671174514,0.0122785360501381,0.0,0.0,0.0722689604194803,0.0,0.1111602281876744,0.0,Imo,0.30434372036572455
39,37815.0,225,8,94738.27,11842.28375,0.0,0.0682059108742433,0.7781121610094842,0.0056019600104582,0.0,0.0409585271084219,0.0739265135409375,0.0252031201329726,0.0079918073234818,Delta,0.3062827840814587
30,15426.85,270,7,33639.96,4805.708571428571,0.20781118645801,0.0455838829772687,0.0092431738920022,0.177201756482469,0.0,0.0,0.217650674971076,0.2863945141432986,0.0561148110758752,Cross River,0.21543939691713893
47,50395.83,38,9,186307.7,20700.85555555556,0.0,0.0412059727000011,0.0,0.0555381768976805,0.0,0.4847642904721598,0.0,0.2696892291622944,0.1488023307678641,Enugu,0.5109253980586542
40,968772.32,223,7,64588.28,9226.897142857142,0.1214907720100303,0.0157214280981007,0.0,0.0,0.0307752428149503,0.3347836480550341,0.2808351608062639,0.0,0.2163937482156205,Abuja FCT,0.7049740088661238
40,7940.89,141,6,60191.72,10031.953333333331,0.0757870019331562,0.0,0.0,0.0504536172084798,0.0,0.0588308491599841,0.7670957068513743,0.0,0.0478328248470055,Anambra,0.25680875157131766
30,21927.51,4,5,21779.83,4355.965999999999,0.1430644775464271,0.0,0.0234629930536647,0.1364294395318971,0.0,0.0,0.5843392717023043,0.0,0.1127038181657065,Ogun,0.24712097361793434
37,36236.485,17,6,25841.97,4306.995,0.2274811092188405,0.1091770480346506,0.5911062508005388,0.0,0.0,0.0,0.0,0.0,0.07223559194597,Unknown,0.2549175898016216
32,21430.23,196,3,10412.3,3470.766666666667,0.2928776543126878,0.0,0.0997138000249704,0.0,0.0,0.6074085456623416,0.0,0.0,0.0,Abuja FCT,0.12002793904879638
35,345085.82,225,4,14637.31,3659.3275,0.0,0.4201311579791641,0.1766007551934064,0.3460342098377366,0.0,0.0,0.0,0.0572338769896927,0.0,Kano,0.25872052884601093
30,8228.72,15,5,37540.030000000006,7508.006000000001,0.1089690125447422,0.0,0.0,0.4432865397283913,0.0,0.4477444477268665,0.0,0.0,0.0,Kano,0.23894401612673144
58,4243.9,103,6,66282.9,11047.15,0.0,0.0,0.0233737509976177,0.0,0.0,0.8811848908240286,0.0830108519693616,0.0,0.012430506208992,Edo,0.25439101350106663
33,45944.51,168,5,45704.08,9140.816,0.0,0.0,0.0,0.1097324352661731,0.1626865697767026,0.6371380848274377,0.0,0.0854582348009193,0.0049846753287671,Oyo,0.19746032714383105
33,96161.27,54,5,165942.1,33188.42,0.8722997961337117,0.003747692719328,0.0,0.0349564094946369,0.0,0.0,0.0,0.0,0.0889961016523233,Ogun,0.31979835311691374
48,14161.86,86,8,47154.94,5894.367499999999,0.1219388679107639,0.0348092903946012,0.5604133946517585,0.0,0.0,0.0405546057316582,0.2422838413112178,0.0,0.0,Delta,0.32175422804368115
35,1495.98,47,7,33624.26,4803.465714285715,0.0,0.0,0.2317597472777096,0.342241286499688,0.0337482520061408,0.1698184584582679,0.0,0.2224322557581936,0.0,Edo,0.29621665140922837
31,102534.8,253,5,17126.86,3425.3720000000003,0.0856204815126649,0.0,0.0,0.0,0.0,0.4862420782326707,0.0,0.2952128995040538,0.1329245407506104,Plateau,0.17403649705564106
57,15430.41,16,9,33517.74,3724.193333333333,0.0826672681392003,0.6858311449399631,0.0424757158448033,0.1358119610689742,0.0,0.0,0.0,0.0,0.0532139100070589,Edo,0.4056715106275916
21,184142.84,85,7,509200.4541500111,72742.92202143016,0.0241758818156382,0.923340700736099,0.0035151186245263,0.0,0.0297084377610225,0.0058915894036421,0.0,0.0074766822554294,0.0058915894036421,Kaduna,0.7730027316085235
21,196766.39,48,7,56611.5,8087.357142857143,0.0,0.6482359591249128,0.0,0.1517064554021709,0.0,0.2000575854729162,0.0,0.0,0.0,Ogun,0.4054894345978137
37,36236.485,79,4,14300.32,3575.08,0.0,0.1014928337267977,0.0699424907974087,0.7651674927554067,0.0,0.0,0.0633971827203866,0.0,0.0,Unknown,0.18076982465789238
44,73778.84,19,14,150919.33,10779.952142857142,0.0751478289759171,0.1912680767930788,0.3446740719031816,0.0058966601561244,0.0,0.1064354711884819,0.1312889475456855,0.0,0.1452889434375305,Delta,0.7068712392096822
36,44338.43,184,9,145163.51,16129.27888888889,0.0180032847097731,0.1368339743231615,0.0621470919241343,0.1052369841429158,0.0,0.0076204412527638,0.0,0.6701582236472513,0.0,Kwara,0.4136398449408214
18,90611.12,223,3,9221.11,3073.7033333333334,0.0953735504727738,0.0,0.3553422527222861,0.54928419680494,0.0,0.0,0.0,0.0,0.0,Kano,0.13802830702971666
37,36236.485,3,3,96387.37,32129.123333333337,0.0,0.0,0.0,0.0,0.0,0.9113182567384088,0.0,0.0522729274592718,0.0364088158023193,Unknown,0.22602677635049043
24,1460.47,249,5,8578.699999999999,1715.7399999999998,0.0,0.1959620921584855,0.1100772844370359,0.0,0.0,0.3704978609812676,0.0,0.0,0.323462762423211,Kwara,0.14157829221075693
30,14535.83,94,6,51578.4,8596.4,0.0,0.0,0.3267398756068432,0.0451171420594667,0.0,0.0401030276239666,0.2965283917298714,0.0284266282009523,0.2630849347788996,Plateau,0.2550995596882848
64,150197.88,318,2,8915.52,4457.76,0.0,0.0,0.0,0.0,0.8323507770718925,0.1676492229281073,0.0,0.0,0.0,Enugu,0.11641677572090174
38,41728.67,225,7,106800.27,15257.18142857143,0.3685917647961002,0.0,0.3031915556018725,0.1866214383165885,0.0,0.1415952412854386,0.0,0.0,0.0,Kano,0.277339540631971
36,177039.64,30,8,179808.36000000002,22476.045,0.0320754274161668,0.0,0.0,0.0998776141443034,0.0,0.0699219991773463,0.3763388420872088,0.4217861171749744,0.0,Kano,0.572386514841922
38,171689.45,34,9,76072.73000000001,8452.525555555556,0.0,0.0,0.1042858590719696,0.1104648143953819,0.4524445224984039,0.0606393381701958,0.0033163000723123,0.0808710296054841,0.1879781361862523,Ogun,0.49132921034403826
18,30813.32,30,6,13937.18,2322.863333333333,0.0,0.2452038360701375,0.198383030139526,0.0,0.0,0.5564131337903363,0.0,0.0,0.0,Abuja FCT,0.26432657723480274
36,39519.01,30,7,24454.48,3493.497142857143,0.0,0.0,0.0,0.0,0.0,0.1043534763364422,0.5736220929661968,0.0622110958810001,0.2598133348163609,Oyo,0.3151112316648864
20,64337.14,99,11,292890.53,26626.41181818182,0.0,0.086958222923766,0.0651636978498417,0.1177069125451068,0.0,0.0381654196876901,0.6668083464494396,0.0,0.0251974005441555,Lagos,0.708513605853051
24,76555.17,127,6,61611.83,10268.638333333332,0.5819186023203661,0.2849657281726577,0.0171676445903327,0.0,0.0,0.0,0.0600235376874863,0.0,0.0559244872291571,Oyo,0.25374649217024237
47,10488.59,14,7,74368.7,10624.1,0.0043845058472179,0.0146513250870325,0.0,0.0,0.0,0.0168219963506152,0.0796534025739323,0.8683342589019305,0.0161545112392713,Delta,0.3495821304053328
38,20476.19,82,5,32600.26,6520.052000000001,0.0,0.0,0.6031258646403433,0.0,0.0,0.0,0.1441417951881365,0.2527323401715201,0.0,Edo,0.22735455023039958
45,40507.61,220,6,34467.119999999995,5744.52,0.0,0.0,0.0819421524049587,0.3131886273062559,0.052362077249274,0.4899672499471961,0.0,0.0,0.0625398930923152,Anambra,0.19715231594431354
38,115122.33,227,12,106572.5,8881.041666666666,0.1726851673743226,0.002244762954796,0.0813160993689741,0.0,0.0,0.0689222829529193,0.2847922306411128,0.04551774613526,0.3445217105726149,Kwara,0.5098418164318216
31,160720.63,18,7,73219.05,10459.864285714286,0.358782721163413,0.0,0.0,0.5095093421725629,0.0,0.0,0.0332306961098238,0.0280877722396015,0.0703894683145984,Kano,0.4011846746005005
18,28034.71,47,7,542824.9541500111,77546.42202143015,0.0,0.0,0.0,0.0441998287229985,0.0,0.0279894648981101,0.9278107063788914,0.0,0.0,Oyo,0.7421550712597045
26,706558.81,61,3,38832.12,12944.04,0.0,0.0657167314068868,0.0,0.0,0.0,0.6224772173139145,0.0,0.0,0.3118060512791988,Enugu,0.4522517414090667
56,21321.47,148,8,47552.24,5944.03,0.0499692548658065,0.0,0.568092901617253,0.0,0.0,0.1571261416917478,0.171399917227874,0.0276081631485709,0.0258036214487477,Oyo,0.290095239887332
39,26945.56,9,5,16852.74,3370.548,0.0,0.5381095299636736,0.0,0.0,0.0,0.0,0.4011668132303708,0.016586026960601,0.0441376298453545,Kaduna,0.2733128801097742
41,144126.42,185,6,115679.27,19279.87833333333,0.0,0.0,0.1536579544459435,0.0,0.0,0.0015100371916247,0.0084530270635352,0.8363789812988967,0.0,Oyo,0.3216515815104757
25,76177.4,130,3,83052.23,27684.076666666664,0.8904544766588445,0.0,0.0194584781167224,0.0,0.0,0.0,0.0,0.0,0.0900870452244328,Edo,0.18407218119667412
28,41309.04,28,7,95898.3,13699.757142857145,0.2133786521763159,0.0,0.031390024640687,0.0,0.0,0.0,0.0998872764167873,0.0220123818670403,0.6333316648991693,Plateau,0.3418172760187114
43,10772.46,80,7,51351.29,7335.898571428572,0.0,0.2311410287842817,0.1132337668635004,0.0281124388501243,0.0,0.0950646030508678,0.0,0.0788587784260142,0.4535893840252115,Kwara,0.2795162262145681
26,243844.64,325,5,116186.01,23237.202,0.0108573312742213,0.0045513224871049,0.0,0.0,0.0,0.2793675417548119,0.0,0.5072709700591319,0.1979528344247297,Imo,0.276785389462208
25,48094.45,115,5,112433.77,22486.754,0.0,0.0,0.0136031194186586,0.6797266515211577,0.0,0.23878510878004,0.0,0.0678851202801436,0.0,Cross River,0.2676796464747553
18,128905.15,93,9,228741.75,25415.75,0.0,0.0,0.0478318453015245,0.0112637067784958,0.0,0.0,0.1658056738658334,0.0304159603570402,0.744682813697106,Lagos,0.5843242989074572
31,240433.88,40,7,162516.54,23216.648571428574,0.3445852957489742,0.1730500169398142,0.0424775225955462,0.14682259418026,0.0,0.0300381118131114,0.2630264587222937,0.0,0.0,Imo,0.5163953151332508
30,57133.64,225,5,66199.93,13239.986,0.0,0.0,0.0,0.0,0.0,0.0,0.8508005975232904,0.0241266116142418,0.1250727908624676,Imo,0.23386815825654161
51,5246.87,121,8,96012.73,12001.59125,0.0415117870307406,0.3054715765294873,0.0089820381109879,0.448943384903231,0.0,0.0,0.0,0.0,0.195091213425553,Lagos,0.3650423682799891
40,51936.93,147,9,47337.75,5259.75,0.0,0.1531209235757931,0.2033729951254548,0.0400304196967536,0.0644798284667099,0.5225438471410238,0.0,0.0164519859942646,0.0,Cross River,0.34851726035265757
20,37931.1,31,7,124929.55,17847.07857142857,0.1648605153864718,0.0,0.172485132620745,0.0160273530161599,0.0,0.4822912593537717,0.1643357396228514,0.0,0.0,Kano,0.3866960560875845
37,188446.29,55,8,107464.95,13433.11875,0.1307645888264033,0.0,0.0,0.0027809067049303,0.0,0.0,0.0280258819270841,0.5803864422772261,0.2580421802643559,Kaduna,0.49134682718703604
18,18608.91,42,4,9650.58,2412.645,0.2342843642558271,0.0,0.0,0.6045615911168033,0.0,0.105197822307053,0.0,0.0,0.0559562223203164,Enugu,0.17999553404325702
44,15595.24,73,6,275793.77,45965.62833333333,0.0,0.0,0.0288055092760072,0.0,0.0,0.7849294420247418,0.0,0.0156192795798106,0.1706457691194402,Kwara,0.4174057524461878
18,17408.25,177,11,75161.53,6832.866363636364,0.0993240824129046,0.3035599461586266,0.3837762483014915,0.0286625352091688,0.0,0.1846771879178084,0.0,0.0,0.0,Kaduna,0.4476449191093582
35,29666.11,89,6,64768.76,10794.793333333331,0.3337953358995911,0.5105115490863188,0.0812617070328349,0.0744314079812551,0.0,0.0,0.0,0.0,0.0,Cross River,0.26752507713725093
42,35032.65,44,4,33401.2,8350.3,0.0,0.0488718968180784,0.0,0.3444355292624217,0.0,0.6066925739195,0.0,0.0,0.0,Enugu,0.20110910779622823
36,34845.26,196,6,27378.12,4563.02,0.2693026402105039,0.0,0.0859032687416082,0.2202777254245361,0.1373695491144023,0.0,0.076572094796867,0.0,0.2105747217120825,Oyo,0.19743273906852196
33,63240.35,38,9,61039.6,6782.177777777778,0.0522955589486169,0.0688928171219994,0.1331307872266528,0.1987513024331745,0.0,0.0814666216685561,0.2451497060924383,0.1972988027444479,0.0230144037641137,Enugu,0.4333351598858451
42,103541.31,40,6,76968.86,12828.143333333332,0.0,0.0985460873397371,0.0535411333882299,0.7204394088726273,0.0,0.0,0.0,0.1274733703994056,0.0,Lagos,0.3575123210551059
40,50273.44,97,5,21561.89,4312.378,0.0,0.0,0.0593329248966579,0.0628038636687229,0.0506305337797382,0.0,0.0,0.180812071669042,0.6464206059858388,Enugu,0.20893791640180365
18,8992.26,77,3,29965.27,9988.423333333334,0.2163537989145434,0.2202312877541233,0.5634149133313333,0.0,0.0,0.0,0.0,0.0,0.0,Delta,0.15723832775989044
38,44165.5,107,3,63868.71000000001,21289.570000000003,0.0,0.1660027265307221,0.0,0.1523072878722617,0.6816899855970161,0.0,0.0,0.0,0.0,Cross River,0.19816025699347437
44,10023.54,3,9,71067.0,7896.333333333333,0.7199293624326341,0.0,0.0,0.1828815061843049,0.0,0.0,0.0684196603205425,0.0287694710625184,0.0,Kaduna,0.408975370316091
46,36010.24,55,9,93860.56,10428.951111111111,0.2674940358335812,0.0,0.0,0.0,0.0,0.0,0.0097672547446978,0.6891395065190321,0.0335992029026888,Lagos,0.4495201312941711
50,468429.38,23,2,7221.17,3610.585,0.0,0.0,0.0,0.1686264137251996,0.0,0.0,0.0,0.0,0.8313735862748003,Kwara,0.27111325186276003
24,56258.91,35,7,74741.48,10677.354285714286,0.0231564855285177,0.0,0.0310456790526492,0.1241390991989989,0.0,0.0,0.5028619984511946,0.2403126082063132,0.078484129562326,Kaduna,0.3915779813573305
43,60903.66,119,7,61080.6,8725.8,0.3538606366014741,0.0,0.0,0.2270897797336633,0.0,0.0462741033978055,0.1197494785578399,0.2530260017092169,0.0,Ogun,0.2930001907212404
18,28216.99,114,6,517260.5141500111,86210.08569166852,0.0134279919112202,0.0103086353087712,0.9089530155276032,0.0,0.0,0.0,0.0,0.0,0.0673103572524051,Kano,0.645219200063414
26,63893.69,127,3,26817.55,8939.183333333332,0.0,0.0,0.4526815462262585,0.0,0.0,0.4158881031264974,0.0,0.0,0.131430350647244,Kwara,0.1508563222878422
73,64334.94,138,5,77776.88,15555.376,0.0211642585817276,0.6603174362355497,0.0,0.0418122969190844,0.0,0.0,0.0,0.2048858221106324,0.0718201861530059,Kaduna,0.2695555672349282
44,14971.75,168,9,196466.61,21829.623333333337,0.0339787508930906,0.6833356568833757,0.0,0.0,0.0,0.028996530250102,0.0757551117719189,0.1495678578665351,0.0283660923349774,Ogun,0.45900209091824545
46,26703.28,37,18,169073.24,9392.957777777778,0.1313585757273002,0.0,0.0010790589924224,0.0426891919738451,0.0,0.001392828338772,0.5463924391583198,0.1997900436520883,0.0772978621572521,Rivers,0.8281967612127522
19,3233.48,30,4,46280.64,11570.16,0.1081208038609664,0.0,0.0,0.0,0.0,0.1899027325464816,0.38714503515941,0.0,0.3148314284331418,Abuja FCT,0.21948382561191906
23,58475.92,128,3,18728.0,6242.666666666667,0.0,0.0,0.6416360529688168,0.3583639470311833,0.0,0.0,0.0,0.0,0.0,Rivers,0.14944216554299686
51,23301.72,14,4,42401.57,10600.3925,0.0,0.263866644560567,0.0,0.0321608374406891,0.0,0.0,0.5582776769822438,0.1456948410165001,0.0,Kano,0.2514412530051354
32,41128.41,49,13,181137.55,13933.657692307692,0.0,0.0418320773357042,0.2699404954963783,0.0765700430418761,0.0862563836156556,0.1790343857471849,0.0102927857862712,0.3360738289769294,0.0,Cross River,0.6676191146609773
29,9812.05,155,7,209630.91,29947.27285714285,0.0,0.0151943241576349,0.0689825274335736,0.0154213899085778,0.0,0.0744001922235609,0.03367079787995,0.0,0.7923307683967026,Oyo,0.35715178362056144
18,91485.8,142,6,62531.060000000005,10421.843333333334,0.0,0.0907964777824012,0.0,0.3671658532575651,0.0,0.0,0.5420376689600336,0.0,0.0,Ogun,0.2939948373508961
42,4963.2,35,10,85582.56,8558.256,0.0,0.1344458497151756,0.0,0.3528756326055214,0.0,0.032821757143044,0.251904710492418,0.0625468553406208,0.1654051947032198,Enugu,0.46780164389801604
53,27316.88,12,10,544170.4841500111,54417.04841500111,0.0055550238170703,0.0088815732215782,0.008562390162116,0.0172803749447898,0.0044147194123409,0.0899816903455971,0.8640040535906776,0.0,0.0013201745058299,Ogun,0.8191434560812073
32,128449.39,333,3,7365.71,2455.2366666666667,0.0,0.0,0.0,0.0,0.0,0.0,0.0,0.5029304710611741,0.497069528938826,Cross River,0.11790708574829101
43,365142.74,106,5,26418.58,5283.716,0.0,0.0,0.1292321540370451,0.0717256567158416,0.0,0.0,0.1153631270113685,0.0,0.6836790622357447,Abuja FCT,0.34149348734470397
38,229597.04,156,7,94058.6,13436.942857142858,0.0,0.0,0.0,0.0,0.013917600304491,0.0,0.8911886845009387,0.0948937151945701,0.0,Kwara,0.4250920964423017
43,11886.74,183,5,203744.99,40748.998,0.3692266003694128,0.0,0.0,0.0,0.0,0.5936039457951825,0.0,0.0371694538354047,0.0,Delta,0.2762847543955041
37,36236.485,75,2,11620.13,5810.0650000000005,0.0,0.0,0.4043070086135009,0.0,0.0,0.0,0.0,0.595692991386499,0.0,Unknown,0.13643176915343358
49,9360.22,57,7,531101.6241500111,75871.66059285872,0.0002379958829956,0.8974464819474628,0.0087042851872248,0.0,0.0,0.0284530479909278,0.0,0.0651581889913888,0.0,Oyo,0.7042674168446666
50,78808.0,328,8,62099.810000000005,7762.476250000001,0.1975627622693209,0.0310129773343912,0.0,0.1025206035251959,0.0,0.2344425852510659,0.0,0.1789926571433954,0.2554684144766304,Abuja FCT,0.2594730308813398
60,14151.14,24,5,26073.53,5214.706,0.5734217806334624,0.307244933846702,0.0134600109766494,0.0,0.0,0.0,0.0,0.1058732745431861,0.0,Enugu,0.21727957082146365
53,35048.76,5,7,30396.11,4342.301428571429,0.0,0.0,0.0327393867175766,0.0602794239131257,0.0,0.3351599925121998,0.3263585373259933,0.0354726312018215,0.2099900283292829,Kwara,0.31293927393967735
29,185742.82,42,8,39802.0,4975.25,0.0,0.0279744736445404,0.1757650369328174,0.2140806994623385,0.0,0.1270596954926888,0.2328666901160745,0.1068657353901814,0.1153876689613587,Enugu,0.4293546373451166
35,33025.27,41,6,60060.935,10010.155833333332,0.0,0.0843301057501019,0.6303428343231753,0.0,0.0,0.2853270599267228,0.0,0.0,0.0,Kaduna,0.29726821144460464
32,179461.2,102,4,22248.04,5562.009999999999,0.0,0.0,0.1626610703684459,0.3098039198059694,0.0,0.5275350098255847,0.0,0.0,0.0,Anambra,0.21760918285281333
28,44112.7,6,7,82267.17,11752.452857142856,0.0,0.5271361589319288,0.0042729074064417,0.0,0.0,0.0,0.0,0.4685909336616295,0.0,Plateau,0.3795961826323503
58,7616.98,277,5,13829.98,2765.996,0.0,0.0,0.6064802696750103,0.0,0.0,0.0,0.2698160084107135,0.123703721914276,0.0,Kwara,0.14494384162343177
42,179172.01,26,7,106748.71,15249.815714285714,0.0,0.0,0.1683399265433746,0.0238564943782458,0.0,0.7281454736080651,0.0183169426590728,0.0,0.0613411628112414,Lagos,0.4504751585644671
30,200931.31,150,2,6315.97,3157.985,0.0,0.0,0.0,0.0,0.0,0.0,0.0,1.0,0.0,Kano,0.17484789329669412
33,502205.4,130,6,40273.54,6712.256666666667,0.0273268751641896,0.5095189049683738,0.032244744315995,0.0,0.0152713170980251,0.4156381584534163,0.0,0.0,0.0,Anambra,0.4509411886799087
41,230137.3,4,12,107149.45,8929.120833333332,0.0164687732881503,0.0384219424364754,0.0765446766175654,0.0823320138367485,0.0,0.0,0.7211047746861976,0.0103085923446177,0.0548192267902448,Delta,0.7064902130732338
41,19129.09,180,5,64235.16,12847.032,0.0,0.0,0.0,0.056174842562858,0.0,0.0859737875643183,0.6074811676346723,0.2503702022381511,0.0,Enugu,0.2263386217260489
20,13219.96,349,3,15059.54,5019.846666666667,0.1593342160517519,0.0,0.0,0.0,0.3496069601063512,0.0,0.4910588238418968,0.0,0.0,Ogun,0.10489382334576923
48,13355.37,78,3,14677.27,4892.423333333333,0.6460649698479348,0.0,0.0,0.0,0.0,0.0,0.2636219133394697,0.0903131168125952,0.0,Rivers,0.14198587652591632
53,12958.73,60,4,145581.16,36395.29,0.8257462710147385,0.1650265734934383,0.0,0.0,0.0,0.0,0.0,0.0092271554918232,0.0,Plateau,0.24552197593982247
45,36572.96,47,5,19309.54,3861.908,0.0,0.106260428782871,0.0,0.0,0.0,0.6679144091469812,0.0,0.0,0.2258251620701477,Ogun,0.2129579339194015
52,102978.87,197,6,70153.40000000001,11692.233333333335,0.1724924237456773,0.0,0.608658026553239,0.0069278181812998,0.0,0.2119217315197837,0.0,0.0,0.0,Delta,0.2464371616963514
26,6861.41,34,5,142992.5,28598.5,0.0,0.0,0.1172946133538472,0.0,0.0,0.0120013986747556,0.575233666101369,0.0,0.2954703218700281,Anambra,0.3213820972262146
41,37624.23,477,4,18501.45,4625.3625,0.0,0.147756527191112,0.0,0.8126254969205116,0.0,0.0,0.0,0.0,0.0396179758883763,Abuja FCT,0.09950114579589148
43,3157.5,195,6,58268.34,9711.39,0.0,0.6671626478461545,0.0,0.0875700251628929,0.0,0.0,0.0,0.2452673269909525,0.0,Edo,0.2407952541947697
44,2515556.58,37,10,202767.33,20276.733,0.1377409763200018,0.0194634411766432,0.0241467893274523,0.7357115172350498,0.0,0.0482520039100973,0.0031522336463176,0.0,0.0315330383844379,Edo,0.9951790921080682
34,24148.46,90,10,110080.8,11008.08,0.0404258508295724,0.0,0.1027269968968248,0.0,0.0,0.5192707538462656,0.1060594581434728,0.1324192774761811,0.099097662807683,Kano,0.4648626499046102
37,19391.95,15,6,43448.11,7241.351666666666,0.0425836704979802,0.2262275620274391,0.4642609310278398,0.1265309354077772,0.0,0.1141946105365687,0.0,0.0262022905023946,0.0,Unknown,0.2712456906592297
18,30161.96,93,6,34805.64,5800.94,0.1517958009104272,0.0,0.0,0.2714430764669174,0.0,0.1082402162408161,0.0,0.0561598637462204,0.4123610426356188,Kano,0.2471780067964521
21,129335.25,112,9,257305.89,28589.54333333333,0.0765622971164787,0.0311102478066087,0.0,0.0592356436146875,0.4429794436497353,0.0,0.0055975010910166,0.0164433468662532,0.3680715198552198,Rivers,0.5747733195338461
54,71562.78,75,8,136988.85,17123.60625,0.0365277904004595,0.0,0.0,0.0,0.0,0.0814056764473896,0.7121741659996416,0.1698923671525091,0.0,Edo,0.4683540054807635
24,45569.68,69,6,74412.86,12402.143333333332,0.1236102200614248,0.0290856983591277,0.0,0.0,0.0,0.0747721563181417,0.0,0.6601579350666,0.1123739901947055,Anambra,0.2897385039859548
51,71589.7,11,5,10458.34,2091.668,0.5222482726704238,0.0,0.0,0.0856168378538085,0.0,0.0095617468929103,0.0,0.3825731425828573,0.0,Plateau,0.2280887177331049
51,36150.4,43,3,31625.79,10541.93,0.0,0.0,0.0,0.3306605147254819,0.0,0.669339485274518,0.0,0.0,0.0,Lagos,0.18852934410399075
27,18593.2,58,5,27495.26,5499.052000000001,0.0,0.0,0.1228709966736084,0.0,0.0,0.1785471386704472,0.0,0.6985818646559444,0.0,Rivers,0.22293127692779696
65,209795.1,175,5,68235.95,13647.19,0.4063440166070817,0.0,0.0,0.0,0.0,0.2613872892514869,0.0,0.3322686941414313,0.0,Kaduna,0.279761169092214
46,6161.11,174,7,36374.32,5196.331428571429,0.0168344040520894,0.0,0.2796110002881153,0.0,0.0,0.224904273124556,0.124316275878147,0.2554425759711797,0.0988914706859124,Kaduna,0.2586828875011243
18,486783.96,29,8,32513.67,4064.20875,0.0,0.0258094518397953,0.1284241366785109,0.0,0.0,0.1501426938269349,0.0,0.4298948719107994,0.2657288457439594,Edo,0.5847471094146248
37,5692.28,124,9,135269.96,15029.995555555555,0.0,0.0142799628239706,0.0227265536265405,0.0290377848858682,0.0,0.412319335349844,0.0,0.4554493843274589,0.0661869789863174,Cross River,0.40891127113320563
20,6155.38,138,7,32730.02,4675.717142857143,0.0,0.0,0.147266332253998,0.221113522081563,0.0,0.3610071121251988,0.0469428371873894,0.2236701963518506,0.0,Abuja FCT,0.2624808592856898
32,152768.57,64,6,122858.74,20476.45666666667,0.0,0.4529828321534145,0.0,0.0,0.0,0.0855536203610748,0.0,0.184078560467086,0.2773849870184245,Abuja FCT,0.399408789848904
49,7647.62,58,8,22894.78,2861.8475,0.0,0.0720884847987183,0.2498167704603407,0.051299903296734,0.0,0.225269690296216,0.0,0.0,0.401525151147991,Anambra,0.29688775026082587
49,19841.0,433,4,13753.87,3438.4675,0.0,0.6441743305702322,0.0,0.1422196080085096,0.0,0.2136060614212581,0.0,0.0,0.0,Anambra,0.09993733951310996
37,36236.485,30,10,65725.92,6572.592,0.2016012860679622,0.0,0.0836671437995847,0.0,0.0,0.0850258162989578,0.0,0.5444054643890873,0.0853002894444079,Unknown,0.445419393531887
