customer_id,recency_days,frequency,monetary_total,monetary_avg,share_ATM Withdrawal,share_Airtime/Data,share_Bill Payment,share_Loan Repayment,share_Other/Unclassified,share_POS Purchase,share_Salary Credit,share_Savings Deposit,share_Transfer
FB100000,163,3,22099.93,7366.643333333333,0.0,0.0,0.22703556074612002,0.28120134317167517,0.0,0.0,0.0,0.4917630960822048,0.0
FB100001,24,5,25117.18,5023.436,0.0,0.0,0.0,0.09936664864447362,0.0,0.0,0.6240648830800273,0.2005667037462008,0.07600176452929827
FB100002,73,11,106414.34999999999,9674.031818181817,0.0,0.0,0.0,0.5765462082886378,0.0,0.2914169000703382,0.051127596982925703,0.0,0.08090929465809826
FB100003,13,15,107539.19,7169.279333333334,0.10968382782128078,0.5542179553333069,0.00814335685437095,0.09272684683602322,0.0,0.07724095745932251,0.09188166658127145,0.0,0.06610538911442423
FB100004,200,3,33567.41,11189.136666666667,0.0,0.0,0.7854237190179402,0.21457628098205966,0.0,0.0,0.0,0.0,0.0
FB100005,168,6,77177.35,12862.891666666668,0.813144659670227,0.08416510802716082,0.0,0.0,0.08694766016195166,0.0090231136466852,0.0,0.0,0.00671945849397524
FB100006,114,2,16502.15,8251.075,0.0,0.0,0.8321539920555806,0.0,0.0,0.0,0.0,0.16784600794441937,0.0
FB100007,150,4,105487.98999999999,26371.997499999998,0.0371173059606122,0.0,0.0,0.8712242028689713,0.0,0.0,0.0,0.09165849117041666,0.0
FB100008,140,6,51594.07,8599.011666666667,0.0,0.5785341222353654,0.0,0.0,0.0,0.02088108187626989,0.3221905153053442,0.07839428058302049,0.0
FB100009,4,6,87526.08,14587.68,0.0,0.027624566300695746,0.04208894080484354,0.0,0.0,0.018466610180645583,0.0,0.7737211583107572,0.13809872440305793
FB100010,57,10,99006.3,9900.630000000001,0.011043640657210703,0.06984949442611227,0.04695095160610991,0.3988214891375599,0.0,0.0,0.15032407028643632,0.25983780830108794,0.06317254558548294
FB100011,28,6,106029.34999999999,17671.55833333333,0.012005826688553687,0.0,0.07184039136333477,0.0,0.0,0.0,0.0,0.688392034846955,0.2277617471011564
FB100012,31,7,128931.37999999999,18418.76857142857,0.7815682264472775,0.0,0.0,0.007720385836248708,0.0,0.022077480284473802,0.010424227212956225,0.0,0.17820968021904365
FB100013,290,7,71505.46,10215.065714285714,0.31308756002688465,0.03741560434685687,0.0,0.0,0.0,0.0,0.35875945697013906,0.0,0.29073737865611937
FB100014,74,8,107965.23999999999,13495.654999999999,0.7159230137403483,0.0,0.04464427625039318,0.0,0.0,0.08512758365562843,0.15430512635363014,0.0,0.0
FB100015,145,7,72149.32,10307.045714285716,0.06200474238703844,0.0,0.0,0.18678831623083905,0.0,0.3330164442298278,0.33734344273792183,0.03878012987509792,0.04206692453927493
FB100016,65,9,51793.39,5754.821111111111,0.07742281399228743,0.0,0.08417695771603288,0.19230426894242683,0.0,0.1544291655749894,0.016232380232303775,0.0,0.4754344135419597
FB100017,125,2,8139.29,4069.645,0.0,0.0,0.0,0.2947234955383086,0.0,0.0,0.0,0.0,0.7052765044616913
FB100018,370,5,48025.45,9605.09,0.05879424346882746,0.0,0.0,0.0,0.48020955555856315,0.14235473066884327,0.24449495007334648,0.0741465202304195,0.0
FB100019,102,7,118039.61,16862.801428571427,0.38002175710339947,0.18727594914961174,0.0,0.039535542348877635,0.0,0.12610444917600117,0.26706230222211,0.0,0.0
FB100020,49,8,30512.36,3814.045,0.0,0.20089793119902888,0.0,0.011641511833237417,0.0,0.5468390514532472,0.058994125659241045,0.13067229149105478,0.05095508836419078
FB100021,18,8,20488.17,2561.02125,0.13335793289493403,0.0,0.06750627313225144,0.04407323836145444,0.0,0.0,0.12303002171497016,0.3835154628256209,0.24851707107076915
FB100022,21,5,29355.67,5871.134,0.4347344141693922,0.0,0.16750154229148917,0.0,0.0,0.39776404353911865,0.0,0.0,0.0
FB100023,175,6,148796.83,24799.471666666665,0.06766723457751082,0.058601786072996306,0.08015876413496174,0.12795400278352703,0.0,0.0,0.38891997900761727,0.0,0.27669823342338673
FB100024,19,8,90042.36,11255.295,0.2028978360851493,0.0,0.7083884740471041,0.04506590009413348,0.0,0.0,0.0,0.0,0.04364778977361323
FB100025,187,5,65245.17999999999,13049.035999999998,0.05420461710734801,0.0,0.6177700789544913,0.0,0.0,0.06099500376886078,0.0,0.26703030016929985,0.0
FB100026,54,5,32139.09,6427.818,0.46044520862289506,0.0,0.059544623074268756,0.4330769788441428,0.0,0.04693318945869346,0.0,0.0,0.0
FB100027,196,6,38449.85,6408.308333333333,0.0,0.0,0.26720832460984895,0.523991120901642,0.0,0.0,0.005876225785016067,0.1358650293824293,0.06705929932106368
FB100028,30,5,40482.89,8096.5779999999995,0.3218354717264504,0.0,0.4188749864448907,0.0,0.0,0.259289541828659,0.0,0.0,0.0
FB100029,157,6,61372.17,10228.695,0.23587873787092747,0.08749796528296132,0.0,0.05921283213547769,0.0,0.0,0.24687215720089414,0.0,0.3705383075097394
FB100030,191,4,39833.69,9958.4225,0.08047484428382107,0.0,0.06062908055969709,0.0,0.0,0.0,0.0,0.019814885339520392,0.8390811898169614
FB100031,28,4,34817.89,8704.4725,0.1243329219547767,0.7552913171935463,0.0,0.0,0.06297394816285536,0.0,0.05740181268882175,0.0,0.0
FB100032,87,4,44714.61,11178.6525,0.0,0.088645746882283,0.0,0.0,0.0,0.7974840885339266,0.0,0.0,0.1138701645837904
FB100033,93,9,108521.83,12057.981111111112,0.0,0.3233505185085802,0.0,0.0,0.037076411262139605,0.061954815911231864,0.07917605149120688,0.39914264254482257,0.09929956028201883
FB100034,8,2,18876.0,9438.0,0.0,0.0,0.0,0.0,0.0,0.0,0.0,0.0,1.0
FB100035,105,6,487877.9741500111,81312.99569166852,0.0,0.0070629546373833195,0.0,0.007379037773271278,0.0,0.017891502511888507,0.0,0.003971628363374756,0.9636948767140822
FB100036,264,5,36702.38,7340.476,0.18068528525943,0.0,0.0,0.4227428847938471,0.0,0.20018075122103796,0.0,0.0,0.19639107872568481
FB100037,10,5,48330.67,9666.134,0.0,0.15413670036024743,0.0,0.07885903505993193,0.0,0.0,0.08809892351999259,0.04386200315451866,0.6350433379053094
FB100038,122,4,16177.27,4044.3175,0.5912357276598585,0.0,0.0,0.0,0.0,0.29721207595595545,0.0767280264222579,0.03482416996192806,0.0
FB100039,317,5,16103.3,3220.66,0.0,0.511148646550707,0.0,0.0,0.0,0.21012587482068892,0.17717921171436912,0.0,0.10154626691423498
FB100040,275,5,54816.58,10963.316,0.10816672619853336,0.5778209804405893,0.0,0.0,0.0,0.03147679041633024,0.0,0.0,0.2825355029445471
FB100041,249,4,26262.15,6565.5375,0.0,0.15684169041757814,0.0,0.0,0.0,0.0,0.7395544538432687,0.0,0.1036038557391531
FB100042,34,10,87092.81,8709.280999999999,0.054829325176211446,0.1297597356199668,0.09778981755210334,0.10154512180741442,0.0,0.0423290969713803,0.016339351089946462,0.0,0.5574075517829773
FB100043,143,4,18258.8,4564.7,0.0,0.13463699695489298,0.31360220825026836,0.0,0.0,0.0,0.5517607947948386,0.0,0.0
FB100044,159,6,22983.719999999998,3830.6199999999994,0.0,0.0,0.0,0.5398908444760029,0.0,0.0,0.0,0.22246398755292876,0.23764516797106822
FB100045,224,5,62613.80000000001,12522.760000000002,0.0,0.0,0.0,0.1876268490332802,0.0,0.6551159648511989,0.07858283637153471,0.07867434974398615,0.0
FB100046,32,3,8445.36,2815.1200000000003,0.0,0.21381326550910795,0.0,0.5997387914783976,0.0,0.0,0.0,0.0,0.1864479430124944
FB100047,156,4,13705.54,3426.385,0.0,0.0,0.0,0.26634193180276006,0.0,0.445946675577905,0.15387938016305816,0.0,0.13383201245627682
FB100048,118,10,56203.82,5620.382,0.3183354796880354,0.11225429161220714,0.0,0.0,0.0,0.13686916654419573,0.0,0.3570381870840807,0.0755028750714809
FB100049,142,6,64268.75,10711.458333333334,0.5804847612564427,0.0,0.2769034717494895,0.0,0.0,0.026863755713313234,0.0,0.0,0.11574801128075464
FB100050,445,4,244476.34000000003,61119.08500000001,0.9022448961727748,0.0,0.0,0.0,0.0,0.004188421668943506,0.0,0.09356668215828166,0.0
FB100051,13,6,288042.87,48007.145,0.006057466376445979,0.0,0.05130493249147254,0.0,0.0,0.017512393207302787,0.0,0.11494795896180317,0.8101772489629756
FB100052,30,9,153253.95,17028.216666666667,0.2854100008515278,0.0,0.00222898006870296,0.3186984740034433,0.0,0.0,0.0,0.280719028775441,0.1129435163008849
FB100053,699,3,17545.760000000002,5848.586666666667,0.0,0.0,0.0,0.0,0.0,0.0,0.26992732147253806,0.149405896353307,0.5806667821741548
FB100054,28,5,75030.38,15006.076000000001,0.0,0.08716402609183108,0.010160151128116373,0.8044492111062214,0.0,0.0,0.0,0.09822661167383134,0.0
FB100055,56,7,78985.24,11283.605714285715,0.09303231844329396,0.10023417033359651,0.0,0.0,0.0,0.0,0.0573585647141162,0.5061049380871666,0.24327000842182667
FB100056,288,6,45228.99,7538.165,0.0,0.3658239991651372,0.0,0.024337045775287044,0.0,0.0,0.2885439184027766,0.06804750669869038,0.25324752995810873
FB100057,14,10,39119.26,3911.9260000000004,0.07800403177360717,0.24136013820302327,0.2325294496879542,0.12366798349457528,0.08148620398238617,0.18794373922206095,0.0,0.05500845363639291,0.0
FB100058,284,3,482197.3141500111,160732.4380500037,0.9763459487116687,0.0,0.0,0.0,0.0,0.0,0.02365405128833138,0.0,0.0
FB100059,56,11,111378.27,10125.297272727274,0.2807071792370271,0.08303406041411848,0.044214010506717326,0.0,0.0,0.27030344428944714,0.20255782389150057,0.0913006639445917,0.02788281771659768
FB100060,78,3,14677.269999999999,4892.423333333333,0.6460649698479348,0.0,0.0,0.0,0.0,0.0,0.26362191333946977,0.09031311681259525,0.0
FB100061,92,9,89001.33,9889.036666666667,0.05622275532286989,0.04764097345511578,0.020316550325708616,0.6859961530911953,0.0,0.0,0.062178059586300564,0.1182209299568894,0.009424578261920355
FB100062,24,10,106181.25,10618.125,0.3684223909588557,0.0,0.05954488198245923,0.0,0.04310657484254517,0.3740904349873447,0.1375430219553829,0.0,0.017292695273412203
FB100063,56,7,121927.17,17418.167142857143,0.04939875173023371,0.0,0.0,0.0,0.0,0.07822637070966217,0.6495911452713944,0.0,0.22278373228870973
FB100064,37,7,151734.97,21676.424285714285,0.5641083265116801,0.0,0.01621735582773041,0.0,0.0,0.026636509698456455,0.0,0.3437429750043776,0.04929483295775521
FB100065,233,8,67948.47,8493.55875,0.0,0.0,0.44100139414470996,0.4231465403120924,0.0,0.13585206554319768,0.0,0.0,0.0
FB100066,76,6,36616.61,6102.768333333333,0.477044434206225,0.20100468066268284,0.0,0.08682180027042372,0.0,0.16004676566181303,0.07508231919885539,0.0,0.0
FB100067,7,8,58494.329999999994,7311.791249999999,0.6765616428122178,0.0,0.04655117855012614,0.0,0.0,0.2129688467241184,0.0,0.0639183319135376,0.0
FB100068,2,4,57208.560000000005,14302.140000000001,0.1430887265821758,0.7933155457854559,0.04638082133163289,0.0,0.0,0.0,0.0,0.017214906300735414,0.0
FB100069,43,10,79449.4,7944.94,0.3682795590652667,0.0,0.21470533446445159,0.117939971856301,0.0,0.0,0.009175903153453645,0.01520401664455616,0.2746952148159709
FB100070,65,3,11778.130000000001,3926.0433333333335,0.0,0.0,1.0,0.0,0.0,0.0,0.0,0.0,0.0
FB100071,35,6,70287.98,11714.663333333332,0.0,0.11140681521933055,0.012079874823547356,0.008377392549906828,0.0,0.3434699645657764,0.0,0.5246659528414389,0.0
FB100072,369,5,22331.75,4466.35,0.5610523134102792,0.0,0.0,0.43316578414141305,0.0,0.005781902448307902,0.0,0.0,0.0
FB100073,46,10,49923.36,4992.336,0.0,0.0,0.11413654850154316,0.2765164444059855,0.0,0.01880903048192269,0.34292723887174265,0.0,0.24761073773880607
FB100074,35,2,30501.989999999998,15250.994999999999,0.0,0.0,0.0,0.0,0.0,0.0,0.0,0.47668234105381324,0.5233176589461868
FB100075,389,4,16968.02,4242.005,0.0,0.0,0.3454480841017396,0.36148118637295334,0.0,0.2168261234958469,0.0,0.0,0.07624460602946012
FB100076,167,4,39809.229999999996,9952.307499999999,0.0,0.0,0.4535724504091136,0.4621963298461186,0.0,0.0,0.0,0.0,0.08423121974476773
FB100077,159,3,43558.32,14519.44,0.0,0.0,0.0,0.0,0.0,0.06384153475156985,0.0,0.0,0.9361584652484302
FB100078,120,5,187260.19,37452.038,0.0,0.01445902623510101,0.0,0.0,0.0,0.015688385235537783,0.006106903982101054,0.9637456845472602,0.0
FB100079,35,6,21396.75,3566.125,0.16388563683737015,0.0,0.26070875249745873,0.0,0.0,0.0,0.07787210674518326,0.4450507670557445,0.0524827368642434
FB100080,307,6,67093.48000000001,11182.246666666668,0.0,0.04810780421584929,0.12047891985927695,0.0,0.0,0.769169820972172,0.0,0.06224345495270182,0.0
FB100081,19,8,72336.99,9042.12375,0.19744379742646184,0.0,0.0,0.0,0.0,0.46965957527400565,0.05576303354618431,0.2004137855335147,0.07671980821983329
FB100082,75,9,580555.5641500112,64506.17379444568,0.0,0.038697570718993116,0.0,0.8436716214530173,0.0,0.0,0.10057729803260018,0.0,0.01705350979538934
FB100083,33,8,38672.520000000004,4834.0650000000005,0.19771610435523723,0.08248828884179257,0.07804870228265445,0.08808632072593148,0.0,0.18801283185062673,0.3656477519437574,0.0,0.0
FB100084,112,4,28892.980000000003,7223.245000000001,0.4904374695860379,0.0,0.0,0.4372719601785624,0.0,0.014339123205706024,0.0,0.05795144702969372,0.0
FB100085,65,4,14047.35,3511.8375,0.0,0.0,0.05244903843073604,0.0,0.0,0.0,0.9268082592090323,0.0,0.020742702360231645
FB100086,184,6,10510.55,1751.7583333333332,0.3609706437817241,0.0,0.0,0.3856724909733554,0.0,0.0,0.2533568652449206,0.0,0.0
FB100087,55,7,52535.74,7505.105714285714,0.0,0.4091186304789844,0.4457394147298581,0.07606155352527631,0.0,0.0,0.0,0.06908040126588108,0.0
FB100088,74,8,228197.22,28524.6525,0.04767836347874878,0.21953611003674803,0.006415459399549214,0.35335921270206533,0.0,0.0,0.0,0.29711882554923325,0.07589202883365537
FB100089,8,8,173644.55,21705.56875,0.4734454378211122,0.1768020937023362,0.03859510707361677,0.09047182880199811,0.0,0.0,0.2206855326009368,0.0,0.0
FB100090,5,3,8253.03,2751.01,0.14529088104611274,0.0,0.0,0.0,0.0,0.4880462084834297,0.36666291047045746,0.0,0.0
FB100091,37,4,52976.43,13244.1075,0.0,0.0,0.0,0.5302652519242991,0.0,0.0,0.15960173231756083,0.31013301575814,0.0
FB100092,41,9,180739.66999999998,20082.185555555552,0.350154783396473,0.027996067493096567,0.0,0.0,0.0,0.028942732937378944,0.3661856857434785,0.10592129552964218,0.12079943489993095
FB100093,481,3,92390.29,30796.763333333332,0.0,0.6673708893001635,0.0,0.3326291106998365,0.0,0.0,0.0,0.0,0.0
FB100094,34,5,142992.5,28598.5,0.0,0.0,0.11729461335384724,0.0,0.0,0.012001398674755668,0.575233666101369,0.0,0.29547032187002814
FB100095,9,6,51631.29,8605.215,0.49669260636331186,0.04675788654515508,0.0,0.0,0.0,0.0,0.0,0.0,0.456549507091533
FB100096,30,8,169231.66,21153.9575,0.0,0.7362966834929113,0.009956883954219913,0.02187132124095456,0.02092516258482603,0.17960108646337217,0.0,0.0,0.0313488622637159
FB100097,24,9,233836.54,25981.83777777778,0.13884006323391546,0.0,0.005368194380570291,0.8015262285355403,0.0,0.0,0.03059466240819335,0.0,0.023670851441780657
FB100098,38,9,50436.44,5604.048888888889,0.23450108691255764,0.0,0.025797617754147597,0.03401667524512039,0.0,0.3036602107523846,0.40202440933578976,0.0,0.0
FB100099,36,9,190749.38,21194.375555555554,0.2626844711107318,0.0,0.11140628609120512,0.0,0.0,0.02318854194965142,0.0,0.21981838158530317,0.38290231926310847
FB100100,90,7,199529.83000000002,28504.26142857143,0.0,0.06870065493465313,0.23352828998050068,0.09500198541741854,0.0,0.0,0.0,0.6010893709476924,0.0016796987197352897
FB100101,294,6,58921.07,9820.178333333333,0.0,0.0,0.42740958370240056,0.09878741170179021,0.0,0.0,0.0,0.19977149091148552,0.2740315136843238
FB100102,32,6,150354.83,25059.138333333332,0.42846185919002405,0.0,0.034682357726718856,0.022422691708673413,0.0,0.0,0.0,0.4028323533071735,0.11160073806741028
FB100103,360,5,43142.06,8628.412,0.0,0.0,0.0,0.13723081373490278,0.0,0.0,0.3333686430365171,0.041011486238719246,0.48838905698986096
FB100104,37,10,202767.33000000002,20276.733,0.13774097632000185,0.0194634411766432,0.02414678932745231,0.7357115172350498,0.0,0.04825200391009735,0.0031522336463176786,0.0,0.03153303838443797
FB100105,65,2,10578.739999999998,5289.369999999999,0.5243091332238056,0.0,0.0,0.0,0.0,0.0,0.47569086677619454,0.0,0.0
FB100106,11,12,80499.17,6708.264166666667,0.0,0.0,0.3712891698138005,0.06380202429416353,0.08209637440982309,0.0,0.3491432271910381,0.040843029810121015,0.09282617448105364
FB100107,269,2,90594.26000000001,45297.130000000005,0.9441999967768377,0.0,0.05580000322316225,0.0,0.0,0.0,0.0,0.0,0.0
FB100108,101,4,94889.33,23722.3325,0.10553820961745647,0.47680250245206707,0.0,0.24711292618464056,0.0,0.17054636174583593,0.0,0.0,0.0
FB100109,158,7,43717.22,6245.317142857143,0.0,0.13789417533868806,0.0,0.7405976409295925,0.0,0.00997959156597789,0.0,0.05609551568009128,0.055433076485650275
FB100110,23,6,84255.26000000001,14042.543333333335,0.0,0.0,0.0783916636183901,0.3325235718221034,0.0,0.0,0.0,0.30075997629109447,0.28832478826841196
FB100111,174,7,36374.32,5196.331428571429,0.016834404052089497,0.0,0.27961100028811536,0.0,0.0,0.224904273124556,0.124316275878147,0.2554425759711797,0.09889147068591249
FB100112,297,7,52223.87,7460.552857142858,0.6563100360046087,0.07469630266772645,0.08322956533094923,0.0,0.0,0.0,0.0,0.18576409599671567,0.0
FB100113,190,2,13705.86,6852.93,0.0,0.5744207222312208,0.0,0.0,0.0,0.0,0.0,0.0,0.4255792777687792
FB100114,94,4,39592.11,9898.0275,0.0,0.0,0.0,0.18246312207154408,0.0,0.0,0.4683958495771001,0.24141956566598752,0.10772146268536839
FB100115,30,6,26695.449999999997,4449.241666666666,0.1466987820021764,0.0,0.025939251820066716,0.09929519824539387,0.0,0.05964686866113888,0.0,0.6684198992712241,0.0
FB100116,96,5,488209.3441500111,97641.86883000222,0.015386759983216982,0.0,0.0,0.963040772946665,0.0,0.0,0.0,0.021572467070117958,0.0
FB100117,144,10,123022.64,12302.264,0.0,0.003545444968503359,0.037060739389107575,0.04353718957746315,0.0,0.0,0.10331407292186219,0.0,0.8125425531430638
FB100118,47,8,32679.11,4084.88875,0.17240769408958811,0.3881969245796474,0.04759493144091133,0.042189949481488326,0.0,0.14938258722468267,0.021256698851345707,0.17897121433233645,0.0
FB100119,48,11,66184.91,6016.81,0.09188892150793891,0.020315204780062407,0.37482698095381567,0.3143949277864094,0.022697016585804836,0.0,0.0,0.020029339013983707,0.15584760937198527
FB100120,149,4,37154.32000000001,9288.580000000002,0.0,0.5409860818338217,0.0,0.1692643008942163,0.0,0.0,0.0,0.0,0.28974961727196186
FB100121,25,6,364368.13,60728.02166666667,0.0,0.07744744305710821,0.8492746882116172,0.0,0.0,0.020972717893850926,0.0041172645917193695,0.04818788624570431,0.0
FB100122,420,5,27351.62,5470.324,0.1862255325278722,0.0,0.0,0.47667523898036024,0.0,0.0595599090657153,0.0,0.27753931942605226,0.0
FB100123,33,5,54392.61,10878.522,0.0,0.0,0.19047587530732574,0.08433553749305281,0.0,0.0,0.6277860172549175,0.0,0.09740256994470388
FB100124,106,8,80976.11,10122.01375,0.0,0.02214109815845686,0.18982240564531935,0.5493559767195535,0.0,0.0,0.16088461152307762,0.023477788695949953,0.05431811925764278
FB100125,49,8,63912.979999999996,7989.1224999999995,0.0,0.20638687164954597,0.02628386283975493,0.0,0.0,0.5774756551799024,0.18985361033079665,0.0,0.0
FB100126,3,11,199961.35,18178.304545454546,0.8118254852750294,0.013958997576281617,0.0,0.0,0.0,0.09776054222478495,0.0,0.07388437815607866,0.002570596767825382
FB100127,13,11,123056.45,11186.949999999999,0.19252367511008156,0.4062915028021692,0.012624531261872091,0.06730374555742506,0.0,0.18030131699719923,0.011618976494121193,0.0,0.12933625177713154
FB100128,198,14,162774.18,11626.727142857142,0.046631597222606194,0.003619677273140003,0.122774693136221,0.01105758910903437,0.48456075773196955,0.3060661095021336,0.0,0.025289576024895347,0.0
FB100129,171,5,47074.39,9414.878,0.0,0.04857439469741403,0.8047651812376114,0.0,0.0,0.03143004083536717,0.11523038322960744,0.0,0.0
FB100130,215,7,63176.74,9025.24857142857,0.0,0.1218894802105965,0.1458372179381209,0.6372987906625128,0.0,0.05189821443778201,0.020986204732944436,0.0,0.02209009201804335
FB100131,125,6,123747.45,20624.575,0.0,0.0426947787610977,0.22900382997791066,0.4214024612224333,0.0,0.012476539920620587,0.0,0.23475158478013083,0.059670805337806956
FB100132,5,8,92713.70999999999,11589.213749999999,0.10562170362937694,0.007881358646957394,0.00708924278836431,0.0043201809095979446,0.0,0.0,0.0,0.7345100309328577,0.1405774830928457
FB100133,271,6,70286.06,11714.343333333332,0.037548128320181826,0.0,0.0,0.0,0.0,0.8599487579756212,0.032416669820445186,0.07008644388375163,0.0
FB100134,122,7,83174.21,11882.03,0.0,0.0,0.0,0.00826313829731596,0.0,0.04035036822111085,0.523437854113673,0.11392930573070667,0.3140193336371936
FB100135,34,8,552948.9941500111,69118.62426875139,0.030724533690698736,0.042995448498004143,0.03238522936012766,0.025636252439143196,0.0,0.0,0.8502872943511648,0.0,0.01797124166086124
FB100136,36,4,96809.41,24202.3525,0.0,0.09246704426770083,0.0,0.0,0.0,0.49797369904433875,0.025976503730370838,0.0,0.38358275295758953
FB100137,22,9,106622.88,11846.986666666668,0.07430787838407667,0.08145165465423557,0.16060520968857714,0.0,0.0,0.0,0.0,0.3395049917991335,0.34413026547397707
FB100138,220,6,36912.229999999996,6152.038333333333,0.0,0.05780387692642792,0.0,0.3130555916020246,0.0,0.0,0.046182525412309154,0.5829580060592384,0.0
FB100139,75,8,50521.7,6315.2125,0.4749561079694468,0.1828075856513142,0.0,0.0,0.19164992468582806,0.014331069619589206,0.13625531207382174,0.0,0.0
FB100140,63,9,80134.76,8903.862222222222,0.0,0.008418568920653161,0.21335909660177438,0.04067186324636151,0.0,0.0285967038523607,0.23521178574690935,0.0,0.473741981631941
FB100141,144,11,68121.33,6192.848181818182,0.5510397404161076,0.019888777861500943,0.0,0.318705315941424,0.0,0.08002309996002721,0.0,0.03034306582094038,0.0
FB100142,189,4,32309.57,8077.3925,0.19889865448534289,0.0,0.0,0.42641421721180445,0.0,0.007287314563455966,0.0,0.0,0.36739981373939673
FB100143,211,4,14100.18,3525.045,0.0,0.11679850895520483,0.0,0.0,0.0,0.0,0.33218795788422556,0.5510135331605696,0.0
FB100144,15,8,30560.46,3820.0575,0.30320518735647306,0.0,0.0,0.0,0.0,0.011629078881666048,0.23764727363397017,0.29639246267889946,0.15112599744899127
FB100145,238,5,22810.55,4562.11,0.0,0.08127686531013062,0.0,0.2220468160566054,0.19899388660071765,0.0,0.49768243203254636,0.0,0.0
FB100146,196,4,77127.13,19281.7825,0.0,0.0,0.0,0.18462984425843412,0.0,0.06329407045225202,0.7520760852893139,0.0,0.0
FB100147,60,7,163702.66,23386.094285714287,0.02048360118277858,0.2064761195694682,0.71785919666791,0.0,0.0,0.0,0.0,0.02049508541889301,0.03468599716095022
FB100148,286,5,129564.15,25912.829999999998,0.5153737357131583,0.13143905933855932,0.0,0.0,0.0,0.0,0.2980337539357916,0.0,0.05515345101249072
FB100149,204,3,18332.620000000003,6110.873333333334,0.3343979202099863,0.0,0.0,0.0,0.0,0.1894202792617749,0.0,0.0,0.47618180052823866
FB100150,26,9,106764.79999999999,11862.755555555554,0.0,0.04199483350317708,0.24075968858650043,0.2367154717659753,0.0,0.04751669089437718,0.0,0.38555872347440356,0.04745459177556648
FB100151,199,11,131762.88,11978.443636363636,0.0,0.06967144312571188,0.03726428869800053,0.03064004065484907,0.0,0.0,0.3301797137403189,0.19704927518281323,0.3351952385983063
FB100152,52,11,76936.41,6994.219090909091,0.03281151278048976,0.06561392713800918,0.0,0.0,0.0,0.04878665380929523,0.2826718844822627,0.47554506377409606,0.09457095801584711
FB100153,182,5,102009.12999999999,20401.825999999997,0.0,0.12064165236974377,0.0,0.1676648943089702,0.0,0.042414830907782475,0.0,0.6259182879022692,0.04336033451123444
FB100154,8,6,14523.33,2420.555,0.4258355349634003,0.012109481778627905,0.15764566390765755,0.2682862676810346,0.0,0.0,0.0,0.13612305166927974,0.0
FB100155,73,8,51195.45,6399.43125,0.0,0.10825024489480999,0.0,0.21798792666145134,0.0,0.0,0.41086385606533393,0.0,0.26289797237840473
FB100156,342,6,29789.22,4964.87,0.0,0.4771450880553435,0.0,0.15539916788690675,0.0,0.010324204527678134,0.24730221200823652,0.1098293275218351,0.0
FB100157,19,5,23928.53,4785.706,0.0284806463247011,0.3432045345033731,0.0,0.4899644900877739,0.0,0.13835032908415185,0.0,0.0,0.0
FB100158,40,8,612286.41,76535.80125,0.5749256136519508,0.026507317057714867,0.0,0.10107457717377721,0.0,0.0,0.2939531190966659,0.0035393730198911323,0.0
FB100159,110,7,107797.20000000001,15399.600000000002,0.0,0.07844869811089712,0.6000347875455022,0.0,0.0,0.16641582527189946,0.0,0.11872905789760774,0.03637163117409358
FB100160,8,4,40896.08,10224.02,0.0,0.16856261040177933,0.0,0.0,0.0,0.0,0.5490235249931045,0.034025021469050336,0.24838884313606582
FB100161,86,8,41397.17,5174.64625,0.09769894898612635,0.20682355822873882,0.0,0.5011762881375708,0.0,0.137033280294281,0.0,0.03511665169382352,0.022151272659459573
FB100162,126,8,675594.174150011,84449.27176875138,0.016942138398988754,0.0,0.0,0.6959288906562033,0.0,0.1710168684408246,0.0,0.0015072214044490858,0.11460488109953415
FB100163,150,6,33086.09,5514.348333333332,0.045233510517561915,0.0,0.21136737523231064,0.0,0.0,0.0,0.7433991142501275,0.0,0.0
FB100164,181,5,82286.70999999999,16457.341999999997,0.0,0.0,0.0,0.0,0.0,0.0,0.0,0.5263089264353867,0.47369107356461326
FB100165,297,2,3035.62,1517.81,0.0,0.17383928159651077,0.0,0.0,0.0,0.0,0.0,0.0,0.8261607184034893
FB100166,188,8,75881.47,9485.18375,0.0,0.1276950749636242,0.0,0.0,0.0,0.401088961507994,0.0,0.02341849729584838,0.4477974662325334
FB100167,103,5,119943.98,23988.796,0.0,0.0,0.0,0.011099014723373364,0.0,0.9611974690184535,0.0,0.0,0.027703516258173196
FB100168,21,8,518262.7541500111,64782.84426875139,0.0,0.03698209035189952,0.0,0.9157472929506311,0.00240655920189663,0.0,0.020209517114880973,0.024654540380691807,0.0
FB100169,117,7,31050.96,4435.851428571428,0.0855310109574712,0.39816095863058665,0.3918902990438943,0.0,0.0,0.03282313976765936,0.044637589304807324,0.0,0.046957002295581196
FB100170,22,6,33677.32,5612.886666666666,0.00879167344669944,0.0,0.538853447958448,0.03920591068410431,0.0,0.08441467432681699,0.13179819534333492,0.0,0.19693609824059632
FB100171,69,9,74236.08,8248.453333333333,0.037422099873808,0.14753190093011379,0.5961706221556957,0.0,0.0,0.13422260442631131,0.0,0.035938320019052734,0.04871445259501849
FB100172,303,6,60098.58999999999,10016.431666666665,0.1371379927549049,0.0,0.09832027673194996,0.0,0.0,0.16474912306594883,0.0,0.5997926074471963,0.0
FB100173,6,7,53994.06,7713.437142857142,0.04304806862088163,0.0,0.2569632659592555,0.3725895033638885,0.0,0.0,0.0,0.14193376086184295,0.18546540119413138
FB100174,180,6,51609.869999999995,8601.644999999999,0.0,0.24369001510757538,0.06903931360416138,0.0,0.0,0.0,0.0,0.12169067660895097,0.5655799946793123
FB100175,17,6,29320.46,4886.743333333333,0.08858285306574318,0.16381359637604595,0.0,0.2942348107771843,0.0,0.0,0.31090167071048685,0.14246706907053983,0.0
FB100176,53,10,575079.1541500111,57507.915415001116,0.01973990870313966,0.11212348688817231,0.007292022271609092,0.0,0.0,0.0,0.0,0.042219231604536035,0.8186253505325428
FB100177,108,6,67549.06999999999,11258.178333333331,0.0,0.1270698471496351,0.5765362868800414,0.0045263391487107086,0.0,0.0,0.0,0.1571040134231308,0.13476351339848203
FB100178,386,3,16979.29,5659.763333333333,0.0,0.0,0.0,0.0,0.0,0.0,0.0,0.0,1.0
FB100179,125,7,33300.82,4757.26,0.0,0.2678402513811972,0.0,0.40621642349948134,0.0,0.0,0.3259433251193214,0.0,0.0
FB100180,19,3,66913.34,22304.446666666667,0.0,0.0,0.6850855150856316,0.0,0.0,0.0,0.0,0.0,0.31491448491436835
FB100181,36,11,88408.12,8037.101818181818,0.1525040912531564,0.06110094864589361,0.014768552933825537,0.1939789014855197,0.0,0.18190693343552605,0.17516592367307438,0.2205746485730044,0.0
FB100182,56,12,162812.68,13567.723333333333,0.14878736717557872,0.02715973964681375,0.05479395093797363,0.3535034249175187,0.0,0.019847655600288627,0.0,0.2592215790563733,0.13668628266545335
FB100183,32,8,97271.89,12158.98625,0.11700019399232399,0.01870108620280741,0.20683046253136442,0.0,0.0,0.0,0.5240335106061988,0.1026009672475779,0.030833779419727533
FB100184,64,8,73491.43,9186.42875,0.0,0.0,0.0,0.6716339578642027,0.0,0.11296922647987664,0.07628522128362451,0.11696193692244118,0.02214965744985504
FB100185,4,3,120757.38,40252.46,0.0,0.0,0.0,0.0,0.0,0.0,0.9509672203885178,0.04903277961148213,0.0
FB100186,267,2,8609.81,4304.905,1.0,0.0,0.0,0.0,0.0,0.0,0.0,0.0,0.0
FB100187,182,4,13959.53,3489.8825,0.3647336264186545,0.0,0.21749371218085423,0.26079459695276275,0.0,0.0,0.0,0.15697806444772855,0.0
FB100188,81,12,107808.23999999999,8984.019999999999,0.003635807429933,0.5463456225609471,0.06231369698642701,0.12581839755476945,0.0,0.09246825660079415,0.1261029769153081,0.04331524195182112,0.0
FB100189,78,4,80632.8,20158.2,0.0,0.6933007411376017,0.01808532011786767,0.0,0.0,0.0,0.2886139387445308,0.0,0.0
FB100190,34,7,83386.31,11912.33,0.0,0.2329147314469246,0.2522878155898732,0.02648576247108189,0.0,0.023853675741257768,0.4644580147508626,0.0,0.0
FB100191,7,7,87117.5,12445.357142857143,0.0,0.0,0.6770425000717422,0.2671248601027348,0.0,0.00869538267282693,0.0,0.047137257152696066,0.0
FB100192,300,5,122655.13999999998,24531.028,0.4348084393365007,0.5348689830691156,0.015572849209580618,0.014749728384803118,0.0,0.0,0.0,0.0,0.0
FB100193,11,7,109432.61,15633.23,0.021038335830608445,0.0,0.1869396151658998,0.0,0.0,0.0,0.40182729809697487,0.39019475090651673,0.0
FB100194,41,5,49970.62,9994.124,0.6484624365277035,0.0,0.0,0.18398210788659414,0.0,0.1445373301351874,0.0,0.0,0.02301812545051472
FB100195,36,6,59533.49,9922.248333333333,0.6009899638002073,0.0,0.0,0.17323173897582692,0.0,0.03409039181139893,0.022924239785035282,0.0,0.1687636656275317
FB100196,601,4,43827.02,10956.755,0.0,0.0214242264247033,0.44863146068338666,0.0,0.0,0.3960629766751196,0.0,0.13388133621679046,0.0
FB100197,98,3,70764.2,23588.066666666666,0.0,0.0,0.039823667899870276,0.0,0.0,0.021493212669683258,0.0,0.0,0.9386831194304466
FB100198,130,5,47691.16,9538.232,0.13225763432887774,0.8174724624018372,0.0,0.050269903269285134,0.0,0.0,0.0,0.0,0.0
FB100199,67,4,111338.13,27834.5325,0.0,0.0,0.0,0.0,0.0,0.705720043977746,0.17254556008799501,0.0,0.121734395934259
FB100200,64,5,25757.089999999997,5151.418,0.0,0.08728004599898515,0.0,0.0,0.0,0.5451912463713875,0.19537183742418107,0.17215687020544637,0.0
FB100201,106,9,159789.71,17754.41222222222,0.017631986440178157,0.08013776356437471,0.017112491161039096,0.1172197508838335,0.0,0.6868118103474873,0.0,0.0810861976030872,0.0
FB100202,32,7,87805.98999999999,12543.712857142857,0.0436301669168584,0.159960043728224,0.2121703769868092,0.0,0.0,0.0,0.030108196490922768,0.0,0.5541312158771856
FB100203,188,4,42505.979999999996,10626.494999999999,0.8418714260911052,0.0,0.0,0.11639232879703043,0.0,0.0,0.0,0.0,0.04173624511186426
FB100204,15,9,80518.53,8946.503333333334,0.0,0.17194973629051602,0.07633944633614152,0.040161066030390775,0.0,0.2134816668908387,0.15524327133145627,0.2804163215597702,0.06240849156088668
FB100205,121,2,1834.39,917.195,0.0,0.0,0.5865437556899024,0.0,0.0,0.0,0.41345624431009764,0.0,0.0
FB100206,377,4,75073.7,18768.425,0.0,0.0,0.3713577457884718,0.0358237305474487,0.0,0.0,0.22487941849142903,0.36793910517265027,0.0
FB100207,167,8,86043.93,10755.49125,0.0030376343804844807,0.06935143478453391,0.0,0.0,0.0,0.0,0.24248636713827462,0.4761138874061192,0.20901067629058784
FB100208,26,4,45776.759999999995,11444.189999999999,0.0,0.6299069658927369,0.0,0.0,0.0,0.16410707092419824,0.09305398634591003,0.11293197683715493,0.0
FB100209,125,2,9233.02,4616.51,0.7006504913885164,0.0,0.0,0.0,0.0,0.0,0.0,0.0,0.2993495086114836
FB100210,25,12,172539.08000000002,14378.256666666668,0.0872309623999386,0.23158782346584897,0.16582057815539528,0.2430640640949285,0.0,0.1586896719282379,0.11360689995565063,0.0,0.0
FB100211,104,5,10592.25,2118.45,0.3336675399466591,0.03865750902782695,0.1997979654936392,0.3483282588685124,0.0,0.0,0.0,0.0,0.07954872666336237
FB100212,78,5,24390.489999999998,4878.098,0.0,0.0,0.0,0.4879340267456702,0.0,0.0,0.0,0.18532100011110889,0.326744973143221
FB100213,130,5,39819.03,7963.806,0.12566604460229192,0.0,0.0,0.05230840630723551,0.0,0.1338189302953889,0.0,0.6047274381118777,0.08347918068320599
FB100214,121,8,96012.73000000001,12001.591250000001,0.04151178703074061,0.3054715765294873,0.00898203811098799,0.44894338490323105,0.0,0.0,0.0,0.0,0.19509121342555308
FB100215,167,7,95869.70999999999,13695.672857142856,0.34266067979135434,0.0,0.0,0.0,0.0,0.0,0.08489699196962211,0.5724423282390236,0.0
FB100216,91,8,93829.44,11728.68,0.11371676096542832,0.011126038906338991,0.026238140182867978,0.0,0.0,0.40095581941019787,0.0,0.061024343745417216,0.3869388967897496
FB100217,2,6,39084.96,6514.16,0.6166545904102242,0.0,0.0,0.01805886458627564,0.0,0.0,0.11761889995537923,0.09238285007839332,0.15528479496972747
FB100218,2,10,143014.08,14301.408,0.579227024360119,0.0,0.0,0.2510499665487482,0.0,0.0,0.036238459877516956,0.13278531736175908,0.0006992318518568243
FB100219,25,7,83434.97,11919.281428571428,0.14470227531693244,0.0,0.11217994085693324,0.019945833263917995,0.0,0.035009421109637846,0.0,0.6881625294525785,0.0
FB100220,44,4,33401.2,8350.3,0.0,0.0488718968180784,0.0,0.3444355292624217,0.0,0.6066925739195,0.0,0.0,0.0
FB100221,110,5,29911.92,5982.384,0.0,0.0,0.0,0.47838854877921577,0.0,0.0,0.43918778868090047,0.04929740384435368,0.03312625869553008
FB100222,114,8,108035.23,13504.40375,0.008568408657064925,0.1348487896031693,0.0,0.0,0.05882173805711342,0.0,0.40819582649104375,0.0,0.38956523719160874
FB100223,178,7,47770.479999999996,6824.354285714285,0.20452568196928317,0.37277749773500285,0.23309730193207187,0.0,0.0,0.0,0.10534141587021942,0.009900465726951038,0.07435763676647168
FB100224,30,11,95434.95,8675.904545454545,0.21360109687279139,0.341388872734779,0.01741175533701228,0.0952508488766432,0.0,0.0,0.1380178854811576,0.09007758687985899,0.10425195381775755
FB100225,122,11,98017.54,8910.685454545453,0.0505762540051505,0.025265477995060882,0.5999686382661714,0.0021607357213821116,0.0,0.12789343621559976,0.0,0.0,0.19413545779663516
FB100226,105,7,56170.979999999996,8024.425714285714,0.0,0.0,0.07512989803631698,0.5136323062193325,0.018582905265316717,0.06001123711923844,0.0,0.0,0.3326436533597954
FB100227,73,5,93285.04000000001,18657.008,0.0,0.0,0.04463084327347665,0.28297742060248887,0.0,0.0,0.5945095805286678,0.0,0.07788215559536663
FB100228,141,11,56039.59,5094.508181818182,0.008525936752927708,0.43583991246188636,0.3184628938220283,0.03560643466520722,0.04962616607294951,0.04659259641264328,0.06902173980930268,0.03632432000305499,0.0
FB100229,322,3,16912.23,5637.41,0.0,0.17076104097449005,0.0,0.0,0.0,0.82923895902551,0.0,0.0,0.0
FB100230,11,11,148407.55000000002,13491.595454545457,0.0,0.12667771956345888,0.009828677853653673,0.005434696550141822,0.0,0.18326931480238035,0.07130243710646797,0.08568277018251431,0.5178043839413831
FB100231,101,12,56422.99,4701.9158333333335,0.10105100775410875,0.028278898371036344,0.0768498798096308,0.13499390939757006,0.0571899858550566,0.12684474892238073,0.4340486032377937,0.040742966652423065,0.0
FB100232,89,12,145000.68000000002,12083.390000000001,0.07133069996637258,0.20017471642201956,0.0612626092512118,0.4714139271622726,0.0,0.012333252506126179,0.0,0.10213083138644592,0.0813539633055514
FB100233,14,7,50063.51,7151.93,0.0,0.091855724858285,0.0,0.04054130443510653,0.042400143337932156,0.22348552868146881,0.05911830792527332,0.5425989907619342,0.0
FB100234,18,5,69817.84999999999,13963.569999999998,0.6855378674651252,0.2955865870977121,0.018875545437162557,0.0,0.0,0.0,0.0,0.0,0.0
FB100235,48,6,388359.52999999997,64726.588333333326,0.0488334095985748,0.14159013942570176,0.0,0.0,0.0,0.010418747803098845,0.0,0.7504089058919193,0.04874879728070534
FB100236,2,6,74689.76000000001,12448.293333333335,0.007839494999046723,0.42107070634582294,0.0,0.04890295537166005,0.0,0.0,0.4743141496237235,0.047872693659746654,0.0
FB100237,61,10,88009.97,8800.997,0.1372359290657638,0.0,0.0,0.05607773755632458,0.0,0.052925481056293966,0.21349728900032575,0.5402635633212919,0.0
FB100238,178,6,28682.719999999998,4780.453333333333,0.0,0.08293007078826554,0.3024789838620605,0.20830520954776952,0.0,0.40628573580190436,0.0,0.0,0.0
FB100239,168,6,60713.630000000005,10118.938333333334,0.19850073204320018,0.0,0.0,0.18730110520487736,0.0,0.49281454592650775,0.12138361682541465,0.0,0.0
FB100240,25,6,29539.870000000003,4923.311666666667,0.0,0.2115154873735057,0.0,0.043011360578093266,0.0,0.7454731520484009,0.0,0.0,0.0
FB100241,66,6,69620.66,11603.443333333335,0.04755269484661593,0.11466725538080219,0.3887004231215274,0.0,0.0,0.09651459782196836,0.3525650288290861,0.0,0.0
FB100242,56,4,31326.39,7831.5975,0.0650710152047523,0.0,0.0,0.1767656598797372,0.0,0.7581633249155105,0.0,0.0,0.0
FB100243,12,4,78503.86000000002,19625.965000000004,0.0,0.0,0.0,0.7509060064052901,0.0,0.0,0.24909399359470988,0.0,0.0
FB100244,87,5,49945.96,9989.192,0.0,0.027171567029645634,0.0,0.23946201054099267,0.0,0.0,0.0,0.0,0.7333664224293616
FB100245,427,3,19536.53,6512.176666666666,0.0,0.0,0.6586205431568452,0.2843324786950395,0.0,0.05704697814811535,0.0,0.0,0.0
FB100246,134,7,40536.07,5790.867142857142,0.12375792719915868,0.0,0.027850504501299708,0.12828549980301493,0.0,0.5938698546751079,0.0,0.1262362138214188,0.0
FB100247,33,3,12088.83,4029.61,0.0,0.0,0.0,0.4031854199289758,0.0,0.0,0.07376809831886129,0.0,0.523046481752163
FB100248,37,6,13140.49,2190.0816666666665,0.23298446252765312,0.0,0.07206504475860491,0.0,0.0,0.15671333412985364,0.0,0.028734088302643207,0.5095030702812452
FB100249,122,5,46570.145000000004,9314.029,0.3646155707696422,0.10875948528826782,0.0,0.0,0.0,0.4896665020046641,0.03695844193742579,0.0,0.0
FB100250,169,5,31850.04,6370.008,0.0,0.22132907839362215,0.024025401537957257,0.0,0.03094689990970184,0.2587130188847487,0.46498560127397015,0.0,0.0
FB100251,38,6,22824.92,3804.153333333333,0.2576854595766382,0.2255837041268929,0.0,0.0,0.0,0.19673453400931964,0.18170490849475046,0.0,0.13829139379239883
FB100252,291,6,35967.81,5994.634999999999,0.0,0.16738772808241592,0.3659030116095475,0.0,0.0,0.0,0.0,0.1276941798791753,0.33901508042886125
FB100253,72,7,63036.07,9005.152857142857,0.21144481247006672,0.09653012949569983,0.03571098261677798,0.0,0.3485821689074207,0.27590584248034494,0.03182606402968967,0.0,0.0
FB100254,105,6,12998.3,2166.383333333333,0.36777270873883505,0.0,0.0,0.11243162567412661,0.0,0.35909311217620765,0.0,0.16070255341083065,0.0
FB100255,46,4,93049.93,23262.4825,0.0,0.0,0.04206397576011073,0.8313804212426597,0.0,0.0,0.0,0.0,0.12655560299722954
FB100256,27,6,95200.69,15866.781666666668,0.0,0.22361980779761156,0.0,0.07684272036263602,0.0,0.0,0.5224877046584432,0.1513782095486913,0.025671557632617997
FB100257,1,8,65481.16,8185.145,0.0,0.47173202185178154,0.04551553454459267,0.07115603938598522,0.0,0.13906412164964702,0.036461632628377386,0.23028104572368602,0.005789604215930201
FB100258,392,5,39843.58,7968.716,0.0,0.0,0.0,0.2553297168577723,0.0,0.0,0.07124359809033223,0.6734266850518954,0.0
FB100259,73,7,254013.28000000003,36287.611428571436,0.0,0.035642191620847544,0.11819252127290353,0.005082450807296374,0.0,0.0,0.009454308845584767,0.6615942284592364,0.17003429899413133
FB100260,249,4,103561.22,25890.305,0.0,0.1079462949548103,0.8322557420625211,0.05979796298266861,0.0,0.0,0.0,0.0,0.0
FB100261,262,6,56746.880000000005,9457.813333333334,0.0,0.2572807527039372,0.49234759690753044,0.0,0.16733977268882447,0.0,0.08303187769970789,0.0,0.0
FB100262,174,4,62102.6,15525.65,0.06874317661418362,0.0,0.0,0.0,0.0,0.2223485007068947,0.0,0.09168150769855045,0.6172268149803711
FB100263,31,15,330527.62,22035.174666666666,0.04013570787215906,0.07909741400733772,0.0,0.0791066114232753,0.0,0.5053370426350452,0.12452922996268816,0.13023374567002902,0.04156024842946559
FB100264,18,4,23947.15,5986.7875,0.0,0.0,0.18053797633538854,0.0,0.0,0.3627550668868738,0.0,0.20319829290750674,0.2535086638702309
FB100265,67,3,9867.42,3289.14,0.1782137580036119,0.5567666117384281,0.0,0.0,0.0,0.0,0.0,0.26501963025796005,0.0
FB100266,22,13,161072.72,12390.209230769231,0.21833461308656116,0.16116490737848096,0.020520669173526095,0.0,0.0,0.2975193440577647,0.17015240072931034,0.07529437635373638,0.057013689220620355
FB100267,7,6,125634.09,20939.015,0.0,0.06712334208016311,0.30661646054824765,0.189800873313923,0.0,0.4247016872570176,0.011757636800648615,0.0,0.0
FB100268,219,3,30162.96,10054.32,0.0,0.0,0.0,0.5362567201627426,0.0,0.0,0.0,0.0,0.4637432798372573
FB100269,70,10,264000.24,26400.023999999998,0.0,0.006517683468772605,0.0638798282910652,0.0682599000667575,0.0,0.7367686105133844,0.11665144698353304,0.00040943144597141277,0.007513099230515852
FB100270,206,4,30544.71,7636.1775,0.0,0.0,0.6619106876444399,0.0,0.0,0.0,0.020973517181862262,0.0,0.3171157951736978
FB100271,60,7,48411.08,6915.868571428572,0.8187109232018785,0.031963757057268706,0.0,0.0,0.0,0.0,0.07865637370618461,0.07066894603466808,0.0
FB100272,95,6,33149.015,5524.8358333333335,0.1861678242928184,0.15279322779274135,0.21423653161338277,0.0,0.0,0.0564876512922028,0.3903147650088547,0.0,0.0
FB100273,60,6,39553.45,6592.241666666666,0.12832736461674013,0.0,0.5562187369243391,0.0,0.0,0.09338704967581843,0.20529359638666161,0.016773252396440768,0.0
FB100274,213,8,35460.77,4432.59625,0.11088676303419244,0.14721169337270454,0.6721577111833725,0.0,0.0,0.02463905888112413,0.0,0.04510477352860641,0.0
FB100275,178,9,118992.23,13221.358888888888,0.011521256471956195,0.0,0.11627809647739183,0.0,0.008050609691069745,0.011296788033974992,0.005414135023774242,0.0,0.847439114301833
FB100276,129,3,34650.270000000004,11550.090000000002,0.0,0.21051986030700484,0.4254180414755787,0.0,0.0,0.0,0.0,0.0,0.36406209821741653
FB100277,221,10,93554.9,9355.49,0.6228882720199582,0.0,0.0,0.05375998477899073,0.0,0.033272014613879124,0.06564509181240105,0.0845550580461312,0.13987957872863954
FB100278,173,4,63494.77,15873.6925,0.0,0.1587738643670967,0.059819572541171505,0.0,0.0,0.0,0.7814065630917317,0.0,0.0
FB100279,392,4,34759.05,8689.7625,0.0,0.6874897328897078,0.0,0.18234359109354253,0.0,0.0,0.0,0.13016667601674958,0.0
FB100280,93,3,45923.14,15307.713333333333,0.0,0.0,0.0,0.27376655864559785,0.0,0.07090739004345087,0.6553260513109513,0.0,0.0
FB100281,413,7,69377.855,9911.122142857143,0.0,0.19443862886795796,0.7495524328332146,0.0,0.0,0.056008938298827485,0.0,0.0,0.0
FB100282,215,9,135779.68,15086.63111111111,0.026196482419166108,0.39476518135850663,0.0,0.024744276905056782,0.0,0.06266187989248465,0.10717391586134245,0.2724708881328929,0.11198737543055044
FB100283,144,2,70060.85,35030.425,0.0,0.0,0.0,0.40983545018366174,0.0,0.0,0.0,0.5901645498163381,0.0
FB100284,201,7,65370.14,9338.591428571428,0.0,0.38120753604015534,0.0,0.14373886915340858,0.0,0.0,0.07426678296849296,0.32289712091789924,0.07788969092004393
FB100285,156,7,94058.6,13436.942857142858,0.0,0.0,0.0,0.0,0.013917600304491028,0.0,0.8911886845009387,0.09489371519457018,0.0
FB100286,26,5,76836.57,15367.314000000002,0.0506339624478292,0.05122131297636008,0.8901938230714879,0.0,0.0,0.0,0.0,0.007950901504322745,0.0
FB100287,80,7,160071.80000000002,22867.4,0.5946448406277683,0.017907214137655728,0.0,0.14220462317535007,0.0,0.0,0.18795596725969224,0.028772463357068515,0.028514891442465197
FB100288,112,5,42786.0,8557.2,0.0,0.0,0.0023372131070911045,0.0,0.2832805123171131,0.1320497358949189,0.0,0.0,0.582332538680877
FB100289,11,4,19887.68,4971.92,0.0,0.0,0.5804171225602988,0.0,0.0,0.0,0.0,0.2937235514650276,0.1258593259746738
FB100290,31,9,24841.08,2760.1200000000003,0.2348021905649835,0.0,0.34003473278939567,0.12476309403616913,0.0,0.22898521320329068,0.0,0.0,0.0714147694061611
FB100291,164,4,9329.060000000001,2332.2650000000003,0.0,0.05070071368390813,0.0,0.4569667254793087,0.0,0.0,0.0,0.4923325608367832,0.0
FB100292,47,4,6977.48,1744.37,0.01433182180386042,0.0,0.0,0.0,0.0,0.0,0.0,0.9856681781961396,0.0
FB100293,259,8,64725.2,8090.65,0.0,0.06511652339428847,0.0,0.32038525952797364,0.0,0.3801452911694363,0.23435292590830156,0.0,0.0
FB100294,86,8,47154.939999999995,5894.367499999999,0.12193886791076397,0.03480929039460129,0.5604133946517585,0.0,0.0,0.04055460573165823,0.24228384131121788,0.0,0.0
FB100295,21,5,172007.07,34401.414000000004,0.0,0.0,0.0,0.024213248908896593,0.0,0.010892749931732457,0.7792294235347419,0.185664577624629,0.0
FB100296,136,5,49218.73,9843.746000000001,0.49696507813184126,0.0,0.0,0.0,0.0,0.29234988387550837,0.0,0.17414955647981978,0.03653548151283058
FB100297,37,6,37891.41,6315.235000000001,0.0,0.020749557749368524,0.5107207675829429,0.20716859045361466,0.13815057291349148,0.0,0.12321051130058236,0.0,0.0
FB100298,306,10,50339.93,5033.993,0.048031056062255155,0.2820635626628802,0.0,0.03207334614887228,0.0,0.14772308980167434,0.26867141054824667,0.18206461550502753,0.03937291927104388
FB100299,75,9,42209.33,4689.925555555556,0.1354894759049717,0.018760307259082294,0.0,0.1989818364802284,0.0,0.0,0.18656988869522448,0.04945873341273126,0.41073975824776177
FB100300,83,9,19306.87,2145.2077777777777,0.0,0.0,0.24446531208839137,0.0,0.0,0.1667085343196489,0.0,0.0,0.5888261535919598
FB100301,12,7,43805.46,6257.922857142857,0.0,0.05756611162170196,0.22742553097262305,0.16436877959962068,0.0,0.0,0.050093755435966204,0.4823222949833194,0.01822352738676868
FB100302,85,4,23026.36,5756.59,0.0864639482749336,0.0,0.019741722095893574,0.0,0.0,0.8937943296291729,0.0,0.0,0.0
FB100303,39,5,34853.99,6970.798,0.0,0.24388915013747353,0.09778277895873615,0.4867293529377842,0.0,0.07853763658048907,0.09306108138551714,0.0,0.0
FB100304,22,6,47435.17,7905.861666666667,0.2907218420425183,0.0,0.04482539010611747,0.3371511053928973,0.0,0.0,0.25848816395092505,0.0,0.06881349850754198
FB100305,88,5,46916.82,9383.364,0.004613910320435188,0.0,0.03806374771350658,0.0,0.0,0.28072938447234913,0.0,0.6225820505311315,0.0540109069625776
FB100306,124,10,537786.7341500111,53778.67341500111,0.0,0.014192447517440948,0.0,0.037751396066115814,0.0,0.029157208618734904,0.0,0.9166353181417555,0.0022636296559528563
FB100307,27,6,46414.16,7735.693333333334,0.0,0.0,0.09516557016220911,0.338237081097665,0.0,0.05964903813836122,0.0,0.38191017568776425,0.12503813491400037
FB100308,131,8,39865.13,4983.14125,0.06231410759227424,0.31192222375795586,0.0,0.0,0.0,0.12056325916910342,0.07585350906920407,0.42934690041146234,0.0
FB100309,136,7,33018.82,4716.9742857142855,0.0,0.21152724415954297,0.0,0.43961655807203287,0.0,0.0,0.02784200041067488,0.2660403975672056,0.0549737997905437
FB100310,55,5,20825.29,4165.058,0.3638230247934122,0.2759068421136032,0.0,0.0,0.0,0.0,0.05304127817667845,0.3072288549163061,0.0
FB100311,17,6,36484.18,6080.696666666667,0.0,0.36058313493684113,0.03559707248456728,0.5426006559555402,0.0,0.06121913662305142,0.0,0.0,0.0
FB100312,191,8,162425.88,20303.235,0.0,0.3567398249589289,0.0,0.021059205589651107,0.0,0.012233580018159667,0.6099673894332602,0.0,0.0
FB100313,183,7,84317.29999999999,12045.32857142857,0.3777170284152837,0.0,0.5175260593021836,0.00872833926133783,0.0,0.0,0.0,0.03421065427854071,0.06181791874265424
FB100314,36,7,76172.17,10881.738571428572,0.060824708026566664,0.0,0.758750604059199,0.0,0.0,0.13734018605482817,0.0,0.043084501859406134,0.0
FB100315,36,9,188912.24,20990.248888888887,0.0,0.0,0.0,0.31929032232109467,0.0,0.16270549753684568,0.49164082750805344,0.023663474637747133,0.0026998779962590035
FB100316,102,4,30830.0,7707.5,0.1366493674991891,0.0,0.0,0.1105900097307817,0.0,0.0,0.08169250729808628,0.6710681154719429,0.0
FB100317,4,2,25626.54,12813.27,0.0,0.0,0.0,0.38220922527972956,0.0,0.0,0.0,0.6177907747202704,0.0
FB100318,176,8,132419.41,16552.42625,0.262921349672227,0.0,0.0,0.0,0.0,0.006961743750406379,0.0,0.7132061681893915,0.016910738387974994
FB100319,48,7,66249.13,9464.16142857143,0.021086314642924372,0.4987556817727267,0.0,0.025795961396021357,0.0,0.10697242363786515,0.0,0.3473896185504625,0.0
FB100320,221,3,16561.219999999998,5520.406666666666,0.3853454032975832,0.0,0.0,0.0,0.0,0.0,0.0,0.6146545967024168,0.0
FB100321,419,3,13307.815,4435.9383333333335,0.0,0.5611586124393824,0.0,0.0,0.0,0.0,0.4388413875606176,0.0,0.0
FB100322,23,8,86869.8,10858.725,0.03923964369665868,0.022564113190084476,0.49856555442743056,0.18882557574669223,0.0,0.1970309589753862,0.0,0.053774153963748045,0.0
FB100323,140,4,53618.0,13404.5,0.056492036256481026,0.7014897982020963,0.0,0.0,0.0,0.18710265209444588,0.05491551344697676,0.0,0.0
FB100324,151,5,45941.86,9188.372,0.24475325988107577,0.0,0.0,0.1498966302191509,0.0,0.49572590225994334,0.10962420763983,0.0,0.0
FB100325,539,2,12399.37,6199.685,0.8981738588331504,0.0,0.0,0.0,0.0,0.0,0.1018261411668496,0.0,0.0
FB100326,69,10,131188.36,13118.836,0.04059681819332142,0.7430719463220671,0.11467297860877293,0.0,0.0,0.0,0.05476286158314656,0.046895395292692134,0.0
FB100327,583,3,8406.86,2802.286666666667,0.0,0.0,0.0,0.04325515115037005,0.0,0.3400603792616982,0.0,0.0,0.6166844695879318
FB100328,102,9,70711.97,7856.885555555556,0.0,0.15908254288488924,0.29878293590179994,0.32663875720051355,0.0,0.11310998689472235,0.0,0.0475915180979967,0.054794259020078215
FB100329,46,9,80727.2,8969.688888888888,0.3255009463972491,0.0,0.4365662378975117,0.16443330129126246,0.03244990536027511,0.0,0.012124537950034191,0.0,0.02892507110366767
FB100330,161,7,177580.94999999998,25368.70714285714,0.0,0.02016702805115076,0.0,0.07865421375434697,0.08079954522148913,0.028326123945164167,0.7920530890278491,0.0,0.0
FB100331,166,7,45569.100000000006,6509.8714285714295,0.579200598651279,0.07362291552828562,0.0,0.0,0.0,0.29530427416824123,0.0,0.0,0.05187221165219414
FB100332,59,7,58303.880000000005,8329.125714285716,0.13799150245232392,0.045140735059141866,0.0,0.21372316902408556,0.0,0.0,0.534315383470191,0.06882920999425768,0.0
FB100333,226,2,4069.12,2034.56,0.39570472239698024,0.0,0.0,0.0,0.0,0.0,0.6042952776030198,0.0,0.0
FB100334,49,9,63477.42,7053.046666666666,0.0,0.0,0.031067267699285826,0.3074830388506653,0.0,0.0,0.5033596198459231,0.0,0.15809007360412566
FB100335,170,2,14572.23,7286.115,0.0,0.1951307383976234,0.8048692616023766,0.0,0.0,0.0,0.0,0.0,0.0
FB100336,145,2,25740.050000000003,12870.025000000001,0.0,0.0,0.0,0.0,0.0,0.0,0.13166213740843546,0.0,0.8683378625915644
FB100337,50,11,685879.4941500111,62352.68128636465,0.0,0.17396136058545564,0.01596525350793624,0.0008006945894782603,0.0,0.0,0.02167597971189435,0.09020672075445951,0.697389990850776
FB100338,137,3,7381.76,2460.5866666666666,0.7456568623200971,0.0,0.0,0.2543431376799029,0.0,0.0,0.0,0.0,0.0
FB100339,48,6,34878.7,5813.116666666666,0.0,0.0,0.06360844870938424,0.339682958367141,0.0,0.034559487595581265,0.0,0.4839781872604197,0.07817091806747385
FB100340,14,7,74368.7,10624.1,0.004384505847217983,0.014651325087032582,0.0,0.0,0.0,0.016821996350615244,0.07965340257393232,0.8683342589019305,0.016154511239271363
FB100341,55,4,497922.9941500111,124480.74853750278,0.010794379980733976,0.0,0.0,0.009326321649248735,0.0,0.035625850198546416,0.9442534481714709,0.0,0.0
FB100342,17,2,29520.13,14760.065,0.0,0.0,0.9538799456506458,0.0,0.0,0.0,0.0,0.0,0.04612005434935415
FB100343,53,5,48660.91,9732.182,0.0,0.7812102157563432,0.0,0.0,0.0,0.0,0.1477337764542422,0.0,0.07105600778941454
FB100344,34,6,71415.62000000001,11902.603333333334,0.13605174890311114,0.0,0.0,0.5705361096073941,0.0,0.16458332224799002,0.0,0.0,0.12882881924150488
FB100345,61,4,57143.11,14285.7775,0.0,0.040179647205061106,0.16645978841543624,0.0,0.0,0.0,0.0,0.7727148557367632,0.020645708642739253
FB100346,241,6,17871.56,2978.5933333333337,0.2649561649906332,0.0,0.024392386562784668,0.5648986434312394,0.0,0.0,0.0,0.1457528050153428,0.0
FB100347,110,9,72681.66,8075.740000000001,0.0,0.0,0.07338316158436667,0.5740188102473168,0.04381297840473099,0.0,0.08860226912814044,0.20873835297652804,0.01144442765891698
FB100348,75,5,74594.11,14918.822,0.0,0.0,0.0,0.5592189517376104,0.0,0.0,0.004688305819320051,0.0,0.4360927424430695
FB100349,29,3,16692.58,5564.193333333334,0.5492356484138461,0.0,0.13461849516371943,0.0,0.0,0.0,0.0,0.31614585642243437,0.0
FB100350,67,6,63195.1,10532.516666666666,0.16774575876927167,0.0,0.0,0.0,0.0,0.4716209009875766,0.2665784214282437,0.09405491881490813,0.0
FB100351,65,6,281711.59,46951.93166666667,0.0,0.04942004693523615,0.8555650834245053,0.011184310876240486,0.0,0.0,0.07235126534907563,0.0,0.011479293414942566
FB100352,400,5,50543.2,10108.64,0.0,0.5090336583358395,0.0,0.09386861140568861,0.0,0.19433672581079156,0.0,0.0,0.2027610044476804
FB100353,527,4,33370.04,8342.51,0.15701149893737015,0.2686125039106936,0.0,0.0,0.0,0.0,0.0,0.0,0.5743759971519363
FB100354,43,7,95543.48000000001,13649.068571428574,0.0786258779772309,0.3028810547825974,0.1567946865657395,0.0,0.4105082837677673,0.0,0.0,0.05119009690666491,0.0
FB100355,171,7,39702.37,5671.767142857143,0.0,0.3430084904251309,0.0,0.0,0.0,0.12295714336448933,0.025960918705860637,0.4350833464097988,0.07299010109472055
FB100356,113,4,23660.65,5915.1625,0.0,0.20033050655835746,0.3004769522392664,0.0,0.0,0.49919254120237605,0.0,0.0,0.0
FB100357,101,5,132310.35,26462.07,0.028622930859150474,0.2858580602348947,0.0,0.0,0.0,0.0,0.6556159816673449,0.015205991065702721,0.014697036172907107
FB100358,263,4,9554.95,2388.7375,0.0,0.0,0.0,0.27324894426449114,0.0,0.060028571578082564,0.0,0.2154056274496465,0.45131685670777977
FB100359,28,8,34368.36,4296.045,0.0,0.0,0.0,0.25072915902882764,0.04273756443426453,0.18844018160889842,0.45246005337467365,0.015557623348917436,0.05007541820441825
FB100360,116,9,86444.95,9604.994444444445,0.0,0.13724966004376196,0.0,0.08439822106438838,0.030186378730047276,0.2775874125671887,0.12179207692294344,0.0,0.34878625067167024
FB100361,71,4,28970.579999999998,7242.6449999999995,0.26809784270801623,0.1700124747243583,0.0,0.0,0.0,0.0,0.0,0.3906576948062483,0.17123198776137724
FB100362,76,5,30337.379999999997,6067.476,0.046601585239068107,0.6016663271515207,0.0,0.0,0.0,0.23059802791144124,0.05520417386076187,0.06592988583720809,0.0
FB100363,83,7,59753.24,8536.177142857143,0.0,0.0,0.0,0.3423255374938664,0.0,0.08169749456263793,0.06179464075922912,0.3943764388341118,0.11980588835015474
FB100364,270,7,33639.96,4805.708571428571,0.20781118645801006,0.0455838829772687,0.00924317389200225,0.17720175648246908,0.0,0.0,0.21765067497107607,0.2863945141432986,0.056114811075875244
FB100365,86,6,93686.6,15614.433333333334,0.6272232101495838,0.0,0.0,0.0,0.0,0.12020363637916202,0.02187100396428091,0.23070214950697324,0.0
FB100366,1,3,13598.52,4532.84,0.0,0.09520300738609788,0.0,0.542544335707121,0.0,0.0,0.0,0.36225265690678105,0.0
FB100367,197,7,182756.55000000002,26108.078571428574,0.0,0.0023181658878984094,0.9515435698474283,0.02031642641535967,0.0,0.0,0.0,0.0,0.02582183784931375
FB100368,7,10,83307.72,8330.772,0.10979522666086651,0.08743595431491825,0.14466702485675997,0.0,0.0,0.40240436300501325,0.0,0.24357922651106045,0.01211820465138165
FB100369,110,7,43734.04,6247.72,0.0,0.0,0.46209131376840556,0.0,0.0,0.0,0.40876991926654843,0.0,0.129138766965046
FB100370,366,4,24877.65,6219.4125,0.0,0.0,0.0,0.1608700982608888,0.0,0.37312165739127284,0.0,0.0,0.46600824434783833
FB100371,88,6,49882.24,8313.706666666667,0.0,0.2216333909623946,0.37575157009789456,0.0,0.0,0.0,0.0,0.0,0.4026150389397108
FB100372,54,5,93122.69,18624.538,0.0,0.0,0.23982286164628622,0.08908720312954878,0.0,0.0,0.6560301254184131,0.01505980980575196,0.0
FB100373,16,6,83388.85,13898.141666666668,0.1676049016145444,0.0,0.0,0.5491573513725155,0.0,0.10634946998309726,0.16160457902945058,0.015283698000392138,0.0
FB100374,53,3,9342.16,3114.0533333333333,0.0,0.0,0.0,0.08280847255880867,0.0,0.0,0.0,0.9171915274411913,0.0
FB100375,301,4,12837.05,3209.2625,0.0,0.5029893939807043,0.22499951312801617,0.0,0.10375358824652083,0.0,0.16825750464475872,0.0,0.0
FB100376,6,9,67784.64,7531.626666666667,0.6055568046094219,0.08657566079867061,0.0,0.07449327753308124,0.014414770071803877,0.1535157522412157,0.06544373474580673,0.0,0.0
FB100377,3,12,121522.31,10126.859166666667,0.1447625542997002,0.0,0.03214734808777088,0.025002487197618283,0.0,0.08792706458591842,0.04486756382428873,0.060903137868264685,0.6043898441364389
FB100378,288,4,17616.670000000002,4404.1675000000005,0.22938387334269192,0.0,0.13838597192318414,0.0,0.0,0.0,0.0,0.5717329097950976,0.06049724493902651
FB100379,36,6,65987.4,10997.9,0.0,0.0,0.0,0.3463990095078758,0.0,0.25163879770986586,0.2998677020158394,0.08203323664820861,0.02006125411821045
FB100380,151,4,30909.0,7727.25,0.0,0.021896211459445467,0.14493998511760328,0.0,0.0,0.0,0.0,0.0,0.8331638034229512
FB100381,206,8,47042.67,5880.33375,0.3498234687784515,0.0,0.29629355646692673,0.02839868570385142,0.0,0.12422084035621278,0.04092816160307228,0.017222874466946713,0.14311241262453855
FB100382,46,7,148787.56,21255.365714285716,0.8000616449385957,0.0,0.03475297262755032,0.04074198138607824,0.0,0.04870891087937728,0.0,0.0676812631378591,0.008053227030539381
FB100383,34,7,89832.58,12833.225714285714,0.0,0.028562577185248378,0.0,0.09020691602089131,0.0,0.0,0.8812305067938604,0.0,0.0
FB100384,32,3,23104.48,7701.493333333333,0.0,0.18834139526187127,0.18006464547135448,0.0,0.0,0.0,0.0,0.6315939592667742,0.0
FB100385,146,7,77047.31,11006.75857142857,0.1986293875801764,0.0,0.05865240460698758,0.31696654951353914,0.0,0.30289039292870834,0.12286126537058853,0.0,0.0
FB100386,234,5,18144.23,3628.846,0.0,0.0,0.4478454031942938,0.0,0.0,0.08827875308018031,0.0,0.3004249835898244,0.16345086013570154
FB100387,52,4,46041.14,11510.285,0.06867097556663454,0.0,0.016518487596093406,0.31265863529877846,0.0,0.0,0.6021519015384936,0.0,0.0
FB100388,57,8,149881.01,18735.12625,0.0,0.0,0.03134152885679113,0.0,0.0,0.4438185331150357,0.0,0.3843856536595263,0.14045428436864682
FB100389,55,10,124950.49,12495.049,0.3976780723308888,0.0,0.1846135217236843,0.0718821510824007,0.0,0.005516024787097674,0.1518015655640886,0.0,0.18850866451183984
FB100390,39,6,54203.020000000004,9033.836666666668,0.0,0.0,0.12479009472165942,0.7800253565207252,0.0,0.07349184602629152,0.0,0.0,0.021692702731323826
FB100391,240,2,12082.5,6041.25,0.0,0.0,0.0,1.0,0.0,0.0,0.0,0.0,0.0
FB100392,26,8,524548.4841500111,65568.56051875139,0.02513830541588025,0.051985318467151695,0.0,0.0,0.0,0.013264951115577163,0.0,0.0,0.9096114250013909
FB100393,157,5,38246.16,7649.232000000001,0.0,0.0,0.0,0.0,0.0,0.0,0.4869694107852918,0.18025025257437607,0.33278033664033196
FB100394,6,5,83399.16,16679.832000000002,0.08129674207749814,0.034245308945557724,0.020028379182715987,0.0,0.0,0.0,0.10527432170779659,0.0,0.7591552480864315
FB100395,349,4,26473.07,6618.2675,0.0,0.06262401753933337,0.02288892070319008,0.7992967948182815,0.0,0.0,0.11519026693919521,0.0,0.0
FB100396,152,2,5355.0599999999995,2677.5299999999997,0.0,0.0,0.0,0.4979533375909888,0.0,0.5020466624090113,0.0,0.0,0.0
FB100397,277,2,6886.78,3443.39,0.0,0.0,0.8220634316763422,0.0,0.0,0.0,0.0,0.1779365683236578,0.0
FB100398,18,3,16646.28,5548.759999999999,0.5034440127163546,0.0,0.29892083997145313,0.0,0.0,0.19763514731219228,0.0,0.0,0.0
FB100399,23,9,195466.13999999998,21718.46,0.0,0.0,0.021233805507184005,0.1099487614581226,0.0,0.2595520124355042,0.5903315530761492,0.018933867523040052,0.0
FB100400,157,8,17899.97,2237.49625,0.1436030339715653,0.0,0.0,0.03837269001009499,0.0,0.08356215122148249,0.1958701606762469,0.5385919641206103,0.0
FB100401,1,7,128261.64000000001,18323.09142857143,0.0,0.20807374675701948,0.0,0.2946542707546854,0.0,0.0,0.1026136107412941,0.0,0.3946583717470009
FB100402,19,6,39051.159999999996,6508.526666666666,0.21622712359888924,0.0,0.0,0.05413539572191966,0.0,0.0,0.317185712281018,0.0,0.412451768398173
FB100403,305,4,22125.13,5531.2825,0.31671949498149843,0.0,0.037328594227468946,0.0,0.0,0.0,0.0,0.0,0.6459519107910326
FB100404,38,10,131499.53,13149.953,0.5729487398167887,0.0,0.0,0.020132543439508873,0.0,0.28241690293493826,0.08767978106081444,0.0,0.03682203274794975
FB100405,270,7,117228.51,16746.93,0.216760069713417,0.014753492985622696,0.10183188372862541,0.0,0.0,0.055573341331387735,0.5905467876372394,0.02053442460370775,0.0
FB100406,8,5,24839.579999999998,4967.915999999999,0.0,0.028063276432210207,0.36438619332532995,0.0,0.0,0.3050466231715673,0.0,0.0,0.3025039070708925
FB100407,283,5,37764.11,7552.822,0.0,0.0,0.3266032219480348,0.4440189375573792,0.0,0.0,0.0,0.0,0.22937784049458598
FB100408,20,6,52727.020000000004,8787.836666666668,0.23200059476147145,0.0,0.0,0.6085873997809851,0.0,0.0,0.0,0.022026846956266444,0.13738515850127694
FB100409,24,8,48569.74,6071.2175,0.6431646535476616,0.1276710560937736,0.200317934582314,0.0,0.0,0.02884635577625081,0.0,0.0,0.0
FB100410,26,7,81313.37,11616.195714285714,0.2933772145958285,0.1706724244733677,0.0,0.0,0.0,0.1482066233388187,0.2918775842152404,0.0,0.09586615337674481
FB100411,17,4,59541.23,14885.3075,0.0,0.0,0.04958362465807307,0.49442781077918607,0.0,0.0,0.4269197999436693,0.0,0.02906876461907152
FB100412,104,6,20877.690000000002,3479.6150000000002,0.0,0.21771469927947007,0.17397997575402258,0.0,0.0,0.0,0.03911783343846948,0.11670783501431432,0.4524796565137234
FB100413,87,10,90447.76,9044.776,0.1557685895150969,0.10965500969841596,0.2740684788655905,0.0,0.0,0.17491931254018897,0.2213196877401939,0.0,0.06426892164051382
FB100414,118,6,39430.4,6571.733333333334,0.0,0.6073306382892387,0.04512989977276416,0.25044077665963316,0.0,0.0,0.0,0.09709868527836389,0.0
FB100415,349,3,15059.54,5019.846666666667,0.1593342160517519,0.0,0.0,0.0,0.3496069601063512,0.0,0.49105882384189686,0.0,0.0
FB100416,177,11,56301.17,5118.288181818181,0.2576880729121615,0.3435649738717686,0.15710135331113012,0.03207677566913796,0.011019664422604361,0.16404277211290635,0.0,0.0,0.03450638770029113
FB100417,204,5,44310.37,8862.074,0.0,0.0,0.0,0.2253070782302202,0.0,0.0,0.061207794022031414,0.13579665437232866,0.5776884733754198
FB100418,227,8,96343.15000000001,12042.893750000001,0.5347123277576039,0.08536912068995044,0.06439046263278707,0.0,0.0,0.20236622946208419,0.06470641659526391,0.0484554428623104,0.0
FB100419,79,12,87596.55,7299.712500000001,0.13558924409694217,0.0,0.17105034387769835,0.3528693767049045,0.0,0.07738033061804374,0.0,0.050156541553291766,0.21295416314911944
FB100420,54,5,41831.619999999995,8366.323999999999,0.0,0.0,0.3663037673415469,0.0,0.0,0.3649445084842519,0.0,0.12526528974971565,0.1434864344244856
FB100421,55,3,17332.78,5777.593333333333,0.0,0.0,0.18655403230180043,0.0,0.0,0.0,0.2903290758897303,0.0,0.5231168918084693
FB100422,15,7,35018.26,5002.608571428572,0.06486330274548194,0.29072718061948255,0.31611907616197954,0.0,0.0,0.029666522551377483,0.1461903018596584,0.15243361606202024,0.0
FB100423,127,4,11471.0,2867.75,0.0,0.0,0.35807776131113245,0.0,0.0,0.5352828872809694,0.0,0.10663935140789818,0.0
FB100424,121,7,82062.43,11723.204285714284,0.11770489857538947,0.6629990118498805,0.046998730113158964,0.03957462629366447,0.0,0.0,0.0,0.060028687914798526,0.0726940452531079
FB100425,385,1,1044.8,1044.8,0.0,0.0,0.0,0.0,0.0,1.0,0.0,0.0,0.0
FB100426,83,9,64091.8,7121.311111111111,0.0,0.7707455555936953,0.006434052406080029,0.08659485300771706,0.0,0.030620609812799765,0.10560492917970785,0.0,0.0
FB100427,34,6,36582.86,6097.143333333333,0.0,0.0,0.0,0.12452060883156756,0.0,0.0037255151729525793,0.0,0.2789139504128436,0.5928399255826363
FB100428,54,7,127382.51,18197.501428571428,0.743770789255134,0.06905398551182576,0.0033755026494610603,0.18379972258357916,0.0,0.0,0.0,0.0,0.0
FB100429,68,3,6683.45,2227.8166666666666,0.07455580575900171,0.0,0.9254441942409983,0.0,0.0,0.0,0.0,0.0,0.0
FB100430,483,2,46478.55,23239.275,1.0,0.0,0.0,0.0,0.0,0.0,0.0,0.0,0.0
FB100431,330,2,18940.699999999997,9470.349999999999,0.0,0.5313942990491376,0.0,0.0,0.0,0.0,0.46860570095086246,0.0,0.0
FB100432,110,5,194366.17,38873.234000000004,0.8996936040875837,0.0,0.04823884732615763,0.0,0.0,0.0,0.0,0.0520675485862586,0.0
FB100433,6,4,133668.55000000002,33417.137500000004,0.3764958922648596,0.0,0.0,0.0,0.0,0.0,0.5895041877838878,0.0,0.03399991995125255
FB100434,101,8,160313.22,20039.1525,0.4089188028286127,0.005067766713188096,0.11268478045665856,0.0,0.0,0.45516539434489567,0.01816325565664516,0.0,0.0
FB100435,205,2,8060.540000000001,4030.2700000000004,0.0,0.0,0.0,0.0,0.0,0.3154131112803857,0.6845868887196143,0.0,0.0
FB100436,150,5,34500.53,6900.106,0.08617085012896904,0.11515852075315945,0.0,0.0,0.0,0.0,0.0,0.09038440858734634,0.7082862205305253
FB100437,364,6,74699.5,12449.916666666666,0.02316334112008782,0.0,0.0,0.31722528263241384,0.0,0.09153836371060048,0.0,0.002751959517801324,0.5653210530190965
FB100438,247,6,37254.66,6209.110000000001,0.04288939960799535,0.0,0.13882746480574512,0.5273716093503471,0.0,0.06000913711197472,0.1470862973920578,0.0,0.08381609173188
FB100439,7,6,37266.009999999995,6211.001666666666,0.0,0.40566832886053544,0.13698139403708637,0.13617771261264625,0.0,0.0,0.3211725644897321,0.0,0.0
FB100440,198,5,160869.94,32173.988,0.0,0.0,0.1182550947678603,0.0,0.0,0.8103437472532159,0.0,0.07140115797892384,0.0
FB100441,28,9,140979.91,15664.434444444445,0.04785086045238645,0.2974699728493231,0.0,0.005203578297077932,0.0,0.3077598077626805,0.0,0.19355715293051332,0.14815862770801885
FB100442,206,7,115786.43,16540.91857142857,0.38801921779607507,0.0,0.10948787349260185,0.502492908711323,0.0,0.0,0.0,0.0,0.0
FB100443,201,4,29037.370000000003,7259.342500000001,0.0,0.5651410578850632,0.0,0.1744307421780967,0.0,0.0,0.0,0.0,0.26042819993683997
FB100444,178,1,1355.72,1355.72,0.0,1.0,0.0,0.0,0.0,0.0,0.0,0.0,0.0
FB100445,29,7,157431.37,22490.195714285714,0.0,0.0,0.0,0.16419408660421364,0.0,0.007857455601129559,0.07900699841461077,0.0,0.7489414593800461
FB100446,152,9,123804.63,13756.07,0.0,0.18211491767311125,0.005560615947884986,0.07680278193149967,0.0,0.665659111456494,0.023180958579658937,0.03722712147356687,0.009454492937784314
FB100447,6,8,113625.89,14203.23625,0.028017206289869326,0.30658848964791385,0.0,0.0,0.0,0.11128889727508405,0.032351869807136384,0.0,0.5217535369799964
FB100448,142,7,103422.45999999999,14774.637142857142,0.29182490921217696,0.0,0.5144427042249817,0.0,0.0,0.0,0.1447712614842076,0.026451411037795854,0.02250971404083794
FB100449,1,8,164533.71,20566.71375,0.6079066107486424,0.027177713308719532,0.2390563611554131,0.0,0.0,0.02616472940408382,0.09969458538314124,0.0,0.0
FB100450,7,7,123442.35,17634.62142857143,0.05212360263718246,0.009591440862880527,0.0,0.4325648369461534,0.0,0.024463079324073142,0.12125789893014836,0.35999914129956206,0.0
FB100451,2,7,31970.57,4567.2242857142855,0.4299128855068896,0.0,0.0,0.04687185746140904,0.0,0.33309571896903933,0.190119538062662,0.0,0.0
FB100452,29,7,31258.239999999998,4465.462857142857,0.09874708236932087,0.0,0.1036961773919453,0.05164398251469053,0.0,0.05131894821973343,0.2586012520218669,0.0,0.4359925574824431
FB100453,43,8,321171.73999999993,40146.46749999999,0.0,0.10031175221082651,0.0,0.8386161559544436,0.0,0.0,0.0009026946144140828,0.0,0.060169397220315834
FB100454,223,6,25695.71,4282.618333333333,0.11126837904070368,0.0,0.0,0.15340654140321477,0.1333806304632174,0.25502778479364846,0.25862410495759797,0.0,0.08829255934161771
FB100455,44,10,27646.585,2764.6585,0.03635241025247784,0.18320327809022344,0.08709393945038782,0.18167451784732186,0.0,0.5049636329405603,0.006712221419028788,0.0,0.0
FB100456,85,8,329524.24,41190.53,0.24962485309123233,0.007774299092534134,0.09430623373867732,0.028755790469314185,0.0,0.0,0.0,0.1059852835105545,0.5135535400976875
FB100457,75,5,13353.73,2670.746,0.5834392338320454,0.030948656293035722,0.0,0.2506348413514426,0.0,0.0,0.08542482137949471,0.04955244714398149,0.0
FB100458,277,4,19414.38,4853.595,0.0,0.23412954727372182,0.0,0.0,0.0,0.3202718809459792,0.0,0.0,0.44559857178029894
FB100459,76,8,67393.67,8424.20875,0.5733799628362722,0.027171097819721053,0.0,0.0,0.0,0.19794737398927822,0.14277498168596547,0.05872658366876296,0.0
FB100460,401,2,3300.16,1650.08,0.0,0.0,0.0,0.0,0.0,0.7576753854358577,0.24232461456414237,0.0,0.0
FB100461,6,6,56878.79,9479.798333333334,0.175219268904982,0.013248523746725272,0.0,0.0,0.0,0.3835067518138132,0.0,0.2923629352874771,0.13566252024700243
FB100462,96,6,49091.7,8181.95,0.0,0.0,0.0,0.164528015937521,0.5213256008653194,0.0,0.04715155515087072,0.04932177944540524,0.21767304860088363
FB100463,35,7,105482.77,15068.967142857144,0.34445170524058105,0.027892801829151815,0.47531876533011036,0.0,0.0,0.0,0.0,0.0,0.1523367276001569
FB100464,164,3,81589.35,27196.45,0.0,0.0,0.0,0.10883797946668285,0.0,0.8911620205333172,0.0,0.0,0.0
FB100465,8,10,118428.33,11842.833,0.23963472253640664,0.13687687734851955,0.10267087275485519,0.002836483466413822,0.0,0.14032233672466715,0.06626640770835829,0.08192465434579717,0.22946764511498222
FB100466,30,4,46280.64,11570.16,0.10812080386096648,0.0,0.0,0.0,0.0,0.18990273254648163,0.38714503515941007,0.0,0.3148314284331418
FB100467,14,7,85342.45,12191.778571428571,0.0,0.806321355902016,0.0,0.0951533498276649,0.0,0.0,0.08359673292716578,0.0,0.014928561343153379
FB100468,56,8,176926.79,22115.84875,0.1264807890314406,0.017146244500338245,0.3291118320747242,0.0,0.0,0.12143768617516883,0.02784072440357958,0.3779827238147484,0.0
FB100469,107,11,63403.41,5763.946363636364,0.0,0.13042074550879834,0.10585960597387427,0.4952511229285617,0.10515853958012668,0.007827496975320413,0.0,0.0,0.15548248903331857
FB100470,129,5,53878.79,10775.758,0.4613964047819188,0.0,0.08873194813766234,0.0,0.0,0.17991179831618342,0.26995984876423545,0.0,0.0
FB100471,104,6,28301.01,4716.835,0.17413936817095926,0.0,0.16388991064276506,0.03392317093983572,0.0,0.036526258250147256,0.13136774977288798,0.0,0.46015354222340477
FB100472,94,3,12709.91,4236.636666666666,0.0,0.5295922630451356,0.0,0.0,0.0,0.0,0.05061719555842646,0.4197905413964379,0.0
FB100473,409,4,55729.01,13932.2525,0.0,0.0,0.0,0.0,0.0,0.18944980361215819,0.0,0.5876006051426358,0.22294959124520602
FB100474,84,5,29819.989999999998,5963.998,0.08128473550795959,0.19577404284843825,0.0,0.20652220205305233,0.0,0.3281838793373171,0.0,0.18823514025323282,0.0
FB100475,14,5,29873.19,5974.638,0.318694789542061,0.0,0.0,0.0,0.0,0.1634137499209157,0.0,0.28755850982101344,0.2303329507160099
FB100476,34,6,46905.225,7817.537499999999,0.0,0.5128508604318602,0.047154234949304694,0.0,0.0,0.0,0.06720637199800236,0.012219747373560194,0.3605687852472726
FB100477,110,9,133041.72,14782.413333333334,0.2422556623591457,0.27095598283004757,0.16088411965810426,0.23469179442358382,0.0,0.05338814020143456,0.03782430052768409,0.0,0.0
FB100478,80,7,90565.49,12937.927142857143,0.07587956516328681,0.08891764401650122,0.06382464225611766,0.0,0.2546768090141179,0.19803525603405892,0.30716887856511355,0.0,0.01149720495080411
FB100479,4,8,99779.67,12472.45875,0.35876496685146375,0.0,0.0224121807578638,0.059045996043081715,0.0,0.1492687839115924,0.10297979538316773,0.0,0.3075282770528305
FB100480,53,10,98989.51,9898.951,0.06155086533916573,0.539881246002733,0.12665301606200494,0.0,0.0,0.0,0.0,0.195407877056872,0.0765069955392243
FB100481,91,7,55520.97,7931.567142857143,0.0,0.2162687359388714,0.15281523359552257,0.4004054684203104,0.0,0.0,0.017914492488153574,0.21259606955714208,0.0
FB100482,30,8,179808.36000000002,22476.045000000002,0.032075427416166855,0.0,0.0,0.09987761414430342,0.0,0.06992199917734637,0.37633884208720886,0.42178611717497444,0.0
FB100483,352,2,5886.200000000001,2943.1000000000004,0.0,0.2880992830688729,0.0,0.711900716931127,0.0,0.0,0.0,0.0,0.0
FB100484,103,7,162404.39,23200.627142857145,0.0,0.24933365409641944,0.0,0.3534914912090738,0.02409042021585746,0.3377773839734258,0.03530705050522341,0.0,0.0
FB100485,46,7,84413.3,12059.042857142858,0.0,0.428108129880007,0.0,0.0,0.0,0.18977341248357782,0.17358686368143408,0.058930050122433304,0.14960154383254773
FB100486,23,10,52513.25,5251.325,0.0,0.07494470443173866,0.09460317158050588,0.011781026693263127,0.09734724093443084,0.41438989207485727,0.0,0.0,0.3069339642852042
FB100487,19,8,48258.079999999994,6032.259999999999,0.08706376217205491,0.0,0.0,0.037319967972202786,0.0,0.0,0.03637567014684381,0.015731666075401256,0.8235089336334972
FB100488,28,2,8721.09,4360.545,0.0,0.0,0.0,0.0,0.0,0.7888199754847157,0.0,0.21118002451528423,0.0
FB100489,404,5,66807.44,13361.488000000001,0.0,0.8659011631039896,0.0,0.031269571173510015,0.06346628459345247,0.0,0.0,0.039362981129047896,0.0
FB100490,27,9,35536.575,3948.508333333333,0.2806497249664606,0.5051824774897412,0.06731093246887186,0.04421951186910951,0.0,0.0,0.0,0.10263735320581684,0.0
FB100491,153,6,63988.520000000004,10664.753333333334,0.0,0.062047379748742436,0.18622012198438098,0.0,0.0,0.15411983274499863,0.12140162016561722,0.0,0.4762110453562608
FB100492,86,7,51467.95,7352.564285714286,0.07122257638005788,0.05676173230136425,0.0,0.30352792368843134,0.0,0.07992857691048508,0.4885591907196615,0.0,0.0
FB100493,108,8,21842.870000000003,2730.3587500000003,0.0,0.04438793986321394,0.17346072196556586,0.1769657558736558,0.0,0.0,0.19381427440624788,0.0,0.4113713078913165
FB100494,154,1,8076.11,8076.11,0.0,0.0,1.0,0.0,0.0,0.0,0.0,0.0,0.0
FB100495,98,6,35600.96,5933.493333333333,0.0161540587669546,0.03850963569521721,0.40208438199419344,0.0,0.0,0.0,0.31770435403989106,0.22554756950374372,0.0
FB100496,97,5,39651.3,7930.26,0.0,0.1924910406468388,0.2926983478473593,0.0,0.0,0.0,0.5148106115058018,0.0,0.0
FB100497,656,1,267.44,267.44,1.0,0.0,0.0,0.0,0.0,0.0,0.0,0.0,0.0
FB100498,36,10,75624.95999999999,7562.495999999999,0.029847552977218098,0.0,0.06373596759588368,0.5225325077857892,0.0,0.044745941022646486,0.20323104964286923,0.03458434887106056,0.10132263210453267
FB100499,54,4,124244.78,31061.195,0.35165590055372953,0.0,0.5188834492684522,0.0,0.0,0.0,0.0,0.12946065017781833,0.0
FB100500,118,7,95379.45,13625.635714285714,0.04346953143470632,0.0,0.7861491128330054,0.0,0.0,0.0,0.11126128322190995,0.011500380847237009,0.04761969166314126
FB100501,134,8,45118.77,5639.84625,0.01321911036138618,0.0,0.38397190348939036,0.016889201545166238,0.0,0.0,0.1559973820208308,0.2756939074358632,0.1542284951473633
FB100502,35,4,43344.0,10836.0,0.2788224437061646,0.49973767995570323,0.0,0.0,0.0,0.0,0.22143987633813217,0.0,0.0
FB100503,177,5,41942.28,8388.456,0.015846301154825156,0.05119154228144012,0.0,0.3303437485992655,0.0,0.024064500070096334,0.0,0.5785539078943729,0.0
FB100504,48,4,54625.829999999994,13656.457499999999,0.0,0.2221478373875509,0.0,0.6800952955772022,0.05895562593739994,0.0,0.03880124109784694,0.0,0.0
FB100505,100,9,160728.3,17858.699999999997,0.0,0.3985239064931315,0.0,0.14447461959094945,0.0,0.0,0.1446281706457419,0.10436793022759526,0.20800537304258176
FB100506,11,6,43491.22,7248.536666666667,0.04092228270441712,0.17171327914001952,0.0,0.2776063766433777,0.0,0.05245587500189693,0.025364429878030555,0.0,0.4319377566322582
FB100507,86,6,75363.01,12560.501666666665,0.0,0.0,0.28596946963769093,0.0,0.0,0.6147951096963881,0.0,0.0,0.09923542066592085
FB100508,147,6,96230.94,16038.49,0.05010280477359984,0.0,0.02634028099486506,0.0657891318530194,0.0,0.04885351842141415,0.009602421009292853,0.7993118429478087,0.0
FB100509,205,7,54706.22000000001,7815.174285714287,0.0,0.2698539581056779,0.3140059759201056,0.3174871157246836,0.0,0.0,0.0,0.07120268956619558,0.027450260683337283
FB100510,59,7,31586.11,4512.301428571429,0.23825535971349432,0.6363417337557552,0.0,0.0,0.0,0.0,0.0,0.0,0.12540290653075037
FB100511,120,3,34228.04,11409.346666666666,0.0,0.7396757161672126,0.2603242838327874,0.0,0.0,0.0,0.0,0.0,0.0
FB100512,84,8,56274.590000000004,7034.3237500000005,0.24299741677371617,0.03913418116418085,0.037440166156697006,0.06765184784109489,0.0,0.29908880722187403,0.0,0.3136875808424371,0.0
FB100513,352,1,6116.56,6116.56,1.0,0.0,0.0,0.0,0.0,0.0,0.0,0.0,0.0
FB100514,156,4,22037.9,5509.475,0.0,0.07842308023904274,0.0,0.0,0.0,0.0,0.8829176101171164,0.0,0.03865930964384084
FB100515,320,6,32552.46,5425.41,0.2642823307362946,0.0,0.061128099074539984,0.15559530677558622,0.0,0.07834891740900686,0.0,0.4266562342753819,0.013989111729190358
FB100516,198,5,37174.32,7434.864,0.366716055599672,0.4894636942921888,0.07992614256293054,0.06389410754520862,0.0,0.0,0.0,0.0,0.0
FB100517,32,3,28173.23,9391.076666666666,0.0,0.48490002743739363,0.09098921209957112,0.0,0.0,0.4241107604630353,0.0,0.0,0.0
FB100518,33,8,136665.21,17083.15125,0.011914224549173852,0.4200996727696829,0.10262567920541006,0.029233043288778463,0.0,0.0,0.0,0.0,0.4361273801869546
FB100519,154,5,237235.9,47447.18,0.008261439352138526,0.0,0.17659839847173214,0.0,0.0,0.0,0.8120365425300302,0.0,0.0031036196460990937
FB100520,99,8,144559.0,18069.875,0.0029349262238947418,0.0,0.0,0.06651872245934186,0.0,0.2632623357936898,0.0,0.44002372733624334,0.22726028818683028
FB100521,290,4,70412.22,17603.055,0.0,0.2953164947788892,0.676356177947521,0.0,0.0,0.0,0.0,0.028327327273589723,0.0
FB100522,176,6,59085.7,9847.616666666667,0.0,0.0,0.42010774180554683,0.0,0.0,0.026856752141381075,0.20015502905102248,0.35288047700204955,0.0
FB100523,138,8,55218.94,6902.3675,0.0583787012209941,0.04635040078639684,0.0,0.0,0.0,0.4957462059213741,0.038209172432502325,0.3613155196387326,0.0
FB100524,56,6,49031.47,8171.911666666667,0.0,0.0,0.1418701091360304,0.07009681741134827,0.0,0.1820283993117074,0.48960636913394606,0.0,0.11639830500696799
FB100525,17,10,76428.32999999999,7642.832999999999,0.16590026237652977,0.4260312897063171,0.0025540267594490163,0.0,0.0,0.1798541195391814,0.22566030161852285,0.0,0.0
FB100526,6,11,108942.79999999999,9903.890909090907,0.0459314429223409,0.08566348579254436,0.19301716129932406,0.03213814956105406,0.44657269686477674,0.028198651035222157,0.0,0.16847841252473775,0.0
FB100527,431,2,46948.98,23474.49,0.07083071879303873,0.9291692812069613,0.0,0.0,0.0,0.0,0.0,0.0,0.0
FB100528,64,4,36899.28,9224.82,0.0,0.04434910383075225,0.0,0.7328129437755967,0.0,0.22283795239365103,0.0,0.0,0.0
FB100529,50,10,114547.61,11454.761,0.47483889013485314,0.0,0.33581791885487616,0.0,0.0,0.03356386047687944,0.09504598131728807,0.048450159719613535,0.012283189496489712
FB100530,523,3,22576.16,7525.386666666666,0.5429825089829271,0.0,0.0,0.26807747641760155,0.0,0.0,0.0,0.0,0.1889400145994713
FB100531,14,7,51142.2,7306.028571428571,0.0,0.14767902045668743,0.10520098861605486,0.0031873873239712017,0.12483174364810275,0.2128031254032873,0.4062977345518965,0.0,0.0
FB100532,4,6,34626.409999999996,5771.068333333333,0.45870478631772676,0.0,0.045322630905138585,0.0,0.0,0.23372246790816603,0.14654421292880201,0.11570590194016647,0.0
FB100533,129,4,32776.21,8194.0525,0.15634083379377908,0.0,0.0,0.0,0.0,0.0,0.06296884234022176,0.6108601330050057,0.1698301908609934
FB100534,329,3,45497.520000000004,15165.840000000002,0.0,0.7631541235654163,0.0,0.0,0.0,0.013051260815974143,0.22379461561860953,0.0,0.0
FB100535,51,6,57942.83,9657.138333333334,0.5050122681270487,0.2604424050395882,0.0,0.04996890900910433,0.0,0.0,0.0,0.18457641782425885,0.0
FB100536,293,3,9751.98,3250.66,0.1456791338784534,0.688716547819007,0.0,0.0,0.0,0.1656043183025396,0.0,0.0,0.0
FB100537,343,5,115979.76,23195.951999999997,0.03319467120814873,0.026756220223252747,0.0,0.0,0.0,0.7134950098189546,0.0,0.0,0.22655409874964394
FB100538,35,6,94916.37,15819.394999999999,0.0,0.28268780190392867,0.0,0.004911692261303292,0.0,0.34187474721167693,0.34290860470117007,0.0,0.027617153921920948
FB100539,32,9,53045.6,5893.955555555555,0.024581115116051093,0.0,0.053332981434840956,0.21812233248374982,0.0,0.022645233534920896,0.3370149456316829,0.014458880661166995,0.3298445111375872
FB100540,142,5,19377.07,3875.4139999999998,0.5093153918523285,0.0,0.0,0.27460601628626,0.0,0.03539441205507334,0.0,0.0,0.1806841798063381
FB100541,173,4,38485.770000000004,9621.442500000001,0.15693410837304278,0.0,0.0,0.588632369834357,0.0,0.015837542031769142,0.0,0.0,0.23859597976083105
FB100542,19,8,356147.77999999997,44518.472499999996,0.0027235604276404585,0.010943884024771963,0.16716490553443855,0.015157780851533034,0.0,0.7898803131666298,0.014129555994986123,0.0,0.0
FB100543,137,9,77353.81,8594.867777777778,0.0,0.4326217415793741,0.058067598738833937,0.15798743462022105,0.0,0.01399931044120516,0.1385059119906311,0.0,0.1988180026297347
FB100544,295,4,71747.5,17936.875,0.23355531551622005,0.0,0.022972089619847383,0.0,0.0,0.0,0.6756420781211888,0.06783051674274365,0.0
FB100545,57,3,27531.230000000003,9177.076666666668,0.0,0.24381620436137433,0.0,0.006693126315097437,0.0,0.0,0.0,0.7494906693235281,0.0
FB100546,81,4,36782.11,9195.5275,0.6827707817740744,0.06399823174907583,0.0,0.2532309864768498,0.0,0.0,0.0,0.0,0.0
FB100547,15,4,49545.520000000004,12386.380000000001,0.06513363872253232,0.0,0.0,0.6496500591779034,0.0,0.03656395169532987,0.0,0.2486523504042343,0.0
FB100548,63,7,71713.55,10244.792857142858,0.08702860198665384,0.0,0.0,0.0,0.0,0.6216210186220038,0.13160204731183994,0.07585860691598728,0.08388972516351512
FB100549,52,9,140007.88,15556.431111111111,0.25211295249953075,0.10936048742399355,0.0,0.029741397412774193,0.0,0.0913207170910666,0.03088661866746357,0.11747760197497456,0.3691002249301968
FB100550,159,5,50650.4,10130.08,0.30134905153759894,0.0,0.0,0.43317328194841503,0.0,0.0,0.0,0.17875179662944418,0.08672586988454187
FB100551,33,4,5885.91,1471.4775,0.0,0.30474132292202905,0.0,0.07882213625420709,0.0,0.0,0.0,0.31009138773783496,0.3063451530859289
FB100552,174,4,33112.41,8278.1025,0.0,0.12690227017604577,0.0,0.12098877731944004,0.0,0.0,0.0,0.0,0.752108952504514
FB100553,4,8,126559.17,15819.89625,0.06710687182920051,0.15049039907578404,0.0,0.025281139248937864,0.0,0.0,0.0,0.750883005948917,0.006238583897160513
FB100554,28,11,138878.72999999998,12625.339090909089,0.020097822035094935,0.3318129421258389,0.0,0.0078101232636559985,0.0,0.04653261158134151,0.0,0.09431645868305392,0.4994300423110148
FB100555,22,3,35053.26,11684.42,0.7387640978328406,0.0,0.0,0.13210240645235277,0.0,0.0,0.0,0.0,0.12913349571480656
FB100556,39,5,65567.95,13113.59,0.0,0.16989153999781909,0.22025745810262484,0.0,0.0,0.0,0.48769635164741315,0.12215465025214302,0.0
FB100557,21,6,61084.96,10180.826666666666,0.0,0.0,0.0,0.19291917355761548,0.0,0.5342999324219906,0.07543902787199991,0.03555015833684756,0.16179170781154642
FB100558,49,8,41225.51,5153.18875,0.252433505370825,0.09221790100352913,0.0,0.07474182854256987,0.2688260254391031,0.0,0.0,0.01506276089731819,0.2967179787466547
FB100559,245,5,24522.68,4904.536,0.0,0.13410361347128455,0.0,0.1822484328792775,0.0,0.42627641024553603,0.20520636406787512,0.0521651793360269,0.0
FB100560,154,6,71727.70999999999,11954.618333333332,0.5354565202207069,0.0,0.2548320586283878,0.10298641905617785,0.0,0.0,0.0,0.0,0.1067250020947274
FB100561,238,2,86961.34,43480.67,0.0,0.0,0.049787066298656396,0.9502129337013435,0.0,0.0,0.0,0.0,0.0
FB100562,85,8,37613.78,4701.7225,0.0,0.0,0.14881328066469257,0.19710595425399946,0.4641782878508887,0.05042726362519268,0.0,0.01472678364152712,0.12474842996369949
FB100563,128,9,266149.38,29572.153333333335,0.0,0.08116761346579128,0.8418372795007074,0.007762745868504372,0.010543515074128672,0.01599733202459461,0.042691514066273605,0.0,0.0
FB100564,282,4,28489.52,7122.38,0.42529779371502224,0.0,0.4491795579567504,0.12552264832822735,0.0,0.0,0.0,0.0,0.0
FB100565,7,5,82041.53,16408.306,0.3688010206538079,0.14794677768686176,0.0,0.0,0.0,0.0,0.0,0.16084366052168944,0.3224085411376409
FB100566,2,5,38779.619999999995,7755.923999999999,0.751530571986007,0.12858764474742143,0.11988178326657146,0.0,0.0,0.0,0.0,0.0,0.0
FB100567,209,2,3503.52,1751.76,0.49341233958989816,0.0,0.0,0.0,0.0,0.0,0.0,0.5065876604101018,0.0
FB100568,66,8,71282.7,8910.3375,0.4510014351308242,0.0,0.2621337295023898,0.0,0.0,0.038171954766023176,0.18998129981047293,0.03180519256425472,0.02690638822603521
FB100569,76,9,40856.369999999995,4539.596666666666,0.10792221629087459,0.43208194952219203,0.0,0.04121707337191239,0.0,0.14132606494409564,0.0,0.2674990460483886,0.009953649822536855
FB100570,98,7,89916.77,12845.252857142857,0.37777936195884265,0.018726651324330264,0.0,0.009665049133771152,0.0,0.5630298997617463,0.0,0.030799037821309636,0.0
FB100571,156,8,453772.66,56721.5825,0.004899876515257662,0.0,0.02674242207540666,0.07215615414115077,0.0,0.0,0.8730804980626202,0.004262949645313581,0.018858099560251165
FB100572,4,7,41076.62,5868.088571428571,0.0,0.21182146924454834,0.4067481696400531,0.05562726436595805,0.0,0.18327238219697725,0.0,0.030791725317224246,0.11173898923523891
FB100573,81,6,59355.43,9892.571666666667,0.46887218237657446,0.0,0.0,0.19083089786393595,0.0,0.29182047876664363,0.04847644099284598,0.0,0.0
FB100574,141,6,132502.33000000002,22083.721666666668,0.0,0.07181888801502584,0.0,0.0,0.0,0.20230225385470577,0.0,0.0,0.7258788581302683
FB100575,59,7,82114.23000000001,11730.604285714287,0.0,0.0,0.0,0.32946165360133073,0.3429287469419125,0.0,0.0,0.0,0.3276095994567567
FB100576,132,7,273608.26999999996,39086.89571428571,0.0,0.0,0.033448075235445185,0.0,0.0,0.582848171950358,0.010513242161868865,0.22980606543800738,0.14338444521432045
FB100577,91,5,162049.93000000002,32409.986000000004,0.0,0.0968407700021839,0.31743167059683397,0.008699787775286296,0.0,0.4970092859651344,0.08001848566056154,0.0,0.0
FB100578,107,4,25198.86,6299.715,0.0,0.14302194623090092,0.0,0.0,0.0,0.18882639928949166,0.6681516544796073,0.0,0.0
FB100579,290,6,64150.479999999996,10691.746666666666,0.0,0.26947156124163063,0.0,0.10874649729822755,0.0,0.5105263436844121,0.007745538303064919,0.10351005947266491,0.0
FB100580,173,7,47753.13,6821.875714285714,0.4979987699235632,0.23191631627078685,0.0,0.0,0.0,0.0,0.0,0.17165471666464585,0.09843019714100418
FB100581,5,4,46208.770000000004,11552.192500000001,0.0,0.0,0.0,0.1516329043166481,0.36968934684909377,0.36968934684909377,0.0,0.0,0.10898840198516428
FB100582,7,7,57028.48,8146.925714285715,0.0197576719561875,0.04310951300122324,0.0,0.2513214450043206,0.0,0.029376550102685528,0.21249610720818787,0.4439387127273951,0.0
FB100583,51,4,21595.46,5398.865,0.0,0.040811818780428846,0.0,0.10420060512718876,0.6659983163127805,0.0,0.0,0.0,0.1889892597796018
FB100584,59,8,57230.8,7153.85,0.0424881357590668,0.0,0.0,0.1509362091740811,0.0,0.12391631778692591,0.1390120354774003,0.06780614634078153,0.4758411554617444
FB100585,20,5,509520.52415001113,101904.10483000222,0.0004360177646830032,0.04412522937619825,0.9227606776671998,0.0,0.0,0.0,0.0,0.0,0.03267807519191892
FB100586,363,3,16576.15,5525.383333333334,0.0,0.0,0.0,0.28920527384223715,0.0,0.0,0.0,0.0,0.7107947261577628
FB100587,95,6,20730.04,3455.0066666666667,0.12379956816291719,0.09056856619668847,0.26673995805121453,0.0,0.0,0.0,0.0059884110209145755,0.5129034965682652,0.0
FB100588,173,4,39134.49,9783.6225,0.15616940453293246,0.0,0.3739110947913209,0.39333564842674584,0.0,0.0,0.0,0.07658385224900083,0.0
FB100589,75,5,25745.69,5149.138,0.1818805400049484,0.1920239853738626,0.0,0.07431884715461112,0.0,0.4726410517643924,0.0791355757021855,0.0,0.0
FB100590,28,5,23373.05,4674.61,0.185423382913227,0.0,0.12267590237474356,0.12047807196750104,0.0,0.5714226427445284,0.0,0.0,0.0
FB100591,87,5,46570.39,9314.078,0.0,0.285856528150183,0.4020683528740043,0.0,0.0,0.033622866374964866,0.0,0.0,0.2784522526008479
FB100592,9,6,47918.97,7986.495,0.11230395811930013,0.0,0.0,0.5704832553788197,0.0,0.0,0.012287409349574917,0.0,0.3049253771523052
FB100593,132,8,40364.31,5045.53875,0.10821094179486779,0.0,0.28994227821558205,0.07948061046999193,0.0,0.0,0.3970762785242706,0.12528989099528767,0.0
FB100594,9,8,528706.8241500111,66088.35301875138,0.0051083887641171916,0.012000828644874353,0.0,0.9610582669646831,0.0,0.0028561764876549843,0.0095179592358963,0.004397541120710635,0.005060838782063494
FB100595,119,9,229618.83000000002,25513.203333333335,0.022390193347819082,0.011099742995816154,0.3871121109710384,0.0009568030635815016,0.0,0.48885354916232265,0.0,0.013018052569991756,0.0765695478894305
FB100596,11,8,98091.03,12261.37875,0.2710273304297039,0.16328954849388372,0.05389442847118641,0.0,0.0,0.04136830860069468,0.0,0.4704203840045313,0.0
FB100597,211,7,141024.68,20146.382857142857,0.058373683244663285,0.0,0.7543141384898019,0.14853712130387392,0.0,0.0387750569616609,0.0,0.0,0.0
FB100598,53,10,68769.89,6876.989,0.5040457386219463,0.0,0.32522329176329934,0.0,0.0,0.0865522687327259,0.0,0.06828380850979986,0.0158948923722286
FB100599,123,9,746400.0341500111,82933.33712777901,0.014299758188187432,0.12227862516637673,0.05669509386905401,0.011540112012198615,0.0,0.007044158305790346,0.034264012365867624,0.0,0.7538782400925252
FB100600,42,7,35445.090000000004,5063.584285714286,0.21406096020633608,0.0,0.0,0.5200514373076779,0.0,0.2533583635984561,0.0,0.0,0.012529238887529982
FB100601,62,4,48976.5,12244.125,0.058194236011148204,0.0,0.02009004318397599,0.15066552326115584,0.0,0.0,0.0,0.0,0.7710501975437198
FB100602,10,4,10744.41,2686.1025,0.0,0.0,0.0,0.0,0.0,0.3756930347966989,0.37961879712334134,0.04635526752981318,0.19833290055014652
FB100603,158,7,153373.41,21910.487142857142,0.0,0.46837199485882197,0.10101170730963079,0.022308886527332216,0.29362116940609195,0.009800264596060034,0.0,0.10488597730206298,0.0
FB100604,336,1,715.73,715.73,1.0,0.0,0.0,0.0,0.0,0.0,0.0,0.0,0.0
FB100605,114,6,46397.770000000004,7732.961666666667,0.035726285983140996,0.0,0.0,0.5745539063623101,0.0,0.0,0.015197066583156905,0.374522741071392,0.0
FB100606,76,6,96702.63,16117.105000000001,0.136489255773085,0.023129774236750337,0.01132285647246616,0.0,0.0,0.6970185816042439,0.013907584519676459,0.0,0.11813194739377823
FB100607,17,9,182028.54,20225.393333333333,0.45102614128531715,0.08088451404378676,0.0,0.0,0.0,0.12915112102750478,0.2932255568275172,0.045712666815874034,0.0
FB100608,44,7,46723.62,6674.802857142858,0.06653679659238733,0.5405730549131254,0.0,0.26075997536149814,0.0,0.0,0.0,0.13213017313298928,0.0
FB100609,403,2,8994.17,4497.085,0.8580046852572277,0.0,0.0,0.0,0.0,0.0,0.0,0.0,0.14199531474277227
FB100610,46,13,92531.8,7117.83076923077,0.0,0.21703360358276827,0.0,0.17868678659660786,0.0,0.2184611128282385,0.30245169768663316,0.0,0.08336679930575218
FB100611,6,11,51436.25,4676.022727272727,0.07514603028020123,0.19638076259447373,0.13090281659335584,0.0,0.0,0.037508566429317845,0.0179190745826144,0.2258720260516659,0.31627072346837104
FB100612,665,4,14514.03,3628.5075,0.17181788931123884,0.0,0.0,0.10313951397372059,0.0,0.0,0.7250425967150406,0.0,0.0
FB100613,19,4,34899.04,8724.76,0.15699343019177606,0.008864427216336037,0.0,0.0,0.0,0.13988035200968277,0.694261790582205,0.0,0.0
FB100614,14,3,27308.690000000002,9102.896666666667,0.12058139735007427,0.0,0.0,0.02668820803927248,0.0,0.8527303946106531,0.0,0.0,0.0
FB100615,39,7,100398.9,14342.699999999999,0.0,0.050385113781127075,0.44456383486273254,0.1330384097833741,0.2880535543716116,0.03839922548952229,0.0,0.045559861711632295,0.0
FB100616,90,8,75946.605,9493.325625,0.021677730031513586,0.06669086788013763,0.4567925057347857,0.19599730626536896,0.0,0.0,0.027052558833933395,0.09518713838492189,0.13660189286933894
FB100617,17,6,37468.1,6244.683333333333,0.11932630691174627,0.016244752202540295,0.11727683015685345,0.505075517573616,0.0,0.0,0.0,0.02356858234071117,0.21850801081453292
FB100618,143,10,201436.82,20143.682,0.11287226436557128,0.4322016203393203,0.0,0.013631221938471823,0.010582821948837357,0.0,0.42384068612679643,0.0,0.006871385281002749
FB100619,8,7,31698.18,4528.311428571428,0.0,0.0,0.18174166466339708,0.6060455205945579,0.02696180033049216,0.08326597930859123,0.0,0.0,0.10198503510296174
FB100620,29,11,60676.445,5516.040454545455,0.0,0.1572551753814845,0.0587666268186938,0.0,0.04588040713327882,0.0,0.3483096282255824,0.11112236387613017,0.2786657985648302
FB100621,198,3,14957.039999999999,4985.679999999999,0.0,0.24321122361108882,0.0,0.0,0.0,0.3263807544808331,0.4304080219080781,0.0,0.0
FB100622,36,9,706237.4241500112,78470.8249055568,0.02997768070062373,0.0,0.0,0.025497218618331298,0.012054954479715626,0.00015803467245357003,0.0,0.25936963085815135,0.6729424806707245
FB100623,59,7,27575.69,3939.3842857142854,0.0,0.015930335741372204,0.0,0.0,0.0,0.47919707539503087,0.15903899412852407,0.18482728809324445,0.16100630664182836
FB100624,79,4,11468.32,2867.08,0.29910047853565297,0.07313189726132512,0.0,0.0,0.0,0.20397756602536382,0.4237900581776581,0.0,0.0
FB100625,94,5,52613.47,10522.694,0.12946608539600218,0.0,0.0,0.17541249417687144,0.0,0.6851867021886221,0.009934718238504323,0.0,0.0
FB100626,25,3,90456.1,30152.033333333336,0.0,0.019071018980477823,0.0,0.0,0.0,0.0,0.22845623457124503,0.0,0.7524727464482771
FB100627,409,4,29233.239999999998,7308.3099999999995,0.0,0.0,0.0,0.0,0.0,0.0,0.25739842726977924,0.5614594892663284,0.1811420834638925
FB100628,51,6,20907.315000000002,3484.5525000000002,0.11115200588884798,0.24225707605208985,0.6008031160385731,0.00700759518857395,0.0,0.00577405563555148,0.03300615119636357,0.0,0.0
FB100629,23,8,58442.71,7305.33875,0.16501219741521225,0.0,0.3821285837018851,0.011116698729405258,0.0,0.261188948972421,0.08610500779310197,0.0,0.09444856338797429
FB100630,30,9,580402.1441500111,64489.127127779015,0.09299450483430638,0.810068516956567,0.040478744327187975,0.0,0.0,0.007068254384221716,0.048400027951549844,0.000989951546167094,0.0
FB100631,260,3,17028.82,5676.2733333333335,0.0,0.0,0.0,0.20795745095667229,0.0,0.7920425490433277,0.0,0.0,0.0
FB100632,3,5,32395.57,6479.114,0.0,0.03750574538432261,0.07001512861172067,0.46115039803281743,0.0,0.0,0.0,0.27135407711609955,0.15997465085503976
FB100633,101,7,82178.2,11739.742857142857,0.0,0.09215911275739795,0.05962432859322789,0.0,0.0,0.26200050621697724,0.03022748125415256,0.46021852510763195,0.0957700460706124
FB100634,74,6,60259.73,10043.288333333334,0.10963723202875286,0.7043046824139437,0.0,0.08405298198315857,0.0,0.0,0.06733319249853924,0.03467191107560555,0.0
FB100635,248,6,64515.61,10752.601666666667,0.05228781065543672,0.18057877775626704,0.06290601607889935,0.0,0.0,0.704227395509397,0.0,0.0,0.0
FB100636,118,7,49259.18,7037.0257142857145,0.04049174184385531,0.0,0.03543907957866941,0.8306486222466555,0.0,0.09342055633081998,0.0,0.0,0.0
FB100637,31,14,150514.13,10751.009285714286,0.009600626864733564,0.36921065151823285,0.0,0.15663300183178813,0.006672662559986893,0.0,0.204193719220913,0.2536893380043455,0.0
FB100638,81,5,57665.619999999995,11533.124,0.0,0.01627555552164357,0.22329838819039835,0.0,0.0,0.3148153093645746,0.09961550747221655,0.3459952394511669,0.0
FB100639,203,6,228503.29,38083.88166666667,0.0770780149379906,0.8776927456930705,0.0,0.03259970567601018,0.0,0.0,0.0079327085399952,0.004696825152933246,0.0
FB100640,318,5,57486.83,11497.366,0.2912987200720582,0.0,0.031232544915070107,0.6539810944524163,0.0,0.0,0.02348764056045532,0.0,0.0
FB100641,197,6,26286.71,4381.118333333333,0.22656543934178144,0.0,0.0,0.0,0.0,0.05543713914750077,0.320546390172068,0.39745103133864984,0.0
FB100642,61,4,33263.2,8315.8,0.0,0.47503968349407155,0.16459661127011233,0.25577605281512306,0.0,0.0,0.0,0.10458765242069315,0.0
FB100643,4,5,67976.54000000001,13595.308,0.100189565400063,0.1163624980029875,0.0,0.0,0.0,0.0,0.0,0.39435825948187414,0.38908967711507525
FB100644,274,5,93068.88,18613.776,0.6634998723526059,0.07644144852715537,0.21118853047334404,0.0,0.0,0.0,0.0,0.048870148646894644,0.0
FB100645,10,4,272083.09,68020.7725,0.0015971959154095169,0.15960793447325228,0.804748689086117,0.0,0.0,0.0,0.0,0.03404618052522117,0.0
FB100646,193,6,48063.369999999995,8010.561666666666,0.12866055792592154,0.19042713817195925,0.33812506280770577,0.0,0.2359655596351234,0.10682168145929011,0.0,0.0,0.0
FB100647,16,4,45174.0,11293.5,0.0,0.10588635055562935,0.0,0.0,0.0,0.0,0.0,0.8009658210475052,0.09314782839686545
FB100648,223,9,394494.32,43832.70222222222,0.004903872887193914,0.006127059066401768,0.010235457889482413,0.5278392094466658,0.0,0.4508944007102561,0.0,0.0,0.0
FB100649,7,10,57189.56,5718.956,0.4174795189891302,0.10295550446619978,0.10995346003711166,0.0,0.0,0.24213597726578068,0.05500566886683514,0.07246987037494257,0.0
FB100650,102,3,23892.06,7964.02,0.21534601871918957,0.0,0.6770508696194467,0.0,0.0,0.10760311166136365,0.0,0.0,0.0
FB100651,45,6,481586.1041500111,80264.35069166851,0.0,0.0024121750814432696,0.0010286634014790613,0.9817785440144955,0.0,0.0015990079310098427,0.0,0.0,0.013181609571572297
FB100652,23,9,274033.24,30448.137777777778,0.0020267979169242387,0.0,0.0,0.6176595948725053,0.0,0.07702029140698408,0.001144167765925039,0.0,0.30214914803766146
FB100653,162,6,34097.43,5682.905,0.0,0.0,0.10135895872504173,0.5990477874725455,0.0,0.1502664570320989,0.0,0.0,0.14932679677031377
FB100654,87,7,121577.7,17368.242857142857,0.11721705543039554,0.311221548030601,0.2168982469646983,0.33343524346981396,0.0,0.0,0.0,0.0,0.021227906104491205
FB100655,38,8,51106.07,6388.25875,0.12984504580375678,0.1301843401380697,0.0,0.12707864251741524,0.0,0.2722498521212842,0.10944766443594665,0.07253854581265982,0.15865590917086755
FB100656,202,3,34655.8,11551.933333333334,0.4006778086207792,0.0,0.4250425614182907,0.17427962996093005,0.0,0.0,0.0,0.0,0.0
FB100657,83,3,13639.41,4546.47,0.0,0.0,0.6204351947774867,0.0,0.0,0.0,0.0,0.0,0.3795648052225133
FB100658,15,10,129125.54999999999,12912.554999999998,0.5461097358346199,0.0030154373011383106,0.12273992250178219,0.0,0.0,0.09380219484060281,0.06071331351541193,0.11867589334566242,0.05494350266078247
FB100659,162,2,3843.0299999999997,1921.5149999999999,0.0,0.0,0.0,0.6113977772747026,0.0,0.0,0.0,0.38860222272529754,0.0
FB100660,62,4,22238.74,5559.685,0.0,0.0,0.0,0.0,0.0,0.0,0.06460437956466959,0.5961421375491598,0.33925348288617074
FB100661,7,9,100353.05,11150.33888888889,0.1557298956035716,0.48615871665086413,0.0,0.023851492306412213,0.0,0.010275123675862368,0.19428906246496744,0.01648151202180701,0.11321419727651526
FB100662,156,12,218080.79,18173.399166666666,0.00317336524688855,0.0,0.5998979093940371,0.04250677008277529,0.0,0.04822153294657453,0.14622310383229997,0.14670494361286934,0.013272374884555398
FB100663,537,2,51653.479999999996,25826.739999999998,0.0,0.0,0.0,0.4054963963705834,0.0,0.0,0.0,0.0,0.5945036036294167
FB100664,256,2,8510.84,4255.42,0.0,0.0,0.7464433592923847,0.0,0.0,0.0,0.0,0.0,0.25355664070761524
FB100665,44,7,104577.95,14939.707142857142,0.2421498030894658,0.07724066115275735,0.08359152192216428,0.12231201701697154,0.0,0.11954585072665892,0.04573918306870617,0.30942096302327593,0.0
FB100666,50,7,51335.259999999995,7333.608571428571,0.7828363974391092,0.03193224306256558,0.0,0.0,0.0,0.09418458190335455,0.03315304139883581,0.04134448720041547,0.016549248995719513
FB100667,191,7,189836.05000000002,27119.435714285715,0.0,0.2934854575830039,0.034100425077323304,0.0,0.0,0.0,0.0,0.6212182564902715,0.051195860849401365
FB100668,96,3,29594.72,9864.906666666668,0.0,0.5884914606389248,0.0,0.023781944887466412,0.0,0.3877265944736088,0.0,0.0,0.0
FB100669,55,8,49170.759999999995,6146.344999999999,0.21700803485648792,0.0,0.0,0.08411055676178283,0.0,0.042129102743175016,0.012675215921006714,0.38022434471218264,0.263852745005365
FB100670,50,4,18774.29,4693.5725,0.12355407315003655,0.0,0.0,0.0,0.0,0.062638853453313,0.11584352857018827,0.6979635448264622,0.0
FB100671,198,7,64752.67,9250.381428571429,0.2181262950238191,0.37205400178865217,0.22174267099719597,0.0,0.0,0.029150303763535928,0.15892672842679692,0.0,0.0
FB100672,24,3,20475.34,6825.113333333334,0.9121650727167412,0.0,0.08783492728325878,0.0,0.0,0.0,0.0,0.0,0.0
FB100673,67,5,25945.230000000003,5189.046,0.0,0.09450793074488066,0.1685747245254715,0.24939035036498033,0.0,0.0,0.48752699436466734,0.0,0.0
FB100674,25,10,77020.37,7702.036999999999,0.0,0.2390204046020553,0.12171013979808197,0.0,0.0,0.16236406031287565,0.20234088722243218,0.2745645080645548,0.0
FB100675,78,4,55406.56,13851.64,0.0,0.09792829585522002,0.8803159770251031,0.0,0.0,0.0,0.021755727119676802,0.0,0.0
FB100676,21,9,121066.59,13451.843333333332,0.4419530607081607,0.08250195202491455,0.0,0.11513894956486344,0.0,0.02792719279530381,0.06806436028304753,0.26441448462371,0.0
FB100677,79,8,187541.18,23442.6475,0.7793508604350255,0.016924869513991542,0.03934106631940783,0.1566061917707887,0.0,0.0,0.0,0.007777011960786426,0.0
FB100678,57,4,62103.23,15525.8075,0.0,0.0,0.0,0.0,0.0,0.0,0.0,0.5469837881218095,0.4530162118781906
FB100679,14,8,52110.72,6513.84,0.0,0.502123555383614,0.013036665008658486,0.0,0.0,0.002923390810950223,0.0,0.0,0.4819163887967773
FB100680,207,5,40945.759999999995,8189.151999999999,0.0,0.018278571456482918,0.0,0.25295610583366873,0.0,0.33471353322053377,0.3940517894893147,0.0,0.0
FB100681,73,3,34419.729999999996,11473.243333333332,0.0,0.0,0.7435572562597091,0.0,0.0,0.0,0.0,0.25644274374029086,0.0
FB100682,342,6,82073.07999999999,13678.846666666665,0.4376359459155182,0.0,0.0998696527533754,0.0,0.0666265966867577,0.0,0.2673162747151685,0.031921794576248386,0.0966297353529318
FB100683,167,6,45131.97,7521.995,0.0882534044049041,0.0,0.5133762164603052,0.15567501263516748,0.0,0.05116328846270171,0.0787149331172559,0.0,0.11281714491966559
FB100684,153,6,156736.68,26122.78,0.0,0.17701708368455932,0.0,0.05474359926470306,0.0,0.013604664842971024,0.0,0.5135681067124811,0.24106654549528544
FB100685,17,6,58969.490000000005,9828.248333333335,0.07925047342278185,0.0,0.0,0.0,0.040972204439957,0.0,0.24561209533947131,0.0,0.6341652267977899
FB100686,138,7,32730.02,4675.717142857143,0.0,0.0,0.147266332253998,0.221113522081563,0.0,0.3610071121251988,0.04694283718738943,0.22367019635185065,0.0
FB100687,18,10,83767.11,8376.711,0.14449215211077474,0.0,0.007216316762032258,0.1768486462049365,0.0,0.024181089690213736,0.0,0.6472617952320427,0.0
FB100688,238,5,9053.060000000001,1810.6120000000003,0.0,0.7362339363706858,0.0,0.0,0.0,0.21328368529535868,0.0,0.050482378333955594,0.0
FB100689,44,5,18310.77,3662.154,0.0,0.0,0.11457300812581885,0.0,0.0,0.0,0.17945449590596135,0.13720012866744544,0.5687723673007743
FB100690,271,5,51575.48,10315.096000000001,0.41241012201922306,0.0,0.07531660393659932,0.27108385612698127,0.0,0.0,0.24118941791719628,0.0,0.0
FB100691,5,6,49472.72,8245.453333333333,0.028544418014614922,0.14291876411889218,0.0,0.0,0.0,0.014785320071344369,0.0,0.49444885989692905,0.31930263789821944
FB100692,24,7,84709.91,12101.415714285715,0.0,0.0,0.0,0.836573430428624,0.0,0.005058558083700006,0.0,0.040630075040806915,0.11773793644686907
FB100693,56,6,41918.68,6986.446666666667,0.002704760741511899,0.0,0.23468248523092808,0.0,0.0,0.005845126802656954,0.6964837633246085,0.06028386390029457,0.0
FB100694,19,9,43714.59,4857.176666666666,0.033197383299260044,0.0,0.0,0.3908436519706579,0.0,0.0,0.21182218568217157,0.3641367790479106,0.0
FB100695,297,4,88775.34,22193.835,0.0,0.0,0.04638213720161478,0.0,0.0,0.11689417353963387,0.8367236892587513,0.0,0.0
FB100696,10,5,7521.15,1504.23,0.0,0.34710250427128836,0.4661906756280622,0.0,0.0,0.0,0.1867068201006495,0.0,0.0
FB100697,57,6,156480.66,26080.11,0.0,0.0,0.009075626342578054,0.06902782746442915,0.0,0.0,0.7403004307369357,0.0,0.18159611545605697
FB100698,153,5,22937.100000000002,4587.42,0.7152037528719847,0.0,0.0822671567024602,0.05026616267967615,0.0,0.0,0.0,0.0,0.15226292774587893
FB100699,122,2,17851.5,8925.75,0.0,0.0,0.0,0.0,0.0,0.0,0.0,0.1950239475674313,0.8049760524325688
FB100700,90,4,15357.869999999999,3839.4674999999997,0.0,0.327557141713011,0.0,0.0,0.0,0.3763764115726986,0.0,0.0,0.29606644671429044
FB100701,202,3,37573.6,12524.533333333333,0.0,0.0,0.01971943066408329,0.0,0.0,0.12734499755147233,0.0,0.8529355717844445,0.0
FB100702,2,6,126581.19,21096.865,0.0,0.6024128071477287,0.0,0.0,0.0,0.017098749032142927,0.0,0.21141932699479282,0.1690691168253356
FB100703,103,6,78778.84,13129.806666666665,0.0,0.6287627489818332,0.0,0.033092261830714946,0.0,0.0,0.11931300333947543,0.21883198584797647,0.0
FB100704,317,5,36973.64,7394.728,0.40997153647842083,0.0,0.19915215272285877,0.0,0.0,0.10019219097713938,0.0,0.0,0.290684119821581
FB100705,317,5,44928.52,8985.704,0.5058085599080495,0.0,0.0,0.1822167745565623,0.0,0.06543349302403018,0.18096745675130185,0.0655737157600562,0.0
FB100706,22,7,505022.51,72146.07285714286,0.006515036329766766,0.0,0.010959174869254839,0.8236393660947905,0.0,0.0,0.019443450154330744,0.019543960525640728,0.1198990120262164
FB100707,48,8,84669.71,10583.71375,0.0,0.054984834600236614,0.5828100745827521,0.005930219909811903,0.0,0.0,0.31804018225644093,0.0,0.03823468865075834
FB100708,517,4,25177.129999999997,6294.282499999999,0.0,0.06734127360823097,0.7681566564576662,0.0,0.0,0.0,0.0,0.14501533733193578,0.01948673260216713
FB100709,246,4,65096.99999999999,16274.249999999998,0.05000599105949583,0.0,0.5794428314668879,0.3705511774736163,0.0,0.0,0.0,0.0,0.0
FB100710,160,7,50319.990000000005,7188.570000000001,0.00664467540633454,0.7349643749929202,0.0,0.0,0.0,0.10788138073954306,0.011331083332886193,0.004738474709553797,0.13444001081876208
FB100711,411,3,18300.170000000002,6100.056666666667,0.0,0.0,0.0,0.0,0.0,0.14866856428109684,0.0,0.0,0.8513314357189032
FB100712,39,9,710461.5441500111,78940.17157222347,0.0,0.11997728899173474,0.6617747406898882,0.0,0.0,0.0,0.17007651011507335,0.0,0.04817146020330377
FB100713,275,5,73029.48999999999,14605.897999999997,0.04564402681711183,0.03407335858431984,0.5930993082383568,0.23802617271461157,0.0,0.08915713364559988,0.0,0.0,0.0
FB100714,563,2,19835.75,9917.875,0.0,0.0,0.14273470879598704,0.0,0.0,0.857265291204013,0.0,0.0,0.0
FB100715,389,2,20427.03,10213.515,0.5270501879127802,0.0,0.0,0.4729498120872197,0.0,0.0,0.0,0.0,0.0
FB100716,50,4,32581.4,8145.35,0.19984500359100588,0.0,0.0,0.49160564002774587,0.0,0.15132928603436316,0.157220070346885,0.0,0.0
FB100717,182,6,16397.56,2732.9266666666667,0.0,0.0,0.0,0.0682290535909001,0.05656329356318866,0.14264317374048333,0.7068704124272148,0.0256940666782131,0.0
FB100718,43,6,30373.805,5062.300833333334,0.0,0.35440653549991513,0.2955154943544281,0.0,0.10403701478955303,0.0,0.0,0.0,0.2460409553561037
FB100719,31,7,44735.05,6390.721428571429,0.0,0.05934474198642898,0.0,0.11707643112056429,0.0,0.025563624048704537,0.5018881168122088,0.0,0.29612708603209337
FB100720,123,5,56814.25,11362.85,0.034467585156892855,0.0,0.0,0.0,0.0,0.0,0.0,0.7773053415296339,0.1882270733134733
FB100721,55,10,54901.380000000005,5490.138000000001,0.06457305809070737,0.023751497685486227,0.05183166616212561,0.0,0.0,0.030987381373655816,0.19747809617900314,0.5148961647229997,0.11648213578602212
FB100722,39,5,63575.07,12715.014,0.1489492658049767,0.46736417278030523,0.33994803308907096,0.0,0.0,0.0,0.0,0.04373852832564714,0.0
FB100723,13,7,46861.659999999996,6694.522857142857,0.17506102003215424,0.0,0.0,0.07326244951629968,0.0,0.4389675909901613,0.31270893946138484,0.0,0.0
FB100724,101,5,20859.350000000002,4171.870000000001,0.0,0.0,0.13824400089168645,0.0,0.0,0.14771984745449884,0.6841632169746421,0.029872934679172652,0.0
FB100725,40,6,62694.649999999994,10449.108333333332,0.00816927760183684,0.9065689018121962,0.0,0.0,0.0,0.0,0.0,0.029640966174944754,0.05562085441102232
FB100726,67,11,97971.84,8906.530909090909,0.3171266355720174,0.0,0.17620695906088935,0.13309130460344526,0.0,0.18699812109275482,0.0,0.0,0.1865769796708932
FB100727,90,7,56836.38,8119.482857142857,0.0,0.4015173028261125,0.0,0.0,0.0,0.18933383864348854,0.2172071831457246,0.1919416753846744,0.0
FB100728,282,1,326.26,326.26,0.0,0.0,0.0,1.0,0.0,0.0,0.0,0.0,0.0
FB100729,171,7,38643.869999999995,5520.552857142857,0.0,0.022535786400275128,0.36864087370131404,0.0,0.0,0.0,0.15904670003289006,0.4226874792819663,0.027089160583554386
FB100730,384,2,28095.93,14047.965,0.0,0.8838187595142784,0.0,0.0,0.0,0.0,0.0,0.11618124048572159,0.0
FB100731,316,5,67521.02,13504.204000000002,0.054216301827193954,0.08390616729427369,0.0,0.6501865641247718,0.0,0.07229881894556686,0.13939214780819364,0.0,0.0
FB100732,56,5,19533.07,3906.614,0.0,0.1751926348495142,0.0,0.22843157783185133,0.0,0.0,0.16017758601182505,0.0,0.4361982013068095
FB100733,178,3,18510.93,6170.31,0.0,0.4184706008828297,0.0,0.3139842244554974,0.0,0.0,0.2675451746616729,0.0,0.0
FB100734,127,7,47520.75,6788.678571428572,0.0,0.8722046684869241,0.008189264689635581,0.0573277989088977,0.0,0.0,0.0,0.0,0.0622782679145426
FB100735,202,7,82161.62,11737.374285714284,0.0,0.12546539369598603,0.43302724556794275,0.0,0.0,0.4332525332387555,0.008254827497315657,0.0,0.0
FB100736,96,8,220748.28,27593.535,0.5775727448476609,0.3560624798526177,0.0,0.05214998730680937,0.006530016904321973,0.0,0.007684771088590136,0.0,0.0
FB100737,324,4,23591.9,5897.975,0.8276315175971414,0.0,0.0,0.0,0.0,0.13759171580076213,0.0,0.0,0.034776766602096484
FB100738,183,7,74409.43,10629.91857142857,0.0,0.0,0.0,0.21023316533939315,0.0,0.1629000517810713,0.35185459692407267,0.1759711101133284,0.09904107584213453
FB100739,40,3,27298.059999999998,9099.353333333333,0.5978164748703754,0.0,0.0,0.3767938087908078,0.0,0.0,0.0,0.0,0.025389716338816752
FB100740,296,1,5608.41,5608.41,0.0,1.0,0.0,0.0,0.0,0.0,0.0,0.0,0.0
FB100741,140,8,102464.36,12808.045,0.0,0.8285109085734785,0.010133572297723813,0.14767788526664294,0.013677633862154606,0.0,0.0,0.0,0.0
FB100742,46,3,11643.59,3881.1966666666667,0.6124408365461168,0.0,0.0,0.0,0.0,0.0,0.0,0.3875591634538832,0.0
FB100743,192,9,78196.16,8688.462222222222,0.1131372691446741,0.12702452396639424,0.14148904498635226,0.4016928708519702,0.0,0.16541157519755448,0.0,0.04225130748108347,0.008993408371971207
FB100744,184,7,75295.4,10756.485714285713,0.10149637295239816,0.06884245252698042,0.032968680689657005,0.023319751272986133,0.0,0.7316964914191305,0.0416762511388478,0.0,0.0
FB100745,48,8,50024.60999999999,6253.076249999999,0.07250891111394972,0.39802589165612684,0.02170911477370838,0.0514190915231523,0.0,0.4178131523664052,0.0,0.03852383856665749,0.0
FB100746,87,4,25757.13,6439.2825,0.0,0.28758910639500596,0.6820259089424947,0.030384984662499274,0.0,0.0,0.0,0.0,0.0
FB100747,86,7,51172.89,7310.412857142857,0.45535810074435895,0.0,0.11247205307341447,0.27049087905725083,0.11658223719629672,0.0,0.0,0.04509672992867903,0.0
FB100748,207,8,36154.740000000005,4519.342500000001,0.6404228048659734,0.23526099205802614,0.12431620307600055,0.0,0.0,0.0,0.0,0.0,0.0
FB100749,128,7,49711.409999999996,7101.629999999999,0.01929013882326009,0.05124819432802247,0.0,0.06912014766831194,0.0,0.04169666480995007,0.7875855864880918,0.03105926788236342,0.0
FB100750,105,7,117439.01999999999,16777.002857142856,0.27588104873490943,0.0,0.0,0.6381706863698284,0.0,0.0,0.0,0.04800150750576768,0.03794675738949457
FB100751,307,3,27439.74,9146.58,0.0,0.0,0.8093906866464479,0.0,0.05790069439433464,0.0,0.0,0.13270861895921754,0.0
FB100752,7,5,50888.83,10177.766,0.0,0.1568633037937795,0.0,0.6168082465248268,0.0,0.22632844968139373,0.0,0.0,0.0
FB100753,284,3,28311.660000000003,9437.220000000001,0.2469982332367653,0.0,0.0,0.0,0.0,0.0,0.1575495749807676,0.595452191782467,0.0
FB100754,83,10,45573.54,4557.354,0.34193481568471534,0.07945531551861015,0.08434126468999337,0.14434911134838332,0.0,0.0550734044359951,0.0,0.10322217672798735,0.1916239115943155
FB100755,311,2,10253.24,5126.62,0.0,0.0,0.0,0.46221389531504187,0.0,0.5377861046849581,0.0,0.0,0.0
FB100756,230,5,42435.15,8487.03,0.040354988729861915,0.0,0.0,0.0,0.0,0.0,0.3261072483542535,0.5512043671343214,0.08233339578156315
FB100757,3,8,102223.03,12777.87875,0.019550584638314866,0.0,0.12652657625194635,0.0,0.0,0.17949790766327312,0.5574114756723606,0.06702618773871209,0.049987268035392794
FB100758,26,8,64180.850000000006,8022.606250000001,0.013035196635756616,0.05814164193836635,0.0,0.09397865562702894,0.0,0.3487308130073067,0.48611369279154143,0.0,0.0
FB100759,168,6,90855.23,15142.538333333332,0.06727405786106094,0.46608489131555775,0.0,0.0,0.0,0.25444148894895763,0.0,0.0,0.21219956187442376
FB100760,92,7,513420.8041500111,73345.8291642873,0.0,0.0,0.024377372126009763,0.0004119817473118954,0.014430813749875274,0.041764435384536676,0.0,0.9157507844435504,0.003264612548716027
FB100761,12,7,97657.14,13951.02,0.0,0.0,0.09575695130944856,0.10910856082822003,0.0,0.17146078617497912,0.5946725451922922,0.029001156495060167,0.0
FB100762,65,7,86121.13,12303.018571428573,0.09273751981656535,0.0,0.2466169452258697,0.0,0.0,0.521235380910585,0.07979435476520107,0.038117242539664774,0.02149855674211428
FB100763,63,4,36534.5,9133.625,0.0,0.0,0.16141482708125196,0.0,0.0,0.5608123828162421,0.0,0.2777727901025059,0.0
FB100764,60,3,7270.65,2423.5499999999997,0.02046722094998384,0.0,0.0,0.0,0.0,0.0,0.0,0.0,0.9795327790500161
FB100765,37,7,187026.34,26718.04857142857,0.003865337898394418,0.0,0.0,0.813440556020077,0.0,0.09364317346957653,0.02632474121024878,0.0,0.06272619140170309
FB100766,45,7,61313.61,8759.087142857143,0.0,0.7922635773688745,0.0,0.16091614895942352,0.0,0.0,0.046820273671701926,0.0,0.0
FB100767,50,4,505068.8741500111,126267.21853750278,0.0,0.0,0.007145084927423499,0.0,0.0,0.061961074225106876,0.0,0.0,0.9308938408474696
FB100768,231,7,42026.91,6003.844285714286,0.0,0.0,0.3369783788529778,0.018338012478195522,0.0,0.0,0.4113926053569011,0.0,0.23329100331192565
FB100769,23,8,64259.3,8032.4125,0.21598570168053496,0.4637043976513905,0.03767392424131604,0.0,0.0,0.07596861465966794,0.18810600177717468,0.0,0.018561359989915857
FB100770,40,7,50894.89,7270.698571428571,0.5881283956012087,0.05066775859030249,0.0413338156345362,0.08652813671470751,0.0,0.0,0.04701788332777612,0.18632401013146901,0.0
FB100771,210,3,5300.29,1766.7633333333333,0.0,0.21893519033864187,0.0,0.0,0.0,0.0,0.5759118840667209,0.0,0.20515292559463724
FB100772,17,8,57770.48,7221.31,0.46705116523179313,0.0,0.0,0.0,0.0,0.47310269881780453,0.05984613595040235,0.0,0.0
FB100773,112,13,159230.66,12248.512307692308,0.030012875661006494,0.0,0.2174341926360162,0.0,0.0,0.0,0.3031200147006864,0.12617299959693692,0.323259917405354
FB100774,128,8,109668.1,13708.5125,0.5804900422274116,0.2742980866815419,0.12497380733321722,0.011106146636989243,0.0,0.009131917120840063,0.0,0.0,0.0
FB100775,127,7,507736.9741500111,72533.85345000158,0.9343527619673563,0.0025862406459531057,0.0,0.009975657196285927,0.0,0.0,0.0,0.012080802289942637,0.041004537900461956
FB100776,54,5,30218.48,6043.696,0.16090981412698455,0.0,0.4858110004209345,0.0,0.0,0.3076250029783099,0.0,0.0,0.04565418247377102
FB100777,49,6,31698.64,5283.106666666667,0.0,0.0,0.0,0.263964006026757,0.0,0.0,0.0,0.40083896343817904,0.335197030535064
FB100778,10,6,74545.54999999999,12424.258333333331,0.04736500032530446,0.0,0.48341852732993446,0.38685059000839084,0.0,0.0,0.04860424264090881,0.0,0.033761639695461365
FB100779,227,5,11883.54,2376.708,0.234818917595262,0.0,0.3266846411086259,0.0,0.0,0.12250558335310857,0.3159908579430035,0.0,0.0
FB100780,70,7,93517.26,13359.608571428571,0.33890813310826257,0.028466189022219,0.0,0.17190837285010277,0.0,0.0,0.10064334647956966,0.0,0.36007395853984603
FB100781,129,4,117455.16,29363.79,0.0,0.0,0.0,0.0,0.0,0.0,0.18794602127313945,0.8120539787268606,0.0
FB100782,40,4,85326.82,21331.705,0.26221474092202196,0.3701236024030897,0.0,0.0,0.0,0.11599201751571195,0.25166963915917645,0.0,0.0
FB100783,132,6,43202.17,7200.361666666667,0.5542355858513589,0.0,0.03917395815997206,0.0,0.0,0.0,0.0,0.10709184284030178,0.29949861314836734
FB100784,14,10,84676.11,8467.611,0.17813265158260105,0.14491041215757314,0.142632792177156,0.03140696945100572,0.0,0.0,0.3781558930848382,0.023994607215659765,0.10076667433116612
FB100785,164,4,28206.94,7051.735,0.31141165968375156,0.0,0.21576888524597138,0.0,0.0,0.0,0.472819455070277,0.0,0.0
FB100786,121,2,16655.2,8327.6,0.8207310629713243,0.0,0.0,0.0,0.0,0.0,0.0,0.17926893702867575,0.0
FB100787,122,4,32794.01,8198.5025,0.0,0.36636263756704357,0.0,0.0,0.0,0.06632949126989961,0.3228998222541251,0.2444080489089319,0.0
FB100788,389,2,2034.08,1017.04,0.0,0.3851372610713443,0.0,0.0,0.0,0.6148627389286557,0.0,0.0,0.0
FB100789,29,8,55120.41,6890.05125,0.0,0.0,0.009765348262104727,0.13221128072160568,0.0,0.1626107280406659,0.24802228430448905,0.44739035867113475,0.0
FB100790,108,7,44936.84,6419.5485714285705,0.13801059442542024,0.15773427771067125,0.10308780056630595,0.019180698954354602,0.0,0.0,0.3937157129873841,0.1882709153558639,0.0
FB100791,127,4,22230.9,5557.725,0.05448407396911506,0.0,0.38839363228659207,0.0,0.0,0.5264357268486656,0.03068656689562726,0.0,0.0
FB100792,106,5,26646.82,5329.364,0.38489771012075735,0.043680634312086776,0.0,0.0,0.0,0.0,0.38094264156098173,0.1904790140061741,0.0
FB100793,69,10,86585.59,8658.559,0.0,0.0,0.22424632089473545,0.25869708804894664,0.0,0.10982035232421468,0.06305899168672292,0.3219468736079525,0.022230373437427633
FB100794,102,6,117764.44,19627.406666666666,0.0366053623657532,0.0,0.06251420208001669,0.07250669217295136,0.0,0.0,0.6882923232174329,0.14008142016384575,0.0
FB100795,249,5,8578.699999999999,1715.7399999999998,0.0,0.19596209215848556,0.11007728443703593,0.0,0.0,0.3704978609812676,0.0,0.0,0.323462762423211
FB100796,3,7,165480.90000000002,23640.128571428573,0.43982544209029567,0.0,0.0,0.33795483345812116,0.0,0.0,0.021335574075316246,0.0,0.20088415037626697
FB100797,31,6,26242.120000000003,4373.686666666667,0.03376670787268712,0.0,0.5096749043141332,0.0,0.0,0.0,0.19004219171316952,0.0762217381827383,0.19029445791727193
FB100798,27,10,198573.22,19857.322,0.3243994834751635,0.017423598207250705,0.150197292464714,0.0,0.0,0.01916915080492727,0.011982129312301025,0.02807825748104402,0.4487500882545995
FB100799,45,13,186285.97999999998,14329.690769230769,0.0,0.03369153169766185,0.27380718613392163,0.04952653978576381,0.0,0.19071408379739582,0.2800416864436068,0.17221897214165016,0.0
FB100800,82,5,35479.07,7095.814,0.16755315175961485,0.0,0.0,0.2222563894713136,0.0,0.16212516280725506,0.0,0.138845240306468,0.30922005565534827
FB100801,118,4,58193.880000000005,14548.470000000001,0.0,0.0,0.05592529661194614,0.3088252579137188,0.0,0.5252672617807921,0.0,0.0,0.10998218369354304
FB100802,28,9,41302.62,4589.18,0.02990560889357624,0.0,0.20938647475632294,0.0,0.18138873514561546,0.08899604916104595,0.1604682705358643,0.26217561985171883,0.0676792416558562
FB100803,23,5,30218.36,6043.6720000000005,0.016634919962565803,0.48561305113844694,0.0,0.25265600118603393,0.0,0.0,0.2450960277129533,0.0,0.0
FB100804,56,6,74457.48999999999,12409.581666666665,0.031757449787791665,0.029196525426790514,0.055587691715098114,0.0,0.0,0.7390465351437445,0.0,0.0,0.14441179792657532
FB100805,202,3,105818.58,35272.86,0.0,0.35561212407121706,0.0,0.0,0.0,0.0,0.5402816783215197,0.0,0.10410619760726332
FB100806,682,1,4881.69,4881.69,0.0,0.0,0.0,0.0,0.0,1.0,0.0,0.0,0.0
FB100807,2,7,25373.170000000002,3624.7385714285715,0.16906007408613113,0.0,0.44580988500845575,0.0,0.0,0.0,0.09736426311730068,0.23340796597350666,0.05435781181460574
FB100808,209,2,14977.9,7488.95,0.0,0.2705112198639329,0.0,0.0,0.0,0.0,0.0,0.0,0.7294887801360671
FB100809,333,3,7365.71,2455.2366666666667,0.0,0.0,0.0,0.0,0.0,0.0,0.0,0.5029304710611741,0.497069528938826
FB100810,13,4,26832.969999999998,6708.242499999999,0.0,0.6797644837675441,0.0,0.26734647711378945,0.0,0.0,0.0,0.052889039118666326,0.0
FB100811,116,7,31708.535,4529.790714285714,0.0946741941877794,0.15973443743143603,0.03952532023318012,0.15973648735269544,0.0,0.4955167433626309,0.0,0.0,0.05081281743227809
FB100812,162,6,50036.11,8339.351666666667,0.0,0.06279345056999834,0.0,0.4566162317574248,0.0,0.3447306355350166,0.0,0.13585968213756025,0.0
FB100813,204,6,53542.21,8923.701666666666,0.12452063521472122,0.0,0.09002299307406249,0.20320360328794793,0.20052459545468893,0.3422184104839901,0.0,0.039509762484589254,0.0
FB100814,369,6,41649.009999999995,6941.501666666666,0.18738836769469433,0.3548739813983574,0.0,0.0,0.0,0.1291183151772395,0.0714374723432802,0.2571818633864286,0.0
FB100815,253,4,65836.84000000001,16459.210000000003,0.7226578614647969,0.07222491237428771,0.0,0.2051172261609154,0.0,0.0,0.0,0.0,0.0
FB100816,85,4,71480.15000000001,17870.037500000002,0.0,0.026473503483134823,0.0,0.11075886102645278,0.0,0.0,0.0,0.7287779894138442,0.1339896460765681
FB100817,1,3,44484.64,14828.213333333333,0.9778157134687389,0.0,0.0,0.0,0.0,0.0,0.0,0.0,0.022184286531261126
FB100818,13,7,181064.9,25866.414285714283,0.26515045157841194,0.46002847597739815,0.0,0.0,0.0,0.2255326128918415,0.0,0.0,0.04928845955234835
FB100819,179,5,19160.23,3832.046,0.0,0.34703863158218873,0.0,0.03544372901577904,0.0,0.0,0.2095862106039437,0.0,0.4079314287980886
FB100820,34,9,76072.73000000001,8452.525555555556,0.0,0.0,0.10428585907196969,0.1104648143953819,0.4524445224984039,0.06063933817019582,0.003316300072312378,0.08087102960548412,0.1879781361862523
FB100821,22,6,82946.33,13824.388333333334,0.0,0.21303944369811173,0.0,0.0,0.0,0.07254727243507939,0.010521984516976217,0.6603244531735158,0.043566846176316655
FB100822,127,3,34359.06,11453.019999999999,0.0,0.0,0.0,0.0,0.0,0.4555642674741393,0.5444357325258607,0.0,0.0
FB100823,5,8,50548.4,6318.55,0.3132035831005531,0.0,0.0,0.6611247833759327,0.0,0.0,0.0,0.0,0.025671633523514096
FB100824,68,5,84991.26999999999,16998.253999999997,0.05221665707548551,0.0,0.0,0.396693095655589,0.0,0.3049456726555563,0.0,0.19521381431292886,0.05093076030044027
FB100825,17,7,70132.65000000001,10018.95,0.7431224971536082,0.06102877903515695,0.029773008719904355,0.06108538605057702,0.0,0.0,0.0,0.02672735166858803,0.07826297737216546
FB100826,15,10,41656.88,4165.688,0.30368668992973064,0.1494007712531519,0.08068871216471324,0.2540672753216275,0.0,0.11069768067123605,0.08962025000432101,0.0,0.011838620655219498
FB100827,72,6,13404.2,2234.0333333333333,0.0,0.5994486802643947,0.2719699795586458,0.0,0.0,0.045467838438698324,0.040770057146267594,0.04234344459199356,0.0
FB100828,188,7,42455.91,6065.13,0.09331563026207658,0.0,0.0,0.34811337220189126,0.2261053879189022,0.19754540651701966,0.0,0.0,0.1349202031001102
FB100829,132,5,136427.61,27285.521999999997,0.42968890241498764,0.563769386563321,0.0,0.0,0.0,0.006541711021691283,0.0,0.0,0.0
FB100830,49,4,123637.49,30909.3725,0.0,0.0,0.14351124404094584,0.0,0.0,0.3837781727856171,0.42075465944835994,0.05195592372507724,0.0
FB100831,42,4,9650.58,2412.645,0.2342843642558271,0.0,0.0,0.6045615911168033,0.0,0.10519782230705305,0.0,0.0,0.055956222320316495
FB100832,203,4,71631.48,17907.87,0.1722100394966012,0.0,0.060446328904554265,0.0,0.0,0.0,0.0,0.0,0.7673436315988446
FB100833,35,11,167271.96,15206.541818181817,0.40971995545457834,0.0,0.32647886710958607,0.05624570908357863,0.0,0.106865609753123,0.045602383089192,0.0,0.055087475509942016
FB100834,100,7,67312.75,9616.107142857143,0.0,0.043818741620272536,0.0,0.0,0.4102051988664852,0.06349941132994863,0.07475864527894045,0.0,0.40771800290435317
FB100835,58,3,25012.059999999998,8337.353333333333,0.4856029451392649,0.168818162118594,0.3455788927421412,0.0,0.0,0.0,0.0,0.0,0.0
FB100836,24,6,38339.64,6389.94,0.05387687521322579,0.05470004413186978,0.0,0.05422299218250354,0.0,0.0,0.10072890616604642,0.0,0.7364711823063546
FB100837,70,4,54304.83,13576.2075,0.0,0.0,0.019493477836133543,0.0,0.0,0.0,0.047073713332681455,0.8862467666319921,0.04718604219919296
FB100838,6,6,24620.170000000002,4103.361666666667,0.08298642941945568,0.44831534469502043,0.10814750669877585,0.0,0.0,0.0,0.053164945652284294,0.24266485568539942,0.06472091784906442
FB100839,229,6,25904.5,4317.416666666667,0.058260147850759524,0.0,0.0,0.5281619023721748,0.0,0.3090779594278986,0.10449999034916713,0.0,0.0
FB100840,419,4,56571.049999999996,14142.762499999999,0.0,0.8384101055221708,0.0,0.0,0.0,0.13556615972303854,0.0,0.0,0.026023734754790657
FB100841,316,5,73505.385,14701.077,0.0,0.12144314324726006,0.0,0.011322979942217839,0.0,0.8672338768105222,0.0,0.0,0.0
FB100842,40,5,30159.61,6031.9220000000005,0.1501438513296425,0.0,0.0,0.0,0.0,0.17957526639104418,0.05922059336974185,0.0,0.6110602889095714
FB100843,16,5,28528.68,5705.736,0.0,0.08256112795965323,0.0,0.3149227373996974,0.0,0.08528925979049855,0.0,0.0,0.5172268748501508
FB100844,10,9,37806.31,4200.701111111111,0.08057623185124388,0.1419733901562993,0.16529462938858622,0.08794166899652466,0.0,0.24195167420464997,0.18197094611984085,0.0,0.10029145928285517
FB100845,340,2,9132.33,4566.165,0.0,0.5174451645965487,0.0,0.4825548354034513,0.0,0.0,0.0,0.0,0.0
FB100846,35,8,55406.740000000005,6925.842500000001,0.11061145268608114,0.09762548744069763,0.0,0.5930744165781996,0.0,0.1986886432950215,0.0,0.0,0.0
FB100847,32,9,235042.47000000003,26115.83,0.19135971469326374,0.0,0.0,0.6040766589969889,0.0,0.03076963069695447,0.08142217872370043,0.05238942562167594,0.039982391267416484
FB100848,19,4,12317.53,3079.3825,0.04951398535258287,0.0,0.0,0.7111222785737077,0.0,0.0,0.0,0.11743263462723454,0.12193110144647508
FB100849,5,3,16282.68,5427.56,0.0,0.15607688660589042,0.430614616267101,0.0,0.0,0.0,0.4133084971270086,0.0,0.0
FB100850,153,5,66388.37,13277.673999999999,0.09326422685178143,0.0,0.0,0.7103851171522965,0.0,0.0,0.059151022987911896,0.0,0.13719963300801027
FB100851,115,4,39597.740000000005,9899.435000000001,0.0,0.015532199564924663,0.0,0.6610831830301426,0.0,0.0,0.23395552372433376,0.0,0.08942909368059894
FB100852,146,6,135409.56,22568.26,0.8156489837202041,0.0,0.0,0.0,0.0,0.0,0.0,0.17587886704601952,0.008472149233776404
FB100853,202,9,47298.56,5255.395555555555,0.028809756576098727,0.03575753680450314,0.06005256819657935,0.6470112409341849,0.0,0.11053951748213899,0.0,0.0,0.11782938000649491
FB100854,134,8,46574.36,5821.795,0.0,0.19541546035200485,0.0,0.12888851290710165,0.0,0.30236013978506626,0.04267927675227314,0.0,0.3306566102035541
FB100855,210,5,27061.8,5412.36,0.06464056345106386,0.0,0.12682859233310423,0.6241768840210186,0.0,0.18435396019481334,0.0,0.0,0.0
FB100856,1,5,512797.1941500111,102559.43883000223,0.0,0.0,0.03565705937667639,0.0,0.0008552113876654886,0.000813869507792023,0.0,0.9168644242083571,0.045809435519508855
FB100857,85,8,43225.659999999996,5403.2074999999995,0.1800705877018419,0.09642258787951416,0.4753611627908052,0.13664152265112897,0.0,0.0,0.0,0.11150413897670966,0.0
FB100858,97,7,68975.36,9853.622857142856,0.0,0.0,0.0,0.0,0.0,0.053523751090244404,0.35521438380314363,0.021420112921483846,0.5698417521851281
FB100859,272,7,73400.92,10485.845714285713,0.08346503013858683,0.7941103463008365,0.0,0.0,0.0,0.057133207594673205,0.04236513656777054,0.022926279398132885,0.0
FB100860,18,12,223358.76,18613.23,0.010808620176795392,0.1547447702521271,0.09375611684090653,0.1281967629118285,0.0,0.04791506722189897,0.0,0.5645786625964435,0.0
FB100861,74,6,65929.28,10988.213333333333,0.40915811609045327,0.0,0.024479108523557364,0.23562110795082247,0.0,0.2783838986259216,0.004703524746516268,0.0,0.047654244062729036
FB100862,22,9,84730.76000000001,9414.52888888889,0.003246518737705173,0.23037430562407324,0.0,0.04913162586999101,0.0,0.06057516774309589,0.0,0.4841719819343058,0.17250040009082887
FB100863,154,5,106573.67,21314.734,0.0,0.0,0.0,0.025364895475589795,0.0,0.0,0.0,0.9746351045244103,0.0
FB100864,222,5,19371.42,3874.2839999999997,0.11607512510698752,0.09420424522311736,0.0,0.0,0.0,0.2073100474823219,0.5824105821875732,0.0,0.0
FB100865,77,6,43029.59,7171.598333333332,0.0,0.03136841415407397,0.0,0.014234855595881809,0.0,0.6669728900507766,0.02956453919268113,0.0,0.2578593010065864
FB100866,79,2,40226.82,20113.41,0.0,0.061059014856257594,0.9389409851437425,0.0,0.0,0.0,0.0,0.0,0.0
FB100867,64,7,53615.78,7659.397142857143,0.20177324660762186,0.0,0.22597190603214204,0.039464500936105006,0.0,0.0,0.0,0.0,0.5327903464241311
FB100868,65,5,10889.050000000001,2177.8100000000004,0.5509755212805526,0.0,0.0,0.038425757986233884,0.0,0.14067251045775345,0.2699262102754602,0.0,0.0
FB100869,173,4,90987.58,22746.895,0.0,0.0,0.008520833282960157,0.7575547124123975,0.0,0.0,0.23392445430464245,0.0,0.0
FB100870,65,6,81699.7,13616.616666666667,0.3426557257860188,0.0,0.0,0.2698636592300829,0.0,0.0,0.08297325449175456,0.0,0.3045073604921438
FB100871,106,4,13849.24,3462.31,0.46473380488748844,0.2573809104326303,0.022926167789712647,0.2549591168901687,0.0,0.0,0.0,0.0,0.0
FB100872,69,6,20502.81,3417.135,0.5321260841806563,0.0,0.0,0.0,0.0,0.0,0.4229532439699729,0.044920671849370895,0.0
FB100873,172,5,32522.44,6504.487999999999,0.0,0.04475617450597187,0.0,0.0,0.0,0.0358404842933064,0.5481178533959936,0.37128548780472803,0.0
FB100874,156,3,37286.64,12428.88,0.0,0.0,0.0,0.8686475906651819,0.0,0.0,0.0,0.0,0.13135240933481804
FB100875,166,6,35985.02,5997.503333333333,0.06455102706626258,0.0,0.1315163920987122,0.45861333410402444,0.0,0.0,0.09603523910782877,0.2492840076231721,0.0
FB100876,142,7,30284.440000000002,4326.348571428572,0.0,0.0,0.27476321173513524,0.053997036101707675,0.0,0.1599626739011849,0.0,0.5112770782619722,0.0
FB100877,82,7,42408.880000000005,6058.4114285714295,0.0,0.27086567718836246,0.0,0.0,0.0,0.0,0.33828646264650236,0.0,0.39084786016513523
FB100878,14,4,17908.02,4477.005,0.0,0.0,0.0,0.3307607429520405,0.0,0.0,0.0,0.09421923808438902,0.5750200189635706
FB100879,3,5,13537.29,2707.458,0.0,0.41047211074003737,0.0,0.30499309684582365,0.0,0.0,0.0,0.257644624588821,0.026890167825318067
FB100880,42,5,13192.960000000001,2638.592,0.053337537595808664,0.0782493087222276,0.7861291173474337,0.08228403633452992,0.0,0.0,0.0,0.0,0.0
FB100881,203,4,14157.89,3539.4725,0.0,0.4075197645976908,0.0,0.556844981844046,0.0,0.0,0.0,0.035635253558263275,0.0
FB100882,76,4,27441.300000000003,6860.325000000001,0.0,0.0,0.9009558585052458,0.06953715749618276,0.0,0.013285449304515458,0.01622153469405604,0.0,0.0
FB100883,155,7,130679.21999999999,18668.46,0.0,0.8174304988964581,0.02801348217413603,0.05651357576208368,0.0,0.0,0.013102006577633385,0.005635325953123994,0.07930511063656488
FB100884,164,5,48393.44,9678.688,0.0,0.0,0.0,0.0,0.0,0.01339355086143907,0.7417718186597191,0.24483463047884174,0.0
FB100885,302,4,46246.56,11561.64,0.5505981417861133,0.0,0.0,0.0,0.36850654405430366,0.02496358648081068,0.0,0.0,0.05593172767877221
FB100886,183,4,52976.520000000004,13244.130000000001,0.0,0.5575730531186268,0.09918243025400686,0.3432445166273662,0.0,0.0,0.0,0.0,0.0
FB100887,23,10,62019.53,6201.9529999999995,0.2552829729602917,0.5234347954587854,0.0,0.0,0.0,0.07961798485090099,0.05743319886493819,0.08423104786508379,0.0
FB100888,44,5,83599.25,16719.85,0.0,0.07851278570082865,0.677606796711693,0.19902726400057416,0.0,0.0,0.0,0.0,0.04485315358690419
FB100889,33,3,21172.65,7057.55,0.0,0.6031696551919574,0.0,0.0,0.0,0.39683034480804247,0.0,0.0,0.0
FB100890,185,4,142775.38,35693.845,0.0007004008674324662,0.0,0.0,0.17053031131837995,0.0,0.5297644453826703,0.0,0.0,0.29900484243151726
FB100891,97,3,25276.1,8425.366666666667,0.0,0.0,0.0,0.0,0.0,0.9196636348170801,0.0,0.08033636518291984,0.0
FB100892,43,11,100675.53,9152.32090909091,0.013223570812093069,0.0,0.7969523478048738,0.0,0.0,0.030695939718420162,0.0,0.06585016239795312,0.09327797926665994
FB100893,16,4,19710.87,4927.7175,0.0,0.0,0.0,0.06114747852327168,0.0,0.8787425415519456,0.06010997992478262,0.0,0.0
FB100894,7,6,65751.965,10958.660833333333,0.0,0.32760093177443445,0.3990486063800527,0.0,0.0,0.0,0.04190901366978158,0.23144144817573134,0.0
FB100895,130,7,75273.76999999999,10753.395714285713,0.06446946924539584,0.0,0.019068660969153002,0.12132831928040805,0.0,0.6885933838573517,0.0,0.1065401666476915,0.0
FB100896,101,10,24662.33,2466.233,0.0,0.0,0.12178735748001102,0.1575816234719104,0.0,0.19406398341113756,0.17464205531269755,0.06434509634734432,0.2875798839768992
FB100897,5,8,127076.56,15884.57,0.06891121383833494,0.03481625564935028,0.0,0.6112627694674769,0.0,0.03616662270366778,0.0,0.0,0.24884313834117008
FB100898,32,7,122591.29,17513.04142857143,0.0,0.006447358535830726,0.3241135646749455,0.0,0.0,0.09621189237832475,0.5560565518153859,0.0,0.017170632595513106
FB100899,32,4,18463.989999999998,4615.9974999999995,0.0,0.0,0.180718793716851,0.0,0.0,0.529527474830738,0.28975373145241085,0.0,0.0
FB100900,8,7,23977.94,3425.4199999999996,0.0,0.0,0.20854210161506787,0.26476836625665096,0.0,0.15223618042250506,0.0,0.0,0.3744533517057762
FB100901,275,6,66538.44,11089.74,0.0,0.20773871464374577,0.7661470572499145,0.0,0.0,0.026114228106339732,0.0,0.0,0.0
FB100902,181,5,57445.72,11489.144,0.11117433988119567,0.0,0.1957301605759315,0.0,0.0,0.45577442497021536,0.05671284126998495,0.0,0.1806082333026725
FB100903,36,5,27518.58,5503.716,0.22946460173453717,0.3634329969060903,0.0,0.12245508307478074,0.0,0.0,0.0,0.2846473182845917,0.0
FB100904,72,7,59029.13,8432.732857142857,0.019845794779628292,0.0,0.010887167064803426,0.0,0.0,0.39063171014040016,0.49573524122750917,0.0,0.08290008678765891
FB100905,41,9,158034.28,17559.364444444444,0.02935913651139487,0.852968925476169,0.044612219576664,0.02197295422233708,0.0,0.0,0.0,0.0,0.051086764213435214
FB100906,75,6,54469.14,9078.19,0.0,0.5998168871401311,0.06601040515785636,0.2721263820210857,0.0,0.0,0.0,0.0,0.062046325680926856
FB100907,103,9,63811.97,7090.218888888889,0.49486107387062334,0.18485058524286274,0.15608278509502216,0.0,0.0,0.06318798808436724,0.0,0.10101756770712454,0.0
FB100908,22,8,186909.32,23363.665,0.0,0.5377788009715085,0.05656807268893815,0.0,0.0,0.0,0.038597005221569475,0.010570259417775422,0.3564858617002084
FB100909,29,8,505606.8141500111,63200.85176875139,0.002966178378195355,0.0,0.9422212692107181,0.03951398486111476,0.0,0.0034536915862884475,0.0,0.01184487596368339,0.0
FB100910,30,7,24454.48,3493.497142857143,0.0,0.0,0.0,0.0,0.0,0.10435347633644225,0.5736220929661968,0.062211095881000135,0.25981333481636093
FB100911,20,6,44583.75,7430.625,0.0,0.29848610760647093,0.1457914598928982,0.0,0.0,0.0,0.18455109765329294,0.0670955224717526,0.3040758123755853
FB100912,101,8,99644.925,12455.615625,0.5252955933280095,0.07433569747781937,0.04228373898620527,0.04167307065563049,0.0,0.0,0.30830551581026333,0.0,0.008106383742072164
FB100913,198,3,21152.98,7050.993333333333,0.10549246489147156,0.0,0.0,0.8440200860587965,0.0,0.0,0.050487449049732,0.0,0.0
FB100914,57,7,21070.29,3010.0414285714287,0.06370106913573569,0.0,0.28480908426034957,0.31244847602951836,0.09030298111701358,0.20147420847078992,0.0,0.0,0.04726418098659298
FB100915,288,6,25824.14,4304.0233333333335,0.0,0.004704125674659446,0.0,0.29312418535525286,0.0,0.047486963747873104,0.0,0.4397575291955511,0.2149271960266634
FB100916,28,5,21122.329999999998,4224.465999999999,0.0,0.12135119563040629,0.0,0.0,0.0,0.15279801044676414,0.6847710456185467,0.0,0.041079748304282716
FB100917,26,13,173565.74,13351.210769230769,0.4083514407854914,0.062271160195554724,0.13537389348842693,0.01289874372672856,0.0,0.364052721464501,0.0,0.0,0.017052040339297376
FB100918,95,7,61250.36,8750.051428571429,0.0,0.0,0.0,0.416866447805368,0.0,0.13603332290618372,0.320193873146215,0.0,0.12690635614223328
FB100919,13,9,147142.89,16349.210000000001,0.20071679983993793,0.0,0.6419653032504664,0.019333248110051396,0.0073500663198881044,0.0,0.08320775811865597,0.0,0.04742682436100039
FB100920,26,9,60150.0,6683.333333333333,0.16464754779717372,0.0,0.03562327514546966,0.293428927680798,0.0,0.0,0.0,0.04350290939318371,0.46279733998337486
FB100921,36,5,89767.44,17953.488,0.0,0.0,0.47672853319644626,0.06872402733106793,0.0,0.3632605541608405,0.0,0.0,0.09128688531164529
FB100922,120,8,196982.5,24622.8125,0.020438313048113405,0.02121406723947558,0.1965439061845595,0.0,0.0,0.0,0.018237102280659445,0.7435666112471919,0.0
FB100923,167,6,38998.71,6499.785,0.517932003391907,0.15381277996118334,0.12359460094962114,0.0,0.0,0.0,0.1974934555527606,0.0,0.007167160144527857
FB100924,149,5,31913.37,6382.674,0.0,0.0,0.0,0.17423857148273592,0.0,0.6065335625789442,0.10542979321832824,0.0975766583096677,0.01622141441032395
FB100925,116,5,77172.36,15434.472,0.0,0.17155844398175718,0.0,0.27923533762606195,0.0,0.06332383770562414,0.0,0.4858823806865567,0.0
FB100926,16,3,195547.95,65182.65,0.0,0.0,0.0,0.0,0.0,0.9803838904984684,0.0,0.0,0.019616109501531462
FB100927,274,4,211486.55000000002,52871.637500000004,0.0,0.0,0.05695137586763792,0.0,0.0,0.0,0.9341639929347751,0.0,0.008884631197586796
FB100928,121,7,56333.520000000004,8047.645714285715,0.3407738412227747,0.0,0.18693239833051442,0.2089354615156305,0.0,0.2633582989310805,0.0,0.0,0.0
FB100929,89,9,66175.09,7352.787777777778,0.0,0.0,0.0,0.1668801659355507,0.0,0.0,0.16825878136319877,0.26838875474139895,0.39647229795985167
FB100930,76,3,33449.11,11149.703333333333,0.0,0.0,0.0,0.7232578086532049,0.0,0.0,0.0,0.2767421913467952,0.0
FB100931,45,5,97622.38,19524.476000000002,0.2764703134670554,0.07260968232899055,0.0,0.0,0.0,0.6381969994995,0.0,0.0,0.012723004704454042
FB100932,256,6,91131.56,15188.593333333332,0.019424555005971587,0.8128389330765324,0.0670216772323441,0.00819496560796282,0.0,0.0,0.0,0.009954729184927813,0.08256513989226126
FB100933,298,6,505431.5041500111,84238.58402500185,0.0,0.0,0.9333123089414781,0.04062530695337454,0.0,0.026062384105147416,0.0,0.0,0.0
FB100934,134,7,55352.47,7907.495714285715,0.08194449136596794,0.1366446700571808,0.0,0.0,0.0,0.4078161281691675,0.0,0.37359471040768366,0.0
FB100935,65,3,23164.030000000002,7721.343333333334,0.0,0.0,0.0,0.0,0.0,0.5696953423044263,0.0,0.34350369948579756,0.0868009582097761
FB100936,237,3,20770.579999999998,6923.526666666666,0.0,0.0,0.0,0.8405191381271009,0.0,0.05153828155015411,0.10794258032274497,0.0,0.0
FB100937,10,8,143476.55,17934.56875,0.0,0.5443418454095809,0.06083879212317274,0.0,0.0,0.02268224319583932,0.33098335581668226,0.011471630729899766,0.029682132724825068
FB100938,126,6,28383.175,4730.529166666666,0.43892376381430187,0.1784488521809135,0.0,0.16028826937085083,0.0,0.0,0.0,0.22233911463393366,0.0
FB100939,25,12,57381.41,4781.784166666667,0.047256071260709694,0.23182473208657647,0.4134466197327671,0.09968454940371803,0.0,0.08340140125521489,0.05340806369170782,0.07097856256930597,0.0
FB100940,192,4,38122.07,9530.5175,0.0,0.4369941086619903,0.0,0.0,0.0,0.26728008211516324,0.0,0.0,0.2957258092228465
FB100941,21,11,71868.57,6533.506363636364,0.304747123812259,0.0,0.3936153175164053,0.1677000112844878,0.043530572543742006,0.06814272219413856,0.0,0.022264252648967416,0.0
FB100942,31,8,525091.554150011,65636.44426875138,0.8979698500641007,0.07713479617009593,0.00436910474348362,0.0,0.0,0.0,0.009583490650779672,0.0,0.01094275837154003
FB100943,34,3,26777.64,8925.88,0.0,0.0,0.0,0.6300443205599896,0.0,0.2041819219318805,0.0,0.0,0.16577375750812992
FB100944,45,7,57222.38,8174.625714285714,0.40590569633769163,0.32466842518608974,0.04278063932328575,0.0,0.0,0.20185773468352763,0.0,0.0,0.024787504469405152
FB100945,47,5,19309.54,3861.9080000000004,0.0,0.10626042878287106,0.0,0.0,0.0,0.6679144091469812,0.0,0.0,0.2258251620701477
FB100946,353,3,13824.23,4608.076666666667,0.5968665162544315,0.1215445634223389,0.0,0.2815889203232296,0.0,0.0,0.0,0.0,0.0
FB100947,122,5,566248.1141500111,113249.62283000222,0.0,0.0,0.0,0.13282460130202717,0.0,0.02711883645396455,0.009739440824943702,0.0,0.8303171214190646
FB100948,36,5,31101.55,6220.3099999999995,0.22164490194218614,0.05979798434483168,0.0,0.0,0.0,0.49049356061032323,0.03183924916925362,0.19622430393340523,0.0
FB100949,104,5,38676.18,7735.236,0.0377128765043497,0.32918478505374626,0.0,0.5397696980415335,0.0,0.09333264040037045,0.0,0.0,0.0
FB100950,324,1,3066.96,3066.96,0.0,1.0,0.0,0.0,0.0,0.0,0.0,0.0,0.0
FB100951,5,5,17716.59,3543.318,0.0,0.07326974321807977,0.20682874074525628,0.3531497878542089,0.0,0.0,0.0,0.2658508211794708,0.10090090700298421
FB100952,2,6,60285.69,10047.615,0.21268115202795224,0.017418229765637585,0.24609521762129621,0.1390465962983919,0.0,0.0,0.04297089408780094,0.3417879101989212,0.0
FB100953,139,4,118748.47,29687.1175,0.0,0.012063144897782683,0.0,0.0,0.0,0.02821552142945505,0.41664621026275117,0.0,0.5430751234100111
FB100954,32,5,33048.72,6609.744000000001,0.0,0.04518571369783761,0.0,0.020063409414948597,0.0,0.2426508500177919,0.0,0.5346352294430767,0.15746479742634512
FB100955,130,4,18264.31,4566.0775,0.0,0.0,0.0,0.01491050031454788,0.15797695067593573,0.5557247988015972,0.0,0.27138775020791917,0.0
FB100956,154,7,499220.3941500111,71317.1991642873,0.0013778683885123982,0.0,0.0,0.9417994730574464,0.0,0.0,0.012616271438036283,0.00351962784491536,0.04068675927108967
FB100957,2,6,141199.26,23533.210000000003,0.0,0.30399578581360837,0.3463645631004015,0.0,0.0,0.0,0.0,0.20165488119413655,0.14798476989185352
FB100958,29,6,35759.21,5959.868333333333,0.0,0.0,0.2964830598886273,0.6369684900757036,0.0,0.0,0.0,0.06654845003566913,0.0
FB100959,24,4,476421.11415001116,119105.27853750279,0.006010354946398073,0.0032264732908457816,0.0,0.0,0.0,0.0,0.0,0.003893593178189659,0.9868695785845665
FB100960,36,12,85399.385,7116.6154166666665,0.0,0.2864612549610281,0.021817370230476488,0.072171245729697,0.0019893585884722706,0.09070123865646106,0.0,0.4050818398750764,0.1217776919587887
FB100961,99,4,239746.02000000002,59936.505000000005,0.0,0.0,0.0,0.9401113311495223,0.0,0.0,0.034600240704725775,0.02528842814575191,0.0
FB100962,62,3,64685.82,21561.94,0.0,0.014566561883269007,0.0,0.6153677884890383,0.3700656496276927,0.0,0.0,0.0,0.0
FB100963,18,6,24984.21,4164.035,0.0499699610273849,0.013537750443179914,0.8663832076339417,0.0,0.0,0.0,0.0,0.0,0.07010908089549359
FB100964,32,7,117578.58,16796.94,0.3577443272405569,0.14091197563365707,0.0,0.0,0.0,0.4778117748998159,0.0,0.01326874333743442,0.010263178888535649
FB100965,108,4,67168.26000000001,16792.065000000002,0.5177746155699137,0.0,0.4603412385552343,0.0,0.0,0.0,0.0,0.0,0.021884145874852202
FB100966,496,3,25423.59,8474.53,0.0,0.0,0.0,0.011721003996681821,0.0,0.0,0.0,0.9882789960033181,0.0
FB100967,5,8,114615.79000000001,14326.973750000001,0.0,0.6817304142823603,0.1097848734454476,0.07831390421860722,0.11814960224939337,0.0077012949088428395,0.0,0.004319910895348712,0.0
FB100968,257,5,58403.200000000004,11680.640000000001,0.05089875212317133,0.0,0.0,0.7435217590816942,0.0,0.07111322667251109,0.0,0.0,0.13446626212262341
FB100969,89,7,528021.5341500111,75431.64773571587,0.06796499324174247,0.00679587813738775,0.0,0.024427071938955557,0.0,0.0008530902072490607,0.009530312069754234,0.8904286544049109,0.0
FB100970,110,11,141266.89,12842.444545454548,0.17629743246984483,0.0,0.024161924991765584,0.0,0.0,0.2112419973286026,0.42352103879401604,0.036219173509093316,0.12855843290667754
FB100971,262,4,28702.03,7175.5075,0.47771847496501113,0.04811576045318049,0.0,0.3901354712541238,0.0,0.0,0.08403029332768448,0.0,0.0
FB100972,25,9,34887.799999999996,3876.4222222222215,0.09638727578121864,0.1963333887490756,0.0,0.0,0.0,0.1727165370129386,0.0,0.23564082573277761,0.29892197272398946
FB100973,57,8,42424.93,5303.11625,0.2599132161208044,0.0,0.027908826249094576,0.0289435951927322,0.0,0.10236622665022665,0.0,0.5808681357871421,0.0
FB100974,17,5,61758.99999999999,12351.8,0.027691510549069775,0.797058242523357,0.060591006978739946,0.0,0.0,0.07904418789164333,0.03561505205719005,0.0,0.0
FB100975,100,8,135170.65,16896.33125,0.35243782581499755,0.0,0.0,0.0,0.0,0.0,0.5539557588870069,0.0,0.09360641529799554
FB100976,58,10,97599.63,9759.963,0.2120189390062237,0.0,0.12814915384412828,0.14434306769400662,0.0,0.08434734844793981,0.39723224360584153,0.021838504920561688,0.012070742481298339
FB100977,5,3,17623.300000000003,5874.433333333334,0.05398875352516271,0.0,0.5235370220106337,0.0,0.0,0.4224742244642037,0.0,0.0,0.0
FB100978,62,7,46695.740000000005,6670.820000000001,0.0,0.4522663095177419,0.0,0.113877411515483,0.0,0.38098678808816394,0.0528694908786112,0.0,0.0
FB100979,231,5,109628.97,21925.794,0.0,0.0,0.0,0.0,0.0,0.31910196729933704,0.070302858815512,0.0,0.6105951738851509
FB100980,6,12,174642.35,14553.529166666667,0.0,0.0,0.25529214420213653,0.3707700337289323,0.0,0.3114425567452568,0.0,0.06249526532367435,0.0
FB100981,16,6,30025.870000000003,5004.311666666667,0.43949167834270914,0.23592522048486853,0.0,0.0,0.0,0.14161554686009098,0.0,0.0,0.18296755431233133
FB100982,139,2,11037.15,5518.575,0.0,0.0,0.0,0.5455022356314809,0.0,0.0,0.454497764368519,0.0,0.0
FB100983,321,5,157780.05,31556.01,0.028209650079335128,0.0,0.0,0.06483253110897101,0.44794940805253897,0.0,0.45900841075915494,0.0,0.0
FB100984,147,8,565998.8041500112,70749.8505187514,0.0,0.010692602096728092,0.0,0.0,0.03023617695747682,0.04107651788224992,0.02321068508215106,0.056166231742734295,0.8386177862386599
FB100985,60,7,64493.59,9213.369999999999,0.14253881664829018,0.3247629725682816,0.07260023825623602,0.0,0.0,0.0,0.08868400720133583,0.02874068570225351,0.3426732796236029
FB100986,57,6,61288.22,10214.703333333333,0.0,0.0,0.0,0.5228259198912939,0.0,0.07226201054623548,0.40491206956247056,0.0,0.0
FB100987,353,11,60623.21,5511.200909090909,0.0,0.02281964283976385,0.03060543973174631,0.07883135848464641,0.1047903929864486,0.6393430832844385,0.0,0.10567371803637585,0.01793636463658061
FB100988,197,6,70153.40000000001,11692.233333333335,0.1724924237456773,0.0,0.608658026553239,0.006927818181299836,0.0,0.21192173151978377,0.0,0.0,0.0
FB100989,9,4,32941.51,8235.3775,0.0,0.08717754589877635,0.401659486769125,0.0,0.0,0.5111629673320985,0.0,0.0,0.0
FB100990,170,4,30946.839999999997,7736.709999999999,0.0,0.0,0.06412060165108942,0.0,0.0,0.0,0.6600405728016172,0.2758388255472934,0.0
FB100991,23,4,15715.91,3928.9775,0.24176519208878136,0.16491949877544476,0.0,0.0,0.0,0.405419730706017,0.18789557842975685,0.0,0.0
FB100992,48,4,14929.93,3732.4825,0.0,0.0,0.0,0.19072226058662028,0.0,0.0,0.18115155261946975,0.62812618679391,0.0
FB100993,14,9,47348.6,5260.955555555555,0.13948458877348008,0.1355714846901492,0.0,0.43762941248526877,0.0,0.01954059887726353,0.038398389815115966,0.0,0.2293755253587223
FB100994,15,7,112610.54000000001,16087.220000000001,0.0,0.016869202474297698,0.0,0.1544287062294524,0.0,0.0,0.2607295018743361,0.029355067474145846,0.5386175219477679
FB100995,23,4,88479.01,22119.7525,0.0,0.0,0.01488997220922793,0.7149127233679491,0.270197304422823,0.0,0.0,0.0,0.0
FB100996,117,6,51050.41,8508.401666666667,0.0,0.1966785379392644,0.0,0.50837319426034,0.0,0.12340801964176196,0.0,0.0,0.17154024815863383
FB100997,33,6,53199.33,8866.555,0.25937450716014654,0.0,0.478240797393501,0.0,0.0,0.11065346123719978,0.15173123420915263,0.0,0.0
FB100998,235,6,47907.87,7984.645,0.16277221258219163,0.0,0.0,0.0,0.0,0.2681574029486179,0.05686330867976389,0.08056025033047806,0.4316468254589486
FB100999,506,4,75514.22,18878.555,0.0,0.0,0.03265437953275555,0.8554276267436781,0.0,0.0,0.03074983758025972,0.0,0.08116815614330652
FB101000,23,3,22060.449999999997,7353.483333333333,0.13657926288901634,0.0,0.0,0.0,0.0,0.0,0.8278394139738764,0.035581323137107365,0.0
FB101001,112,6,494717.6441500111,82452.94069166853,0.006690624519137491,0.0,0.0,0.9521331000015447,0.0,0.0,0.02369715359585025,0.0,0.01747912188346761
FB101002,87,5,44307.49,8861.498,0.08778628624641119,0.0,0.01601851064007463,0.7969749584099665,0.0,0.0,0.0,0.0992202447035479,0.0
FB101003,22,9,662297.5391500111,73588.61546111235,0.042685905244767404,0.08680488994989048,0.006642377088771832,0.0,0.0,0.11990340489852425,0.709900726421872,0.03406269639617401,0.0
FB101004,227,6,24315.3,4052.5499999999997,0.0,0.2957479447097095,0.2363248654139575,0.20875621522251422,0.0,0.06687970125805563,0.0,0.19229127339576316,0.0
FB101005,135,7,51917.78,7416.825714285714,0.0,0.577612717647018,0.04263568280461916,0.0,0.0,0.0,0.0,0.37975159954836285,0.0
FB101006,255,3,44066.79,14688.93,0.0,0.01842362468425769,0.0,0.0,0.0,0.324444326441749,0.6571320488739933,0.0,0.0
FB101007,354,5,34092.3,6818.460000000001,0.33164732212259074,0.02053513549980494,0.06449579523822094,0.0,0.0,0.012712547994708482,0.0,0.0,0.5706091991446749
FB101008,81,8,76402.54000000001,9550.317500000001,0.17681728905871452,0.2666836730820729,0.0,0.0,0.018551215705655856,0.1978646259666236,0.2965572872315501,0.013358063750236574,0.03016784520514632
FB101009,494,3,10043.11,3347.7033333333334,0.32247082825937384,0.0,0.0,0.23031013301656558,0.0,0.0,0.0,0.44721903872406055,0.0
FB101010,207,3,10205.720000000001,3401.906666666667,0.0,0.0,0.2302551902266572,0.0,0.0,0.7697448097733427,0.0,0.0,0.0
FB101011,155,3,8133.000000000001,2711.0000000000005,0.0,0.10761957457272839,0.7615443255871143,0.13083609984015737,0.0,0.0,0.0,0.0,0.0
FB101012,6,7,44618.1,6374.0142857142855,0.18375166132130233,0.08898406700419785,0.0,0.31730172284342006,0.0,0.10909899794029777,0.0,0.30086355089078204,0.0
FB101013,148,5,15045.22,3009.044,0.0,0.5826382066862432,0.0,0.10462924437130197,0.0,0.0,0.28000919893494414,0.032723350007510685,0.0
FB101014,75,6,38873.28,6478.88,0.0,0.18711670329851252,0.0,0.0,0.0,0.17389451057384406,0.0,0.0,0.6389887861276435
FB101015,116,7,113198.18,16171.16857142857,0.0,0.038916173387239975,0.0,0.26950548144855335,0.0,0.0843605436059131,0.6072178015582936,0.0,0.0
FB101016,86,5,33474.3,6694.860000000001,0.0,0.0,0.32723313108862623,0.21864893365955373,0.0,0.0,0.03237767481321491,0.0,0.4217402604386051
FB101017,14,10,92319.73999999999,9231.973999999998,0.1860151469230741,0.0,0.04034586752519017,0.025445045664123405,0.0,0.0,0.054896493425999685,0.35447965949644145,0.3388177869651713
FB101018,98,3,47861.76,15953.92,0.0,0.0,0.8022914326593924,0.007317741762943945,0.0,0.19039082557766368,0.0,0.0,0.0
FB101019,18,8,39556.71,4944.58875,0.24148342973922754,0.19568032831850776,0.0749263525707775,0.09954847104321869,0.0,0.0,0.0,0.0,0.38836141832826837
FB101020,320,7,165231.43,23604.489999999998,0.0032693537785153833,0.008454989465381979,0.010895808382218807,0.0,0.0,0.012171957841192805,0.3960587280519209,0.01503424620848467,0.5541149162722855
FB101021,45,5,33921.02,6784.204,0.0,0.07511065410179292,0.0,0.0,0.0,0.0,0.0,0.3771304636476143,0.5477588822505927
FB101022,10,8,57301.67,7162.70875,0.051276865054718304,0.6938754141022417,0.14516138883910365,0.0,0.0,0.0045476859574947815,0.0,0.052813469485269805,0.05232517656117178
FB101023,22,8,26538.87,3317.35875,0.0,0.0,0.015516485818725514,0.0,0.0,0.0,0.06788872321994116,0.5836571037124036,0.3329376872489296
FB101024,118,3,27794.09,9264.696666666667,0.0,0.0,0.0,0.29581000853059053,0.0,0.7041899914694095,0.0,0.0,0.0
FB101025,312,5,79026.08,15805.216,0.0,0.8615775956494363,0.0,0.021887457912628337,0.03911278403281549,0.031560973288818066,0.04586118911630186,0.0,0.0
FB101026,36,9,185048.79,20560.97666666667,0.06741665265684796,0.020258116791793124,0.0,0.6503843661987738,0.0,0.0649320646733221,0.1890593286235484,0.007949471055714549,0.0
FB101027,140,2,5145.79,2572.895,0.0,0.6790968927997449,0.0,0.32090310720025494,0.0,0.0,0.0,0.0,0.0
FB101028,49,10,88565.88,8856.588,0.0,0.022026202415648104,0.06543366361854024,0.5280173357956812,0.0,0.151341916322629,0.0,0.07415824242925155,0.15902263941825
FB101029,65,9,54945.89,6105.098888888889,0.19837698506658097,0.0,0.41209014905391467,0.1755643597728602,0.0,0.03495384277149756,0.0,0.010022769673946497,0.16899189366120013
FB101030,148,9,50241.71,5582.412222222222,0.0,0.0,0.16884815425271152,0.23681140629966616,0.0,0.1943281787184393,0.211394476820156,0.04151033075904463,0.14710745314998236
FB101031,286,7,39552.43,5650.347142857143,0.02231999399278375,0.034717968023709286,0.0,0.321959485169432,0.24512021132456333,0.12968027501723658,0.0,0.11747015290843063,0.12873191356384422
FB101032,180,5,64235.16,12847.032000000001,0.0,0.0,0.0,0.056174842562858096,0.0,0.08597378756431835,0.6074811676346723,0.25037020223815115,0.0
FB101033,82,7,123951.31999999999,17707.331428571426,0.05913684501302608,0.0,0.16700144863322147,0.21007287377012202,0.0,0.18553759653386506,0.0,0.0,0.3782512360497653
FB101034,245,9,80719.08,8968.786666666667,0.0,0.46425107917483693,0.1640252837371288,0.06286295631714335,0.0,0.008825794347507429,0.026137934178635334,0.052236844126568344,0.22166010811817974
FB101035,33,4,61273.64,15318.41,0.10133068640935972,0.7107291161419494,0.0,0.18794019744869084,0.0,0.0,0.0,0.0,0.0
FB101036,118,5,50203.66,10040.732,0.0,0.16573054633865342,0.0,0.1708498942109002,0.0,0.0,0.6534631140438765,0.0,0.009956445406569961
FB101037,53,8,550014.7441500111,68751.84301875139,0.0,0.0,0.8562971432299588,0.1015711498540541,0.0,0.0,0.021654619492803215,0.0,0.020477087423184083
FB101038,115,5,31204.440000000002,6240.888000000001,0.09070119508634028,0.1425044000148697,0.17543977715991696,0.0,0.0,0.31217320355692973,0.0,0.27918142418194336,0.0
FB101039,49,7,119840.39000000001,17120.055714285718,0.0,0.3434902873730634,0.0,0.0,0.0,0.10643723706172852,0.035084164862948124,0.0,0.5149883107022598
FB101040,15,8,72223.09,9027.88625,0.0648962817846758,0.3305465052796827,0.21022916632340158,0.03213058316945454,0.0,0.1191027689344225,0.0,0.11626281844213535,0.1268318760662276
FB101041,93,5,45010.33,9002.066,0.0,0.0,0.0,0.0,0.0,0.0,0.0,0.9588561114748547,0.041143888525145236
FB101042,9,8,169863.05,21232.88125,0.4157642288890962,0.0,0.4604990314256102,0.0,0.0,0.10271197885590774,0.009473867330181577,0.0,0.01155089349920421
FB101043,361,3,30707.179999999997,10235.726666666666,0.04224744831664777,0.0,0.9444462174644498,0.013306334218902552,0.0,0.0,0.0,0.0,0.0
FB101044,102,4,22248.039999999997,5562.009999999999,0.0,0.0,0.16266107036844593,0.3098039198059694,0.0,0.5275350098255847,0.0,0.0,0.0
FB101045,192,4,12475.18,3118.795,0.2800881430167741,0.0,0.0,0.0,0.0,0.5489107171199133,0.17100113986331258,0.0,0.0
FB101046,112,6,28872.93,4812.155,0.21579832736061078,0.35272416065844375,0.0,0.3680561688751367,0.0,0.041842306963650724,0.0,0.02157903614215807,0.0
FB101047,93,4,81521.95999999999,20380.489999999998,0.0,0.7729170152435001,0.0,0.0,0.0,0.2270829847565,0.0,0.0,0.0
FB101048,58,5,92703.54000000001,18540.708000000002,0.0,0.6799754356737617,0.0659382586684392,0.1473817504703704,0.0,0.0,0.0,0.10670455518742866,0.0
FB101049,3,8,114567.65999999999,14320.957499999999,0.17831497998649884,0.0,0.5186433064967898,0.04204057235698102,0.0,0.045294108302465115,0.025192013173700154,0.19051501968356516,0.0
FB101050,171,6,207392.66,34565.443333333336,0.030781899417269633,0.0,0.01299689198258029,0.0,0.0,0.06279209688520317,0.893429111714947,0.0,0.0
FB101051,347,4,8348.029999999999,2087.0074999999997,0.0,0.0,0.17464719221181527,0.0,0.0,0.0,0.0,0.0,0.8253528077881849
FB101052,17,6,35563.840000000004,5927.306666666667,0.38846676849294115,0.0,0.05647674716790988,0.0,0.0,0.04744763220169701,0.288673551562486,0.0,0.21893530057496607
FB101053,109,3,481398.8041500111,160466.2680500037,0.0,0.0,0.010322605617548428,0.0130121012889929,0.0,0.0,0.0,0.9766652930934587,0.0
FB101054,89,6,35149.72,5858.286666666667,0.09026928237266185,0.2793017981366565,0.0,0.0,0.0,0.10867597238327929,0.0,0.14497839527597944,0.37677455183142283
FB101055,132,7,75016.02,10716.574285714287,0.0,0.0,0.015399643969381474,0.14901763649951036,0.0,0.0,0.0,0.16772457403098698,0.6678581455001212
FB101056,34,9,519248.8241500111,57694.31379444568,0.0,0.018977337148775496,0.03589298450604802,0.0,0.0,0.005332934560868646,0.9206060792386311,0.01919066454567683,0.0
FB101057,28,5,53838.85,10767.77,0.10661390427172943,0.013706273443804982,0.8060313323928724,0.07364848989159314,0.0,0.0,0.0,0.0,0.0
FB101058,58,4,15362.769999999999,3840.6924999999997,0.0,0.0,0.07576107694120267,0.0,0.0,0.0,0.7857775648532134,0.0,0.13846135820558403
FB101059,39,6,34342.43,5723.738333333334,0.0,0.0,0.1416239328434243,0.21418839610359547,0.0,0.28676013898841757,0.17059363591918217,0.0,0.1868338961453805
FB101060,58,7,63108.34,9015.477142857142,0.29062561303307927,0.0,0.0,0.3860001705004442,0.0,0.0,0.0,0.12544158188917662,0.19793263457729993
FB101061,38,8,131748.16,16468.52,0.3372935910452184,0.29865100203296957,0.0,0.0,0.0,0.15318574468136784,0.0,0.16099222941709396,0.04987743282335025
FB101062,22,14,81951.56,5853.682857142857,0.0,0.20287655292955986,0.13272706462207676,0.1465314388158078,0.0,0.24498154763618898,0.002334915894218487,0.03552037325463969,0.2350281068475085
FB101063,8,9,45259.5,5028.833333333333,0.07008230316287188,0.21049635988024612,0.041672356079939014,0.06692053602006208,0.0,0.32873672930544967,0.0652389001204167,0.10683370342138114,0.11001911200963334
FB101064,201,6,45084.53,7514.088333333333,0.0,0.45507294852580255,0.421783702746818,0.04429279843884366,0.0,0.0,0.0,0.0,0.07885055028853578
FB101065,109,12,101218.56,8434.88,0.0,0.03836796334585278,0.0,0.23852937643056765,0.0,0.11403876917434906,0.02031633328907268,0.3412583621027606,0.24748919565739722
FB101066,78,10,176965.86,17696.586,0.008457959066228933,0.28299921804126515,0.32369695488158,0.07177101843259485,0.0,0.0,0.306316879425218,0.006757970153113149,0.0
FB101067,109,4,14265.34,3566.335,0.0,0.0,0.0,0.0,0.0,0.30732040035498626,0.43663733216313105,0.0,0.2560422674818827
FB101068,92,6,54522.31,9087.051666666666,0.0,0.08166877008696075,0.20175887632053743,0.3796930100723906,0.0,0.0,0.1775983079220231,0.0,0.15928103559808818
FB101069,32,6,90923.06,15153.843333333332,0.06533799016443133,0.09725090642571863,0.6395677840143084,0.0,0.0,0.0,0.15406663612069368,0.0,0.04377668327484799
FB101070,347,6,69454.87,11575.811666666666,0.3694240591048547,0.0,0.13587715303476922,0.0,0.0,0.0,0.0,0.4946987878603761,0.0
FB101071,92,8,101490.69,12686.33625,0.0,0.0658223921819824,0.05357348541033665,0.11132696013792004,0.0,0.09020847133860257,0.3058422403079534,0.373226450623205,0.0
FB101072,26,11,151988.85,13817.168181818182,0.34265191163693925,0.0,0.0,0.1754812935290977,0.0,0.4589346521142834,0.0,0.02293214271967977,0.0
FB101073,118,6,22127.440000000002,3687.906666666667,0.0,0.08328030716612496,0.0,0.1996182115960997,0.0,0.170232977696471,0.32999569764961517,0.21687280589168925,0.0
FB101074,626,1,504.16,504.16,0.0,0.0,0.0,1.0,0.0,0.0,0.0,0.0,0.0
FB101075,130,3,35436.56,11812.186666666666,0.20895369076456632,0.0,0.4058915425199286,0.0,0.0,0.0,0.0,0.0,0.38515476671550514
FB101076,92,5,15616.119999999999,3123.2239999999997,0.0,0.0,0.536966929045115,0.2941025043352638,0.0,0.11382532921109725,0.055105237408524015,0.0,0.0
FB101077,66,5,63349.17,12669.833999999999,0.34273535075518746,0.08811338806806782,0.0,0.0847807477193466,0.0,0.4843705134573981,0.0,0.0,0.0
FB101078,380,2,30496.81,15248.405,0.2389958162837359,0.0,0.0,0.0,0.0,0.0,0.0,0.0,0.7610041837162641
FB101079,7,12,500994.87999999995,41749.57333333333,0.0,0.958200111745653,0.008746855856091782,0.004137108147692048,0.0,0.028915924250563198,0.0,0.0,0.0
FB101080,110,6,77095.16,12849.193333333335,0.23160961077193432,0.5185660163361746,0.15572832328255107,0.03907158374144369,0.0,0.0,0.0,0.0,0.05502446586789624
FB101081,33,4,49106.91,12276.7275,0.08479600935998619,0.5214335416339574,0.0,0.0551912144339768,0.0,0.0,0.0,0.0,0.33857923457207956
FB101082,235,4,14716.079999999998,3679.0199999999995,0.0,0.0,0.0,0.44536792406673514,0.0,0.0,0.14757190773629933,0.0,0.4070601681969655
FB101083,152,8,35315.6,4414.45,0.0,0.16057039948351437,0.0,0.14945576459128543,0.0,0.010765214239599499,0.26662579709816625,0.21858357213242874,0.1939992524550057
FB101084,2,8,521729.3641500111,65216.17051875139,0.017763347506994643,0.0018939321186374498,0.024759905973560918,0.0009486335905327622,0.0,0.0,0.05346676249562099,0.9011674183146533,0.0
FB101085,29,10,51981.65,5198.165,0.016819781596005515,0.0,0.0,0.25922513040659545,0.0,0.11802857354470281,0.46026838316983015,0.1456581312828662,0.0
FB101086,56,6,26672.050000000003,4445.341666666667,0.0,0.0,0.0,0.2331999227655917,0.0,0.0,0.673572897471323,0.0,0.09322717976308532
FB101087,36,8,47951.729999999996,5993.9662499999995,0.0,0.3047819129779051,0.09582719956089177,0.19654306528669563,0.0,0.0,0.0,0.0,0.4028478221745076
FB101088,44,7,68038.3,9719.757142857143,0.07399729270131675,0.23459139925600728,0.0,0.11493776299525414,0.0,0.27327784497849006,0.047631113652163555,0.14525715663089758,0.1103074297858706
FB101089,102,10,69987.28,6998.728,0.2934824728150601,0.15550297139708816,0.1915766693604895,0.06995213987456007,0.0,0.04684994187515217,0.24263580467764997,0.0,0.0
FB101090,42,5,19892.34,3978.468,0.0,0.25052809272312854,0.0,0.03030312170413334,0.0,0.17753466912389387,0.0,0.0,0.5416341164488441
FB101091,312,3,41835.71,13945.236666666666,0.5955820995986443,0.0,0.0,0.0,0.0,0.0,0.0,0.0,0.4044179004013557
FB101092,16,6,18426.059999999998,3071.0099999999998,0.0,0.2267625308937451,0.0,0.11423440496774677,0.0,0.0,0.1305167789532868,0.2650951966942472,0.26339108849097426
FB101093,294,6,50076.57,8346.095,0.0,0.0,0.016016672068394456,0.5124911710206989,0.0,0.0,0.0,0.08146144993556866,0.39003070697533787
FB101094,5,6,62077.13,10346.188333333334,0.519353262626671,0.0,0.0,0.27766264323109013,0.0,0.0,0.0,0.0882287889275809,0.11475530521465797
FB101095,157,8,78856.04000000001,9857.005000000001,0.0,0.0,0.17861434583831495,0.08998042508855376,0.0,0.5136745390714521,0.217730690001679,0.0,0.0
FB101096,175,6,149857.72999999998,24976.28833333333,0.1957005487805,0.0,0.07123870086648182,0.0,0.0,0.02986412512721232,0.0,0.0,0.7031966252258057
FB101097,32,4,11124.119999999999,2781.0299999999997,0.44982434565610585,0.0,0.06223413627325128,0.2135279015328853,0.0,0.0,0.0,0.0,0.27441361653775764
FB101098,33,5,125330.45999999999,25066.091999999997,0.0,0.0,0.009605885113642765,0.8968735932190786,0.0,0.04292436172339908,0.0,0.0,0.05059615994387956
FB101099,19,7,96713.03,13816.147142857142,0.4340685014211632,0.07538901428277038,0.0,0.0061017631233350874,0.0,0.48444072117273135,0.0,0.0,0.0
FB101100,91,8,136708.53999999998,17088.567499999997,0.5721445053834968,0.03151017485813249,0.027042641227826732,0.0,0.0,0.3405925482051084,0.0039135082563240015,0.0,0.02479662206911141
FB101101,82,4,24634.75,6158.6875,0.2434195597682136,0.0,0.03936756005236505,0.0,0.0,0.7172128801794214,0.0,0.0,0.0
FB101102,3,11,122390.05,11126.368181818181,0.6162103046775451,0.0,0.0,0.024334903041546264,0.0,0.11633903246219768,0.154493032726108,0.0,0.0886227270926027
FB101103,69,6,26553.800000000003,4425.633333333334,0.625987240997522,0.0,0.0,0.0,0.0,0.13343099669350525,0.0,0.22111599846349678,0.019465763845475978
FB101104,23,3,8509.91,2836.6366666666668,0.13417180675236284,0.0,0.5557320817728977,0.0,0.0,0.0,0.0,0.3100961114747394,0.0
FB101105,103,8,73709.89,9213.73625,0.061819384074511576,0.0,0.6261853056625102,0.15534509683842967,0.0,0.0,0.03384715402505688,0.09925642271342422,0.0235466366860675
FB101106,90,4,50081.09,12520.2725,0.5638495488017534,0.017792943404386766,0.0,0.0,0.0,0.0,0.0,0.0,0.41835750779385994
FB101107,25,7,32181.71,4597.387142857143,0.05343190277956019,0.2680301947907678,0.09928496652291006,0.36769550157527364,0.0,0.0,0.2115574343314883,0.0,0.0
FB101108,49,6,30886.39,5147.731666666667,0.18867889708055877,0.0,0.0,0.0,0.0,0.0,0.43754482152171226,0.37377628139772895,0.0
FB101109,304,2,2658.39,1329.195,0.0,0.0,0.0,0.0,0.0,0.0,0.2882947949698878,0.0,0.7117052050301123
FB101110,14,6,29549.0,4924.833333333333,0.0,0.0,0.15546143693526007,0.13965142644421133,0.0,0.04860604419777319,0.5637189075772446,0.0,0.09256218484551085
FB101111,83,5,22984.25,4596.85,0.09019524239424824,0.14368534975037253,0.0,0.03438920130089083,0.0,0.0,0.1875858468298944,0.0,0.544144359724594
FB101112,435,3,26245.579999999998,8748.526666666667,0.0,0.0,0.0,0.0,0.0,0.40594530583816396,0.594054694161836,0.0,0.0
FB101113,102,6,30332.129999999997,5055.355,0.0,0.0,0.646955555050041,0.19228916663617093,0.0,0.07398161619378527,0.0,0.0,0.08677366212000279
FB101114,24,6,58924.91,9820.818333333335,0.03181082499744166,0.0,0.0,0.3998397282235985,0.022077080813530305,0.06862836107853199,0.0,0.47764400488689757,0.0
FB101115,327,9,110494.15999999999,12277.128888888888,0.14541827368975882,0.5426743820668893,0.0,0.16780615373699387,0.010265881925343385,0.07988404093030799,0.0,0.0,0.05395126765070661
FB101116,1,5,29002.63,5800.526,0.08900503161265032,0.0,0.0,0.0,0.0,0.0,0.04431873936949856,0.0,0.8666762290178512
FB101117,53,6,35409.72,5901.62,0.1667488474915927,0.009703550324600138,0.04025561343043661,0.0,0.1326850367639168,0.12448361636296475,0.0,0.526123335626489,0.0
FB101118,32,8,49253.590000000004,6156.6987500000005,0.0,0.017191234182117484,0.0,0.19242637947812535,0.016962215343084636,0.6228546995254559,0.1505654714712166,0.0,0.0
FB101119,52,8,148591.13,18573.89125,0.13156283285550086,0.5478711952725577,0.0,0.0,0.05194973616527447,0.04606418969961397,0.006160865725968973,0.0,0.21639118028108406
FB101120,147,6,49462.020000000004,8243.67,0.0,0.3671416978117756,0.17959476786431286,0.0,0.0,0.0,0.0,0.24711970922335968,0.20614382510055193
FB101121,14,7,13033.990000000002,1861.9985714285717,0.7669708201402641,0.0,0.013328995955958229,0.018015972085293912,0.0,0.13364518462880515,0.0,0.037680710204626516,0.03035831698505216
FB101122,63,6,29634.75,4939.125,0.0,0.0,0.0,0.0,0.0,0.38702739182884954,0.5626485797923046,0.0,0.05032402837884578
FB101123,78,6,41484.52,6914.086666666666,0.0,0.0,0.0,0.5630738887662193,0.0,0.12993545544217458,0.13582078327048258,0.0,0.17116987252112353
FB101124,179,5,26204.010000000002,5240.802000000001,0.6414609824984802,0.0,0.0,0.2174068014780944,0.0,0.0,0.0,0.14113221602342543,0.0
FB101125,406,5,21196.15,4239.2300000000005,0.06017838145134847,0.0,0.1548649165060636,0.17475532113143186,0.0,0.5674903225349887,0.042711058376167364,0.0,0.0
FB101126,267,3,16438.93,5479.643333333333,0.0,0.0,0.09457793177536494,0.0,0.0,0.5694147976784377,0.0,0.0,0.3360072705461974
FB101127,103,6,37553.65,6258.941666666667,0.0,0.4228161576837405,0.0,0.1691950050128283,0.0,0.0,0.0,0.2003706696952227,0.2076181676082085
FB101128,73,6,131091.92500000002,21848.65416666667,0.0,0.40604365982115215,0.0,0.0,0.0,0.584330499380492,0.0,0.0,0.009625840798355809
FB101129,292,7,106515.61,15216.515714285715,0.0,0.05374385970281728,0.0,0.05742303874521303,0.0,0.038781827377226685,0.4713199314166252,0.3787313427581179,0.0
FB101130,277,6,94450.76000000001,15741.793333333335,0.0,0.06803343879922194,0.010940409584846112,0.0,0.0,0.0,0.017936965250464898,0.04591990577947705,0.85716928058599
FB101131,65,14,123041.495,8788.678214285714,0.19248108128075006,0.2311205256405573,0.029012082468601347,0.01795735658120864,0.0,0.02112287403530004,0.07441416409968037,0.0,0.4338919158939023
FB101132,70,5,19283.33,3856.666,0.0,0.1095832514404929,0.0,0.0,0.44045037864310776,0.05317390720378689,0.16605897425392813,0.23073348845868427,0.0
FB101133,22,6,589730.7541500111,98288.45902500185,0.07862794957477312,0.09491646756777666,0.0,0.0,0.0,0.7999592200850497,0.0,0.0,0.026496362772400455
FB101134,240,9,58205.07,6467.23,0.06667683760194774,0.04485004485004485,0.27253192891959416,0.0,0.0,0.4862028342204554,0.09532863717885745,0.034409717229100495,0.0
FB101135,416,5,27410.22,5482.044,0.0,0.0,0.0,0.0,0.0,0.03671440798359152,0.7604411785093297,0.0,0.20284441350707874
FB101136,151,13,197069.91,15159.223846153847,0.05520208539193021,0.004995232402551968,0.10198309828222889,0.056219338609329046,0.45651515241469387,0.0,0.28095496669176945,0.024772630179817918,0.01935749602767871
FB101137,19,7,36622.17,5231.738571428571,0.13001304947249165,0.0,0.0,0.10504811702856495,0.0,0.0,0.5823117526896959,0.11206053600865268,0.07056654480059484
FB101138,23,4,10081.16,2520.29,0.0,0.0,0.0,0.24365152422935457,0.0,0.0,0.17973626050970326,0.5766122152609422,0.0
FB101139,158,5,48087.83,9617.566,0.2861896658676426,0.20005186343405387,0.0,0.0,0.0,0.46916860253415466,0.04458986816414881,0.0,0.0
FB101140,149,9,60827.41,6758.601111111111,0.08447458144280678,0.3790361943735563,0.2128305314988753,0.0,0.14347462763908575,0.0,0.05645152407442632,0.12373254097124965,0.0
FB101141,96,6,80614.45999999999,13435.743333333332,0.2962747626170293,0.0,0.0,0.11730302479232635,0.0,0.0,0.06242316825046027,0.016126511298345237,0.507872533041839
FB101142,113,6,89163.73000000001,14860.621666666668,0.47765834829924675,0.04197614882194811,0.4406991497551751,0.0,0.0,0.0,0.032625597874830936,0.0,0.007040755248799034
FB101143,93,5,146674.32,29334.864,0.024779116071579538,0.0,0.2711400332382655,0.0362954469466775,0.0,0.0,0.0,0.6478267634034369,0.019958640340040436
FB101144,77,7,431911.88,61701.69714285714,0.9266426985060008,0.02939476913670446,0.023083504903824364,0.0,0.0,0.0,0.016602784808790162,0.0018930481838100863,0.0023831944608701198
FB101145,136,4,12034.19,3008.5475,0.0,0.29807240869555823,0.0,0.3228185694259439,0.0,0.18831844935138967,0.19079057252710818,0.0,0.0
FB101146,94,6,101614.55,16935.758333333335,0.0,0.013186300583922284,0.45341794063940644,0.0,0.0,0.0,0.4130394712174585,0.0,0.12035628755921274
FB101147,51,4,32468.29,8117.0725,0.0,0.0,0.0,0.18923940866611702,0.0,0.0,0.8107605913338829,0.0,0.0
FB101148,357,3,32193.23,10731.076666666666,0.0,0.0,0.0,0.6667193692586919,0.0,0.0,0.0,0.25158457228429704,0.08169605845701099
FB101149,136,5,199935.82,39987.164000000004,0.055214868451286016,0.0,0.0,0.34274478680208476,0.0,0.0,0.01685845987977542,0.0,0.5851818848668537
FB101150,104,4,91036.92,22759.23,0.0,0.33433545423109656,0.0,0.03863223843688912,0.0,0.06009517896695099,0.5669371283650633,0.0,0.0
FB101151,98,6,114306.61,19051.101666666666,0.0,0.16282549189412582,0.44673838197108634,0.08793865901543227,0.0,0.3024974671193556,0.0,0.0,0.0
FB101152,98,4,8176.18,2044.045,0.7584287527916459,0.0,0.0,0.0,0.0,0.0,0.01223065049937746,0.0,0.2293405967089766
FB101153,21,6,56890.98,9481.83,0.0,0.03367844955386601,0.10929078739722888,0.0,0.0,0.3626397365628084,0.2667101181944836,0.22768090829161322,0.0
FB101154,104,10,96612.44,9661.244,0.0,0.5220646533717604,0.16898672676106719,0.0,0.057348618873511524,0.08817746451699182,0.0,0.003466737823824758,0.1599557986528443
FB101155,241,5,10084.15,2016.83,0.0,0.0,0.5239975605281556,0.2965187943455819,0.0,0.0,0.0,0.17948364512626253,0.0
FB101156,80,10,216446.16,21644.616,0.04685825796124081,0.013069347130020696,0.09108602342494782,0.0,0.26552593956852827,0.0,0.0,0.01167398857988518,0.5717864433353773
FB101157,45,3,17131.96,5710.653333333333,0.0,0.18453463585018878,0.0,0.20815073114809984,0.0,0.0,0.0,0.0,0.6073146330017114
FB101158,61,12,146428.14,12202.345000000001,0.0471196315134509,0.006249959877930568,0.059571199907340215,0.22003837513745653,0.0,0.12117165457404568,0.4773632308653242,0.0,0.06848594812445205
FB101159,68,8,63312.77,7914.09625,0.14021957971511909,0.0,0.34392192917795256,0.0,0.0,0.43637673726801085,0.07948175383891747,0.0,0.0
FB101160,78,5,52030.17,10406.034,0.16369156587418415,0.0,0.5436213258576706,0.07855000281567406,0.0,0.18630786714708023,0.027829238305390892,0.0,0.0
FB101161,122,4,494110.9241500111,123527.73103750277,0.03679461252809784,0.0,0.0116670158829555,0.0,0.0,0.0,0.0,0.9515383715889467,0.0
FB101162,354,5,52161.22,10432.244,0.0,0.0,0.0,0.6997403434965669,0.0,0.17111562958074983,0.033610601899265395,0.09553342502341779,0.0
FB101163,154,5,33915.88,6783.1759999999995,0.18040958984404948,0.0,0.0,0.0,0.0,0.6743457636953545,0.0,0.14524464646059607,0.0
FB101164,377,4,14859.46,3714.865,0.6460584704962361,0.0,0.3268934402730651,0.02704808923069883,0.0,0.0,0.0,0.0,0.0
FB101165,127,3,53281.3,17760.433333333334,0.0,0.0,0.0,0.7190488970802138,0.0,0.0,0.0,0.2809511029197861,0.0
FB101166,23,8,77206.63,9650.82875,0.020425577440693888,0.24904247212966035,0.10096982603696081,0.0,0.0,0.0,0.5333978442006858,0.03925362368490892,0.05691065650709013
FB101167,10,8,86722.75,10840.34375,0.0990856493826591,0.1329610742279275,0.0728537782761732,0.6635141297986976,0.0,0.0,0.0,0.03158536831454261,0.0
FB101168,486,2,5539.799999999999,2769.8999999999996,0.0,0.0,0.0,0.0,0.0,0.28585147478248313,0.7141485252175169,0.0,0.0
FB101169,52,8,164362.89,20545.36125,0.0,0.0,0.1975195252407645,0.17938538316039584,0.0,0.0,0.6027607570054286,0.006791800752590806,0.013542533840820149
FB101170,42,7,29943.04,4277.577142857143,0.05051424304279058,0.21041550891292266,0.041878179369896976,0.15597948638481596,0.0,0.16564450369768732,0.13529421194374386,0.2402738666481426,0.0
FB101171,37,6,55936.86,9322.81,0.0,0.053717173255702945,0.12706987843078785,0.0,0.0,0.6356384680870539,0.0,0.18357448022645537,0.0
FB101172,224,5,126212.72,25242.544,0.12999830761907358,0.01881395155733907,0.0,0.00782306252491825,0.0,0.0,0.0,0.8225550483342725,0.020809629964396614
FB101173,586,3,193631.91,64543.97,0.839976634016573,0.0,0.0,0.0,0.0,0.16002336598342698,0.0,0.0,0.0
FB101174,127,3,103219.9,34406.63333333333,0.0,0.0,0.0,0.0,0.0,0.0,0.0,0.6630768873056455,0.3369231126943545
FB101175,11,5,10458.34,2091.668,0.5222482726704238,0.0,0.0,0.08561683785380854,0.0,0.009561746892910348,0.0,0.3825731425828573,0.0
FB101176,48,4,80962.94,20240.735,0.0,0.0,0.0,0.4022892449310759,0.5574882779701429,0.0,0.0,0.04022247709878125,0.0
FB101177,287,5,37912.270000000004,7582.454000000001,0.0,0.0,0.09840666359466212,0.07875524203641723,0.0,0.5842446258163915,0.0,0.20907162773424015,0.029521840818289173
FB101178,41,8,68253.24,8531.655,0.08021538611207321,0.31038130937080793,0.0,0.0,0.0,0.0,0.37147452633750433,0.17118191019210224,0.0667468679875124
FB101179,224,7,47617.659999999996,6802.522857142857,0.3336182416355612,0.0,0.0,0.22292128592627186,0.0,0.233631808030886,0.16114462575439448,0.048684038652886334,0.0
FB101180,213,5,20231.645,4046.329,0.0,0.4897785128198919,0.0,0.3004071097530626,0.0,0.09029814431797317,0.0,0.0,0.11951623310907247
FB101181,66,5,83423.26,16684.652,0.0,0.0,0.0378575471637047,0.0,0.0,0.0,0.0,0.191899237694619,0.7702432151416764
FB101182,133,6,78162.48999999999,13027.081666666665,0.2431166151436578,0.0,0.0,0.5635137775165556,0.19336960733978667,0.0,0.0,0.0,0.0
FB101183,11,10,99088.45,9908.845,0.43046601294096337,0.09163954022895707,0.06524463749306807,0.21251911802031417,0.0,0.018161652543762667,0.06351335599658689,0.1184556827763478,0.0
FB101184,9,10,160125.41,16012.541000000001,0.6668078476738951,0.07206626356179197,0.0,0.023350072920968634,0.0,0.06342022793259357,0.05397132160348567,0.07779527309250918,0.04258899321475586
FB101185,322,3,22801.399999999998,7600.466666666666,0.09792951310007281,0.8908856473725297,0.0,0.0,0.0,0.0,0.011184839527397442,0.0,0.0
FB101186,9,3,27470.7,9156.9,0.0,0.0,0.914927176955811,0.0,0.0,0.0,0.0850728230441889,0.0,0.0
FB101187,68,4,31283.980000000003,7820.995000000001,0.03623100385564752,0.0,0.6228146162988213,0.0,0.0,0.3409543798455311,0.0,0.0,0.0
FB101188,107,9,53023.270000000004,5891.474444444445,0.2593838516560748,0.1336122800423286,0.07290214277618111,0.0,0.0,0.19121868568272007,0.0,0.0,0.34288303984269547
FB101189,215,4,16394.1,4098.525,0.0,0.0,0.11080998651954058,0.0,0.0,0.11411361404407684,0.0,0.24224385602137355,0.5328325434150091
FB101190,108,9,97955.45,10883.938888888888,0.03806465081830567,0.5360256116428438,0.0,0.1397359718116756,0.0,0.1433725229173058,0.10000913680657891,0.0,0.042792106003290274
FB101191,94,4,32243.33,8060.8325,0.0,0.0,0.2501159154466986,0.0,0.49557071183404444,0.058807201365367656,0.1955061713538893,0.0,0.0
FB101192,16,6,29293.739999999998,4882.29,0.03243116106034942,0.0,0.8028329602160735,0.01874427778767751,0.0,0.0,0.0,0.0,0.14599160093589966
FB101193,185,7,43071.979999999996,6153.139999999999,0.6021350771429594,0.05462344661192729,0.045384957923921776,0.13882807337856307,0.0,0.0,0.0760896062823209,0.08293883866030771,0.0
FB101194,250,7,126530.09999999999,18075.72857142857,0.07624905062115654,0.012357770996782586,0.645346048094485,0.14342326450386114,0.0,0.0,0.07968293710350345,0.04294092868021127,0.0
FB101195,89,8,87145.59,10893.19875,0.0,0.21853521216621521,0.05147363165479745,0.5229747139241355,0.0,0.2070164422548519,0.0,0.0,0.0
FB101196,8,7,85979.29000000001,12282.755714285715,0.09898023116962235,0.0,0.0,0.31187417342013407,0.0,0.065633596183453,0.3868483910485886,0.08059603655717557,0.0560675716210264
FB101197,30,7,126776.69,18110.955714285716,0.39746407640079573,0.0,0.1571822075493531,0.0,0.0,0.39744640753753707,0.006419476640382392,0.0013254013809636455,0.040162430490968015
FB101198,300,5,69910.48,13982.096,0.0,0.11351073544338418,0.7575164696337373,0.022984393756129266,0.0,0.0,0.025128278335379763,0.0808601228313695,0.0
FB101199,97,7,77641.78,11091.682857142858,0.09084786567232232,0.0,0.0,0.0,0.0,0.43147903100624435,0.19855791559647398,0.2581033046898204,0.021011883035139078
FB101200,6,7,82267.17,11752.452857142856,0.0,0.5271361589319288,0.004272907406441719,0.0,0.0,0.0,0.0,0.46859093366162957,0.0
FB101201,121,9,118101.03,13122.336666666666,0.0,0.19875601423628567,0.0,0.07812539822895703,0.0,0.7093596050771107,0.013758982457646644,0.0,0.0
FB101202,131,6,36429.57,6071.595,0.0,0.0,0.20380531529743556,0.0,0.046216301757061644,0.017281290995199778,0.0,0.732697091950303,0.0
FB101203,5,7,67350.45999999999,9621.494285714285,0.0,0.0,0.0,0.042668305457750404,0.013562936318475036,0.0,0.054779284358265706,0.056143343341678746,0.8328461305238303
FB101204,73,5,63945.39,12789.078,0.08168923514267407,0.0,0.0,0.17440287720506512,0.0,0.0,0.013579712313897842,0.697399296493461,0.03292887884490187
FB101205,155,3,27921.989999999998,9307.33,0.0,0.0,0.0,0.0,0.0,0.0,0.333100183761974,0.650692160551594,0.016207655686432093
FB101206,44,4,21703.12,5425.78,0.40534863190177267,0.0,0.24329082638809538,0.1136463328774849,0.23771420883264713,0.0,0.0,0.0,0.0
FB101207,244,5,19371.899999999998,3874.3799999999997,0.0,0.0,0.44423262560719384,0.0,0.0,0.0,0.30498763673155443,0.0,0.2507797376612516
FB101208,123,6,80821.59999999999,13470.266666666665,0.0,0.0,0.0924056192898928,0.3296550674572144,0.0,0.5681320340107099,0.009807279242182781,0.0,0.0
FB101209,102,7,23385.22,3340.7457142857143,0.0,0.0,0.021791969457631784,0.2544534539337239,0.0,0.0,0.0,0.32351758931496044,0.4002369872936838
FB101210,3,6,349205.9,58200.98333333334,0.0,0.0,0.0,0.0,0.09188100773784176,0.06344426024875295,0.010510131701669414,0.0,0.8341646003117358
FB101211,196,4,40053.17,10013.2925,0.0,0.19202275375457173,0.20667377887942454,0.0,0.0,0.6013034673660038,0.0,0.0,0.0
FB101212,68,3,7814.32,2604.773333333333,0.0,0.0,0.0,0.0,0.0,0.0,0.5758837621187769,0.4241162378812232,0.0
FB101213,244,6,61066.76,10177.793333333333,0.0,0.0330253316206722,0.0,0.0,0.0,0.4878103898094479,0.4791642785698799,0.0,0.0
FB101214,237,3,19625.09,6541.696666666667,0.0,0.14320545791127584,0.0,0.0,0.0,0.4322502470052368,0.42454429508348757,0.0,0.0
FB101215,30,10,131828.31,13182.831,0.33003017333681967,0.0,0.007355248656377374,0.0,0.37615486385284014,0.027493866833307654,0.2004441231174093,0.058521724203245876,0.0
FB101216,69,6,47349.45,7891.575,0.0,0.17294435310230635,0.0,0.2115352976644924,0.0,0.0,0.031386848210486075,0.0,0.5841335010227151
FB101217,34,6,36405.67,6067.611666666667,0.0,0.0,0.2676632513561761,0.0,0.0,0.07658257628550717,0.4569326701033109,0.058962518750513324,0.13985898350449258
FB101218,17,8,36658.39,4582.29875,0.008317877571819166,0.0,0.2836843080124359,0.05280428300315426,0.0,0.2323912752305816,0.19836468541035215,0.062075284812017115,0.16236228595963978
FB101219,27,9,67196.95,7466.327777777778,0.11512888605807259,0.30032925601534,0.05628395336395477,0.12132038730924544,0.0,0.0,0.2493754552848009,0.0,0.15756206196858638
FB101220,86,4,104305.56,26076.39,0.8595886930667933,0.10306334580821962,0.0,0.0,0.0,0.0,0.0,0.0,0.037347961124987006
FB101221,37,8,33543.619999999995,4192.952499999999,0.0,0.0,0.3344972903938216,0.119316281307742,0.17745908163758117,0.06274367525031586,0.0,0.3059836714105395,0.0
FB101222,39,9,40964.27,4551.585555555555,0.04117539504548721,0.16018666999314282,0.011405061044661605,0.35575856716108945,0.1471470137268405,0.2843272930287785,0.0,0.0,0.0
FB101223,110,6,30551.649999999998,5091.941666666667,0.21031859163089392,0.22420163886402208,0.19594915495562434,0.0,0.0,0.0,0.36953061454945973,0.0,0.0
FB101224,327,3,24622.989999999998,8207.663333333332,0.0,0.5153196260892767,0.22536540038395014,0.0,0.0,0.0,0.0,0.0,0.2593149735267732
FB101225,171,6,34691.4,5781.900000000001,0.08275220948131237,0.07084983598240487,0.0,0.0,0.0,0.1948396432545242,0.1639048870901722,0.4876534241915864,0.0
FB101226,83,8,55047.27,6880.90875,0.2909993538280827,0.021687542361319645,0.10921885862822989,0.0,0.0,0.0,0.17877980143247796,0.02465789856608693,0.374656545183803
FB101227,38,8,83455.43000000001,10431.928750000001,0.00983698723977577,0.005903989710435858,0.0,0.13323171422159108,0.0,0.0,0.7113335824882814,0.1396937263399158,0.0
FB101228,156,11,157384.31,14307.664545454545,0.36779701864817405,0.00850300770133948,0.0,0.0,0.042088757132143606,0.2363414752080433,0.0,0.3116897103656648,0.033580030944634826
FB101229,110,7,57935.15,8276.45,0.30884980879483354,0.0431604992823873,0.10859711246108797,0.0,0.0,0.00455026007527382,0.04023981986755882,0.050248079102237594,0.44435442041662104
FB101230,83,6,25690.32,4281.72,0.0,0.0,0.09634368119976706,0.07303879437858307,0.0,0.704032491615519,0.12658503280613087,0.0,0.0
FB101231,175,2,30604.78,15302.39,0.0,0.0,0.0,0.0,0.0,0.8147639028936002,0.0,0.1852360971063997,0.0
FB101232,531,3,9514.3,3171.433333333333,0.0,0.0,0.21108436774118958,0.0,0.0,0.479530811515298,0.0,0.3093848207435124,0.0
FB101233,235,4,96924.31,24231.0775,0.5902510938690201,0.25577442852056415,0.0,0.03609156464461805,0.0,0.0,0.0,0.0,0.11788291296579774
FB101234,125,7,98397.56,14056.794285714286,0.0738171759543631,0.010189886822396816,0.6929642361050417,0.0,0.0,0.13153578198483784,0.01595781440108881,0.0,0.07553510473227182
FB101235,87,8,84855.65000000001,10606.956250000001,0.016603490751647063,0.3091920219808581,0.05054772428235481,0.0596362175058467,0.0,0.5640205454792935,0.0,0.0,0.0
FB101236,8,4,120330.03,30082.5075,0.0076971642074717345,0.0,0.0,0.7152566985980141,0.0,0.0,0.0,0.27704613719451415,0.0
FB101237,184,4,34455.03,8613.7575,0.0,0.0,0.0,0.15893354323011766,0.0,0.009811920059277267,0.7788964339894641,0.0,0.05235810272114115
FB101238,64,8,110796.18,13849.5225,0.020043922091898835,0.0,0.0,0.0,0.30042389548087306,0.00867340372204168,0.12832265516735322,0.5359297585891499,0.006606364948683249
FB101239,87,7,19292.17,2756.0242857142853,0.12678407872209296,0.0,0.028055423521563413,0.0,0.0,0.0,0.5684036580643858,0.14053836349150978,0.13621847620044816
FB101240,130,8,177443.33000000002,22180.416250000002,0.018727443854891584,0.015860162227568655,0.0,0.4361814557921112,0.0,0.0,0.0,0.5292309381254285,0.0
FB101241,56,6,40462.6,6743.766666666666,0.0,0.03940898508746348,0.0,0.3595611750109978,0.0,0.22485282705510767,0.052013464285537755,0.3241635485608933,0.0
FB101242,185,6,108079.94,18013.323333333334,0.0902752166590766,0.2105226927402069,0.0,0.0,0.0,0.1751933800111288,0.0,0.025891298607308627,0.49811741198227905
FB101243,84,6,73805.12,12300.853333333333,0.13180630286896086,0.24936372977918064,0.2692756274903421,0.28240290104534754,0.0,0.012825939447019395,0.0,0.05432549936914946,0.0
FB101244,231,8,44142.28,5517.785,0.5403357053600312,0.13377831865504,0.0,0.2588744849609037,0.0,0.034419382052762106,0.0,0.0,0.03259210897126292
FB101245,54,5,38426.89,7685.378,0.0,0.0,0.2968358875776832,0.31222719298907614,0.0,0.0,0.0,0.3909369194332406,0.0
FB101246,172,6,47654.08,7942.346666666667,0.03333754423545686,0.16683818048737906,0.21053223564488074,0.0,0.0,0.0,0.0,0.4535517210698433,0.13574031856243998
FB101247,161,6,79852.54000000001,13308.756666666668,0.012469233915414588,0.1886827895518414,0.5947915996159922,0.0,0.0,0.20405637691675177,0.0,0.0,0.0
FB101248,68,1,5237.84,5237.84,0.0,0.0,0.0,0.0,0.0,1.0,0.0,0.0,0.0
FB101249,308,3,13606.31,4535.4366666666665,0.1351431798922706,0.8648568201077295,0.0,0.0,0.0,0.0,0.0,0.0,0.0
FB101250,352,3,30349.96,10116.653333333334,0.0,0.5472886949439142,0.0,0.0,0.25847282830026796,0.19423847675581782,0.0,0.0,0.0
FB101251,123,6,28245.48,4707.58,0.0611085384280954,0.0,0.0,0.016761619912283313,0.0,0.0,0.0,0.8787494494694372,0.04338039219018406
FB101252,78,4,28233.989999999998,7058.4974999999995,0.0,0.4836595890272682,0.0,0.0,0.0,0.058466762933613,0.0,0.45787364803911884,0.0
FB101253,153,4,64799.75,16199.9375,0.1429027118160178,0.0,0.0,0.8570972881839822,0.0,0.0,0.0,0.0,0.0
FB101254,4,4,11067.24,2766.81,0.0,0.0,0.4369382068157915,0.0,0.15998026608260055,0.11939742880790515,0.0,0.28368409829370284,0.0
FB101255,14,4,15739.68,3934.92,0.06951030770638285,0.0,0.0,0.1572376312606101,0.0,0.0,0.11365097638579691,0.6596010846472101,0.0
FB101256,123,7,86243.56,12320.50857142857,0.0,0.0,0.36741583951311846,0.0,0.2250648048387613,0.06696013012449857,0.0,0.11872306755426144,0.22183615796936026
FB101257,7,7,72559.98,10365.711428571429,0.0689622571560797,0.12052401337486589,0.011858465231109491,0.03605568799770893,0.0,0.6572339187524583,0.10536565748777771,0.0,0.0
FB101258,145,3,31038.67,10346.223333333333,0.2121289346482952,0.0,0.7878710653517048,0.0,0.0,0.0,0.0,0.0,0.0
FB101259,180,3,21183.239999999998,7061.079999999999,0.0,0.0,0.0,0.0,0.2587470094282084,0.3273148961159861,0.41393809445580565,0.0,0.0
FB101260,223,7,64588.28,9226.897142857142,0.1214907720100303,0.01572142809810077,0.0,0.0,0.03077524281495033,0.33478364805503413,0.2808351608062639,0.0,0.21639374821562055
FB101261,1,3,4025.25,1341.75,0.40971368237997635,0.0,0.49089621762623437,0.0,0.0,0.0,0.0,0.0,0.0993900999937892
FB101262,163,5,117838.45999999999,23567.692,0.5087386579899296,0.04478605711581771,0.0,0.0,0.0,0.0,0.41840117394609533,0.0,0.028074110948157333
FB101263,75,5,55445.54,11089.108,0.0,0.017645783592332223,0.0,0.5246943216713192,0.16731895838691443,0.0,0.0,0.0,0.2903409363494341
FB101264,138,4,33296.98,8324.245,0.501979759125302,0.0,0.0,0.17625862765932523,0.0,0.0,0.0,0.0,0.32176161321537267
FB101265,128,7,67870.1,9695.728571428572,0.11938261473019786,0.0,0.27132315997766326,0.0,0.0,0.09425652827975796,0.03240867480672638,0.29621644877493924,0.18641257343071546
FB101266,63,10,61689.26,6168.926,0.06466101230586978,0.0,0.33570008782728145,0.038375723748347766,0.19731246573552674,0.06150017037001255,0.0,0.08258617464369002,0.21986436536927176
FB101267,225,5,46159.12,9231.824,0.005858647218577824,0.0,0.14272434136526,0.7902046226184555,0.044093778217609,0.0,0.0,0.017118610580097712,0.0
FB101268,215,4,39196.87,9799.2175,0.0,0.3706334204746451,0.5591645455364166,0.0,0.0,0.0702020339889384,0.0,0.0,0.0
FB101269,139,3,250404.57,83468.19,0.0,0.0,0.7399628129790123,0.0,0.0,0.00622404774801035,0.0,0.0,0.25381313927297733
FB101270,72,7,76617.61,10945.372857142856,0.1825217466323995,0.18190609182405976,0.44918472398186265,0.0,0.0,0.0,0.0,0.0,0.18638743756167805
FB101271,218,10,79207.28,7920.728,0.06906259121636295,0.0,0.0,0.06943869300902644,0.0,0.13409285106116509,0.4540563695660298,0.0,0.27334949514741574
FB101272,76,5,33658.23,6731.646000000001,0.3584335837030052,0.0,0.0,0.0,0.0,0.0,0.0,0.36157011227268937,0.27999630402430553
FB101273,124,2,3080.5299999999997,1540.2649999999999,0.0,0.41534086666904724,0.0,0.0,0.0,0.0,0.5846591333309529,0.0,0.0
FB101274,8,6,79673.82,13278.970000000001,0.8597623410048622,0.004508632823178304,0.07050634700331929,0.0,0.0,0.045861112219798175,0.019361566948842168,0.0,0.0
FB101275,183,8,35277.56,4409.695,0.0,0.2550405980458966,0.13717530350738544,0.607784098446718,0.0,0.0,0.0,0.0,0.0
FB101276,120,9,57653.60999999999,6405.956666666666,0.09043232505301924,0.05646567491610673,0.567175065013275,0.020967811035596903,0.0,0.08602861121792721,0.0,0.0,0.17893051276407498
FB101277,35,8,175711.08000000002,21963.885000000002,0.0,0.15488277688578317,0.07736450086130026,0.02362474808076986,0.0,0.0,0.035136201997051066,0.0,0.7089917721750956
FB101278,138,7,52167.86,7452.551428571429,0.0,0.9410688880088238,0.0,0.007371205182654608,0.0,0.0,0.03315719678744729,0.0,0.018402710021074277
FB101279,309,3,59359.22,19786.406666666666,0.0,0.0,0.0,0.0,0.0,0.924604804443185,0.017419534825423917,0.0,0.05797566073139101
FB101280,611,1,4303.38,4303.38,0.0,0.0,0.0,0.0,0.0,0.0,1.0,0.0,0.0
FB101281,115,5,112433.77,22486.754,0.0,0.0,0.013603119418658648,0.6797266515211577,0.0,0.23878510878004003,0.0,0.0678851202801436,0.0
FB101282,118,6,62520.81,10420.135,0.8346771259041589,0.0,0.016316327315656978,0.0,0.0,0.019766698480074073,0.05925387083116805,0.06998597746894193,0.0
FB101283,11,5,55091.520000000004,11018.304,0.0,0.0,0.0,0.7945364368236708,0.0,0.0,0.0,0.03877656670209862,0.16668699647423052
FB101284,68,8,41068.54,5133.5675,0.08733619456644916,0.0,0.0753939633597883,0.05639377489435953,0.0,0.09840841675891082,0.0,0.6824676504204922,0.0
FB101285,148,5,59291.66,11858.332,0.0,0.0,0.0,0.06996666984867685,0.0,0.0,0.5498714321710676,0.04677993498579732,0.3333819629944582
FB101286,42,6,45544.85,7590.808333333333,0.5666203753003908,0.016540618752723966,0.07140741488884035,0.06146183377483954,0.0,0.0,0.1721753392535051,0.0,0.11179441802970042
FB101287,23,6,11596.630000000001,1932.7716666666668,0.0,0.0,0.0,0.23078601283303857,0.0,0.2586932583000406,0.4929699404051004,0.0,0.01755078846182037
FB101288,73,5,32639.88,6527.976000000001,0.0,0.03565270460553164,0.7133341176499423,0.08788236966557474,0.0,0.0,0.0,0.0,0.16313080807895125
FB101289,74,5,9250.37,1850.074,0.0,0.0,0.06720812248591138,0.0,0.0,0.011602779132077959,0.24768630876386566,0.6735027896181449,0.0
FB101290,179,3,23683.62,7894.54,0.7804089915308555,0.031266757362261345,0.0,0.0,0.0,0.0,0.0,0.0,0.18832425110688317
FB101291,103,5,79444.29,15888.857999999998,0.0,0.0,0.6652976570122283,0.09498769515090386,0.0,0.21848757160520915,0.0,0.0,0.02122707623165869
FB101292,25,11,61548.83,5595.348181818182,0.5273244024297457,0.021759471301079157,0.10153011844416863,0.13204702672658442,0.0,0.0,0.044417253747959136,0.05604590696525019,0.11687582038521284
FB101293,80,4,138819.55,34704.8875,0.0,0.34637822986747907,0.1247824964135095,0.019533992150241087,0.0,0.5093052815687704,0.0,0.0,0.0
FB101294,185,7,89758.48,12822.64,0.011456299170841571,0.5587516633525879,0.25551981272410135,0.06684304368790557,0.0,0.0,0.0,0.0,0.10742918106456348
FB101295,119,6,98414.29000000001,16402.381666666668,0.0,0.0,0.32681737580995607,0.011218187927789756,0.0,0.49226804359407567,0.0756077191635483,0.09408867350463028,0.0
FB101296,81,4,23038.57,5759.6425,0.0,0.0,0.0,1.0,0.0,0.0,0.0,0.0,0.0
FB101297,136,6,25834.15,4305.691666666667,0.0,0.0,0.0,0.0,0.0,0.0,0.2846584849898293,0.1214922883083051,0.5938492267018656
FB101298,89,5,41166.409999999996,8233.282,0.0,0.0,0.0,0.0,0.0,0.10390412960469468,0.3865384423854302,0.31517953593718756,0.1943778920726874
FB101299,28,5,10433.130000000001,2086.626,0.0,0.0,0.1367729530831112,0.0,0.0,0.05756949256838551,0.0,0.6438652638278254,0.16179229052067787
FB101300,31,6,485886.3741500111,80981.06235833518,0.0,0.0,0.0008667252724193118,0.0,0.0,0.0,0.9900717117074153,0.008157627401949462,0.0009039356182159568
FB101301,155,7,209630.90999999997,29947.272857142852,0.0,0.015194324157634961,0.06898252743357362,0.015421389908577894,0.0,0.07440019222356094,0.03367079787995005,0.0,0.7923307683967026
FB101302,34,8,79408.51,9926.06375,0.0,0.521464513060376,0.20135902310722112,0.0232470046346418,0.0,0.0,0.18980963123473793,0.0,0.0641198279630231
FB101303,12,9,53293.329999999994,5921.48111111111,0.1246692597366312,0.0,0.10750463519543627,0.053821557031621024,0.0,0.345581332598282,0.36842321543802947,0.0,0.0
FB101304,156,6,20949.45,3491.5750000000003,0.22753819312678852,0.0,0.0,0.0,0.0,0.0,0.12083992658518482,0.06659411106258159,0.5850277692254451
FB101305,56,6,68937.73000000001,11489.621666666668,0.0,0.0,0.0,0.8753987112717521,0.0,0.11325583247374117,0.0,0.011345456254506786,0.0
FB101306,17,6,68654.35,11442.391666666668,0.066345686762747,0.37446236108855446,0.0,0.0,0.0,0.18033598745017612,0.37885596469852234,0.0,0.0
FB101307,218,5,36297.590000000004,7259.518000000001,0.01791055549418019,0.6319248743511622,0.12771812123063817,0.0,0.0,0.0,0.0,0.0,0.22244644892401946
FB101308,91,7,63487.299999999996,9069.614285714286,0.024552312037210592,0.04447676936962196,0.446970968996949,0.05247080912245441,0.0,0.0,0.4161551995438458,0.015373940929918267,0.0
FB101309,52,12,90583.98,7548.665,0.06862725616604613,0.009018371681173646,0.13694441334991023,0.0,0.0,0.11684483282805634,0.008100438951788162,0.1592560847955676,0.5012086022274579
FB101310,6,4,75910.61,18977.6525,0.0,0.0,0.0,0.055714346123684165,0.0,0.0,0.7289120717117147,0.21537358216460123,0.0
FB101311,60,5,66506.15,13301.23,0.21829319544132386,0.0,0.10434794376159198,0.0,0.0,0.0,0.6773588607970842,0.0,0.0
FB101312,140,9,130816.85,14535.205555555556,0.37380413914568345,0.0,0.12537627989054928,0.42292357597664215,0.0,0.01275103321934445,0.06296062013417997,0.0,0.0021843516336007176
FB101313,43,7,59675.79,8525.112857142858,0.036472914728066436,0.0,0.1909826413693057,0.03855700946732334,0.0,0.0,0.09474780308731562,0.0,0.6392396313479889
FB101314,196,3,10412.300000000001,3470.766666666667,0.29287765431268786,0.0,0.09971380002497046,0.0,0.0,0.6074085456623416,0.0,0.0,0.0
FB101315,29,6,508438.84415001114,84739.8073583352,0.0016427344401592802,0.9848867959472175,0.0,0.0035730944260112356,0.0,0.0,0.009897375186611986,0.0,0.0
FB101316,17,5,44319.409999999996,8863.882,0.005869662976109113,0.0,0.14265577993930878,0.0,0.0,0.7655465178800892,0.08592803920449303,0.0,0.0
FB101317,515,1,383.81,383.81,1.0,0.0,0.0,0.0,0.0,0.0,0.0,0.0,0.0
FB101318,466,4,5216.91,1304.2275,0.0,0.0,0.18447510116141547,0.3907657981448789,0.0,0.22394482557682613,0.20081427511687955,0.0,0.0
FB101319,35,7,74741.48,10677.354285714286,0.023156485528517762,0.0,0.031045679052649208,0.12413909919899899,0.0,0.0,0.5028619984511946,0.24031260820631326,0.07848412956232602
FB101320,189,4,75851.9,18962.975,0.0,0.0,0.0,0.04295475789004626,0.15920405421617653,0.0,0.7719295100056822,0.0,0.02591167788809509
FB101321,294,6,73767.42,12294.57,0.06811408071476541,0.0581008526528378,0.0,0.0,0.0,0.07664318475554656,0.0,0.0,0.7971418818768502
FB101322,48,2,15401.689999999999,7700.844999999999,1.0,0.0,0.0,0.0,0.0,0.0,0.0,0.0,0.0
FB101323,13,9,379334.89,42148.321111111116,0.6682232683632132,0.0869575957012549,0.0,0.22151964455470996,0.0,0.0,0.0,0.0,0.023299491380821834
FB101324,269,3,11053.33,3684.443333333333,0.3071734943225255,0.0,0.0,0.49850768953790403,0.0,0.0,0.0,0.19431881613957064,0.0
FB101325,34,3,4618.17,1539.39,0.0,0.0,0.0,0.8177221713362651,0.0,0.18227782866373476,0.0,0.0,0.0
FB101326,186,6,31005.41,5167.568333333334,0.0,0.173130753632995,0.11314251287114087,0.0,0.402639410348065,0.16037556026512792,0.04097736491792883,0.0,0.10973439796474227
FB101327,328,4,15048.34,3762.085,0.0,0.0,0.33627031287171877,0.0,0.0,0.32560734273680686,0.0,0.3381223443914744,0.0
FB101328,45,8,54070.590000000004,6758.8237500000005,0.028918308455668784,0.41533151385993755,0.0,0.0,0.0,0.054981830233404146,0.0,0.12084961528993857,0.37991873216105093
FB101329,64,6,119394.75,19899.125,0.0,0.2625239384478798,0.0,0.6278529834854547,0.0,0.1096230780666654,0.0,0.0,0.0
FB101330,83,8,65158.69,8144.83625,0.027743805162442646,0.0,0.0,0.41819517857096267,0.0,0.1929001335048326,0.2117310829913861,0.0,0.149429799770376
FB101331,73,6,251416.25,41902.708333333336,0.9183318898440336,0.006121720453630184,0.0,0.0,0.0,0.0,0.0068610123649525435,0.022885593115003506,0.045799784222380215
FB101332,199,5,35498.42,7099.683999999999,0.0,0.0,0.04293458694781345,0.05427959892299432,0.0,0.29491368911630433,0.0,0.0931987958900706,0.5146733291228174
FB101333,57,7,531101.6241500111,75871.66059285872,0.00023799588299563924,0.8974464819474628,0.008704285187224848,0.0,0.0,0.028453047990927866,0.0,0.06515818899138887,0.0
FB101334,72,9,202360.98,22484.553333333333,0.23885652263593501,0.03693132935015436,0.0,0.0,0.46237832016824587,0.10022777118395058,0.11915735928932543,0.0,0.04244869737238868
FB101335,32,6,150977.94999999998,25162.991666666665,0.6582929494008893,0.10467912698509947,0.15460688133598316,0.0,0.0,0.027894470682639415,0.02225669377548178,0.0,0.03226987781990681
FB101336,86,12,170797.39,14233.115833333335,0.02068895783477722,0.3788694312014956,0.0,0.5713638247048155,0.0,0.00454538561742659,0.02453240064148521,0.0,0.0
FB101337,93,13,79815.03,6139.617692307692,0.29338145960729445,0.1742364815248456,0.0749262388299547,0.0530261029783488,0.0,0.13169737579501,0.24894058174256148,0.0,0.023791759521984767
FB101338,124,6,18499.09,3083.181666666667,0.011608679129622051,0.0,0.514962627891426,0.0,0.0,0.0,0.0961198631932706,0.32378187251372903,0.0535269572719523
FB101339,56,4,39039.55,9759.8875,0.0,0.029396855240390835,0.0,0.0,0.0,0.0,0.9646801768975308,0.0059229678620783275,0.0
FB101340,22,6,84044.4,14007.4,0.16857185011731896,0.08925520320211698,0.0,0.02069548952696432,0.0,0.0,0.0,0.07559040221597156,0.6458870549376283
FB101341,154,4,35289.41,8822.3525,0.7173106606202824,0.0,0.0,0.0,0.0,0.0,0.1522604090008872,0.13042893037883035,0.0
FB101342,162,8,22245.67,2780.70875,0.049945450058370894,0.0,0.0,0.21199766066834577,0.07556212062841891,0.0,0.3843309731736558,0.19180316888634952,0.08636062658485896
FB101343,64,4,26891.18,6722.795,0.0,0.0,0.45405110523227316,0.0,0.0,0.49107737183716,0.0,0.0,0.054871522930566824
FB101344,119,9,50509.885,5612.209444444445,0.009771354656618205,0.24763202291987008,0.09774443160977302,0.0,0.0,0.0947268044660961,0.30330241298312205,0.0,0.24682297336452066
FB101345,33,6,79129.6,13188.266666666668,0.0,0.0,0.0066672901164671625,0.05140895442413458,0.0,0.32501794524425753,0.0,0.0,0.6169058102151407
FB101346,95,3,6337.76,2112.5866666666666,0.10159898765494432,0.0,0.0,0.0,0.0,0.0,0.18855242230693495,0.7098485900381207,0.0
FB101347,150,5,82436.16,16487.232,0.0,0.0,0.0,0.6038920299053232,0.0,0.0,0.3042514352924736,0.04053257696622453,0.051323957835978776
FB101348,79,4,88239.98999999999,22059.997499999998,0.0,0.11949083403114621,0.0,0.015846443318953234,0.0,0.8646627226499005,0.0,0.0,0.0
FB101349,51,9,103536.53,11504.058888888889,0.0,0.24328466484244737,0.056383867606920955,0.04936103228493364,0.048463957600278856,0.3372943829583626,0.17115340836707588,0.0,0.09405868633998067
FB101350,14,12,65535.71000000001,5461.309166666667,0.01726203927599167,0.14208558967317209,0.010386398499383007,0.1771978971464565,0.0,0.0,0.46711998695062584,0.09890119447855224,0.08704689397581869
FB101351,124,8,76567.27,9570.90875,0.3345008905241104,0.0,0.0,0.028809045953969624,0.0,0.22685946619227768,0.17799916335008417,0.0,0.2318314339795581
FB101352,278,8,142153.16999999998,17769.146249999998,0.019624676677980523,0.6078449041973527,0.0010634303828750355,0.0,0.027094014153887673,0.0,0.07949755886555326,0.0,0.2648754157223508
FB101353,161,11,95805.04999999999,8709.55,0.0,0.0,0.0981104858251209,0.3025774737344221,0.0,0.04847082695536404,0.033162761253190724,0.48426768735051023,0.03341076488139195
FB101354,36,7,38977.95,5568.278571428571,0.11388567125772392,0.1359945815518774,0.11376278126479202,0.0,0.26244710150225964,0.10071822658708322,0.14256239745805002,0.0,0.13062924037821383
FB101355,171,7,39571.83,5653.118571428572,0.129179267170611,0.0,0.3525707555096644,0.0,0.01749805353960128,0.013615999057915695,0.17709213852379332,0.165580666853163,0.14446311934525144
FB101356,133,2,28131.35,14065.675,0.7525362273762192,0.0,0.0,0.0,0.0,0.0,0.0,0.0,0.24746377262378094
FB101357,28,5,58223.46,11644.692,0.27789588595387493,0.0,0.0,0.0,0.0,0.0,0.4057027871583036,0.3164013268878215,0.0
FB101358,257,7,31540.6,4505.8,0.0,0.1468881378287033,0.0,0.0,0.0,0.20255416827834602,0.40569836972029705,0.07863610711273723,0.1662232170599164
FB101359,122,4,14216.41,3554.1025,0.0,0.0,0.0,0.0,0.0,0.16457741441052978,0.4252719216736152,0.0,0.410150663915855
FB101360,53,4,24019.22,6004.805,0.49440406474481685,0.0,0.0,0.2936131980971905,0.0,0.0,0.0,0.0,0.21198273715799265
FB101361,164,5,25199.27,5039.854,0.12007451009493529,0.0,0.12397898828021604,0.1634606875516632,0.0,0.0,0.0,0.0,0.5924858140731855
FB101362,19,6,45098.39,7516.3983333333335,0.5709966586390335,0.0,0.1586526703059688,0.0,0.0,0.10594413680843154,0.0,0.16440653424656623,0.0
FB101363,313,5,520727.27415001113,104145.45483000223,0.0,0.0,0.9029016291060756,0.026887625624861272,0.0,0.010832349830738896,0.009498119736618937,0.0,0.04988027570170524
FB101364,177,10,165919.76,16591.976000000002,0.012787988603647932,0.0053730791317441635,0.0,0.04727718988986001,0.0,0.03258358136487179,0.0,0.8579666460462575,0.044011514963618555
FB101365,41,7,114497.99,16356.855714285715,0.10018795963143108,0.0,0.6516183384529283,0.1572550749580844,0.028528099052219168,0.0,0.06241052790533702,0.0,0.0
FB101366,1,7,45403.5,6486.214285714285,0.0,0.13510324093957513,0.05764247249661369,0.022117457905227567,0.0,0.29087008710782203,0.15861288226678558,0.33565385928397584,0.0
FB101367,18,11,105190.13,9562.739090909092,0.5288046511588113,0.0,0.1981381713284317,0.0,0.08467182234683047,0.0,0.0,0.004694927176152364,0.18369042798977434
FB101368,36,9,512874.96415001113,56986.10712777902,0.009756569046595937,0.0012682623357878442,0.01985372792933156,0.031551296380431144,0.0,0.9197921074814485,0.0,0.01252086853302071,0.005257168293384205
FB101369,139,6,43761.42,7293.57,0.11729258328454609,0.0,0.0,0.10797730055377545,0.0,0.17410495363267464,0.2586801342369603,0.04007731010556787,0.3018677181864757
FB101370,149,5,67179.5,13435.9,0.026691029257437163,0.8004501373186761,0.044732991463169565,0.1281258419607172,0.0,0.0,0.0,0.0,0.0
FB101371,57,9,133282.04,14809.115555555556,0.06868892462930488,0.7051353655751368,0.0,0.0,0.0,0.0,0.023135075063376878,0.07481855769914685,0.1282220770330346
FB101372,219,3,24790.899999999998,8263.633333333333,0.0,0.8833898728969097,0.0,0.0,0.0,0.0,0.11661012710309025,0.0,0.0
FB101373,58,8,70298.11,8787.26375,0.2869439875410591,0.46599944152125855,0.13472638169077378,0.009835826311688892,0.03026069975423237,0.0683614395892009,0.0038722235917864646,0.0,0.0
FB101374,227,3,27306.97,9102.323333333334,0.3675427921882215,0.0,0.4893662680260754,0.14309093978570306,0.0,0.0,0.0,0.0,0.0
FB101375,101,5,26276.600000000002,5255.320000000001,0.381265460523812,0.4094304438169321,0.163872418806086,0.0,0.0,0.0,0.0,0.0,0.04543167685316973
FB101376,59,8,62736.92,7842.115,0.5305027725301146,0.058456966009807286,0.0,0.10690706524961696,0.0,0.08012443071798869,0.006774798635317129,0.2172339668571552,0.0
FB101377,7,8,29042.760000000002,3630.3450000000003,0.08947772181431791,0.0,0.17233554937616122,0.4920499980029446,0.0,0.07383320318041396,0.08760048976061503,0.08470303786554721,0.0
FB101378,31,6,26662.620000000003,4443.77,0.0,0.07078261626201775,0.0,0.32494556048880413,0.0,0.0,0.0,0.18475678684240332,0.41951503640677473
FB101379,136,7,93919.03,13417.004285714285,0.5948144907373937,0.044960323802322066,0.039872856438146774,0.31698975170420735,0.0,0.0,0.0,0.0,0.0033625773179301365
FB101380,149,5,87670.17,17534.034,0.0,0.0,0.0024950333733811626,0.0,0.0,0.7786118128891504,0.17046311191138333,0.0,0.0484300418260852
FB101381,26,2,18064.510000000002,9032.255000000001,0.0,0.0,0.7484249503584652,0.0,0.0,0.0,0.0,0.25157504964153465,0.0
FB101382,136,4,16093.32,4023.33,0.7767179177447537,0.0,0.0,0.0,0.0,0.0,0.18098627256526312,0.04229580968998317,0.0
FB101383,29,7,105751.82,15107.402857142859,0.07714666281866354,0.27233980464827934,0.25175027720563103,0.0,0.0,0.0,0.19751678978196308,0.20124646554546294,0.0
FB101384,35,5,102904.68000000001,20580.936,0.0,0.15554890214905678,0.18721529477570897,0.624502209228968,0.0,0.0,0.03273359384626628,0.0,0.0
FB101385,99,6,21917.27,3652.8783333333336,0.0,0.14042670460326492,0.30182819301856484,0.3266884972444105,0.0,0.028593433397498876,0.0,0.0869259720759018,0.11553719966035919
FB101386,109,6,38265.9,6377.650000000001,0.08609310116840319,0.0,0.0,0.0,0.0,0.0,0.1527122059065643,0.5565137629063996,0.20468093001863277
FB101387,455,2,4495.1,2247.55,0.0,0.0,0.574347622967231,0.0,0.0,0.0,0.0,0.0,0.425652377032769
FB101388,167,7,73809.05,10544.15,0.15232251329613375,0.08230874127224236,0.08082870596491894,0.0,0.0,0.0,0.305718065738551,0.06792148117337915,0.31090049255477475
FB101389,50,6,73743.15,12290.525,0.0,0.0,0.22608784680339802,0.0,0.005695444254822313,0.28663408058918016,0.11822169245550267,0.36336093589709695,0.0
FB101390,66,6,513008.3641500111,85501.39402500185,0.003690563609302819,0.0,0.0,0.9322859773299094,0.0,0.031215085599106122,0.0,0.0,0.03280837346168177
FB101391,27,4,30735.28,7683.82,0.0,0.0,0.560234362595688,0.0,0.0,0.0,0.03868778810539549,0.18295457207482738,0.21812327722408906
FB101392,104,5,34779.65,6955.93,0.0,0.0,0.0,0.24312608091225754,0.0,0.2109929225854774,0.0,0.4996456261060705,0.04623537039619431
FB101393,115,4,17811.86,4452.965,0.0,0.0,0.6267666599670108,0.0,0.0,0.0,0.0,0.3732333400329892,0.0
FB101394,4,9,56668.84,6296.537777777778,0.0,0.031136335241730727,0.0,0.10225125483422635,0.0,0.023355516011974126,0.03412527943045949,0.1970282080946072,0.6121034063870021
FB101395,76,4,52326.02,13081.505,0.07057406621027168,0.0,0.04021288070447552,0.0,0.0,0.18121443213147112,0.0,0.7079986209537817,0.0
FB101396,7,6,28407.93,4734.655,0.18250220977030007,0.23961513563290252,0.0,0.0,0.0,0.0,0.3718563795390935,0.20602627505770393,0.0
FB101397,123,3,48611.63,16203.876666666665,0.5184553572879576,0.0,0.0,0.21886696660860783,0.0,0.0,0.0,0.2626776761034345,0.0
FB101398,35,7,111926.72,15989.531428571428,0.0,0.0,0.0016555474867842104,0.050772058718418625,0.8158425441217254,0.0,0.021233446312015576,0.11049640336105623,0.0
FB101399,32,6,111967.01000000001,18661.168333333335,0.0,0.0,0.0,0.06762402604124197,0.0,0.12970249004595194,0.7571453412929399,0.0,0.04552814261986633
FB101400,57,5,35447.71,7089.5419999999995,0.0,0.641168075455368,0.0,0.30752113465157555,0.0,0.05131078989305656,0.0,0.0,0.0
FB101401,51,3,4504.2,1501.3999999999999,0.0,0.0,0.0,0.0,0.0,0.0,0.0,1.0,0.0
FB101402,315,4,32809.58,8202.395,0.0,0.0,0.3467313510261332,0.05455083545720487,0.0,0.5987178135166619,0.0,0.0,0.0
FB101403,89,5,40892.67,8178.534,0.33336316753100254,0.4072456017178629,0.0,0.0,0.0,0.0,0.19120688377648123,0.0681843469746534,0.0
FB101404,433,4,13753.869999999999,3438.4674999999997,0.0,0.6441743305702322,0.0,0.1422196080085096,0.0,0.21360606142125818,0.0,0.0,0.0
FB101405,546,5,25394.64,5078.928,0.0,0.6435121742225919,0.17788990117599618,0.17859792460141197,0.0,0.0,0.0,0.0,0.0
FB101406,136,1,72629.51,72629.51,0.0,0.0,0.0,0.0,0.0,1.0,0.0,0.0,0.0
FB101407,102,12,231174.56,19264.546666666665,0.12697863467329623,0.011239342252884574,0.0,0.6613247582259916,0.0,0.074873982673526,0.08280898209560776,0.0,0.04277430007869378
FB101408,28,9,34456.54,3828.5044444444447,0.17900694614142917,0.0,0.0,0.0,0.035770277572849736,0.11649979945751952,0.3138997705515411,0.22723610670136932,0.12758709957529107
FB101409,22,3,70357.94,23452.646666666667,0.0,0.0,0.0,0.0,0.0,0.014835141563269195,0.8994687735314594,0.0,0.08569608490527154
FB101410,235,5,15289.810000000001,3057.9620000000004,0.0,0.1524433593354005,0.0,0.09261593178724915,0.2988003121032897,0.4301937041729099,0.0,0.025946692601150703,0.0
FB101411,57,12,129891.99,10824.3325,0.12867914334055547,0.4206059973367103,0.0,0.006203846749903515,0.0,0.024438535432400408,0.2813886368204845,0.1386838403199458,0.0
FB101412,149,5,43186.369999999995,8637.274,0.4732757117581311,0.28460599953179677,0.18070307830919805,0.06141521040087418,0.0,0.0,0.0,0.0,0.0
FB101413,335,4,14899.43,3724.8575,0.0,0.28647337515596233,0.0,0.0,0.0,0.7135266248440376,0.0,0.0,0.0
FB101414,39,9,570816.8741500111,63424.09712777901,0.03258437310161224,0.011750318366091823,0.0,0.0,0.0,0.08154051169091406,0.009948829926333896,0.8641759669150479,0.0
FB101415,92,7,47791.83,6827.404285714286,0.14422548791289222,0.054464120750345825,0.0,0.0,0.31430937045097457,0.26273068011833817,0.11419273963771631,0.062195567736159085,0.047882033393573754
FB101416,97,4,44485.020000000004,11121.255000000001,0.0,0.3824170473566158,0.5221240768240635,0.07358769311557013,0.0,0.0,0.02187118270375061,0.0,0.0
FB101417,228,7,35328.04,5046.862857142857,0.34656522128032013,0.0,0.26309073472516453,0.0,0.0,0.21536745316185107,0.15622095083678575,0.01875563999587863,0.0
FB101418,99,4,13350.970000000001,3337.7425000000003,0.0,0.1983661112263753,0.0,0.3793739331299523,0.0,0.0,0.06634798819861028,0.0,0.35591196744506204
FB101419,189,9,137098.66,15233.184444444445,0.09593930385606977,0.0,0.0,0.0,0.0,0.0031208911888708467,0.36969208889423133,0.5312477160608281,0.0
FB101420,329,3,7260.719999999999,2420.24,0.0,0.8596984872023711,0.0,0.0,0.0,0.0,0.14030151279762887,0.0,0.0
FB101421,63,8,158284.72,19785.59,0.06589574786498659,0.0,0.0304082415535751,0.0,0.0,0.0,0.8605292412306128,0.006134641423379338,0.03703212792744619
FB101422,4,9,90711.81,10079.09,0.064775689075105,0.015036520602995354,0.4330751420349787,0.0,0.0,0.0,0.0,0.17937091102029604,0.3077417372666249
FB101423,127,12,159729.13,13310.760833333334,0.23540258436266448,0.1816105803618914,0.2788332347393365,0.16588007459879106,0.0,0.0,0.05211178449416209,0.07074069707886094,0.015421044364293476
FB101424,103,8,140221.96,17527.745,0.1161808036344664,0.0015857715867043938,0.0,0.34114692163766647,0.0,0.19061037229831906,0.0,0.3401942891113489,0.010281841731494839
FB101425,174,4,500199.2641500111,125049.81603750278,0.0,0.016679332813848192,0.9399564090702205,0.035340275899923286,0.0,0.008023982216008045,0.0,0.0,0.0
FB101426,29,6,83586.3,13931.050000000001,0.030691273569951053,0.0,0.0,0.0,0.0,0.5771513992125503,0.03549385485420458,0.04066013210298817,0.3160033402603058
FB101427,89,5,29066.92,5813.384,0.0,0.15990823933185905,0.13131903896250446,0.4603291301589574,0.0,0.2107715574955998,0.0,0.0,0.03767203405107937
FB101428,57,8,48632.01,6079.00125,0.7110532754044095,0.0666988676799499,0.016535405384231497,0.09281027043710512,0.0,0.016328134494132573,0.039507723410979724,0.0,0.05706632318919165
FB101429,89,5,38248.37,7649.674000000001,0.040773763692413555,0.40390400950419586,0.0,0.0,0.0,0.34467351157709464,0.2106487152262959,0.0,0.0
FB101430,60,6,99047.31,16507.885,0.0,0.0,0.18950721629895856,0.0,0.0,0.0,0.5353030789023951,0.0,0.27518970479864624
FB101431,65,2,7049.55,3524.775,0.0,0.0,0.0,0.09185550850763523,0.9081444914923648,0.0,0.0,0.0,0.0
FB101432,13,7,45469.590000000004,6495.655714285715,0.6329439082252555,0.17134836711745144,0.01227853605013812,0.0,0.0,0.07226896041948035,0.0,0.11116022818767442,0.0
FB101433,311,8,108722.65000000001,13590.331250000001,0.0,0.0,0.14940161962571738,0.0,0.0,0.6734371356842388,0.0,0.16736687341598094,0.009794371274062947
FB101434,116,5,24618.690000000002,4923.738,0.0,0.0,0.11994667466059321,0.0,0.0,0.11007409411304987,0.18503340348328848,0.5275743754034028,0.057371452339665514
FB101435,33,6,67829.45999999999,11304.909999999998,0.0,0.0,0.06848587619597739,0.10767666438742104,0.0,0.1152045143806246,0.0,0.14429276010748132,0.5643401849284957
FB101436,153,7,359328.11000000004,51332.58714285715,0.0,0.0424181119590115,0.9257912496742878,0.0,0.0,0.0,0.0021097709277462314,0.020117991882126894,0.009562875556827435
FB101437,79,4,7141.85,1785.4625,0.24038169381882843,0.0,0.21895027198835035,0.0,0.0,0.0,0.2862003542499492,0.2544676799428719,0.0
FB101438,49,8,68358.64,8544.83,0.12713623325449425,0.005683699968284916,0.1799415553030312,0.0,0.0,0.16073769168023236,0.0,0.5265008197939572,0.0
FB101439,439,6,22350.949999999997,3725.158333333333,0.02246436952344308,0.17857540730930901,0.03150514855073275,0.0,0.0,0.7674550746165152,0.0,0.0,0.0
FB101440,375,3,39268.39,13089.463333333333,0.6361536594701235,0.0,0.0,0.0,0.0,0.0,0.028058191334047564,0.33578814919582906,0.0
FB101441,40,5,26677.68,5335.536,0.0,0.4037255113638067,0.0,0.13602906999409245,0.0,0.1515783981215758,0.0,0.0,0.308667020520525
FB101442,106,5,37880.03,7576.005999999999,0.08991624346654425,0.7827345965671094,0.0,0.0,0.0,0.1039051447424936,0.02344401522385278,0.0,0.0
FB101443,43,5,24336.09,4867.218,0.09667576015703426,0.0,0.7112161403084883,0.0,0.0,0.0,0.19210809953447738,0.0,0.0
FB101444,50,5,28384.9,5676.9800000000005,0.013573766333508309,0.0,0.0,0.0,0.0,0.0,0.0,0.40299912981902347,0.5834271038474682
FB101445,78,4,25089.36,6272.34,0.05902860814305347,0.0,0.1357424023570151,0.21411267565214895,0.0,0.0,0.5911163138477824,0.0,0.0
FB101446,15,9,53198.35,5910.927777777778,0.09115019544779113,0.16707623450727324,0.0,0.32662009254046415,0.0,0.01762028333585534,0.3975331941686161,0.0,0.0
FB101447,243,6,48231.54,8038.59,0.12697604098894624,0.0,0.0,0.18251397322167198,0.0,0.0,0.14433335531065358,0.0,0.5461766304787283
FB101448,90,6,43555.17,7259.195,0.0,0.0,0.4743632041844861,0.02116557001155087,0.0,0.28554268069668887,0.0,0.16080433160977214,0.05812421349750214
FB101449,61,8,63223.65,7902.95625,0.126279327435224,0.2812876194272238,0.029318617321208124,0.3690296273625455,0.0,0.19408480845379852,0.0,0.0,0.0
FB101450,6,9,43032.6,4781.4,0.06104162890459792,0.05838480593782388,0.0,0.008351575317317568,0.10447428228831165,0.15883167644994728,0.494460246417832,0.11445578468416968,0.0
FB101451,129,6,47053.76,7842.293333333334,0.6003951650197562,0.18048589528233241,0.0,0.0,0.0,0.01566803588066076,0.0,0.0,0.20345090381725078
FB101452,390,4,84299.03,21074.7575,0.0,0.0,0.4000232268390277,0.0,0.12338493100098542,0.0,0.47659184215998696,0.0,0.0
FB101453,30,5,20887.83,4177.566000000001,0.0,0.0,0.15511951217527142,0.03148292570362742,0.0,0.07244936405552897,0.09799007364575447,0.0,0.6429581244198176
FB101454,287,4,67341.6,16835.4,0.03641656865889732,0.0,0.030819582546301245,0.0,0.0,0.0,0.0,0.5365203677964289,0.3962434809983724
FB101455,42,7,57292.77,8184.681428571428,0.05908860751539853,0.0,0.0,0.04202554702801069,0.0,0.37977357352419855,0.07141215200451993,0.0,0.4477001199278722
FB101456,3,7,55300.29,7900.041428571429,0.02666875707161753,0.040612987743825574,0.653303988098435,0.0,0.06660380985343839,0.17474718487009744,0.0,0.038063272362586165,0.0
FB101457,150,7,26736.62,3819.5171428571425,0.03983413011816752,0.0,0.07195599144544075,0.0,0.0,0.12537560843517245,0.11128370003388613,0.6515505699673333,0.0
FB101458,118,3,21211.26,7070.419999999999,0.6971325607248224,0.16440371764807934,0.0,0.0,0.0,0.0,0.0,0.13846372162709802,0.0
FB101459,33,7,151095.06,21585.00857142857,0.0,0.020858722978765818,0.0,0.0,0.0,0.0627252141797356,0.03619205022321709,0.7611952369587728,0.11902877565950866
FB101460,244,5,81955.64,16391.128,0.0,0.0,0.05046522728637102,0.0,0.0,0.10767922744548149,0.12115334588321196,0.7207021993849355,0.0
FB101461,437,6,29548.82,4924.803333333333,0.0,0.0,0.3156031272991612,0.24365203077483294,0.0,0.0,0.0,0.41908610902228915,0.021658732903716626
FB101462,167,2,8798.12,4399.06,0.6538249080485377,0.0,0.0,0.0,0.0,0.34617509195146234,0.0,0.0,0.0
FB101463,11,6,65653.4,10942.233333333332,0.0,0.0,0.017102389213658396,0.036975693566517503,0.0,0.0,0.5900101137184061,0.18512628439654308,0.17078551910487502
FB101464,224,10,160245.25,16024.525,0.0,0.0014495281451400272,0.0,0.05106241838681645,0.07520341476580428,0.0,0.8070092561245964,0.0,0.06527538257764269
FB101465,108,4,29585.85,7396.4625,0.6548262091506583,0.0,0.0,0.12108423452427429,0.0,0.0,0.0,0.16650189195172693,0.05758766437334063
FB101466,57,6,489348.03415001114,81558.00569166853,0.9853184247230518,0.004460526757385259,0.0,0.0014039292120450104,0.0,0.008817119307517916,0.0,0.0,0.0
FB101467,110,8,97437.87,12179.73375,0.060663066629022176,0.0,0.4871641795946484,0.10430882776891573,0.0,0.024257611542616856,0.0,0.13272077889223155,0.1908855355725654
FB101468,125,9,89284.01000000001,9920.445555555556,0.02184758502670299,0.3059021430601067,0.0,0.5524679055073803,0.0,0.0,0.010409030687577763,0.0,0.10937333571823218
FB101469,64,7,88004.44,12572.062857142857,0.6038676003165295,0.0,0.0,0.0,0.0,0.2650026521389148,0.0,0.1311297475445557,0.0
FB101470,59,6,53920.67,8986.778333333334,0.28011836648172217,0.0,0.028552130379685563,0.6804631693189273,0.0,0.0,0.0,0.0,0.010866333819665074
FB101471,32,6,125441.18000000001,20906.863333333335,0.5111351790536409,0.2912744443252208,0.0,0.07990015718921012,0.0,0.0,0.0,0.11769021943192817,0.0
FB101472,58,13,65971.04,5074.695384615384,0.29829740443685593,0.0,0.10478749463400912,0.0,0.0,0.10990443685592953,0.10759690918924425,0.2938613670483291,0.08555238783563213
FB101473,152,4,31443.28,7860.82,0.0,0.0,0.0,0.4161731854946431,0.0,0.0,0.0,0.4719335896255098,0.11189322487984714
FB101474,346,3,43875.88,14625.293333333333,0.8853080553598014,0.0,0.0,0.0,0.0,0.0,0.11469194464019866,0.0,0.0
FB101475,174,4,104729.2,26182.3,0.0,0.009827440675570901,0.0,0.1541692288301639,0.0,0.0,0.0,0.8360033304942651,0.0
FB101476,104,7,76428.59,10918.369999999999,0.23900440921388186,0.0,0.3135265219468264,0.0,0.0,0.0,0.0,0.37712575882925486,0.07034331001003681
FB101477,27,6,27118.53,4519.755,0.0,0.24782021739378943,0.0,0.43836225636124077,0.0,0.0,0.0,0.0,0.3138175262449698
FB101478,51,13,145777.78,11213.675384615384,0.02970178308381429,0.0,0.04038948871357488,0.1493029321752602,0.0,0.4524370586518741,0.0,0.04996577667735097,0.27820296069812567
FB101479,90,6,32632.879999999997,5438.813333333333,0.5745251415137125,0.0,0.1477047076445597,0.04567908195660328,0.0,0.0,0.0,0.0,0.23209106888512443
FB101480,58,5,27495.260000000002,5499.052000000001,0.0,0.0,0.12287099667360846,0.0,0.0,0.17854713867044722,0.0,0.6985818646559444,0.0
FB101481,123,12,280282.79,23356.899166666666,0.3001100781107538,0.0,0.07279383796629113,0.030658571651866317,0.0,0.5080081798814691,0.00746060790960444,0.0,0.08096872448001535
FB101482,12,10,544170.4841500111,54417.04841500111,0.005555023817070323,0.008881573221578232,0.00856239016211608,0.017280374944789824,0.0044147194123409,0.08998169034559719,0.8640040535906776,0.0,0.0013201745058299766
FB101483,15,6,43448.11,7241.3516666666665,0.04258367049798024,0.22622756202743916,0.46426093102783983,0.1265309354077772,0.0,0.11419461053656879,0.0,0.026202290502394695,0.0
FB101484,258,3,3604.1899999999996,1201.3966666666665,0.0,0.0,0.0,0.0,0.0,0.0,0.0,0.7412150857751673,0.2587849142248328
FB101485,52,5,35410.46,7082.092,0.0,0.25465130924591206,0.3337559015048096,0.0,0.0,0.0,0.38711951214415175,0.024473277105126565,0.0
FB101486,7,7,101299.20999999999,14471.315714285713,0.6967478818442908,0.0559752637755023,0.03561636857780036,0.21166048580240657,0.0,0.0,0.0,0.0,0.0
FB101487,61,9,542030.0341500111,60225.55935000124,0.07072919872441946,0.0,0.0357324295329357,0.015900871643608393,0.0,0.8674159631897613,0.003271442333967138,0.006950094575307995,0.0
FB101488,48,10,56978.66,5697.866,0.10761520190190504,0.0,0.10881986343659188,0.006821676747048808,0.0,0.1011138205075374,0.6133031208526141,0.03163078949206598,0.030695527062236987
FB101489,112,4,19840.05,4960.0125,0.2698723037492345,0.19493146438643047,0.5351962318643351,0.0,0.0,0.0,0.0,0.0,0.0
FB101490,158,10,113362.31000000001,11336.231000000002,0.09531809999284595,0.20954283659180906,0.0,0.02614405087546293,0.0,0.661269428966294,0.007725583573588082,0.0,0.0
FB101491,106,6,63104.81999999999,10517.47,0.6586454093364025,0.0,0.0,0.0,0.0,0.07628117788783804,0.0,0.15487850214928114,0.11019491062647829
FB101492,123,5,73846.01000000001,14769.202000000001,0.0,0.47246100364799676,0.027739345700600482,0.11290995952252533,0.0,0.15889240325916051,0.0,0.0,0.22799728786971699
FB101493,38,8,52681.54,6585.1925,0.03451816328831694,0.0,0.5783477476170971,0.02779683357775798,0.0,0.0,0.0,0.3004187045405279,0.05891855097630025
FB101494,23,13,68908.27,5300.636153846154,0.4447560503260348,0.17039812492753043,0.031959734296043124,0.25374240276239696,0.0076582970374963685,0.029178935997087135,0.021493936794524077,0.0,0.040812517858886885
FB101495,172,1,514.64,514.64,0.0,0.0,0.0,1.0,0.0,0.0,0.0,0.0,0.0
FB101496,64,7,102177.06,14596.722857142857,0.11362158981673579,0.03968836057721763,0.0,0.38700878651235415,0.0,0.1189222903849455,0.07593827812231042,0.26482069458643653,0.0
FB101497,84,4,19381.71,4845.4275,0.0,0.29064050592027224,0.09342725693450166,0.11760520614538139,0.0,0.0,0.4983270309998447,0.0,0.0
FB101498,47,6,57545.18,9590.863333333333,0.37088214860045626,0.07332812235533889,0.004409231146726799,0.0,0.0,0.0,0.4419171162554362,0.0,0.10946338164204197
FB101499,175,3,15304.550000000001,5101.516666666667,0.0,0.0,0.0,0.16489344672009304,0.0,0.0,0.0,0.0,0.835106553279907
FB101500,145,5,152185.4,30437.079999999998,0.020735234785991298,0.0,0.08347515596108432,0.8392519256117867,0.05653768364113771,0.0,0.0,0.0,0.0
FB101501,297,6,49050.29,8175.048333333333,0.0,0.0,0.0,0.03549418362256371,0.0,0.4076277632609308,0.3319764266429414,0.2249016264735642,0.0
FB101502,34,8,196851.2,24606.4,0.0,0.6743161332011184,0.024107142857142858,0.08783766621691917,0.0,0.011308592480005202,0.08205791989076013,0.013822318583783081,0.10655022677027115
FB101503,389,9,75986.79,8442.976666666666,0.3325534609370918,0.0,0.0836000573257536,0.12486236094457998,0.0,0.3237364020772558,0.027421871617421923,0.0,0.1078258470978969
FB101504,17,7,63535.73,9076.532857142858,0.05243459074130414,0.33278755119363546,0.029472235543685416,0.0,0.0,0.0,0.43802361285531777,0.1472820096660572,0.0
FB101505,27,5,29887.910000000003,5977.582,0.0,0.0,0.0,0.8185955458243819,0.0,0.0,0.036802841014978965,0.14460161316063921,0.0
FB101506,101,2,1849.04,924.52,0.5080798684722884,0.0,0.0,0.0,0.0,0.0,0.0,0.4919201315277117,0.0
FB101507,38,5,57168.23,11433.646,0.0,0.13648402268182871,0.0,0.0,0.0,0.19133564219147595,0.505838819917986,0.0,0.1663415152087095
FB101508,29,6,112393.58,18732.263333333332,0.0,0.6418661101461489,0.35813388985385103,0.0,0.0,0.0,0.0,0.0,0.0
FB101509,14,13,230561.99000000002,17735.537692307695,0.5195112602905622,0.06766188997588024,0.008361178700791054,0.0765205053964012,0.0,0.2565387729347756,0.0,0.010171147464506184,0.061235245237083534
FB101510,84,8,72176.36,9022.045,0.041470226539548405,0.0,0.2520930675916602,0.09486139228966382,0.0,0.2790107453465373,0.33256456823259034,0.0,0.0
FB101511,212,6,132089.58000000002,22014.930000000004,0.0,0.45465009427692926,0.0,0.018974925955552283,0.0,0.09326322333676887,0.0,0.0,0.43311175643074945
FB101512,186,4,26055.34,6513.835,0.0,0.3871490450709912,0.5882820949563505,0.0,0.0,0.0,0.0,0.024568859972658195,0.0
FB101513,90,5,85902.54,17180.507999999998,0.0,0.03360866861445541,0.032455152082813854,0.0,0.0,0.0,0.0,0.8777710181794391,0.05616516112329158
FB101514,95,6,46675.02,7779.169999999999,0.14506539043796876,0.10890086388822115,0.0,0.6889852430700619,0.0,0.05704850260374821,0.0,0.0,0.0
FB101515,104,8,186039.45,23254.93125,0.0,0.0,0.13078027267872486,0.3132295865204933,0.0,0.06517606883916287,0.0,0.033817666091788594,0.45699640586983026
FB101516,327,6,116659.93000000001,19443.321666666667,0.11308458697000762,0.0,0.0,0.0,0.0,0.0,0.00444479951256614,0.4643855006599096,0.4180851128575167
FB101517,125,8,167284.59,20910.57375,0.071039896741236,0.2527439616524152,0.027449629401010575,0.5611424818030161,0.0,0.0,0.08762403040232217,0.0,0.0
FB101518,213,4,72054.59,18013.6475,0.0,0.8309778738592504,0.15008967506441992,0.0,0.0,0.0,0.01893245107632977,0.0,0.0
FB101519,12,3,16103.439999999999,5367.813333333333,0.0,0.0,0.11569329286164944,0.0,0.0,0.2692387465038526,0.0,0.615067960634498,0.0
FB101520,167,8,53867.89,6733.48625,0.33634694063569226,0.0,0.35283691267655004,0.0984025919708383,0.0,0.026136163863110292,0.07094319083223792,0.0,0.1153342000215713
FB101521,121,7,60339.56,8619.937142857143,0.0,0.005473689234724284,0.044556838001470346,0.052856202464850593,0.05058157533797065,0.4209250117170228,0.4256066832439614,0.0,0.0
FB101522,23,5,86774.33,17354.866,0.0,0.0,0.0,0.0,0.0,0.6416469017968793,0.30158400531585783,0.05676909288726286,0.0
FB101523,30,7,35913.97,5130.567142857143,0.0,0.024753320226084723,0.051511988231877456,0.03219638486082157,0.0,0.0,0.7052127626102044,0.04624634926186105,0.14007919480915085
FB101524,157,9,89942.29,9993.587777777777,0.44489427609637244,0.022051695592807348,0.3164733742047262,0.0,0.05323558028153386,0.0,0.03239221505256315,0.08317611214924592,0.047776746622751096
FB101525,177,3,14622.56,4874.1866666666665,0.0,0.25767786215272837,0.0,0.0,0.0,0.0,0.0,0.653302841636485,0.08901929621078662
FB101526,493,3,64868.44,21622.813333333335,0.5906783021142484,0.0,0.0,0.3297424756938814,0.0,0.0,0.0795792221918702,0.0,0.0
FB101527,24,5,26073.53,5214.706,0.5734217806334624,0.30724493384670204,0.013460010976649499,0.0,0.0,0.0,0.0,0.10587327454318614,0.0
FB101528,234,4,22476.039999999997,5619.009999999999,0.03293774170183004,0.0,0.07858724223662177,0.8884750160615482,0.0,0.0,0.0,0.0,0.0
FB101529,64,9,48370.869999999995,5374.541111111111,0.13708519197607985,0.11030502449097981,0.23826613000758515,0.0,0.0,0.20124694883511504,0.24798789023228238,0.06510881445795787,0.0
FB101530,86,6,55584.799999999996,9264.133333333333,0.08001504008290036,0.05555799427181532,0.0,0.49101732847828905,0.0,0.0,0.08246840862969733,0.28015806479469213,0.010783163742605894
FB101531,164,3,16039.07,5346.356666666667,0.0,0.0,0.7345712687830405,0.0,0.0,0.13086294903632195,0.0,0.13456578218063767,0.0
FB101532,160,4,15470.7,3867.675,0.0,0.0,0.0,0.0,0.0,0.0,0.347925433238315,0.39004052822432084,0.26203403853736423
FB101533,96,5,26076.56,5215.312,0.0,0.24830269023214718,0.0,0.0,0.0,0.10952211488018358,0.0,0.0,0.6421751948876693
FB101534,124,5,43212.39,8642.478,0.7064249396990077,0.0,0.030995277049013028,0.0,0.0,0.07612886026438251,0.0558675416934819,0.13058338129411495,0.0
FB101535,33,4,34006.149999999994,8501.537499999999,0.0,0.0,0.200915422651491,0.0,0.0,0.44249260795473766,0.13373786800328766,0.0,0.2228541013904838
FB101536,57,6,39540.43,6590.071666666667,0.017833139396814853,0.0,0.05168330238189113,0.49084494022953207,0.0,0.0,0.16771744768582433,0.02875866549756793,0.2431625048083695
FB101537,3,4,155636.14,38909.035,0.009979173217737218,0.0,0.9611584430197254,0.0,0.0,0.0,0.0,0.028862383762537417,0.0
FB101538,142,9,94956.89,10550.765555555556,0.02460990455774194,0.3219728447298558,0.30448259204782296,0.12409104805349037,0.0,0.21266703237648155,0.0,0.012176578234607304,0.0
FB101539,70,4,8055.43,2013.8575,0.0,0.0,0.5146069173216079,0.17867823319177248,0.0,0.0,0.30671484948661953,0.0,0.0
FB101540,199,4,62970.89,15742.7225,0.0,0.05874635089324607,0.6271470833586757,0.0,0.0,0.30335588396479707,0.010750681783281132,0.0,0.0
FB101541,52,6,122274.24,20379.04,0.0,0.3700195560405855,0.0,0.43099200616581224,0.0,0.0,0.05246640666096146,0.0,0.14652203113264087
FB101542,375,4,13040.650000000001,3260.1625000000004,0.0,0.4162215840468074,0.0,0.0,0.0,0.05019765119069985,0.0,0.26801961558664633,0.2655611491758463
FB101543,10,6,45413.53,7568.921666666666,0.0,0.18073314274402363,0.2311194483229998,0.0,0.0,0.16334008829527236,0.36358525752127174,0.06122206311643248,0.0
FB101544,19,6,31058.629999999997,5176.438333333333,0.0,0.0,0.0,0.007088529017538765,0.17732398370436817,0.0,0.020358270793013087,0.0,0.79522921648508
FB101545,32,5,38160.7,7632.139999999999,0.7317543965388476,0.11732751233598966,0.15091809112516283,0.0,0.0,0.0,0.0,0.0,0.0
FB101546,115,3,19699.449999999997,6566.483333333333,0.0,0.0,0.0,0.034032929853371544,0.0,0.9118071824340274,0.05415988771260113,0.0,0.0
FB101547,69,4,67119.98,16779.995,0.0,0.12058540541877397,0.08892419217049827,0.0,0.0,0.7904904024107278,0.0,0.0,0.0
FB101548,47,13,92088.18,7083.706153846153,0.0,0.010503085195081498,0.05338003205188766,0.028901972001184086,0.0,0.026187617129581668,0.6946135758139644,0.11118310732169971,0.075230610486601
FB101549,38,7,87133.4,12447.628571428571,0.013913608329297377,0.075240837612213,0.44593680494506127,0.3739914889124033,0.0,0.0909172602010251,0.0,0.0,0.0
FB101550,81,6,54224.12,9037.353333333334,0.0,0.3627809911898985,0.0,0.028521440274180566,0.0,0.07575853697579601,0.45766570301187,0.07527332854825491,0.0
FB101551,32,9,84237.13,9359.681111111111,0.566760287298487,0.0,0.0530934517830795,0.0,0.0,0.23992709628165151,0.0,0.14021916463678188,0.0
FB101552,190,5,109502.16,21900.432,0.5387213366384737,0.3228364627693189,0.07681519707008519,0.0616270035221223,0.0,0.0,0.0,0.0,0.0
FB101553,159,3,48412.979999999996,16137.659999999998,0.0,0.27963802269556637,0.0,0.0,0.0,0.0,0.03937167263820571,0.6809903046662279,0.0
FB101554,59,7,43858.93,6265.561428571428,0.0,0.6495163014692789,0.014163364222519794,0.0,0.0,0.032392719111022546,0.0,0.30392761519717876,0.0
FB101555,154,5,133505.38,26701.076,0.0,0.16179535236707313,0.1800030830218228,0.0,0.0,0.20876199895464886,0.4016798424153393,0.047759723241115826,0.0
FB101556,30,6,115833.35,19305.558333333334,0.0,0.4009231365578221,0.0,0.08759774279169169,0.0,0.1817640601778331,0.16811220602702073,0.0,0.16160285444563247
FB101557,114,3,9264.220000000001,3088.0733333333337,0.0,0.0,0.0,0.085554963072984,0.0,0.914445036927016,0.0,0.0,0.0
FB101558,61,4,42788.44,10697.11,0.0,0.0,0.0,0.0,0.0,0.0,0.43612012964249225,0.32221155994469536,0.24166831041281242
FB101559,5,11,233767.41,21251.58272727273,0.01536522990950706,0.10929598783679897,0.0,0.0,0.0,0.06617064371804436,0.0,0.6955986722015699,0.11356946633407967
FB101560,78,4,36131.29,9032.8225,0.22111776247125414,0.7559115658477734,0.0,0.0,0.0,0.022970671680972367,0.0,0.0,0.0
FB101561,150,9,71944.97,7993.885555555556,0.05845717914678399,0.0,0.0,0.3914322293830966,0.0,0.07574316870241242,0.4127583901973967,0.061609032570310335,0.0
FB101562,23,3,22218.47,7406.156666666667,0.0,0.0,0.0,0.09071011640315468,0.0,0.0,0.4242281309199059,0.4850617526769396,0.0
FB101563,17,12,91403.9,7616.991666666666,0.08695832453538635,0.0565774545725073,0.006558910506006856,0.05374453387656326,0.0,0.0,0.6134415489929861,0.06891511193723682,0.11380411557931336
FB101564,376,4,22306.74,5576.685,0.2141801087922305,0.0,0.0,0.0440149479484676,0.0,0.741804943259302,0.0,0.0,0.0
FB101565,196,6,27378.12,4563.0199999999995,0.2693026402105039,0.0,0.08590326874160827,0.2202777254245361,0.1373695491144023,0.0,0.076572094796867,0.0,0.21057472171208252
FB101566,257,7,59008.630000000005,8429.804285714286,0.23514865537464605,0.05825537722194195,0.0,0.0,0.0,0.5713162634007942,0.0,0.05552560701714308,0.07975409698547485
FB101567,318,5,101525.13,20305.026,0.0,0.8792788544077708,0.0,0.0,0.0,0.03153081409499304,0.0756933775903562,0.0,0.013496953906880002
FB101568,8,6,82791.27,13798.545,0.0,0.08464781371272599,0.09010587710515854,0.0,0.2544680133545481,0.01756127185873583,0.0,0.5532170239688314,0.0
FB101569,124,6,37273.66,6212.276666666668,0.0,0.10940835968348694,0.0,0.07410299927616446,0.0,0.0,0.35092448662138354,0.12682199708856065,0.3387421573304043
FB101570,242,5,61301.26,12260.252,0.4973370857303749,0.007632795802239628,0.0,0.055163629589342865,0.0,0.0,0.0,0.0,0.43986648887804264
FB101571,43,7,88293.20999999999,12613.315714285713,0.0,0.0,0.6584398732360054,0.17747729412035199,0.0,0.06372075497085224,0.10036207767279048,0.0,0.0
FB101572,119,7,61080.6,8725.8,0.3538606366014741,0.0,0.0,0.22708977973366337,0.0,0.046274103397805515,0.11974947855783996,0.25302600170921696,0.0
FB101573,33,9,123095.57,13677.285555555556,0.0457571300088216,0.007348030477457475,0.028328233095634557,0.6190626518890973,0.021402638616483113,0.2505923649405093,0.0,0.0,0.0275089509719968
FB101574,239,5,38593.31,7718.661999999999,0.0,0.0,0.10468524207952104,0.17330024296957167,0.0,0.0,0.16886709121347718,0.02463794890876165,0.5285094748286685
FB101575,28,8,38389.23,4798.65375,0.2391350386553729,0.0,0.0,0.24503747535441578,0.0,0.03477381546855719,0.26392871125573497,0.0,0.2171249592659191
FB101576,76,4,20253.24,5063.31,0.0,0.11326237184766487,0.0,0.0,0.1587775585535944,0.0,0.7279600695987408,0.0,0.0
FB101577,90,5,179331.91,35866.382,0.02826959239992481,0.0,0.050152535597262085,0.0,0.0,0.04923814172279768,0.0,0.8723397302800154,0.0
FB101578,85,3,12626.98,4208.993333333333,0.0,0.15171165235076006,0.0,0.23232792005689404,0.0,0.0,0.6159604275923459,0.0,0.0
FB101579,24,8,514318.6741500111,64289.83426875139,0.02570373323863437,0.03357642035560848,0.0,0.0,0.0,0.0,0.004339741316390528,0.9233477569813042,0.013032348108062284
FB101580,31,9,88685.05,9853.894444444444,0.0,0.6559966984288783,0.0,0.06796602133053992,0.0,0.0,0.0,0.07967430812746905,0.1963629721131126
FB101581,366,2,6388.08,3194.04,0.0,0.051076379757297966,0.0,0.0,0.0,0.948923620242702,0.0,0.0,0.0
FB101582,140,2,16989.58,8494.79,0.0,0.5059871992126939,0.0,0.0,0.0,0.0,0.49401280078730603,0.0,0.0
FB101583,278,3,20266.15,6755.383333333334,0.0,0.0,0.0,0.07551755020070412,0.0,0.0,0.0,0.9244824497992958,0.0
FB101584,44,11,122905.61,11173.237272727272,0.23077050754640083,0.08203783374900463,0.0277151710161969,0.08481630740858777,0.0,0.08770340100830222,0.04694456176573226,0.44001221750577535,0.0
FB101585,9,9,71049.54,7894.3933333333325,0.3818811494064564,0.0,0.2118393729220485,0.06079307480386221,0.0,0.17921973879070857,0.06288499545528374,0.002648996742273068,0.10073267187936756
FB101586,14,5,64797.9,12959.58,0.0,0.4628514195676095,0.03358179817555816,0.4997441275103052,0.0,0.0038226547465272796,0.0,0.0,0.0
FB101587,24,8,59875.65,7484.45625,0.49287030704468343,0.06093679150038455,0.0,0.0,0.0,0.0,0.20304130310067614,0.048177848591205275,0.1949737497630506
FB101588,30,8,106827.94,13353.4925,0.0,0.05847730472009476,0.0,0.08071015878430306,0.0,0.053892361867129514,0.7061292205016777,0.10079095412679492,0.0
FB101589,147,7,115648.28,16521.182857142856,0.13715240728180306,0.705445857041713,0.0,0.0,0.0,0.1500556687916154,0.0,0.007346066884868498,0.0
FB101590,69,8,77970.89,9746.36125,0.0,0.06449701933631898,0.0,0.4137522349687172,0.115095646593235,0.0864226379870744,0.20331562202252662,0.0,0.11691683909212786
FB101591,46,7,23064.8,3294.9714285714285,0.07376478443342235,0.12628594221497694,0.0,0.5125875793416809,0.0,0.0,0.16147636224896814,0.0,0.12588533176095176
FB101592,5,9,278707.55,30967.505555555555,0.0,0.07301093924438,0.43336188775653905,0.0,0.372778240130201,0.05737960812328192,0.0,0.01170632083702074,0.05176300390857729
FB101593,14,9,226895.37,25210.596666666665,0.0,0.05249119891692809,0.001633572337769607,0.18444285575329278,0.0,0.0,0.041876262173177,0.5238547617785236,0.19570134904030875
FB101594,22,8,49567.920000000006,6195.990000000001,0.0,0.0,0.06773998182695581,0.0,0.0,0.04137373527071541,0.16086392166546426,0.7003836352221356,0.02963872601472888
FB101595,80,7,67668.01000000001,9666.858571428573,0.0,0.49271878986835876,0.0,0.0,0.0,0.10858602166666345,0.30316334114155263,0.08746363311112591,0.008068214212299134
FB101596,135,6,209047.95,34841.325000000004,0.0,0.03171717302178758,0.19784867538763234,0.0,0.0,0.0,0.7211412022935407,0.023753019343169833,0.02553992995386943
FB101597,14,9,115896.57,12877.396666666667,0.0,0.2815666589615206,0.022313343699472726,0.011359525135213233,0.0,0.6363099442891191,0.03245005438901254,0.016000473525661717,0.0
FB101598,257,7,37571.99,5367.427142857143,0.015899078009974987,0.0,0.0,0.3276770807189079,0.0,0.0,0.0,0.04051502196183913,0.615908819309278
FB101599,116,4,45184.090000000004,11296.022500000001,0.0,0.0,0.0,0.0,0.0,0.010566551190916979,0.7700183847898674,0.0,0.2194150640192156
FB101600,26,10,35125.21,3512.5209999999997,0.3161689282427066,0.17768975616088845,0.10392735018523734,0.13766209511629965,0.0,0.0,0.03472634042614976,0.22982552986871824,0.0
FB101601,31,7,48049.020000000004,6864.145714285715,0.2677879798589024,0.0,0.0,0.09414468807064119,0.0,0.03238775733615378,0.18106716848751545,0.07914417401228994,0.34546823223449713
FB101602,204,8,20338.7,2542.3375,0.0,0.0,0.4080246033423965,0.14472655577790128,0.0,0.34054093919473716,0.0,0.10670790168496513,0.0
FB101603,39,9,139225.58,15469.508888888888,0.3001048370565237,0.0,0.002531934146009663,0.0,0.0,0.18203343092555263,0.35962435925926833,0.15570543861264577,0.0
FB101604,18,9,39509.74,4389.971111111111,0.0,0.0,0.210059595431405,0.0,0.0,0.14426037731455585,0.2245388099238315,0.17301961491014622,0.24812160242006148
FB101605,75,7,94811.63,13544.518571428573,0.02094416054233009,0.030144192226206845,0.04724019616580793,0.04607325071829268,0.0,0.0,0.0,0.0,0.8555982003473624
FB101606,43,4,23109.84,5777.46,0.10583889806247035,0.4766601586164162,0.0,0.0,0.0,0.13251238433498455,0.2849885589861288,0.0,0.0
FB101607,144,9,121590.34,13510.037777777778,0.0,0.36786277594091765,0.0,0.042635459362972424,0.15282620313422923,0.06016686851932481,0.34915364164620316,0.0,0.027355051396352706
FB101608,172,7,44573.895,6367.699285714285,0.02542025999747161,0.11363029863107092,0.19964847137545416,0.0,0.0,0.597291979980659,0.05394906592748961,0.0,0.010059924087854562
FB101609,90,3,11249.289999999999,3749.763333333333,0.0,0.20292569575502098,0.0,0.0,0.0,0.0,0.0,0.0,0.797074304244979
FB101610,130,6,129296.47,21549.411666666667,0.060677062567910785,0.6794328569063023,0.0,0.08671280816869942,0.15756617330697428,0.015611099050113278,0.0,0.0,0.0
FB101611,55,9,85506.81,9500.756666666666,0.008407517483110407,0.0,0.056370130051629795,0.0,0.0,0.27580329566732753,0.10544470083727832,0.2825203045231134,0.2714540514375405
FB101612,33,10,92503.58,9250.358,0.11042232095233503,0.00977389199423417,0.27388410264770296,0.08195217958050922,0.0,0.0,0.0,0.352588083617953,0.1713794212072657
FB101613,278,3,27703.02,9234.34,0.8599250190051482,0.11536540059531415,0.024709580399537665,0.0,0.0,0.0,0.0,0.0,0.0
FB101614,298,4,56881.770000000004,14220.442500000001,0.0,0.015445546086206529,0.19350364800532752,0.0,0.0,0.0,0.0,0.0,0.7910508059084659
FB101615,279,5,66594.36,13318.872,0.7740044352104293,0.0,0.0,0.17943561586897147,0.0,0.031964869097022626,0.014595079823576652,0.0,0.0
FB101616,129,1,6504.3,6504.3,1.0,0.0,0.0,0.0,0.0,0.0,0.0,0.0,0.0
FB101617,237,6,111049.18000000001,18508.196666666667,0.11733341930125013,0.1581438061946968,0.026993355556520094,0.3456650467837763,0.0,0.3518643721637566,0.0,0.0,0.0
FB101618,20,5,276564.91,55312.981999999996,0.12027928633462576,0.0,0.1688360609449695,0.003758538999036429,0.0,0.0,0.0,0.0,0.7071261137213684
FB101619,226,3,12822.8,4274.266666666666,0.7666788844870075,0.0,0.0,0.0,0.0,0.0,0.0,0.02977196868078735,0.20354914683220515
FB101620,137,9,49154.16,5461.573333333334,0.11843839870318197,0.0,0.13140332374716607,0.019906962096392245,0.0,0.2005917708694442,0.04599102090240175,0.39664089468724517,0.08702762899416855
FB101621,30,8,29802.35,3725.29375,0.5062734985663883,0.0033554400911337532,0.2693294320749874,0.0,0.0,0.06537471038357713,0.0,0.1556669188839135,0.0
FB101622,18,7,14381.22,2054.46,0.0,0.0,0.11903579807554575,0.36407898634469116,0.0,0.4485440039162185,0.0,0.06834121166354454,0.0
FB101623,10,11,121831.5,11075.59090909091,0.027172693433143314,0.2724539220152424,0.19982065393596893,0.06262411609477024,0.0,0.01915990527901241,0.09579378075456677,0.24583601121220702,0.07713891727508897
FB101624,147,10,49990.49,4999.049,0.0,0.11637573466473325,0.07974236699820307,0.03410868747235724,0.0,0.24849226322846607,0.11546256097909822,0.4058183866571422,0.0
FB101625,64,7,73012.63,10430.375714285716,0.41544921748470093,0.0330959177884703,0.0,0.0,0.0,0.0,0.4716663404673958,0.07978852425943292,0.0
FB101626,59,6,56282.04,9380.34,0.33358403497812095,0.02523131713065127,0.532895573792279,0.10828907409894879,0.0,0.0,0.0,0.0,0.0
FB101627,342,6,46180.119999999995,7696.686666666666,0.0,0.0,0.11392759481785669,0.0,0.0,0.5584171284093675,0.0,0.0,0.32765527677277584
FB101628,42,3,11113.61,3704.536666666667,0.0,0.0,0.0,0.0,0.0,0.0,0.0,0.3391598229558172,0.6608401770441827
FB101629,372,4,24703.43,6175.8575,0.20255891590762903,0.0,0.48515853871304515,0.1223315952481093,0.0,0.0,0.0,0.1899509501312166,0.0
FB101630,311,2,8494.0,4247.0,0.0,0.0,0.0,0.0,0.4063197551212621,0.0,0.0,0.5936802448787379,0.0
FB101631,80,9,183299.535,20366.615,0.15464589149121408,0.027632066824392107,0.0,0.0,0.0,0.0168847673290606,0.0,0.0,0.8008372743553333
FB101632,103,4,68699.1,17174.775,0.0,0.0,0.0,0.16857629867057938,0.0,0.030829370399321092,0.0,0.0,0.8005943309300995
FB101633,159,5,20048.42,4009.6839999999997,0.0,0.2836028973854298,0.0,0.0,0.0,0.2617243653115806,0.22412090329312734,0.0,0.2305518340098621
FB101634,9,9,247305.89999999997,27478.43333333333,0.548022550210084,0.030276269187269694,0.11518172433411417,0.0,0.0,0.03419619184176358,0.040371822912433554,0.0,0.23195144151433508
FB101635,112,1,8549.05,8549.05,0.0,0.0,0.0,0.0,0.0,0.0,1.0,0.0,0.0
FB101636,6,12,162535.52,13544.626666666665,0.08527483715559528,0.06048985477143703,0.09573710411115059,0.17271873864863505,0.0,0.0,0.0,0.5857794653131819,0.0
FB101637,43,3,23507.93,7835.9766666666665,0.0,0.0,0.0,0.0,0.0,0.5875549229557856,0.3315910843702529,0.08085399267396151,0.0
FB101638,94,11,102699.93000000001,9336.357272727273,0.17497860027752699,0.0,0.016083360524198995,0.006982283240115159,0.0,0.2489717373711939,0.07966743502162076,0.2111589559992884,0.2621576275660558
FB101639,53,3,63633.89,21211.296666666665,0.0,0.0,0.0,0.0,0.0,0.07655166138672333,0.09740014322556738,0.8260481953877093,0.0
FB101640,14,13,132120.09,10163.083846153846,0.20842613716051814,0.17811220080155865,0.0,0.08690328624511232,0.0,0.03399422449681952,0.4126075754262656,0.07995657586972581,0.0
FB101641,222,6,44037.090000000004,7339.515,0.2680576759272695,0.0,0.07449243353727505,0.0,0.06171933704066278,0.0,0.0,0.3526670359008736,0.24306351759391917
FB101642,135,6,75459.06,12576.51,0.06631277940647551,0.01916774473469455,0.05148182338873556,0.0,0.0,0.815693834511058,0.0,0.04734381795903633,0.0
FB101643,93,7,32194.57,4599.2242857142855,0.34752164728399854,0.0,0.08244154216068114,0.0,0.0,0.0,0.025663955132806556,0.0,0.5443728554225138
FB101644,166,8,123470.01000000001,15433.751250000001,0.055424147126901496,0.0,0.7726824513904227,0.05123389882288014,0.0,0.0,0.017534784357756183,0.08914464330245052,0.013980074999588966
FB101645,60,2,24822.69,12411.345,0.0,0.0,0.0,0.9959714277542039,0.0,0.004028572245796084,0.0,0.0,0.0
FB101646,37,6,47406.3,7901.05,0.3472753621354124,0.037838430757093464,0.0,0.14866884781136683,0.0,0.0,0.0,0.4662173592961273,0.0
FB101647,30,8,57545.08,7193.135,0.07077199301834318,0.0,0.0,0.06555260675630306,0.0,0.03213376365103672,0.0,0.5524911947294191,0.2790504418448979
FB101648,24,6,142885.45,23814.24166666667,0.0,0.0,0.11755199707178023,0.0,0.0,0.0,0.01752102820826053,0.7362410938272581,0.1286858808927011
FB101649,22,6,202876.52000000002,33812.753333333334,0.013773106912519987,0.06651681525294302,0.0,0.0,0.0,0.2733830410734569,0.010582446899227174,0.6357445898618529,0.0
FB101650,51,4,39165.229999999996,9791.307499999999,0.0,0.2182632401239569,0.0,0.0,0.0,0.7010672476581907,0.08066951221785243,0.0,0.0
FB101651,179,5,483145.0541500111,96629.01083000223,0.0,0.0,0.0,0.9821812312346946,0.0,0.01781876876530539,0.0,0.0,0.0
FB101652,19,6,51664.52,8610.753333333332,0.0,0.03698727869725684,0.10629170657155046,0.12713192728781764,0.0,0.008258278602027078,0.7213308088413479,0.0,0.0
FB101653,125,1,14023.74,14023.74,0.0,0.0,1.0,0.0,0.0,0.0,0.0,0.0,0.0
FB101654,60,9,56858.13,6317.57,0.0,0.0,0.06300119261748496,0.08161576893225297,0.0,0.2545502287887414,0.0,0.6008328096615206,0.0
FB101655,297,3,17081.4,5693.8,0.0,0.0,0.7292581404334538,0.0247491423419626,0.0,0.0,0.0,0.0,0.24599271722458343
FB101656,49,3,24248.35,8082.783333333333,0.0,0.043391406013192656,0.0,0.7851358958444595,0.0,0.0,0.0,0.0,0.17147269814234786
FB101657,138,4,78708.47,19677.1175,0.0,0.0,0.0,0.5541847021038523,0.0,0.0,0.16490995187684374,0.05854223821146568,0.22236310780783822
FB101658,499,1,20753.33,20753.33,0.0,1.0,0.0,0.0,0.0,0.0,0.0,0.0,0.0
FB101659,2,8,521079.47415001114,65134.93426875139,0.0,0.0,0.0,0.018323634826673773,0.0,0.004202967318128343,0.050610379622068706,0.902291353765083,0.024571664468046147
FB101660,19,6,33243.86,5540.643333333333,0.0,0.5080556229029962,0.07329473773502836,0.41864963936197536,0.0,0.0,0.0,0.0,0.0
FB101661,1,6,87919.23000000001,14653.205000000002,0.0,0.0,0.21736268618367105,0.0,0.0,0.1482030722971527,0.035576858441549127,0.4720811362883865,0.12677624678924054
FB101662,164,9,146006.18000000002,16222.908888888891,0.0,0.12266569812318905,0.5957466320946141,0.013847153593087635,0.0,0.20462839312692108,0.0,0.05109461804972913,0.012017505012459063
FB101663,117,3,8202.51,2734.17,0.0,0.0,0.3151047667116529,0.4028181617578034,0.0,0.0,0.2820770715305437,0.0,0.0
FB101664,6,7,71471.86,10210.265714285715,0.0,0.3548742120325398,0.21065927205476398,0.0,0.0,0.0,0.06189359000871113,0.3725729259039852,0.0
FB101665,129,6,55600.39,9266.731666666667,0.0,0.030429462814919105,0.5151845157920655,0.0,0.0,0.3657877219925975,0.0,0.08859829940041788,0.0
FB101666,547,5,63968.469999999994,12793.694,0.0,0.0,0.6199014920944647,0.0,0.0,0.1031528501463299,0.0,0.16422700120856415,0.11271865655064127
FB101667,232,4,29373.89,7343.4725,0.1290608768535594,0.0,0.03026429254007556,0.0,0.7641534709907336,0.0,0.07652135961563143,0.0,0.0
FB101668,80,5,14462.4,2892.48,0.03623603274698528,0.0,0.45028418519747754,0.0,0.0,0.18508961168270827,0.0710774145370063,0.2573127558358225,0.0
FB101669,245,7,97804.81999999999,13972.117142857142,0.019164290676062797,0.0,0.005917499771483655,0.07907820902896197,0.0,0.8102763238049004,0.0514515542281045,0.03411212249048667,0.0
FB101670,201,8,35355.665,4419.458125,0.0,0.18322339574153113,0.0,0.34642906589368355,0.0,0.19608993353681797,0.06998058161259307,0.1604563229117597,0.043820700303614714
FB101671,63,8,100988.92,12623.615,0.1606409891302927,0.0,0.6358105423842536,0.0,0.0,0.07407317555232791,0.0,0.12947529293312574,0.0
FB101672,27,4,16580.32,4145.08,0.0,0.0,0.0,0.37650901792004016,0.0,0.0789261003406448,0.544564881739315,0.0,0.0
FB101673,90,3,30444.11,10148.036666666667,0.0,0.0,0.0,0.5746960577924597,0.0,0.4253039422075403,0.0,0.0,0.0
FB101674,80,11,87539.56999999999,7958.142727272727,0.006365235744246859,0.029397334256953737,0.0,0.14630583632064903,0.0533253704581825,0.16719684595206485,0.08390799726340899,0.40165287537967115,0.1118485046248228
FB101675,105,5,183122.19,36624.438,0.1844653561646461,0.0,0.0,0.797626491906852,0.0,0.0,0.0,0.017908151928501946,0.0
FB101676,162,8,103720.06,12965.0075,0.0,0.0,0.0,0.02209003735632239,0.0,0.0,0.04129741151325983,0.48303336885844456,0.45357918227197325
FB101677,44,6,35315.37,5885.895,0.3103037006266677,0.09757875961656357,0.2302054317992421,0.19963913729347876,0.0,0.05512642229148385,0.0,0.10714654837256414,0.0
FB101678,232,8,76465.88,9558.235,0.11761075658842872,0.35901725056979666,0.3493916502366808,0.15855947776969284,0.0,0.0,0.0,0.0154208648354011,0.0
FB101679,18,8,79473.85,9934.23125,0.7455953121687197,0.020306302010032227,0.0368996846132407,0.09519898683655063,0.0,0.058659672332471616,0.0,0.0,0.04334004203898515
FB101680,56,3,484459.02415001113,161486.34138333704,0.0,0.0,0.018247652658571697,0.0,0.0,0.0,0.0,0.011256431871751882,0.9704959154696764
FB101681,150,9,197497.28999999998,21944.14333333333,0.6578786979811216,0.0,0.0,0.06279336794950452,0.0020242303071601637,0.015119397334515323,0.20195872054750727,0.06022558588019106,0.0
FB101682,152,7,66935.29,9562.184285714286,0.0,0.0,0.3237765907938847,0.029422297266509197,0.0,0.05713025221822451,0.2661194117482721,0.22712159759074776,0.09642985038236185
FB101683,249,4,16085.45,4021.3625,0.30904575252790567,0.0,0.0,0.23120957138283355,0.0,0.12141282960688075,0.0,0.33833184648238,0.0
FB101684,18,6,78506.48999999999,13084.414999999999,0.0,0.0,0.2712978251861725,0.4132653236694189,0.0,0.0,0.0,0.024767506482585074,0.29066934466182354
FB101685,360,5,140615.6,28123.120000000003,0.0,0.0,0.15922877689246426,0.35372305775461615,0.0,0.0,0.4870481653529196,0.0,0.0
FB101686,3,6,45527.41,7587.901666666668,0.0,0.6771092403455412,0.16925671809575815,0.15363404155870056,0.0,0.0,0.0,0.0,0.0
FB101687,132,4,88448.99,22112.2475,0.007025631383693584,0.0,0.5085604708431379,0.0,0.0,0.06069747093776876,0.4237164268353997,0.0,0.0
FB101688,70,9,86196.01000000001,9577.334444444445,0.24011227433845259,0.434411523224799,0.0,0.16769558126878498,0.0,0.04931005507099459,0.0,0.0,0.10847056609696899
FB101689,200,11,556439.5041500111,50585.40946818283,0.004433348066773758,0.0,0.05571773709229984,0.01721978746752826,0.0,0.01505214841421829,0.8681477331267611,0.0,0.03942924583241879
FB101690,157,8,44483.21,5560.40125,0.0,0.0,0.046520248875924194,0.2571199335659455,0.0,0.3096384006459965,0.24806348282868976,0.13865793408344407,0.0
FB101691,65,6,68302.12,11383.686666666666,0.5685423819934139,0.0,0.0,0.0,0.0,0.1775814572080632,0.0,0.22583061843468397,0.028045542363838775
FB101692,274,3,52892.200000000004,17630.733333333334,0.0,0.0,0.0,0.14019477352048126,0.0,0.0,0.8598052264795187,0.0,0.0
FB101693,240,2,139632.52,69816.26,0.9629327036423894,0.0,0.037067296357610684,0.0,0.0,0.0,0.0,0.0,0.0
FB101694,122,4,67627.25,16906.8125,0.6181389898302829,0.0,0.0,0.03428440458542969,0.0,0.03629217512171499,0.0,0.3112844304625724,0.0
FB101695,214,8,49331.7,6166.4625,0.019743896926317155,0.049723200295144904,0.21809343687730204,0.0,0.0,0.0,0.11890163931103125,0.0,0.5935378265902047
FB101696,42,10,62673.590000000004,6267.359,0.14391245179987297,0.09558204660048994,0.1811389773587248,0.0,0.0,0.09273555256687865,0.15416397879872526,0.07949632373061763,0.2529706691446908
FB101697,70,4,83909.23000000001,20977.307500000003,0.09674251569225459,0.10191250712227962,0.0,0.0,0.0,0.8013449771854657,0.0,0.0,0.0
FB101698,42,4,75803.17,18950.7925,0.0,0.0,0.0460687857776924,0.7069679275945847,0.0,0.0,0.24696328662772277,0.0,0.0
FB101699,100,7,60006.14,8572.305714285714,0.22102254869251714,0.035299221046379586,0.22548075913564844,0.0,0.0,0.5181974711254548,0.0,0.0,0.0
FB101700,25,12,150011.38,12500.948333333334,0.06723283260243325,0.66653776533487,0.010704454555381066,0.06475535389381794,0.0,0.033530922787324544,0.05338641641720783,0.06992342847589297,0.03392882593307255
FB101701,152,4,21374.25,5343.5625,0.0,0.3686721171503094,0.10556721288466263,0.0,0.0,0.525760669965028,0.0,0.0,0.0
FB101702,43,8,85006.87999999999,10625.859999999999,0.097719502233231,0.0,0.0566451797783897,0.01782138104586358,0.0,0.3901412450380487,0.0,0.4065073321124125,0.031165359792054478
FB101703,126,5,40833.25,8166.65,0.0,0.0,0.0,0.5517106769605652,0.0,0.05020246980095877,0.39808685323847603,0.0,0.0
FB101704,225,4,14637.310000000001,3659.3275000000003,0.0,0.42013115797916417,0.17660075519340643,0.3460342098377366,0.0,0.0,0.0,0.057233876989692775,0.0
FB101705,231,7,34644.38,4949.197142857142,0.0,0.48487575762648955,0.0,0.0,0.0,0.14637121518699428,0.36291023248215154,0.0,0.005842794704364748
FB101706,68,7,28899.45,4128.492857142857,0.17301436532529166,0.21281927510731172,0.06322161840450251,0.13818429070449437,0.0,0.0,0.1557424103226878,0.1979210677019805,0.05909697243373143
FB101707,81,5,50120.469999999994,10024.094,0.031090091533459287,0.0,0.0,0.00934907434028452,0.0,0.0,0.023912784536936706,0.0,0.9356480495893195
FB101708,32,5,40352.18,8070.436,0.6270112296287338,0.0,0.0,0.253500306550972,0.0,0.0828750763899249,0.0,0.036613387430369314,0.0
FB101709,413,3,177102.94,59034.31333333333,0.0,0.03520912752775307,0.9598265844711555,0.004964288001091343,0.0,0.0,0.0,0.0,0.0
FB101710,91,5,10799.16,2159.832,0.0,0.0,0.0,0.44285944462347065,0.2652576681890073,0.2214329633045533,0.0,0.07044992388296867,0.0
FB101711,36,5,17613.2,3522.6400000000003,0.04526832148615812,0.35465957350169197,0.1869211727567961,0.0,0.0,0.0,0.0,0.2397718756387255,0.17337905661662847
FB101712,495,2,9333.130000000001,4666.5650000000005,0.0,0.0,0.344619650642389,0.0,0.0,0.0,0.0,0.0,0.6553803493576109
FB101713,124,5,110902.39,22180.478,0.05882785754211428,0.0,0.0,0.12537232065061898,0.0,0.024017606834262094,0.017024340052545307,0.0,0.7747578749204593
FB101714,68,7,84391.98000000001,12055.997142857144,0.3231049917302568,0.01924495668901239,0.01269563766604362,0.0,0.0,0.03804780975632992,0.6069066041583572,0.0,0.0
FB101715,60,7,56170.14,8024.305714285714,0.10067929330423603,0.4440154502018332,0.1175749250402438,0.0,0.12071769805095732,0.19112592562525213,0.025886707777477497,0.0,0.0
FB101716,62,4,24032.99,6008.2475,0.31178351091562057,0.0,0.026478602953689905,0.0,0.0,0.0,0.0,0.0,0.6617378861306895
FB101717,141,3,7486.7300000000005,2495.576666666667,0.0,0.0,0.0,0.0,0.0,0.1782914570179504,0.0,0.3519988032158232,0.4697097397662264
FB101718,91,11,39634.37,3603.1245454545456,0.11203558931301291,0.21676943521494096,0.23842210687340307,0.0,0.0,0.0973326938210447,0.0,0.1355437212702006,0.19989645350739774
FB101719,30,9,64327.69,7147.521111111111,0.0,0.0,0.0,0.3404109490018995,0.08756928781369266,0.0,0.45755474819630554,0.07022527934704324,0.04423973564105908
FB101720,98,6,25474.03,4245.671666666666,0.0,0.38259081896346986,0.0,0.046880293381141504,0.0,0.0,0.0,0.3292007585764797,0.241328129078909
FB101721,74,11,155980.63999999998,14180.05818181818,0.04194879569669672,0.4678783213096189,0.4031621488410357,0.0,0.0,0.0,0.03139921723619034,0.04807308137727862,0.007538435539179734
FB101722,213,2,177827.59999999998,88913.79999999999,0.0,0.04981273997962072,0.0,0.9501872600203793,0.0,0.0,0.0,0.0,0.0
FB101723,336,5,48811.51,9762.302,0.057828163890033306,0.012998163752770606,0.0,0.0,0.0,0.0,0.0,0.9291736723571961,0.0
FB101724,207,4,34822.729999999996,8705.682499999999,0.0,0.3081472934488479,0.5722506535242929,0.11960205302685917,0.0,0.0,0.0,0.0,0.0
FB101725,211,4,44383.56,11095.89,0.1490135086054386,0.0,0.0,0.0,0.0,0.0908620218837786,0.0,0.0,0.7601244695107828
FB101726,471,5,35540.06,7108.012,0.06604040623454209,0.0,0.0,0.1041596440748834,0.0,0.0,0.0,0.0,0.8297999496905746
FB101727,51,6,57609.53,9601.588333333333,0.1542126797423968,0.0,0.028101774133550476,0.0,0.0,0.0,0.6099249551246122,0.04210588074577244,0.16565471025366812
FB101728,83,5,49082.9,9816.58,0.0,0.0,0.16389903612052262,0.03648052580430251,0.0,0.2276558638548252,0.0,0.5719645742203496,0.0
FB101729,183,1,27083.31,27083.31,0.0,0.0,1.0,0.0,0.0,0.0,0.0,0.0,0.0
FB101730,136,6,56403.100000000006,9400.516666666668,0.19771324625774112,0.0,0.0,0.3283296485476862,0.0,0.0,0.060623618205382326,0.019862028860115843,0.39347145812907447
FB101731,38,4,43254.670000000006,10813.667500000001,0.0,0.9217776947552715,0.0,0.0,0.0,0.05823671756136389,0.0,0.019985587683364593,0.0
FB101732,17,5,61822.28999999999,12364.457999999999,0.0,0.0,0.06713193574679942,0.1878134892770876,0.0,0.11750907318379829,0.0,0.23444424333035868,0.39310125846195604
FB101733,35,2,5338.73,2669.365,0.0,0.8030467920273174,0.19695320797268265,0.0,0.0,0.0,0.0,0.0,0.0
FB101734,15,7,43034.67,6147.8099999999995,0.025338639752553002,0.0,0.14790423628204888,0.0,0.0,0.20909094922768084,0.3797108238543481,0.23795535088336917,0.0
FB101735,148,5,28666.329999999998,5733.266,0.0,0.0,0.0,0.473311023769,0.0,0.13584857217509183,0.0,0.39084040405590803,0.0
FB101736,156,8,129467.5,16183.4375,0.0,0.11070060053681427,0.1391947013729314,0.0,0.6072905555448278,0.010552764207233476,0.026113039952111533,0.10614833838608145,0.0
FB101737,99,4,54372.01,13593.0025,0.0,0.306859356496109,0.0,0.65178554186244,0.0,0.0,0.0,0.0,0.04135510164145118
FB101738,110,6,44515.619999999995,7419.2699999999995,0.0,0.0,0.1925481437751513,0.1291894845000474,0.0,0.08563466037314543,0.49997012284676706,0.0,0.09265758850488885
FB101739,73,2,15728.45,7864.225,0.0,0.0,0.0,0.0,1.0,0.0,0.0,0.0,0.0
FB101740,14,10,197741.21,19774.121,0.10028784591739882,0.030841168616293997,0.04939273912605269,0.36311646924786195,0.0,0.0,0.041444067223013366,0.0,0.4149177098693793
FB101741,25,5,34744.79,6948.9580000000005,0.04413611364466443,0.14017900237704706,0.0,0.2927682107159088,0.0,0.3509343415228586,0.0,0.17198233173952127,0.0
FB101742,55,7,95537.21,13648.172857142858,0.1425615213171915,0.0,0.3542853093574745,0.018703288488328265,0.0,0.0,0.2930110686715679,0.0,0.19143881216543795
FB101743,58,8,43288.64,5411.08,0.0,0.0,0.36931051656970515,0.568180705145738,0.0,0.0,0.0,0.06250877828455688,0.0
FB101744,2,8,51746.2,6468.275,0.1204115471280983,0.0,0.04103914876841198,0.07314488793379997,0.0,0.049060800599850816,0.5542420506240072,0.0,0.16210156494583178
FB101745,30,10,65725.92,6572.592,0.20160128606796224,0.0,0.0836671437995847,0.0,0.0,0.08502581629895785,0.0,0.5444054643890873,0.08530028944440793
FB101746,21,5,43161.270000000004,8632.254,0.010023801431236845,0.05405285803684645,0.0,0.017888491232996618,0.0,0.8067702827094754,0.0,0.11126456658944464,0.0
FB101747,128,5,32241.2,6448.24,0.17418272272744187,0.0,0.0,0.5365188020297011,0.0,0.2223459424587174,0.0,0.0,0.06695253278413954
FB101748,393,4,16155.64,4038.91,0.0,0.0,0.7795345773983574,0.14984921674412155,0.0,0.056147574469349405,0.0,0.014468631388171562,0.0
FB101749,17,4,32312.55,8078.1375,0.0,0.51332036623541,0.0,0.20931897977720731,0.0,0.0,0.0,0.2773606539873826,0.0
FB101750,14,8,73401.29,9175.16125,0.0,0.01867296882656967,0.0,0.2511841413141377,0.0,0.0,0.08099694160688457,0.22222443229539973,0.4269215159570084
FB101751,170,4,27148.28,6787.07,0.1843173858528054,0.5041288066868325,0.0,0.0,0.0,0.0,0.18536017751400824,0.12619362994635389,0.0
FB101752,122,5,111497.64,22299.528,0.18448883761127144,0.7348808459084875,0.04466246998591182,0.017171663902482603,0.0,0.0,0.0,0.01879618259184679,0.0
FB101753,53,6,81834.19,13639.031666666668,0.0,0.0,0.0,0.09512271093536823,0.0,0.17424184194894582,0.04458539884124228,0.6860500482744438,0.0
FB101754,6,6,54565.16,9094.193333333335,0.0,0.0,0.06800016713961804,0.02500844861446388,0.0,0.0,0.0571590003584705,0.7943194888459962,0.05551289504145136
FB101755,194,7,139516.02000000002,19930.860000000004,0.0,0.0,0.0,0.14849527674312957,0.0,0.0,0.08230689206873877,0.7625752225443359,0.0066226086437958884
FB101756,21,9,93880.93,10431.214444444444,0.10960607228752421,0.08388316988338314,0.19538004150576693,0.0,0.0,0.0,0.17873267765881742,0.30686359839000316,0.1255344402745052
FB101757,235,7,39273.54,5610.505714285714,0.0,0.0,0.07989628640555448,0.08648316398267128,0.0,0.33975190420827867,0.2772579197087912,0.0,0.21661072569470435
FB101758,55,7,108097.94,15442.562857142857,0.06622411120877973,0.0,0.29849514246062414,0.0,0.0,0.035654055942231644,0.5916149743464122,0.008011716041952326,0.0
FB101759,138,7,51905.92,7415.131428571428,0.0,0.0,0.0,0.12718992361564924,0.0,0.25552730786777306,0.0,0.02281454600939546,0.5944682225071822
FB101760,118,4,25827.43,6456.8575,0.0,0.0,0.0,0.141202202464589,0.0,0.7973317515525161,0.034045973602483875,0.0,0.027420072380411064
FB101761,56,11,173183.82,15743.983636363637,0.0,0.030669320032321725,0.21446876503821202,0.27212057107875315,0.0,0.02933143523453865,0.0,0.37218627005686794,0.08122363855930652
FB101762,17,12,37223.1,3101.9249999999997,0.4442467177639691,0.0,0.0,0.0,0.0,0.04709602370570963,0.10663458981116564,0.3131227651646424,0.0888999035545132
FB101763,4,4,27725.989999999998,6931.4974999999995,0.0,0.0,0.016405545843448693,0.0,0.0,0.6121227772209397,0.0,0.3442405483086447,0.027231128626966975
FB101764,404,3,20409.22,6803.073333333334,0.0,0.0,0.0,0.0,0.0,0.0,0.3374195584152652,0.6625804415847347,0.0
FB101765,40,3,13153.78,4384.593333333333,0.0,0.0,0.35433692824420054,0.0,0.0,0.48918181693779283,0.1564812548180067,0.0,0.0
FB101766,242,2,50840.48,25420.24,0.0,1.0,0.0,0.0,0.0,0.0,0.0,0.0,0.0
FB101767,175,5,68235.95,13647.189999999999,0.40634401660708175,0.0,0.0,0.0,0.0,0.2613872892514869,0.0,0.3322686941414313,0.0
FB101768,43,4,23572.32,5893.08,0.0,0.4738689276235857,0.4992720275305952,0.026859044845819163,0.0,0.0,0.0,0.0,0.0
FB101769,30,8,58195.07,7274.38375,0.2835585557333293,0.0,0.0948179974695451,0.0,0.0,0.06149111943674954,0.0,0.5292745588243127,0.030857768536063278
FB101770,26,7,106748.71,15249.815714285714,0.0,0.0,0.16833992654337462,0.023856494378245885,0.0,0.7281454736080651,0.018316942659072882,0.0,0.061341162811241474
FB101771,52,10,276869.77,27686.977000000003,0.0,0.0,0.019368564505976946,0.009727100217549934,0.0,0.03783623614813564,0.8476634339675293,0.008749926003116918,0.07665473915769136
FB101772,282,2,21739.72,10869.86,0.0,0.0,0.2372647853790205,0.0,0.0,0.0,0.0,0.7627352146209795,0.0
FB101773,144,4,81998.12,20499.53,0.23347498698750654,0.0,0.0,0.10499716334959874,0.6080684532767338,0.0,0.0,0.0,0.05345939638616105
FB101774,3,5,14389.85,2877.9700000000003,0.0,0.0,0.0734364847444553,0.0,0.0,0.0,0.6877291980110981,0.0,0.23883431724444662
FB101775,21,3,68291.66,22763.88666666667,0.0,0.18237263525297231,0.0,0.0,0.0,0.29229264598341875,0.5253347187636089,0.0,0.0
FB101776,74,5,24511.91,4902.382,0.0,0.0,0.0,0.24291701462676715,0.0,0.42348107511817723,0.3336019102550556,0.0,0.0
FB101777,66,4,25035.07,6258.7675,0.0,0.04018323096360426,0.23878103795994976,0.06469284887160291,0.0,0.0,0.656342882204843,0.0,0.0
FB101778,16,6,32882.56,5480.426666666666,0.42602035851223263,0.0,0.0,0.0,0.0,0.20167012544035504,0.0,0.14980889565775904,0.22250062038965338
FB101779,98,6,125936.16,20989.36,0.020842544349454515,0.6476658491095806,0.0,0.0,0.0,0.0,0.15914317222313273,0.0,0.17234843431783214
FB101780,49,12,44977.27,3748.105833333333,0.22019188803589013,0.14521712856293856,0.13845571329696088,0.04995745628847637,0.0,0.21741048311736125,0.2178569308452914,0.0,0.010910399853081345
FB101781,265,4,15341.57,3835.3925,0.0,0.21420493469703555,0.1601263755925893,0.0,0.0,0.0,0.6256686897103751,0.0,0.0
FB101782,109,7,57706.950000000004,8243.85,0.22452408245453973,0.17417087543181542,0.18626785855083317,0.0,0.0,0.0,0.004398430345045094,0.12972042362315112,0.2809183295946156
FB101783,95,4,24082.39,6020.5975,0.05050952168783913,0.10291420411346217,0.0,0.3388268357085821,0.0,0.0,0.5077494384901167,0.0,0.0
FB101784,165,4,5857.2,1464.3,0.5412295977600219,0.0,0.31188793280065563,0.0,0.0,0.0,0.14688246943932257,0.0,0.0
FB101785,114,7,121780.2,17397.17142857143,0.6647281742023745,0.0,0.0,0.0,0.0,0.0,0.16658151325092257,0.0936650621365378,0.07502525041016521
FB101786,85,4,70907.6,17726.9,0.0,0.01894239827606632,0.0,0.0,0.0,0.0,0.030822930123146176,0.0,0.9502346716007875
FB101787,104,11,590333.0341500111,53666.63946818283,0.0013304523964695108,0.7964411221319796,0.006165130171379096,0.045523642495620444,0.0,0.0,0.09334886718536003,0.05719078561919126,0.0
FB101788,272,4,8358.54,2089.635,0.3523103317086477,0.16564854627722064,0.0,0.0,0.0,0.0,0.0,0.4820411220141316,0.0
FB101789,92,6,37432.4,6238.733333333334,0.0,0.0,0.23173427298276356,0.0,0.0,0.04917932058858101,0.053183872794691216,0.4750961733685256,0.19080636026543846
FB101790,293,4,28872.8,7218.2,0.0,0.0,0.0,0.043676401318888364,0.0,0.0,0.0,0.0,0.9563235986811116
FB101791,57,6,37366.55,6227.758333333334,0.2461099566323356,0.07521593510773672,0.09398084650576517,0.0,0.0,0.0,0.5668626084024347,0.01783065335172768,0.0
FB101792,52,3,6069.379999999999,2023.1266666666663,0.0,0.0,0.0,0.0,0.0,0.09472631471418827,0.0,0.4057070079645697,0.4995666773212421
FB101793,159,3,13121.550000000001,4373.85,0.053059280344166654,0.39890942762097464,0.0,0.0,0.0,0.5480312920348587,0.0,0.0,0.0
FB101794,69,7,543891.9641500112,77698.85202143017,0.0,0.0,0.8651666418447514,0.0,0.018968105212075852,0.09908796884731266,0.0,0.007561483292784397,0.009215800803075528
FB101795,29,5,47630.05,9526.01,0.0,0.0,0.0,0.0,0.0,0.0,0.7163372702737032,0.0,0.28366272972629675
FB101796,6,7,111191.86,15884.551428571429,0.0,0.00922171820850915,0.005441855186162009,0.8485187674709282,0.0,0.019246912498810616,0.03549441478899625,0.08207633184659381,0.0
FB101797,9,6,39636.86,6606.143333333333,0.7223094866747769,0.0,0.0,0.04729511873543969,0.0,0.10805270649592323,0.016185691803033843,0.0,0.10615699629082626
FB101798,66,8,46692.229999999996,5836.5287499999995,0.0,0.10137147015681197,0.26453673341367506,0.09418719131641388,0.0,0.0,0.20598416481714413,0.333920440295955,0.0
FB101799,15,12,140525.07,11710.4225,0.1554331906755143,0.0417435123853701,0.5064556096645246,0.07856391745615213,0.0,0.2178037698184388,0.0,0.0,0.0
FB101800,245,4,31148.36,7787.09,0.8386473637777399,0.0,0.09679578635921764,0.0,0.0,0.0,0.0,0.06455684986304254,0.0
FB101801,35,5,23610.75,4722.15,0.23986828033840518,0.0,0.0,0.21452135150302298,0.0,0.0,0.0,0.1920252427390066,0.3535851254195652
FB101802,88,6,83544.53,13924.088333333333,0.04750735924901367,0.11114862935969597,0.10404882282538425,0.24916269203980201,0.0,0.0,0.0,0.48813249652610413,0.0
FB101803,171,6,41616.47,6936.078333333334,0.0,0.0024028948154420594,0.009734367186837328,0.44013127494955717,0.0,0.3789252187895802,0.0,0.1688062442585832,0.0
FB101804,297,5,29921.55,5984.3099999999995,0.0,0.04751959707969674,0.0,0.0,0.0,0.0,0.26286071410070666,0.16032190845728247,0.5292977803623141
FB101805,50,3,29266.620000000003,9755.54,0.0,0.0,0.3149362652742271,0.0,0.0,0.0,0.0,0.0,0.6850637347257729
FB101806,13,1,1429.47,1429.47,0.0,0.0,0.0,0.0,0.0,0.0,1.0,0.0,0.0
FB101807,436,5,38914.11,7782.822,0.0,0.3351506689989826,0.0,0.3375986242522314,0.0,0.0,0.218940636185692,0.0,0.10831007056309395
FB101808,31,11,69605.01,6327.728181818181,0.11586709060166789,0.30041874859295326,0.0333711610701586,0.2677784257196429,0.07208949470734936,0.19086901934214218,0.0,0.019606059966085772,0.0
FB101809,215,8,526571.9941500111,65821.49926875139,0.004341761478770721,0.0,0.00575712349627232,0.8949058616584256,0.0,0.0,0.046288960048749085,0.0,0.048706293317782326
FB101810,156,4,525103.0341500111,131275.75853750278,0.0,0.0,0.0,0.0,0.0,0.0,0.9687821076361998,0.0312178923638003,0.0
FB101811,61,10,79107.4,7910.74,0.0,0.0665095806460584,0.0,0.012799687513431107,0.0,0.0739858723709792,0.16905409607697888,0.29970811833027,0.3779426450622825
FB101812,28,2,248146.90999999997,124073.45499999999,0.0,0.0,0.0,0.0,0.0,0.0,0.018161056287180847,0.0,0.9818389437128192
FB101813,147,6,29106.02,4851.003333333333,0.0,0.0,0.0,0.054051361196068716,0.0,0.16772097318699017,0.5648360717129997,0.09475462464466113,0.11863696925928038
FB101814,89,9,67175.68,7463.964444444444,0.09361274794687602,0.0,0.08472828261656601,0.07539946004268212,0.0,0.027323876736342678,0.7189356326575332,0.0,0.0
FB101815,64,7,108303.95,15471.992857142857,0.0,0.08039466704584643,0.6164239623762567,0.023647152296846052,0.0,0.04507397929623065,0.0,0.23446023898482005,0.0
FB101816,162,3,37914.579999999994,12638.19333333333,0.10615784218102903,0.42335850746599324,0.0,0.0,0.0,0.4704836503529776,0.0,0.0,0.0
FB101817,59,16,576515.1741500112,36032.1983843757,0.010333344666570533,0.08441155095657088,0.016449436936298925,0.03476857314216039,0.0,0.004557000609521509,0.015631886902694157,0.018318060778834046,0.8155301460073495
FB101818,196,3,47616.53,15872.176666666666,0.0,0.0,0.0,0.0,0.0,0.6270797137044635,0.3729202862955364,0.0,0.0
FB101819,76,5,20011.84,4002.368,0.5436181780386011,0.22634950109535154,0.17712014487423444,0.0,0.05291217599181284,0.0,0.0,0.0,0.0
FB101820,524,4,43094.54,10773.635,0.0,0.6076948495099379,0.347019599234613,0.0,0.0,0.0,0.0,0.045285551255449065,0.0
FB101821,24,7,522012.59415001114,74573.22773571587,0.0,0.900678469100114,0.006778093171796561,0.012820591064277596,0.0,0.07180675412828869,0.007916092535523191,0.0,0.0
FB101822,78,6,28255.37,4709.2283333333335,0.0,0.35016317252260365,0.25271408585341476,0.12743064415719915,0.13023117375564364,0.0,0.1394609237111388,0.0,0.0
FB101823,71,9,105087.4,11676.377777777778,0.0039998134885818855,0.022716139137517913,0.0,0.5483022703007212,0.028034949955941437,0.18127263592019596,0.048548065705308154,0.16712612549173353,0.0
FB101824,96,7,57915.35,8273.621428571429,0.033327779250233315,0.02431686936192218,0.8406099591904391,0.0,0.0,0.0,0.0,0.10174539219740533,0.0
FB101825,24,6,36848.11,6141.3516666666665,0.0,0.0,0.1346834342385539,0.07041663737977334,0.07041663737977334,0.0,0.5389749976321716,0.0,0.1855082933697278
FB101826,76,6,70294.71,11715.785000000002,0.25235298644805565,0.0,0.29887369903083744,0.0,0.0,0.014458982759869126,0.0,0.0,0.43431433176123774
FB101827,162,10,175704.79,17570.479,0.07422654783628835,0.0,0.030201680898966955,0.006622642444750653,0.0,0.1650812706927341,0.07476426795194371,0.0,0.6491035901753162
FB101828,165,6,130265.3,21710.883333333335,0.0,0.0,0.6172540192975412,0.06232404178242402,0.0,0.2695286465390246,0.0,0.05089329238101014,0.0
FB101829,391,2,44544.49,22272.245,0.0,0.0,0.0,0.0,0.0,0.1530204970356603,0.0,0.0,0.8469795029643397
FB101830,133,8,83474.7,10434.3375,0.057604519692793156,0.21207958818660025,0.0,0.0,0.0,0.0,0.2761521754495674,0.4279731463545242,0.026190570316515064
FB101831,101,5,213217.62,42643.524,0.66954180428428,0.0,0.002230678684059976,0.0,0.0,0.0,0.024563589069233584,0.30366392796242636,0.0
FB101832,14,8,109421.48000000001,13677.685000000001,0.1607960338317486,0.0,0.2879100154741099,0.0,0.04523124710066068,0.0,0.5060627035934809,0.0,0.0
FB101833,4,4,5688.73,1422.1825,0.2746781794882162,0.0,0.4109599154820145,0.14129515726708775,0.0,0.0,0.0,0.17306674776268166,0.0
FB101834,53,8,99778.55,12472.31875,0.0,0.0,0.0,0.453748726554956,0.0,0.06675262368515077,0.11935811855353683,0.3252495651620514,0.03489096604430512
FB101835,99,2,64400.329999999994,32200.164999999997,0.0,0.0,0.0,0.9715148975168295,0.0,0.02848510248317051,0.0,0.0,0.0
FB101836,388,4,15325.44,3831.36,0.46639182953311614,0.2539150588824856,0.0,0.0,0.0,0.08408632965839806,0.19560678192600017,0.0,0.0
FB101837,8,8,126924.12000000001,15865.515000000001,0.40650760470113956,0.014344318479419043,0.2380473467139264,0.20461343360111536,0.0,0.13648729650439964,0.0,0.0,0.0
FB101838,4,7,37962.335,5423.190714285714,0.15618954945737662,0.13342027038115542,0.021254224746712763,0.0,0.0,0.5209534661131883,0.0,0.16818248930156696,0.0
FB101839,52,6,15135.550000000001,2522.5916666666667,0.0,0.0,0.0,0.03270644277875597,0.0,0.15335154652457292,0.3019995969753329,0.5119424137213382,0.0
FB101840,361,2,6949.79,3474.895,0.6842998133756559,0.0,0.0,0.0,0.0,0.0,0.31570018662434407,0.0,0.0
FB101841,27,5,62343.36,12468.672,0.0,0.0,0.0,0.1940424770176006,0.03933217587245859,0.0,0.1285455259389292,0.6380798211710117,0.0
FB101842,7,7,72825.33,10403.618571428571,0.19676656460053116,0.7174222210870861,0.0,0.0,0.0,0.0,0.046143697529417306,0.03966751678296549,0.0
FB101843,89,7,85511.57,12215.938571428573,0.581975632069438,0.0,0.10954751503217634,0.038610564628856654,0.0,0.19322145529546467,0.0,0.0,0.07664483297406421
FB101844,41,4,18754.2,4688.55,0.0,0.0,0.6163664672446706,0.0,0.0,0.0,0.0,0.31876646297895944,0.0648670697763701
FB101845,116,7,85580.3,12225.757142857143,0.0,0.10992868685900843,0.17200360363307912,0.0,0.0,0.020858538705753542,0.033764896827891466,0.6355761781624977,0.027868095811769765
FB101846,79,7,52942.729999999996,7563.2471428571425,0.01922794687769218,0.0,0.1981682848617742,0.6791497151733581,0.0,0.10345405308717552,0.0,0.0,0.0
FB101847,172,6,33253.15,5542.191666666667,0.0,0.0,0.18482970786226266,0.04416423707227736,0.0,0.4644251747578801,0.0,0.3065808803075799,0.0
FB101848,146,15,311631.7,20775.446666666667,0.023090205521453692,0.07579947739591318,0.2745683767087879,0.0,0.0,0.0,0.40845276651893886,0.21694156916642304,0.001147604688483232
FB101849,69,5,89099.75,17819.95,0.0,0.0,0.0,0.0,0.0,0.7179485913260139,0.0,0.2654946843285195,0.01655672434546674
FB101850,201,5,23173.300000000003,4634.660000000001,0.4277310525475439,0.2459248359102933,0.04407399895569469,0.0,0.0,0.0,0.0,0.282270112586468,0.0
FB101851,74,7,59975.83,8567.975714285714,0.15159440061104615,0.010273138362570388,0.1125946902277134,0.0,0.0,0.3217882937176526,0.06389057058485059,0.025582472139193402,0.3142764343569735
FB101852,6,8,170766.78,21345.8475,0.2170255245194645,0.049276036006534754,0.1453000402068833,0.01659204442456548,0.0,0.0,0.26756790752861886,0.0,0.30423844731393307
FB101853,18,7,73219.05,10459.864285714286,0.358782721163413,0.0,0.0,0.5095093421725629,0.0,0.0,0.03323069610982387,0.02808777223960157,0.07038946831459844
FB101854,104,5,66926.55,13385.310000000001,0.0,0.8897385267879488,0.03816437572234038,0.0,0.0,0.027147970424293497,0.0,0.04494912706541723,0.0
FB101855,284,3,20213.239999999998,6737.746666666666,0.16309112245241242,0.0,0.0,0.8369088775475877,0.0,0.0,0.0,0.0,0.0
FB101856,174,3,100919.1,33639.700000000004,0.0,0.7232071035116246,0.1039448429484607,0.0,0.0,0.0,0.17284805353991461,0.0,0.0
FB101857,106,6,161278.96000000002,26879.82666666667,0.10317942278397627,0.0,0.0,0.010071059485998669,0.0,0.8300688446899707,0.01097148691931049,0.0,0.04570918612074383
FB101858,67,7,132236.03,18890.86142857143,0.050378781032673174,0.08905447327781997,0.0,0.026903030891051404,0.0,0.0,0.012195844052487057,0.0,0.8214678707459684
FB101859,29,8,354058.15,44257.26875,0.002519190703560983,0.03809817681078659,0.08169934797433698,0.0,0.0,0.01669703126449709,0.0,0.0,0.8609862532468183
FB101860,64,6,98964.85,16494.141666666666,0.0,0.0,0.2971052853614187,0.2893406093173485,0.0,0.29322087589684614,0.10470010311741997,0.0,0.015633126306966564
FB101861,54,8,71843.01,8980.37625,0.5746606385228014,0.04994515124018329,0.2460024990601034,0.0,0.0,0.005149700715490624,0.12424201046142137,0.0,0.0
FB101862,70,8,38914.21,4864.27625,0.765703839291611,0.0,0.03007795866856863,0.002569755366998328,0.0,0.07108534388851785,0.13056310278430425,0.0,0.0
FB101863,15,7,84447.99,12063.998571428572,0.16228189682193736,0.0,0.0,0.054970402492705864,0.0,0.5319127192962201,0.11030588176225391,0.14052909962688276,0.0
FB101864,192,5,103317.1,20663.420000000002,0.24238930438426942,0.004601464810762208,0.0,0.0,0.0,0.08049199987223801,0.0,0.2736951579167437,0.3988220730159867
FB101865,182,8,166210.46,20776.3075,0.0394125014755389,0.43067668545048243,0.013087804461885249,0.0,0.0,0.009540675117558786,0.0,0.0,0.5072823334945346
FB101866,73,6,51240.14,8540.023333333333,0.0,0.0,0.03867944154719328,0.2563162395731159,0.0,0.5828139813825646,0.11303462480781669,0.0,0.009155712689309592
FB101867,69,10,107175.23000000001,10717.523000000001,0.0800661682741432,0.0728421109989687,0.0,0.6578972585363242,0.0,0.034668644984480086,0.0,0.0,0.1545258172060839
FB101868,37,3,46569.47,15523.156666666668,0.39649753368462215,0.0,0.0,0.26060099030545114,0.0,0.0,0.34290147600992665,0.0,0.0
FB101869,3,4,138621.26,34655.315,0.002899771651188281,0.8255082950479601,0.0,0.0,0.0,0.0,0.13636032452742095,0.0,0.03523160877343057
FB101870,79,4,25094.899999999998,6273.724999999999,0.743498081283448,0.0,0.03988459806574244,0.0,0.0,0.11004068555762325,0.10657663509318627,0.0,0.0
FB101871,83,4,8888.47,2222.1175,0.0,0.12849343025290066,0.10855186550666202,0.6455779228596148,0.0,0.0,0.0,0.0,0.11737678138082258
FB101872,49,4,56107.91,14026.9775,0.0,0.733893313794793,0.0,0.02739114680978136,0.0,0.17127478104245908,0.0,0.0,0.06744075835296663
FB101873,271,3,18472.9,6157.633333333334,0.2513584764709385,0.7121859588911325,0.0,0.0,0.03645556463792908,0.0,0.0,0.0,0.0
FB101874,137,11,81885.64,7444.149090909091,0.0,0.15345425644838337,0.05048162290726432,0.13230585973315956,0.012637869106231565,0.0,0.0,0.4944666732775123,0.15665371852744872
FB101875,151,4,6120.84,1530.21,0.0,0.1852311120695852,0.4195665954346135,0.0,0.0,0.3255811293874697,0.0,0.06962116310833154,0.0
FB101876,25,6,25126.95,4187.825,0.0,0.48167087529525077,0.0,0.0,0.0,0.052727450008855044,0.32441939829545574,0.1411822764004386,0.0
FB101877,2,6,100360.15999999999,16726.693333333333,0.0,0.7168374382822826,0.09021109571766328,0.04599723635354906,0.0,0.0,0.0,0.0567997300921003,0.09015449955440487
FB101878,22,10,56973.14,5697.314,0.104373218678135,0.08673069449919733,0.15391761802140447,0.11114781456665368,0.0,0.0,0.06672214310111747,0.477108511133492,0.0
FB101879,85,5,39206.22,7841.244000000001,0.0,0.0,0.2466103592746253,0.0,0.0,0.034809782733454024,0.0,0.7185798579919207,0.0
FB101880,131,6,61150.17,10191.695,0.17866360796707512,0.11899443615610553,0.026779484014517047,0.2809908786843928,0.0,0.0,0.3583770903662246,0.0,0.036194502811684744
FB101881,13,3,9999.41,3333.1366666666668,0.0,0.0,0.0,0.0,0.0,0.7055016245958512,0.0,0.29449837540414886,0.0
FB101882,216,7,105807.64,15115.377142857144,0.02004184196906764,0.0,0.0,0.27123050849636193,0.0,0.0,0.6945938875491411,0.0,0.014133761985429408
FB101883,138,9,110726.24,12302.915555555555,0.0,0.1067863407987122,0.04436130044694013,0.0,0.0,0.07813911137956096,0.7475704042691236,0.0,0.02314284310566312
FB101884,283,7,89295.15,12756.449999999999,0.010110963473380136,0.0,0.011505328116924604,0.05845849410634285,0.0,0.0,0.9199252143033525,0.0,0.0
FB101885,17,5,62116.59,12423.318,0.0,0.0,0.0,0.04299704797059851,0.0,0.3493548180928798,0.5517672492968465,0.0,0.055880884639675166
FB101886,115,5,16664.89,3332.978,0.0,0.09651608861504637,0.652912200440567,0.0,0.0,0.0,0.0,0.2097265568509603,0.04084515409342636
FB101887,6,11,491662.44,44696.58545454546,0.04945527260532653,0.007369812507947527,0.15342951558390347,0.0,0.0,0.011218021860689624,0.7663245538951482,0.0,0.0122028235469848
FB101888,38,6,31044.629999999997,5174.105,0.2163414413378417,0.0,0.4155179172694279,0.11076537230432447,0.0,0.0,0.0,0.21404506995251676,0.04333019913588921
FB101889,75,8,34959.38,4369.9225,0.09406373911665482,0.0,0.15029528555712374,0.14026049661063786,0.0,0.44479564568936864,0.15580968541204107,0.0,0.014775147614173936
FB101890,61,4,22317.239999999998,5579.3099999999995,0.0,0.17439477283033208,0.0,0.3837463772401964,0.0,0.0899793164387711,0.3518795334907005,0.0,0.0
FB101891,353,5,85595.06999999999,17119.014,0.027730802720296856,0.4966455427865179,0.0,0.07462836352607691,0.0,0.0,0.0,0.0,0.40099529096710823
FB101892,28,10,46397.57,4639.757,0.06837642574815879,0.09558582486108647,0.09571794384921452,0.0,0.0,0.14053731693276178,0.0,0.025927004366823523,0.5738554842419549
FB101893,115,5,61515.96,12303.192,0.0,0.009746901454516845,0.0,0.8167912847332627,0.0,0.14505373889962866,0.0,0.0,0.02840807491259179
FB101894,176,8,158954.45,19869.30625,0.0362437163602529,0.4109759745637823,0.0,0.0,0.0,0.0,0.035962314990237776,0.5155393887997474,0.001278605285979726
FB101895,235,3,24723.489999999998,8241.163333333332,0.10580747297408255,0.0,0.0,0.0,0.0,0.0,0.560118737281832,0.33407378974408547,0.0
FB101896,208,4,48835.9,12208.975,0.560971334612447,0.0,0.0,0.0,0.0,0.0,0.0,0.43902866538755303,0.0
FB101897,99,3,9374.16,3124.72,0.0,0.0,0.7562778958328,0.0,0.0,0.0,0.056887230429179786,0.18683487373802027,0.0
FB101898,154,5,48799.05,9759.810000000001,0.14305688327949007,0.19928994519360518,0.55587926404305,0.0,0.0,0.0,0.0,0.1017739074838547,0.0
FB101899,467,3,97345.68,32448.559999999998,0.0,0.0,0.0,0.07589889967382221,0.0,0.0,0.0,0.0,0.9241011003261779
FB101900,52,8,259852.53,32481.56625,0.05843691419898817,0.0,0.03310773999391116,0.01039739732378207,0.0,0.0296250338605516,0.0,0.868432914622767,0.0
FB101901,143,4,46855.12,11713.78,0.1067951592056535,0.0,0.0,0.22303581764383487,0.0,0.0,0.6701690231505116,0.0,0.0
FB101902,127,3,26817.55,8939.183333333332,0.0,0.0,0.45268154622625856,0.0,0.0,0.41588810312649743,0.0,0.0,0.13143035064724407
FB101903,112,9,61988.37,6887.596666666667,0.055190191321372054,0.09195482959142175,0.058832003487105725,0.0,0.02217609529013265,0.13140448764824755,0.572067308754852,0.03665800536455467,0.03171707854231366
FB101904,206,7,71008.0,10144.0,0.0,0.00969130238846327,0.14002999662009916,0.20847496056782333,0.0,0.5324966200991437,0.08041460117169896,0.0,0.028892519152771516
FB101905,19,7,66404.31,9486.33,0.02267443182528363,0.3186559727824896,0.0,0.0,0.0,0.2752729453856233,0.0,0.36552190663527717,0.01787474337132635
FB101906,10,8,79949.15999999999,9993.644999999999,0.12192998650642484,0.16497771834000508,0.0,0.0,0.0,0.1843321430769254,0.09774386622698725,0.0,0.43101628584965745
FB101907,320,8,165974.71000000002,20746.838750000003,0.0,0.0,0.0,0.2199056711712284,0.0,0.0,0.0,0.23348207687785685,0.5466122519509147
FB101908,143,4,30170.819999999996,7542.704999999999,0.8365960885385283,0.0,0.005963377859799634,0.0,0.0,0.0,0.0,0.15744053360167207,0.0
FB101909,225,4,16154.060000000001,4038.5150000000003,0.0,0.0,0.0,0.0,0.0,0.6539736759675276,0.19223835989218807,0.0,0.15378796414028423
FB101910,249,5,85197.14000000001,17039.428000000004,0.0,0.007977967335523235,0.0,0.5063254470748666,0.0,0.3322819287126305,0.0,0.09064154031461619,0.06277311656236348
FB101911,144,7,31182.55,4454.65,0.15025839772565106,0.3129891557938655,0.24672549230258592,0.0,0.0,0.19196986776257877,0.0,0.09805708641531884,0.0
FB101912,170,5,33060.380000000005,6612.076000000001,0.23547400241618513,0.0,0.24749715520511256,0.48861658577427114,0.0,0.0,0.0,0.0,0.02841225660443104
FB101913,57,2,25411.01,12705.505,0.0,0.0,0.0,0.23334373564844532,0.0,0.0,0.0,0.0,0.7666562643515547
FB101914,135,3,36393.72,12131.24,0.984587725574632,0.0,0.0,0.0,0.0,0.0,0.015412274425367892,0.0,0.0
FB101915,142,8,75488.72,9436.09,0.0,0.18330963884405513,0.181075132814545,0.30337274231169903,0.08579811659278366,0.0,0.00835979203250499,0.23808457740441222,0.0
FB101916,500,2,8957.07,4478.535,0.2084922859819115,0.7915077140180885,0.0,0.0,0.0,0.0,0.0,0.0,0.0
FB101917,131,5,58108.17,11621.634,0.15483812345148712,0.0,0.0,0.0,0.0,0.6248419112148945,0.0,0.062143068694126835,0.1581768966394915
FB101918,256,5,56674.02,11334.804,0.0,0.0877959601242333,0.08504831667137783,0.15968957204729786,0.0,0.011949390567318148,0.0,0.0,0.6555167605897728
FB101919,135,7,40733.06,5819.0085714285715,0.484825348255201,0.0,0.0,0.01758178737369596,0.09155781569074359,0.16718827409480164,0.04307778497367986,0.109215708321447,0.08655328129043093
FB101920,243,5,38427.16,7685.432000000001,0.1380648478836323,0.414815979114772,0.0,0.16945956974181806,0.0,0.0,0.1818549692457106,0.0,0.09580463401406715
FB101921,173,4,8806.68,2201.67,0.0,0.04110289007889466,0.0,0.0,0.0,0.0,0.7715313829956352,0.1873657269254702,0.0
FB101922,205,3,40934.74,13644.913333333332,0.6558512402912539,0.2915130278096307,0.0,0.0,0.0,0.0,0.0,0.0,0.05263573189911552
FB101923,24,8,226307.74,28288.4675,0.0,0.9251843529523118,0.005916412757248163,0.0,0.0,0.0,0.05293919686529503,0.0,0.015960037425145072
FB101924,140,6,22084.81,3680.8016666666667,0.1945735553079243,0.0,0.0,0.0,0.0,0.45699283806380947,0.06260637967906447,0.2858272269492017,0.0
FB101925,65,6,138886.79,23147.798333333336,0.0,0.0,0.0,0.0,0.0,0.0,0.6842732847378791,0.05819156739096642,0.2575351478711546
FB101926,145,10,156534.04,15653.404,0.0,0.01598227452635861,0.01686316918671491,0.059985610797498104,0.0,0.049514469823943724,0.836467774038158,0.021186701627326554,0.0
FB101927,71,7,101725.16,14532.165714285715,0.005188981762230701,0.06434268572298142,0.0,0.058495066510585975,0.0,0.04707911002548435,0.2273871085580008,0.0,0.5975070474207167
FB101928,103,3,62753.99,20917.996666666666,0.0,0.0,0.0,0.44101068314540637,0.0,0.0,0.5109812141028802,0.0,0.04800810275171347
FB101929,35,8,46774.5,5846.8125,0.07526836203486942,0.0,0.1746742348929438,0.37367155180707434,0.0,0.0,0.06821302205261415,0.07717730814867074,0.23099552106382754
FB101930,39,8,553123.4041500111,69140.42551875139,0.0,0.0005965938116596207,0.8520463618317526,0.0025452367219272213,0.0,0.023510739018508656,0.09915438325066017,0.0,0.022146685365491695
FB101931,115,9,90180.13,10020.014444444445,0.0444688868822877,0.0,0.004744393249377662,0.0,0.0,0.14513707176957938,0.1228486807459692,0.11937940209223472,0.5634215652605513
FB101932,201,3,24853.995000000003,8284.665,0.0,0.2037879624583492,0.0,0.0,0.0,0.0,0.0,0.6864506088457811,0.10976142869586962
FB101933,110,3,8114.0,2704.6666666666665,0.0,0.4296672418042889,0.0,0.0,0.3859711609563717,0.0,0.0,0.0,0.18436159723933943
FB101934,72,6,56120.04,9353.34,0.19604084387680407,0.21029493207773908,0.08909027862417775,0.0,0.0,0.0,0.0,0.0,0.5045739454212791
FB101935,16,5,27589.260000000002,5517.852000000001,0.0,0.39890595108386384,0.05048413766806359,0.078878157659901,0.0,0.0,0.46043424144032863,0.0,0.011297512147843037
FB101936,26,2,102485.41,51242.705,0.00579438575695799,0.0,0.0,0.0,0.0,0.0,0.994205614243042,0.0,0.0
FB101937,152,9,503926.9141500111,55991.87935000123,0.0,0.9863167856163615,0.0,0.0012628021685909905,0.0,0.0,0.0005998290456659731,0.0,0.011820583169381544
FB101938,132,6,16172.619999999999,2695.4366666666665,0.0,0.10959263248626383,0.345438772443797,0.0,0.0,0.0,0.0,0.3376515369804027,0.20731705808953654
FB101939,287,2,26741.66,13370.83,0.0,0.44383071207995317,0.0,0.0,0.0,0.0,0.5561692879200468,0.0,0.0
FB101940,34,7,78713.99,11244.855714285715,0.0,0.13465789245342538,0.07276114449286589,0.1635286179750258,0.07276114449286589,0.539866674272261,0.0,0.0,0.016424526313556207
FB101941,21,3,43597.15,14532.383333333333,0.0,0.0,0.0,0.0703706549625377,0.0,0.0,0.6351194974900882,0.2945098475473741,0.0
FB101942,23,6,48878.880000000005,8146.4800000000005,0.019176175886190517,0.0,0.5978305967730848,0.0,0.0,0.0,0.28893133394218523,0.0940618933985394,0.0
FB101943,43,8,33694.33,4211.79125,0.0,0.03630521811830061,0.3086976354775417,0.0,0.0,0.02646498683903197,0.0,0.17279613513608966,0.45573602442903594
FB101944,78,5,46312.76,9262.552,0.0,0.0,0.0,0.17860390959208647,0.27393422460678224,0.0,0.2937646126035244,0.2536972531976069,0.0
FB101945,42,9,125873.22,13985.913333333334,0.0708345269947015,0.32385721124795247,0.2926651912138261,0.0,0.0,0.12388711435204407,0.009406687141236237,0.0666100382591309,0.1127392307911087
FB101946,40,6,203877.22,33979.53666666667,0.00978466353425851,0.0,0.05464347610782607,0.0,0.0,0.7826305459727183,0.06629082935307828,0.08665048503211885,0.0
FB101947,84,5,30858.92,6171.784,0.0,0.0,0.004732505220532669,0.0,0.0,0.8376942550160537,0.0,0.0,0.15757323976341364
FB101948,34,8,116599.93999999999,14574.992499999998,0.0,0.009420931091388213,0.018001810292526742,0.020658158143134552,0.0,0.5676144430263,0.2335604117806579,0.14136876914344898,0.009375476522543667
FB101949,37,3,40742.10999999999,13580.703333333331,0.9184968574283462,0.0,0.0,0.0,0.0,0.04697277583316131,0.034530366738492434,0.0,0.0
FB101950,236,5,28948.72,5789.744000000001,0.0,0.06765135038785826,0.05713551410908669,0.0,0.0,0.6374364738751834,0.0,0.04229651604630533,0.1954801455815663
FB101951,33,5,12800.289999999999,2560.058,0.4905826352371704,0.07167103245317098,0.1537933906184938,0.2839529416911648,0.0,0.0,0.0,0.0,0.0
FB101952,64,5,71679.70999999999,14335.942,0.0,0.16463026984902698,0.0,0.5464846328200825,0.0,0.0,0.04190572199580606,0.0,0.24697937533508435
FB101953,52,4,45869.119999999995,11467.279999999999,0.0,0.0,0.5808892780153619,0.11642952818802715,0.0,0.0,0.0,0.0,0.30268119379661085
FB101954,31,7,126608.02,18086.86,0.02343666696627907,0.0,0.0,0.14336493059444416,0.0,0.19970614815712306,0.1653613254515788,0.46813092883057483,0.0
FB101955,16,8,61375.16,7671.895,0.11194284462965148,0.02925450622043185,0.0649818265239553,0.0,0.0,0.0,0.34757025480666776,0.25941390621222005,0.1868366616070736
FB101956,14,5,52387.7,10477.539999999999,0.029167151831441352,0.8628038642658487,0.0,0.0,0.0,0.0,0.0,0.022620004313989736,0.08540897958872026
FB101957,11,8,101818.36,12727.295,0.013700967094736154,0.42552659461417364,0.2750489204501035,0.0,0.0,0.0,0.0,0.015681258272083737,0.2700422595689029
FB101958,27,5,24533.18,4906.636,0.0,0.019864118715959368,0.040686939075977924,0.0,0.0,0.0,0.37477938041460596,0.564669561793457,0.0
FB101959,8,11,101993.89,9272.171818181818,0.04933815153044953,0.031080881413582714,0.1293706907345136,0.03109921584518445,0.0,0.3152082933595336,0.44390276711673604,0.0,0.0
FB101960,61,5,13351.369999999999,2670.274,0.0,0.0,0.5565548703990677,0.0,0.0,0.24654174066032175,0.0,0.0,0.19690338894061057
FB101961,131,2,5737.07,2868.535,0.0,0.0,0.7479148764090381,0.25208512359096197,0.0,0.0,0.0,0.0,0.0
FB101962,99,7,202690.24,28955.74857142857,0.0,0.0,0.0,0.0,0.0,0.2078174065016648,0.715304792179436,0.009750099462115197,0.06712770185678403
FB101963,6,6,362669.52999999997,60444.92166666666,0.004354322239312468,0.0,0.007510115338335703,0.02908082738574702,0.0,0.0634577986190348,0.0,0.0,0.89559693641757
FB101964,6,10,103784.27,10378.427,0.08119602325092234,0.0,0.0,0.1350744192737493,0.0,0.0,0.07450396866500097,0.37215023047326923,0.33707535833705826
FB101965,122,2,7703.725,3851.8625,0.0,0.6574670045984247,0.0,0.3425329954015752,0.0,0.0,0.0,0.0,0.0
FB101966,86,9,112956.59999999999,12550.733333333332,0.09030486045082803,0.07408872080073232,0.07827856008413853,0.0,0.0,0.0,0.1879020792056418,0.5327755084696246,0.036650270989034735
FB101967,247,6,53449.7,8908.283333333333,0.08036733601872416,0.09502448096060408,0.0,0.0,0.0,0.789142876386584,0.0,0.0,0.03546530663408775
FB101968,38,4,27137.27,6784.3175,0.0,0.0,0.0,0.0,0.0,0.0,0.1854353809355178,0.22488297459545492,0.5896816444690274
FB101969,256,6,66619.39,11103.231666666667,0.07331979473243451,0.0,0.1339742078094681,0.026823571936038442,0.0,0.0,0.0,0.005786303357025635,0.7600961221650333
FB101970,50,6,51844.729999999996,8640.788333333332,0.0,0.0,0.0,0.5060122793579984,0.0,0.0,0.0,0.38556956512262675,0.10841815551937488
FB101971,380,2,7569.61,3784.805,0.0,0.0,0.0,0.18150869067230677,0.0,0.0,0.8184913093276932,0.0,0.0
FB101972,54,5,31492.59,6298.518,0.04304758674977194,0.06636259513745932,0.0,0.0,0.0,0.0,0.7993883640564337,0.0,0.09120145405633517
FB101973,3,4,490416.0641500111,122604.01603750278,0.0,0.0,0.0,0.0,0.0,0.01758443621733023,0.0,0.9824155637826698,0.0
FB101974,80,8,82872.29,10359.03625,0.0,0.16324588110211505,0.01037415522124464,0.337737378802975,0.0,0.03197148286839908,0.18138499611872677,0.12284624933135066,0.1524398565551887
FB101975,146,3,11388.26,3796.0866666666666,0.0,0.14493346656995887,0.0,0.6762604647241983,0.17880606870584265,0.0,0.0,0.0,0.0
FB101976,1,6,46813.25,7802.208333333333,0.04229998985330008,0.0,0.23481386146016356,0.5066238725147261,0.0,0.21626227617181035,0.0,0.0,0.0
FB101977,58,6,137228.7,22871.45,0.023736215529258822,0.0,0.0,0.16233666864147225,0.0,0.035573389531490134,0.07013620328692177,0.49161159436765056,0.21660592864320657
FB101978,222,4,42860.259999999995,10715.064999999999,0.5685497474816998,0.0,0.0,0.20227828762588004,0.07087661157445149,0.0,0.15829535331796868,0.0,0.0
FB101979,31,6,16460.18,2743.3633333333332,0.0,0.0,0.18987884701139357,0.4067075815695818,0.0,0.0,0.0,0.31131555061973804,0.09209802079928653
FB101980,210,3,27367.83,9122.61,0.4668532360804638,0.0,0.0,0.028999376274991474,0.0,0.0,0.5041473876445447,0.0,0.0
FB101981,20,5,28112.56,5622.512000000001,0.0,0.0,0.17243964975085868,0.26126222585207465,0.0,0.0,0.34334831121747716,0.0,0.22294981317958945
FB101982,48,8,23084.879999999997,2885.6099999999997,0.49264843481967413,0.004331839714999601,0.0,0.31325352351842417,0.0,0.0,0.0,0.0,0.18976620194690202
FB101983,25,9,33156.31,3684.034444444444,0.009355383635875042,0.009355383635875042,0.0,0.24209117359561425,0.0,0.0,0.24467378909172946,0.2849361102004415,0.20958815984046478
FB101984,318,2,8915.52,4457.76,0.0,0.0,0.0,0.0,0.8323507770718925,0.16764922292810738,0.0,0.0,0.0
FB101985,106,9,58708.39,6523.154444444444,0.0,0.3229114271401413,0.13850967468193218,0.0,0.0,0.31672457718564584,0.20336752549337497,0.01848679549890569,0.0
FB101986,135,7,155134.07,22162.010000000002,0.10260131768605052,0.015888128249326533,0.0,0.8074922549250464,0.0,0.0,0.06068963445618361,0.0,0.013328664683392886
FB101987,291,5,69197.98,13839.596,0.0,0.162273667526133,0.23307385562410926,0.0,0.0,0.0,0.6046524768497578,0.0,0.0
FB101988,34,6,39815.33,6635.888333333333,0.10664208986839993,0.0,0.0,0.0,0.0,0.5835948113452784,0.0,0.19008457295217696,0.11967852583414477
FB101989,181,5,28041.66,5608.332,0.0,0.0,0.6409089190868158,0.0,0.0,0.0,0.08642355695062276,0.0,0.27266752396256144
FB101990,43,6,32162.16,5360.36,0.0,0.0,0.6631451370181605,0.0,0.0,0.05539926422852196,0.0,0.08070229113964983,0.20075330761366775
FB101991,218,5,70538.31,14107.662,0.1581483877342681,0.1624907089495056,0.07952005087731759,0.0,0.0,0.05082131964885465,0.5490195327900541,0.0,0.0
FB101992,45,4,47772.479999999996,11943.119999999999,0.0,0.13985562399105092,0.14855540260836364,0.0,0.0,0.0,0.3269260879904079,0.0,0.38466288541017757
FB101993,440,3,41167.64,13722.546666666667,0.0,0.0,0.0,0.0,0.0,0.0,0.1222370288896813,0.8777629711103188,0.0
FB101994,324,6,27880.88,4646.8133333333335,0.6351176863857956,0.0,0.17371295310621473,0.11760496799240196,0.0,0.0,0.0,0.0,0.07356439251558775
FB101995,123,10,127130.25,12713.025,0.13672505166944923,0.19513569744415668,0.3576997606785167,0.0,0.0,0.04492770210079819,0.0,0.15176608242334141,0.11374570568373774
FB101996,137,3,67826.55,22608.850000000002,0.0,0.0,0.0,0.0,0.0,0.0,0.6259920340928441,0.23759250617936487,0.13641545972779096
FB101997,124,6,45724.69,7620.781666666667,0.46273643407970616,0.0,0.09883850497400856,0.0,0.0,0.2677076651585828,0.0,0.17071739578770243,0.0
FB101998,13,6,44774.03,7462.338333333333,0.8189988705506295,0.13521409620710934,0.0,0.0,0.0,0.016994002996826504,0.028793030245434684,0.0,0.0
FB101999,59,16,197788.30000000002,12361.768750000001,0.012658332166260592,0.5250407127216321,0.1493269824352603,0.0148396543172675,0.04417253194450834,0.21800834528634908,0.012123113450087795,0.012145915607748284,0.01168441207088589
FB102000,58,6,78988.29,13164.714999999998,0.4661563125369596,0.0,0.08400156529531151,0.0,0.0,0.13222099123806832,0.25163995827735985,0.06598117265230075,0.0
FB102001,74,5,46931.060000000005,9386.212000000001,0.0,0.8607263505235127,0.0,0.08521904257010177,0.0,0.032576506901825786,0.0,0.02147810000455988,0.0
FB102002,27,5,102294.42,20458.884,0.1068665328959292,0.0,0.0,0.0,0.0,0.04772195785459264,0.7514830232186662,0.0,0.09392848603081184
FB102003,132,4,10674.439999999999,2668.6099999999997,0.0,0.0,0.4108833812359243,0.0,0.0,0.0,0.359239454247717,0.0,0.22987716451635873
FB102004,46,7,94244.31,13463.472857142857,0.1172202332427284,0.0,0.0,0.08923923364710293,0.0,0.0,0.6526499053364602,0.0,0.14089062777370856
FB102005,20,6,75040.87,12506.811666666666,0.06657532088847051,0.0,0.0,0.07907357683886128,0.0,0.0,0.7549832511270193,0.09936785114564903,0.0
FB102006,187,8,141117.18999999997,17639.648749999997,0.1418815099705429,0.10407428039064552,0.026479764796903907,0.5175111550903189,0.0,0.0,0.0,0.00614623916476795,0.2039070505868208
FB102007,60,7,39945.42,5706.488571428571,0.0,0.2892041190204034,0.11124279078803027,0.0,0.0,0.26464335585906973,0.1524702957185079,0.054974012039427804,0.127465426574561
FB102008,47,3,23275.86,7758.62,0.0,0.818952769092098,0.0,0.0,0.0,0.0,0.0,0.0,0.18104723090790198
FB102009,279,6,98970.73999999999,16495.123333333333,0.4859032073519911,0.03224064001138115,0.002471841677651395,0.0,0.0,0.0,0.0,0.47938431095897643,0.0
FB102010,287,5,511340.7841500111,102268.15683000222,0.0,0.05386448891571248,0.9194758539191342,0.0,0.0,0.0,0.007927413821954794,0.0,0.018732243343198604
FB102011,58,7,63770.9,9110.128571428571,0.05928315266053953,0.0,0.004407182586414807,0.17164459024413958,0.0,0.6321336220752726,0.06806317615087759,0.06446827628275593,0.0
FB102012,15,7,40604.38,5800.625714285714,0.0,0.0,0.0,0.5391504561823134,0.0,0.020059904867405928,0.0,0.04030993700679581,0.40047970194348487
FB102013,70,6,21907.059999999998,3651.1766666666663,0.0,0.0,0.058298101160082653,0.3640766949102253,0.0,0.23124645662174664,0.22970722680268368,0.0,0.11667152050526178
FB102014,152,8,61819.02,7727.3775,0.0,0.019515353041830816,0.0,0.4339295576021749,0.0,0.12382693869944882,0.3430423193379643,0.07968583131858124,0.0
FB102015,58,8,22894.78,2861.8475,0.0,0.07208848479871832,0.24981677046034076,0.05129990329673402,0.0,0.22526969029621602,0.0,0.0,0.401525151147991
FB102016,46,5,15778.619999999999,3155.7239999999997,0.4171194946072597,0.0,0.0,0.39113433240676304,0.0,0.0,0.0,0.0,0.19174617298597724
FB102017,15,6,492979.9341500111,82163.32235833518,0.0,0.00033295472823454325,0.0,0.028269385901129356,0.0,0.0026075503503329984,0.0,0.01506872691037263,0.9537213821099305
FB102018,81,6,64654.56,10775.76,0.022154353846039632,0.0,0.04218403156714701,0.03750702193317842,0.0,0.0,0.6964565221695113,0.0,0.20169807048412364
FB102019,96,7,20095.21,2870.7442857142855,0.43863935733938586,0.0,0.26391363912096466,0.1370336513029722,0.0,0.0,0.0,0.0,0.1604133522366773
FB102020,259,6,30021.479999999996,5003.579999999999,0.0,0.4630477911148951,0.05808008132843552,0.0,0.0,0.32450798561563254,0.0,0.1543641419410369,0.0
FB102021,53,11,58640.11,5330.919090909091,0.03594570337606802,0.0,0.14786568442658107,0.04981914256299997,0.03468223371340879,0.43358087152292174,0.10718141558738549,0.0,0.1909249488106349
FB102022,170,2,25126.54,12563.27,0.0,0.13280141237114224,0.0,0.0,0.0,0.0,0.0,0.8671985876288578,0.0
FB102023,122,5,36823.51,7364.702,0.0,0.4347363953083234,0.056053320283699186,0.09045335439234337,0.0,0.418756930015634,0.0,0.0,0.0
FB102024,75,2,11620.130000000001,5810.0650000000005,0.0,0.0,0.4043070086135009,0.0,0.0,0.0,0.0,0.595692991386499,0.0
FB102025,36,7,88803.99,12686.284285714286,0.08995080063407061,0.30853782583417705,0.07849692339274396,0.07762950741289891,0.0,0.08457356476888032,0.36081137795722923,0.0,0.0
FB102026,7,5,27010.489999999998,5402.098,0.2115189320889773,0.0,0.0,0.0,0.19292652595343515,0.0,0.0,0.39556779606737974,0.19998674589020785
FB102027,69,6,74412.86,12402.143333333333,0.12361022006142484,0.029085698359127703,0.0,0.0,0.0,0.07477215631814177,0.0,0.6601579350666,0.11237399019470556
FB102028,102,4,23373.989999999998,5843.4974999999995,0.17683031437935928,0.0,0.6143183085130096,0.0,0.0,0.2088513771076312,0.0,0.0,0.0
FB102029,244,4,49039.479999999996,12259.869999999999,0.0,0.0,0.7198642807794862,0.17022917045613045,0.0,0.10990654876438331,0.0,0.0,0.0
FB102030,85,8,64224.43000000001,8028.053750000001,0.06355260762921523,0.15408980663588606,0.0,0.0,0.0,0.2554945213215594,0.26399595917005414,0.26286710524328516,0.0
FB102031,10,11,129750.09,11795.462727272727,0.0795345113055413,0.27178200801248,0.03749430925250226,0.0824470333700732,0.0,0.060488358813469804,0.3037043750798169,0.16454940416611658,0.0
FB102032,92,8,162215.08,20276.885,0.06085981648561897,0.08026448589120075,0.02670577852564632,0.03122403909673503,0.0,0.030093934546652507,0.761539740941471,0.0,0.009312204512675394
FB102033,162,6,56849.71,9474.951666666666,0.0,0.0,0.0,0.0,0.0,0.4610373562151856,0.04868186662693618,0.0,0.4902807771578782
FB102034,52,6,107891.65000000001,17981.94166666667,0.0,0.01190221856835075,0.0,0.8680973921522195,0.0,0.0,0.0,0.07870998358074976,0.041290405698680116
FB102035,3,5,177264.28,35452.856,0.0,0.0,0.048381884946025216,0.0,0.0,0.03958552732676882,0.0,0.19673534905058143,0.7152972386766245
FB102036,124,1,1236.51,1236.51,0.0,0.0,0.0,0.0,0.0,0.0,1.0,0.0,0.0
FB102037,49,13,181137.55,13933.657692307692,0.0,0.04183207733570428,0.26994049549637833,0.07657004304187619,0.08625638361565563,0.17903438574718497,0.010292785786271262,0.3360738289769294,0.0
FB102038,84,3,10524.279999999999,3508.093333333333,0.2732405447213491,0.26290919663862994,0.0,0.0,0.0,0.463850258640021,0.0,0.0,0.0
FB102039,106,7,75313.98,10759.14,0.06575538830904966,0.0,0.0,0.4044512054734061,0.08395891440075268,0.0,0.0,0.36187557741603876,0.08395891440075268
FB102040,35,8,65104.020000000004,8138.0025000000005,0.02238033841842639,0.0,0.0,0.06704009982793689,0.0,0.2381961974083935,0.011419724926356315,0.6425348235024504,0.018428815916436497
FB102041,44,8,260368.96999999997,32546.121249999997,0.024214444601443872,0.0,0.0,0.6372517815775053,0.0,0.0,0.03162104915958303,0.0033817777901875177,0.3035309468712804
FB102042,72,6,54236.909999999996,9039.484999999999,0.01890907870673311,0.1396233671866631,0.0,0.05834845679814724,0.0,0.0,0.7270935973306739,0.05602549997778266,0.0
FB102043,32,7,49269.28,7038.4685714285715,0.0,0.19277022111952924,0.0,0.0,0.0,0.11900315977826345,0.43647562943887147,0.09656260452760827,0.15518838513572758
FB102044,400,3,12857.27,4285.756666666667,0.0,0.531613631820752,0.0,0.0,0.468386368179248,0.0,0.0,0.0,0.0
FB102045,158,6,67649.53,11274.921666666667,0.0,0.01390135304709434,0.0,0.0,0.0,0.6708844836024729,0.03455559853852643,0.2806585648119063,0.0
FB102046,32,3,26441.58,8813.86,0.0,0.0,0.15470633751840848,0.0,0.0,0.0,0.31285271152480293,0.5324409509567885,0.0
FB102047,219,5,25859.03,5171.806,0.0,0.0,0.11117431705674963,0.19587006937228504,0.0,0.30999925364563174,0.0,0.0,0.3829563599253336
FB102048,171,5,37852.07,7570.414,0.0,0.0,0.11614529931916538,0.0,0.0,0.0,0.0,0.23690540570172253,0.6469492949791121
FB102049,149,4,45664.479999999996,11416.119999999999,0.0,0.0,0.08267322873270429,0.510351809546501,0.0,0.0,0.40697496172079484,0.0,0.0
FB102050,20,4,9079.51,2269.8775,0.0,0.4457740560889299,0.0,0.021615703931159278,0.18491526525109836,0.0,0.34769497472881244,0.0,0.0
FB102051,77,7,112939.0,16134.142857142857,0.0,0.14364524212185337,0.0,0.5071365073181097,0.06277857958721078,0.18331329301658417,0.0,0.0,0.10312637795624185
FB102052,86,5,60836.65,12167.33,0.0,0.09011393625388643,0.0,0.7700695222370069,0.0,0.0,0.1285419233307554,0.0,0.011274618178351372
FB102053,147,8,77090.53,9636.31625,0.046950124742948324,0.0,0.16210616271544637,0.03259751878732706,0.0,0.0,0.3795261233772812,0.01218009527240246,0.36663997510459456
FB102054,49,5,14834.670000000002,2966.934,0.05952002976810405,0.0,0.0,0.0,0.0,0.0,0.29223905890727603,0.3432101961149119,0.3050307152097081
FB102055,269,2,27335.76,13667.88,0.6212561860361665,0.0,0.0,0.0,0.3787438139638335,0.0,0.0,0.0,0.0
FB102056,74,4,26270.91,6567.7275,0.848482599194318,0.0,0.0,0.0,0.0,0.0,0.0,0.0,0.15151740080568202
FB102057,531,2,5395.76,2697.88,0.0,0.0,0.0,0.3740881729357866,0.0,0.0,0.0,0.6259118270642133,0.0
FB102058,72,6,142237.7,23706.283333333336,0.0,0.02735568699437632,0.0,0.02962632269785015,0.0,0.0,0.009550843412119292,0.9334671468956544,0.0
FB102059,457,3,9099.24,3033.08,0.6609727845402472,0.0,0.0,0.0,0.0,0.2858876125918208,0.05313960286793182,0.0,0.0
FB102060,61,9,164562.22,18284.69111111111,0.0,0.16582961751488284,0.539910618609788,0.0,0.0,0.09161543882915534,0.0,0.012095668130874756,0.19054865691529932
FB102061,2,6,71046.75,11841.125,0.03469954642541707,0.0,0.09209597905604408,0.6254041177112254,0.0,0.046331746350114535,0.0,0.0,0.20146861045719897
FB102062,9,5,91931.22,18386.244,0.08870871070785312,0.0,0.0,0.6049108235483005,0.0,0.3063804657438463,0.0,0.0,0.0
FB102063,64,7,367688.97,52526.99571428571,0.539054135890995,0.36116683075916034,0.0,0.013775256842760335,0.0,0.0036441941676955934,0.0,0.08235958233938863,0.0
FB102064,294,5,66716.95999999999,13343.391999999998,0.13689562593979102,0.0,0.0,0.0,0.0,0.34360063767893495,0.21602048414675964,0.0,0.3034832522345142
FB102065,66,8,151111.35,18888.91875,0.0,0.50601963386602,0.42681843554438503,0.028325536103012784,0.003438987210424631,0.004932124555832504,0.0,0.0,0.030465282720325112
FB102066,55,7,63038.909999999996,9005.558571428572,0.1837956906298031,0.0,0.17803226610358586,0.459362479459115,0.0,0.1317157926747147,0.0,0.0,0.04709377113278133
FB102067,174,7,97853.62,13979.08857142857,0.0,0.0,0.0,0.8409806402665532,0.0,0.022567586155729343,0.0,0.03593949820149729,0.1005122753762201
FB102068,190,6,41212.55,6868.758333333334,0.0,0.0,0.0,0.16192373439643992,0.04058084248608738,0.0,0.30317997794361184,0.37794919266097343,0.11636625251288747
FB102069,218,5,29848.0,5969.6,0.0,0.03593272581077459,0.0,0.17178068882337177,0.0,0.3001561243634414,0.4538340927365318,0.03829636826588046,0.0
FB102070,382,2,8828.89,4414.445,0.0,0.0,0.0,0.0,0.0,0.0,0.0,1.0,0.0
FB102071,134,10,99454.74,9945.474,0.48358791144595026,0.0,0.13910096190488258,0.28847021268166806,0.0,0.0,0.0,0.0,0.08884091396749919
FB102072,107,7,45064.87,6437.838571428571,0.0,0.01653993454324843,0.0,0.4360913500915458,0.0,0.08372197678590884,0.0,0.0,0.4636467385792969
FB102073,149,5,20922.71,4184.5419999999995,0.500928894966283,0.023279489129276274,0.0,0.0,0.0,0.0,0.0,0.43416125348962925,0.04163036241481147
FB102074,63,10,46808.82,4680.882,0.0,0.038743553031244965,0.02684365895145402,0.03752562017158305,0.03130734763234792,0.3746174332102369,0.34167876908668066,0.0,0.1492836179164525
FB102075,58,12,65373.770000000004,5447.814166666667,0.0,0.11563276831059308,0.06292539041269916,0.18392483713269098,0.0,0.0,0.4636959135139368,0.13057576456122996,0.04324532606884994
FB102076,46,2,29199.64,14599.82,0.0,0.0,0.0,0.0,0.0,0.670487718341733,0.0,0.0,0.329512281658267
FB102077,108,6,102121.97,17020.328333333335,0.0,0.5389048017777174,0.0,0.1911865781672641,0.0,0.0,0.0,0.26990862005501853,0.0
FB102078,245,6,78750.5,13125.083333333334,0.0,0.0,0.11795671138595945,0.04580961390721329,0.0,0.6983509945968597,0.041966590688313085,0.04831804242512746,0.047598046996527005
FB102079,43,5,515803.7641500111,103160.75283000222,0.020666328439006548,0.0,0.0,0.0,0.0,0.0,0.9694623593413347,0.0,0.00987131221965878
FB102080,237,6,35646.0,5941.0,0.0,0.0,0.30412977613196435,0.0,0.0,0.0,0.07442658362789654,0.06017757953206531,0.5612660607080738
FB102081,153,8,55702.909999999996,6962.8637499999995,0.0,0.0,0.523399764931491,0.1883117057977761,0.0,0.1363855137909312,0.11824014221160078,0.03366287326820089,0.0
FB102082,3,6,22555.98,3759.33,0.00892224589665357,0.11482808550105114,0.26253924679840995,0.05784541394344204,0.0,0.49831751934520246,0.05754748851524074,0.0,0.0
FB102083,583,3,89209.82,29736.60666666667,0.0,0.0,0.5240399543458332,0.0,0.0,0.0,0.4759600456541667,0.0,0.0
FB102084,344,4,24508.96,6127.24,0.15039153028117064,0.0,0.0,0.14885739745790927,0.1618130675475418,0.0,0.0,0.0,0.5389380047133783
FB102085,52,6,51694.979999999996,8615.83,0.1743668340717029,0.0,0.6926943389861067,0.0,0.0,0.025861311872061855,0.0,0.10707751507012868,0.0
FB102086,159,8,72144.3,9018.0375,0.0,0.0,0.0,0.11808112352604434,0.0,0.011636400935347629,0.4177505360783873,0.45253193946022063,0.0
FB102087,283,5,64452.380000000005,12890.476,0.3349750622087191,0.0,0.18976196069097837,0.0,0.0,0.3956365924733889,0.0,0.0,0.07962638462691368
FB102088,311,5,29643.79,5928.758,0.013199391845644568,0.49140308982083597,0.025359780244024126,0.0,0.0,0.30031618763997453,0.16972155044952078,0.0,0.0
FB102089,580,1,1426.62,1426.62,1.0,0.0,0.0,0.0,0.0,0.0,0.0,0.0,0.0
FB102090,391,6,52724.58,8787.43,0.0,0.04659306911501238,0.0,0.032429656148991605,0.0,0.5785153717677788,0.054868526216804374,0.16113205643364062,0.12646132031777207
FB102091,186,4,111900.55,27975.1375,0.039275499539546496,0.0,0.0,0.0,0.8231073037621353,0.0,0.0,0.06242444742228702,0.07519274927603127
FB102092,30,9,62323.149999999994,6924.794444444444,0.033151244762179066,0.035028396350312845,0.033618486870448626,0.030759838037711512,0.0,0.5767832659292734,0.16501091488475791,0.1117157910022199,0.0139320621630967
FB102093,128,8,43675.68,5459.46,0.3441997926534859,0.10716833716155076,0.014963476241239976,0.0,0.0,0.10253463712528346,0.3839660882211794,0.0,0.047167668597260536
FB102094,36,4,25231.76,6307.94,0.1048480169437249,0.0,0.0,0.06525069991154006,0.0,0.0,0.8299012831447351,0.0,0.0
FB102095,2,8,25838.04,3229.755,0.02041718334672444,0.0627381179067762,0.0,0.3088999784813399,0.0,0.1591858360773495,0.07659907640053193,0.0,0.3721598077872779
FB102096,16,3,4903.55,1634.5166666666667,0.0,0.3053175760418472,0.0,0.18319992658380152,0.0,0.0,0.5114824973743513,0.0,0.0
FB102097,80,5,48747.34,9749.467999999999,0.25787232698235435,0.0,0.0,0.0,0.0,0.0,0.05382385992753656,0.6883038130901091,0.0
FB102098,78,5,543755.9141500111,108751.18283000223,0.0,0.016501871090499137,0.005356281971760767,0.0,0.0,0.8646627869509518,0.0986440765133495,0.0,0.014834983473438758
FB102099,68,8,51309.524999999994,6413.690624999999,0.0,0.09871354295328205,0.010750050794662395,0.028410709317616953,0.0,0.8062803153995286,0.0,0.055845381534909935,0.0
FB102100,302,4,88137.02,22034.255,0.6160202602720174,0.33140796001498574,0.0,0.0,0.0,0.0,0.0,0.05009268523033795,0.0024790944826589326
FB102101,59,9,197178.52,21908.724444444444,0.038130218240810414,0.006337607159238238,0.13127256457752093,0.008659766794070673,0.0,0.0,0.13383749913530135,0.39794212878765906,0.2838202153053994
FB102102,68,8,33970.21,4246.27625,0.2670042369476079,0.0,0.0,0.6485567796018924,0.0,0.0,0.06966456786696344,0.014774415583536281,0.0
FB102103,15,4,27760.5,6940.125,0.0,0.0,0.15322310477116768,0.6836361016552296,0.0,0.0,0.0,0.0,0.16314079357360278
FB102104,69,10,631296.9641500111,63129.696415001104,0.005775601986157493,0.0,0.004282960561422102,0.017139017949449473,0.0,0.0,0.9446865231689878,0.0,0.02811589633398317
FB102105,71,6,50560.009999999995,8426.668333333333,0.0,0.06867166363297793,0.0,0.14991788965231614,0.0,0.0,0.0,0.3307424187613887,0.4506680279533173
FB102106,191,4,23462.39,5865.5975,0.823424638325422,0.0,0.035306292325717886,0.04902313873394825,0.0,0.0,0.0,0.0,0.09224593061491178
FB102107,136,7,94201.51999999999,13457.359999999999,0.034667168852477115,0.052953391834866366,0.019782589495371202,0.0,0.8078591513173037,0.0459986208290482,0.038739077670933555,0.0,0.0
FB102108,181,7,74733.48999999999,10676.212857142857,0.7317384749461052,0.0,0.0,0.16297138003323547,0.0,0.008585842839669337,0.0,0.0,0.09670430218099009
FB102109,120,5,26815.170000000002,5363.034000000001,0.0,0.30844555525846007,0.28800227632343933,0.0,0.0,0.2618323881593889,0.14171978025871176,0.0,0.0
FB102110,262,5,20168.660000000003,4033.732000000001,0.0,0.0,0.011046841981569426,0.0,0.0,0.14124686518588742,0.8477062928325433,0.0,0.0
FB102111,119,7,74672.34,10667.477142857142,0.0,0.03553752299713656,0.0,0.0,0.0,0.9361799831102119,0.0,0.0,0.028282493892651552
FB102112,99,11,292890.53,26626.41181818182,0.0,0.08695822292376608,0.06516369784984172,0.11770691254510687,0.0,0.03816541968769014,0.6668083464494396,0.0,0.02519740054415552
FB102113,25,6,36224.26,6037.376666666667,0.6433174894393978,0.0,0.11276144771487394,0.23474406378487786,0.0,0.0,0.00917699906085038,0.0,0.0
FB102114,140,8,61236.060000000005,7654.507500000001,0.09298099845091275,0.6639494768278691,0.045200654646951485,0.04998345745954263,0.0,0.06473734593636495,0.0,0.0,0.08314806667835913
FB102115,256,5,137744.71,27548.942,0.0,0.019781884908683607,0.036487354033414424,0.0,0.0,0.0,0.7665396369849703,0.05757738355251538,0.11961374052041636
FB102116,243,2,2900.79,1450.395,0.0,0.07927840346939971,0.0,0.0,0.0,0.0,0.0,0.0,0.9207215965306004
FB102117,9,4,18831.780000000002,4707.945000000001,0.0,0.0,0.4278039569281289,0.0,0.0,0.3106116362871698,0.0,0.2615844067847012,0.0
FB102118,212,3,56081.380000000005,18693.793333333335,0.34259124864616386,0.12887486006942053,0.0,0.0,0.5285338912844155,0.0,0.0,0.0,0.0
FB102119,35,5,33314.409999999996,6662.882,0.09127401625903024,0.0,0.059801749453164556,0.0,0.0,0.0,0.1788706448650899,0.6700535894227152,0.0
FB102120,111,9,220374.44,24486.04888888889,0.06469448090259469,0.0016114845260639119,0.007607279682707305,0.12521592794518274,0.0,0.036597756073708,0.0,0.0,0.7642730708697433
FB102121,67,5,48076.939999999995,9615.387999999999,0.039635010048476464,0.0,0.0,0.0,0.15769160849255381,0.0,0.0,0.0,0.8026733814589697
FB102122,31,8,33984.33,4248.04125,0.11029642190974487,0.09213540475860492,0.3962488005501359,0.11011486764635348,0.0,0.0270136265743653,0.26419087856079554,0.0,0.0
FB102123,81,8,68805.83,8600.72875,0.2497972918864579,0.06932726485531823,0.0535047684186064,0.03028057360837011,0.0,0.0,0.07313638975069409,0.0,0.5239537114805534
FB102124,60,5,22491.640000000003,4498.328,0.525321408309932,0.0,0.0,0.19101186040680004,0.0,0.05496753460396841,0.22869919667929955,0.0,0.0
FB102125,30,8,36923.19,4615.39875,0.0,0.04146039386087713,0.09263148714940393,0.1371769340623061,0.0,0.2883854293196227,0.10385180695384119,0.22794238525977847,0.10855156339417044
FB102126,240,2,11969.7,5984.85,0.0,0.0,0.0,0.8677460587984661,0.0,0.0,0.13225394120153386,0.0,0.0
FB102127,54,6,525018.2041500111,87503.03402500185,0.004473082993002254,0.005801360745064245,0.09375436815508174,0.0,0.0004488987203435335,0.0,0.0,0.8955222893865084,0.0
FB102128,42,7,145386.62,20769.51714285714,0.0,0.18352459119002837,0.05334727501058901,0.3961289560208498,0.0,0.08234485401751551,0.0,0.07872849647374704,0.20592582728727032
FB102129,118,10,50564.86,5056.486,0.02333260687362726,0.0,0.0,0.01512572169684639,0.0,0.3193300643964999,0.197978793968776,0.39606359040646016,0.04816922265779042
FB102130,78,8,55014.92,6876.865,0.0,0.0,0.2050418322884047,0.012776715843629329,0.00962084467268152,0.260733270174709,0.38545398230152844,0.052334348573078,0.07403900614596913
FB102131,12,9,571739.7041500111,63526.633794445675,0.022369847514812916,0.0037402160187198154,0.0,0.023094233099710714,0.0,0.014549872852310002,0.9256338510490355,0.0,0.010611979465410861
FB102132,161,3,49861.380000000005,16620.460000000003,0.8610654177642095,0.0,0.0,0.10158182545288558,0.0,0.0,0.0,0.0,0.03735275678290492
FB102133,25,9,48481.84,5386.871111111111,0.21590207797393826,0.0,0.02478680677136016,0.0,0.0,0.30833524470193374,0.3151936890184036,0.1357821815343642,0.0
FB102134,40,9,30861.399999999998,3429.0444444444443,0.15030912401900107,0.0,0.21067903594781828,0.3237484365582896,0.0,0.0987375815743939,0.03945187191767061,0.031157044074474907,0.14591690590835152
FB102135,30,5,51901.89,10380.378,0.4785103201444109,0.011984920009656681,0.4486697883256275,0.0,0.0,0.0,0.0,0.0,0.06083497152030494
FB102136,199,9,82554.7,9172.744444444445,0.0,0.48329810416608615,0.17839408295348416,0.0,0.0,0.09565088359596727,0.03355605434941923,0.018164925800711523,0.1909359491343315
FB102137,175,2,7974.46,3987.23,0.0,0.1880892248503347,0.0,0.0,0.0,0.0,0.0,0.8119107751496654,0.0
FB102138,76,8,50365.83,6295.72875,0.13307514241302087,0.0,0.14852946928502916,0.11392723995613692,0.0,0.0,0.060592469140288166,0.2912029842454696,0.25267269496005523
FB102139,329,4,90138.09,22534.5225,0.17578284607539388,0.0,0.0036545038839851172,0.7806748512199448,0.0,0.0,0.0,0.03988779882067614,0.0
FB102140,215,3,7967.969999999999,2655.99,0.0,0.3615751565329689,0.036233821161475256,0.0,0.0,0.0,0.0,0.6021910223055559,0.0
FB102141,90,9,994626.2983000223,110514.03314444692,0.006568949575500937,0.02468512047385451,0.0009200138801517747,0.4727056834849433,0.0,0.0033144006001393765,0.002156146488048226,0.01694400201241856,0.4727056834849433
FB102142,10,4,101694.14,25423.535,0.0,0.7906614874760729,0.0,0.0,0.0,0.0,0.0,0.20933851252392713,0.0
FB102143,173,8,154542.53,19317.81625,0.0,0.06156454148899983,0.004875098136415911,0.0,0.0,0.06147479273181305,0.027324258247875197,0.8364503285923945,0.008310980802501422
FB102144,247,5,33218.84,6643.767999999999,0.29909743988652226,0.3987192207795336,0.0,0.0,0.0,0.0,0.0,0.30218333933394426,0.0
FB102145,183,8,74469.91,9308.73875,0.2767376783455224,0.0,0.0,0.05509433273116618,0.0,0.0,0.11233154437812533,0.16558083660904116,0.39025560793614494
FB102146,21,3,18008.81,6002.936666666667,0.0,0.020916429236579208,0.0,0.0,0.0,0.0,0.0,0.0,0.9790835707634208
FB102147,13,8,73354.45999999999,9169.307499999999,0.02134703193234604,0.031032196270001852,0.0,0.3751225215208455,0.0,0.29154369073127934,0.26589303499746303,0.01506152454806429,0.0
FB102148,22,8,101646.16,12705.77,0.08981175481690602,0.0,0.06566465471986349,0.037884953056760824,0.0,0.7592933171307209,0.04734532027574873,0.0,0.0
FB102149,6,6,44487.770000000004,7414.628333333334,0.0,0.037778922162203236,0.06295572918130085,0.13398468837615374,0.0,0.0,0.7652806602803423,0.0,0.0
FB102150,107,5,100489.79,20097.958,0.0,0.29661043176625207,0.014602179982662914,0.0,0.0,0.0,0.05351399380971938,0.0,0.6352733944413657
FB102151,129,6,42235.36,7039.2266666666665,0.0,0.10626640805239969,0.12166393278049484,0.0,0.0,0.10822306238185256,0.663846596785253,0.0,0.0
FB102152,4,5,17024.38,3404.876,0.0,0.2991592057978029,0.0,0.5368312972337319,0.0,0.0,0.0,0.0,0.1640094969684652
FB102153,31,7,586180.7341500111,83740.10487857301,0.0,0.01179709532765078,0.8020828334315229,0.0,0.0,0.0011800797257573718,0.02795615591795664,0.1511126259180866,0.00587120967902581
FB102154,49,8,83263.81,10407.97625,0.013812123178125047,0.6341821254636318,0.1554038903576476,0.0,0.0,0.0,0.0,0.19113526032498393,0.005466600675611649
FB102155,98,3,55836.17,18612.056666666667,0.0,0.0,0.31563984420851215,0.0806095761940692,0.0,0.6037505795974187,0.0,0.0,0.0
FB102156,65,4,6385.2300000000005,1596.3075000000001,0.618038817708994,0.0,0.0,0.0,0.0,0.0,0.13016289154815097,0.0,0.251798290742855
FB102157,477,6,33195.92,5532.653333333333,0.0,0.4783129975008977,0.30188920807135333,0.0,0.0,0.21979779442774897,0.0,0.0,0.0
FB102158,243,5,45748.75,9149.75,0.0,0.0,0.0,0.9793242438317987,0.0,0.007928959807645018,0.006118637121232821,0.006628159239323479,0.0
FB102159,253,6,98637.17000000001,16439.528333333335,0.09700379684453639,0.0,0.0,0.11885367351881647,0.0,0.0,0.7841425296366471,0.0,0.0
FB102160,68,10,62787.95,6278.795,0.05456508772782039,0.11535652939775864,0.1916945847093272,0.01574442229759054,0.017325617415443566,0.0,0.0,0.4605926774166062,0.14472108103545347
FB102161,24,6,25182.24,4197.04,0.4330655255449873,0.06881794471024023,0.11682479398179034,0.2583153841755142,0.0,0.014048392835585715,0.0,0.0,0.1089279587518823
FB102162,141,7,48477.31,6925.33,0.07090574951456671,0.0,0.06989929928042625,0.19396785836507846,0.0,0.4897480903952798,0.0,0.13890807885173498,0.03657092359291388
FB102163,104,3,31666.9,10555.633333333333,0.4316090302492508,0.0,0.4511025708231624,0.0,0.0,0.11728839892758686,0.0,0.0,0.0
FB102164,169,5,65180.229999999996,13036.045999999998,0.014716578938122801,0.3417786344110783,0.06379311640968435,0.011053044765260877,0.0,0.0,0.5686586254758537,0.0,0.0
FB102165,119,6,49911.4,8318.566666666668,0.38088552915766744,0.0,0.0,0.17132619000869542,0.0,0.04424540285385704,0.3826063785027069,0.0,0.020936499477073378
FB102166,185,4,52398.78,13099.695,0.8087186381056963,0.0,0.0,0.0,0.0,0.009888589009133418,0.0,0.0,0.18139277288517022
FB102167,67,7,73774.44,10539.205714285714,0.6252950208771493,0.0,0.0,0.11399937430904253,0.0,0.08928403929599465,0.0,0.004172312253403753,0.16724925326440973
FB102168,72,4,12047.060000000001,3011.7650000000003,0.0,0.4723600612929628,0.0,0.0,0.0,0.24201672441242927,0.0,0.2545019282712961,0.031121286023311913
FB102169,332,2,3442.87,1721.435,0.0,0.0,0.0,0.0,0.0,0.0,0.0,0.7007612834640867,0.2992387165359134
FB102170,65,9,214200.36,23800.039999999997,0.0,0.17287039106750335,0.2142953914736651,0.5654093671924735,0.0,0.016995629699221793,0.0,0.0,0.030429220567136307
FB102171,394,1,3427.14,3427.14,1.0,0.0,0.0,0.0,0.0,0.0,0.0,0.0,0.0
FB102172,229,3,6386.7300000000005,2128.9100000000003,0.0,0.5655413646733148,0.0,0.0,0.0,0.025285239864531614,0.40917339546215353,0.0,0.0
FB102173,7,4,32904.1,8226.025,0.0,0.0,0.8994222604477862,0.014839184174616537,0.0,0.08573855537759732,0.0,0.0,0.0
FB102174,52,10,39649.17,3964.917,0.09605673964927892,0.3250055423606598,0.30185449027054034,0.0,0.0,0.0,0.04685797962479417,0.0259342124942338,0.20429103560049303
FB102175,10,12,114216.11,9518.009166666667,0.5226530653162675,0.07372681489502662,0.013529264829628676,0.013577594264066602,0.0,0.20589818721719733,0.017748196817419192,0.15286687666039409,0.0
FB102176,133,11,137296.12,12481.465454545454,0.0,0.06544249029033013,0.49653777543021616,0.0857846529093466,0.0,0.0,0.0,0.0,0.35223508137010723
FB102177,46,11,104723.04000000001,9520.276363636365,0.0,0.0,0.044353181496641046,0.0,0.0,0.5180839861027716,0.02078931245693402,0.08810401225938437,0.32866950768426884
FB102178,65,8,110499.98999999999,13812.498749999999,0.06309394236144275,0.08485484930813116,0.004990226695948117,0.0,0.0,0.009054027968690315,0.7995082171500649,0.02418009268598124,0.014318643829741524
FB102179,45,4,24634.510000000002,6158.6275000000005,0.08813286726628619,0.0,0.0,0.0,0.0,0.40908668368073886,0.0,0.3343756380784517,0.16840481097452312
FB102180,62,8,69142.13,8642.76625,0.19817005926777206,0.0,0.1990755853196886,0.2718357100077768,0.0,0.005421585941885216,0.0,0.21163927116506248,0.11385778829781498
FB102181,170,5,29550.8,5910.16,0.2045528378250335,0.4378070982849872,0.013902161701206058,0.0,0.0,0.18712623685314778,0.0,0.15661166533562543,0.0
FB102182,153,7,54886.4,7840.914285714286,0.0,0.09884579786613805,0.6137412911030783,0.0,0.0,0.10437594741138058,0.05987512389225745,0.0,0.1231618397271455
FB102183,39,7,57285.57,8183.652857142857,0.055706175220042314,0.0,0.0,0.11483153610935529,0.0,0.12126980668953803,0.017221614448455342,0.6778440015522232,0.013126865980385635
FB102184,179,7,26252.43,3750.347142857143,0.10367611683946971,0.15196574183799366,0.5417605151218383,0.0,0.0,0.0,0.0,0.0,0.20259762620069838
FB102185,555,5,18477.219999999998,3695.4439999999995,0.0,0.0,0.0,0.3546226109771925,0.0,0.0,0.26121137270650024,0.38416601631630737,0.0
FB102186,88,5,19684.239999999998,3936.8479999999995,0.0,0.0,0.0,0.0,0.0,0.16641790589832273,0.0,0.176737328949454,0.6568447651522233
FB102187,398,2,53198.649999999994,26599.324999999997,0.0,0.0,0.0,0.0,0.0,0.0,0.1305950432952716,0.8694049567047285,0.0
FB102188,105,7,82980.28,11854.325714285715,0.4641315984954497,0.0,0.0,0.061666940627339406,0.0,0.27163248906848714,0.008003949854109916,0.19456502195461378,0.0
FB102189,18,8,45004.94,5625.6175,0.16747961446010148,0.0,0.0,0.138985186959476,0.3878845300093723,0.13974599232884213,0.019867152361496315,0.0373503442066582,0.10868717967405356
FB102190,25,7,74898.38,10699.768571428573,0.029208775944152603,0.39676011684097845,0.0,0.0,0.0,0.24043564093108558,0.021943465265870907,0.21250032377202288,0.09915167724588972
FB102191,35,7,57900.08,8271.44,0.14009773388914143,0.0,0.0,0.4637136943506814,0.0,0.0,0.0,0.39618857176017713,0.0
FB102192,338,3,26578.79,8859.596666666666,0.0,0.0,0.0,0.06889327918991045,0.0,0.0,0.4007417192430505,0.0,0.5303650015670389
FB102193,44,2,16706.37,8353.185,0.11240921875907214,0.0,0.0,0.8875907812409279,0.0,0.0,0.0,0.0,0.0
FB102194,65,9,114467.04000000001,12718.560000000001,0.07029263620339969,0.6250165986645588,0.0,0.06006052047820927,0.0,0.0,0.17792265791095846,0.06670758674287376,0.0
FB102195,236,3,32903.72,10967.906666666668,0.0,0.0,0.0,0.0,0.0,0.0,0.8410389463562173,0.0,0.15896105364378252
FB102196,91,5,65808.61,13161.722,0.0,0.0,0.334644965149697,0.044223392653332146,0.0,0.0,0.4515258717666275,0.0,0.1696057704303434
FB102197,22,4,18841.04,4710.26,0.25988851995431245,0.0,0.0,0.10579670761274323,0.0,0.5606914480304697,0.0,0.0,0.0736233244024746
FB102198,533,3,12014.619999999999,4004.873333333333,0.5966464191127143,0.0,0.0,0.0,0.0,0.10361626085552438,0.0,0.0,0.29973732003176135
FB102199,186,5,40262.85,8052.57,0.04786993469165744,0.0,0.0,0.3963810311490617,0.0,0.03290874838716087,0.0,0.03155837204768167,0.4912819137244382
FB102200,502,1,5462.69,5462.69,0.0,0.0,0.0,0.0,0.0,1.0,0.0,0.0,0.0
FB102201,348,3,10182.83,3394.2766666666666,0.0,0.6480015869851504,0.0,0.15203435587159955,0.0,0.0,0.0,0.19996405714324997,0.0
FB102202,4,7,28358.41,4051.2014285714286,0.0,0.11386428223585174,0.05557540073650109,0.0,0.030588456828150805,0.0,0.06508721751325268,0.42712690873712594,0.30775773394911776
FB102203,6,10,53714.93,5371.493,0.0,0.0,0.07500465885369301,0.09747047980887251,0.0,0.03656413589294447,0.3859264081699446,0.4050343172745454,0.0
FB102204,149,11,105428.91,9584.446363636363,0.2112152160161762,0.13125071671517805,0.0796906654920363,0.161731160836245,0.0,0.0673564774595507,0.06492460180039801,0.2812721861584266,0.0025589755219891774
FB102205,87,10,103482.2,10348.22,0.24153622555376672,0.0015916747034755738,0.0,0.08025911702688965,0.0,0.16594931302194968,0.3887945946259357,0.10837622315721931,0.013492851910763397
FB102206,49,14,110052.05,7860.8607142857145,0.0677127777265394,0.03850986873938287,0.07755148586509748,0.03773205496853534,0.0,0.0073686950856435675,0.4376549096541137,0.33347020796068777,0.0
FB102207,9,4,41353.29,10338.3225,0.0,0.7353925165325419,0.0,0.02894908724311899,0.0,0.0,0.0,0.06888375749547376,0.16677463872886536
FB102208,14,5,29471.05,5894.21,0.26298486141484606,0.0,0.0,0.25754901844352335,0.0,0.0,0.4794661201416305,0.0,0.0
FB102209,135,7,97926.47,13989.495714285715,0.07985624315877005,0.2746844647826068,0.0,0.2570362231988961,0.0,0.20622136180340206,0.0,0.182201707056325,0.0
FB102210,434,4,49648.53,12412.1325,0.0,0.035738621062899545,0.0,0.9224174411608964,0.0,0.0136584104302786,0.028185527345925446,0.0,0.0
FB102211,17,4,32336.710000000003,8084.177500000001,0.4993689834247207,0.0,0.1872611654061282,0.26496047371547693,0.0,0.0,0.0,0.0,0.048409377453674164
FB102212,64,5,66726.23999999999,13345.247999999998,0.4965291015948149,0.0,0.0,0.1813517440814888,0.0,0.096759685544997,0.0,0.2253594687786994,0.0
FB102213,34,7,85360.75,12194.392857142857,0.3754758480917752,0.26242271770105113,0.0,0.021853252226579547,0.0,0.0,0.27484821771130175,0.06539996426929238,0.0
FB102214,245,6,39313.84,6552.306666666666,0.0,0.05247973741562767,0.0,0.024082104419207075,0.0,0.0,0.7267171052229953,0.19672105294216996,0.0
FB102215,53,5,29182.04,5836.408,0.0,0.17173473821569704,0.0,0.5373270682926896,0.0,0.0,0.11469691632250521,0.0,0.17624127716910812
FB102216,92,6,12299.3,2049.883333333333,0.2487808249249957,0.20242371517078206,0.2657964274389599,0.0,0.0,0.159478994739538,0.12352003772572422,0.0,0.0
FB102217,223,3,28125.15,9375.050000000001,0.0,0.0,0.026105816324535156,0.0,0.0,0.0,0.36708888663704903,0.6068052970384158,0.0
FB102218,141,12,120447.29999999999,10037.275,0.05591300095560465,0.1315629325024305,0.08851829804404085,0.0,0.3406386029408712,0.0319965661330723,0.15508882307864102,0.0,0.19628177634533941
FB102219,45,5,44759.21,8951.842,0.0,0.5791563345286925,0.10768800432357943,0.038873116840087214,0.0,0.0,0.0,0.0,0.2742825443076408
FB102220,15,6,34501.19,5750.198333333334,0.7809901629480028,0.0,0.0,0.0,0.0,0.14979744176939985,0.0,0.05160372729172531,0.0176086679908722
FB102221,140,9,47856.42,5317.38,0.0,0.0,0.03460329878415477,0.09191326889892726,0.020519712924619102,0.2920490082626323,0.0,0.07081223376090398,0.49010247736876267
FB102222,223,8,52301.75,6537.71875,0.029843934476379855,0.0,0.3411776852590974,0.0,0.0,0.6034989269001515,0.0,0.0,0.02547945336437117
FB102223,139,5,92673.67,18534.734,0.74995087601473,0.0,0.0,0.111565345367244,0.0,0.138483778618026,0.0,0.0,0.0
FB102224,29,4,52975.99,13243.9975,0.3065243330044422,0.022862055055507223,0.0,0.6190425134103205,0.0,0.0,0.0,0.0,0.05157109852973017
FB102225,69,8,54587.88,6823.485,0.22888670525398677,0.030071693570074526,0.14379510616642374,0.0,0.0,0.0,0.055813305077977014,0.025091833571847817,0.51634135635969
FB102226,293,4,53053.97,13263.4925,0.0,0.34700324970968244,0.07804656277371892,0.0,0.0,0.0,0.5749501875165987,0.0,0.0
FB102227,176,7,117830.66999999998,16832.952857142856,0.0389993539033598,0.0,0.0,0.1776467875469095,0.0,0.0,0.6766318141108763,0.0,0.1067220444388545
FB102228,15,4,18983.31,4745.8275,0.20290823886877474,0.0,0.0,0.28068076642060846,0.0,0.0,0.01681319011278855,0.0,0.4995978045978284
FB102229,440,3,12346.99,4115.663333333333,0.0,0.0,0.0,0.5761290808529042,0.0,0.0,0.4238709191470958,0.0,0.0
FB102230,169,3,3341.85,1113.95,0.0,0.3758337447820818,0.6241662552179182,0.0,0.0,0.0,0.0,0.0,0.0
FB102231,5,6,61361.899999999994,10226.983333333332,0.008092969741810473,0.0,0.03125245469908853,0.8620877124078622,0.0,0.0,0.07193453918473842,0.02663232396650039,0.0
FB102232,333,3,20255.850000000002,6751.950000000001,0.13052031882147627,0.0,0.0,0.0,0.0,0.7107995961660459,0.15868008501247788,0.0,0.0
FB102233,228,2,7253.73,3626.865,0.0,0.0,0.019085353328563374,0.0,0.0,0.0,0.0,0.0,0.9809146466714367
FB102234,85,4,20206.94,5051.735,0.0,0.0,0.0,0.0,0.0,0.19646072092063416,0.023060394102224283,0.3678849939674191,0.4125938910097224
FB102235,139,8,159071.4,19883.925,0.07963939463662228,0.0,0.10142269446298957,0.10492747282038127,0.0,0.6643214305022775,0.011796840915463118,0.03789216666226612,0.0
FB102236,26,7,95213.99,13601.998571428572,0.014768733040176134,0.0,0.023640958644837798,0.3217706767671431,0.0,0.0,0.10944074499976317,0.3754924040049156,0.1548864825431641
FB102237,78,5,30790.989999999998,6158.197999999999,0.0,0.5311277747159153,0.0,0.0,0.0,0.4512709724500576,0.0,0.0176012528340271,0.0
FB102238,248,5,18329.29,3665.858,0.0,0.0,0.08296229695749263,0.07760966191270911,0.0,0.5898919161626008,0.0,0.0,0.2495361249671973
FB102239,163,6,64849.990000000005,10808.331666666667,0.11250703354002059,0.0,0.7577663466100766,0.0,0.0,0.03611056840563892,0.0,0.0,0.09361605144426391
FB102240,25,3,34052.799999999996,11350.933333333332,0.0,0.0,0.0,0.09467327209509939,0.3859858807498943,0.5193408471550064,0.0,0.0,0.0
FB102241,82,7,41704.465000000004,5957.780714285715,0.06936331637391824,0.12144850677259615,0.12741633299935629,0.28553273612309854,0.0,0.35994227476602325,0.0,0.0,0.036296832965007464
FB102242,189,4,24829.8,6207.45,0.0,0.4721971179792024,0.0,0.0,0.0,0.00976930945879548,0.0,0.5180335725620021,0.0
FB102243,98,4,65980.81,16495.2025,0.0,0.0,0.47666950436043454,0.0,0.0,0.0,0.5085516531245979,0.0,0.01477884251496761
FB102244,43,4,32628.649999999998,8157.162499999999,0.0,0.201757657763959,0.016791378129343386,0.0,0.0,0.0,0.0,0.7814509641066977,0.0
FB102245,382,4,32133.870000000003,8033.467500000001,0.0466601128342151,0.18029947840082752,0.0,0.0,0.0,0.0,0.6570643374109623,0.0,0.11597607135399501
FB102246,4,5,21779.829999999998,4355.965999999999,0.14306447754642712,0.0,0.023462993053664786,0.13642943953189715,0.0,0.0,0.5843392717023043,0.0,0.11270381816570652
FB102247,177,8,47635.030000000006,5954.378750000001,0.0,0.0,0.27972250673506455,0.048099056513662315,0.0,0.02123542275506072,0.0,0.48520133187698217,0.16574168211923035
FB102248,310,3,38955.11,12985.036666666667,0.0,0.0,0.08166528088356059,0.12481879784192626,0.0,0.0,0.0,0.7935159212745131,0.0
FB102249,108,6,43125.39,7187.565,0.026110836330987378,0.1390837277065784,0.01572994470310877,0.0,0.2726727804664491,0.0,0.49010037938207623,0.05630233141079999,0.0
FB102250,260,4,11499.119999999999,2874.7799999999997,0.394670200850152,0.0,0.0,0.20180413805578165,0.0,0.0,0.0,0.04209539512588789,0.3614302659681784
FB102251,16,7,44910.38,6415.768571428571,0.1690649244116839,0.45808608165862763,0.0,0.024151432252410242,0.0,0.0,0.06909672106982839,0.0,0.2796008406074497
FB102252,29,8,39729.45,4966.18125,0.0,0.03463627107850725,0.075393442396006,0.09077170713412847,0.0,0.01643113609677456,0.3412848655090871,0.0556579565032992,0.38582462128219747
FB102253,86,7,69927.46,9989.637142857144,0.5493843191215583,0.08625266812207964,0.0,0.07326649645218059,0.0,0.0,0.13592528600352421,0.15517123030065727,0.0
FB102254,243,7,40348.1,5764.0142857142855,0.0,0.0,0.0,0.06492722086046183,0.0,0.4232233983756361,0.15126511533380751,0.10710070610512021,0.2534835593249744
FB102255,246,6,58313.96,9718.993333333334,0.0,0.0,0.0,0.17598118872393506,0.0,0.0997718213614716,0.2313192244189899,0.0,0.49292776549560346
FB102256,73,7,25781.21,3683.0299999999997,0.0,0.1204885263337136,0.24472008877783472,0.08190538768351059,0.0,0.0,0.0,0.366677126480875,0.1862088707240661
FB102257,107,3,39146.08,13048.693333333335,0.09164161520131772,0.1354756338310247,0.0,0.0,0.0,0.0,0.7728827509676576,0.0,0.0
FB102258,99,6,238846.25,39807.708333333336,0.057903944483114145,0.0,0.539438571884633,0.012228703611633009,0.0,0.15070163337293344,0.0,0.20635463190232212,0.033372514745364436
FB102259,71,7,44474.975,6353.567857142857,0.0,0.11388303197472284,0.02978506452223975,0.0,0.0,0.0707699104946096,0.1131470000826307,0.5579312860771702,0.11448370684862666
FB102260,97,5,36127.29,7225.4580000000005,0.0,0.15209388802758247,0.0,0.0,0.0,0.05512397968405602,0.0,0.6043226602382853,0.18845947205007627
FB102261,33,3,39695.24,13231.746666666666,0.0,0.0,0.0,0.013116182192121776,0.0,0.05474207990680999,0.0,0.0,0.9321417379010682
FB102262,3,1,7039.66,7039.66,0.0,0.0,0.0,1.0,0.0,0.0,0.0,0.0,0.0
FB102263,83,4,56966.93,14241.7325,0.7226587425371175,0.0,0.0,0.07659654469707249,0.0,0.0,0.0,0.03811386711553527,0.1626308456502746
FB102264,159,7,36130.29,5161.47,0.0,0.3722267382852449,0.257986027789979,0.1430137981178673,0.0,0.09327353862922218,0.13349989717768665,0.0,0.0
FB102265,23,8,85053.43,10631.67875,0.07968273589906957,0.0,0.0,0.059550919933505336,0.023306055969759248,0.0,0.09516888384160405,0.7422914043560619,0.0
FB102266,138,8,57436.880000000005,7179.610000000001,0.06765513725675906,0.0,0.1642967027456923,0.4108903547685738,0.21446464362270373,0.0,0.0,0.0,0.14269316160627107
FB102267,271,6,54246.7,9041.116666666667,0.2624238893794461,0.0,0.0,0.21616890981386885,0.0,0.08982813701109929,0.060634103088298454,0.11924153911666516,0.2517034215906221
FB102268,152,7,155925.4,22275.057142857142,0.11736554788379572,0.6433005142202618,0.0,0.21779177734993788,0.0,0.021542160546004694,0.0,0.0,0.0
FB102269,95,6,14952.58,2492.096666666667,0.20806041499192784,0.0,0.4229363761972851,0.0,0.0,0.1921420918664204,0.17686111694436682,0.0,0.0
FB102270,51,6,80797.11,13466.185,0.0,0.01676668880854773,0.3644880367627011,0.0,0.0,0.0,0.4833357282209722,0.10044851851755589,0.03496102769022308
FB102271,222,7,42112.560000000005,6016.080000000001,0.12546803139016008,0.11418636150355145,0.0,0.10668147460045176,0.0,0.2427919366573773,0.1684257618154774,0.2424464340329821,0.0
FB102272,20,8,89187.95,11148.49375,0.0033567314867086868,0.6679257679989281,0.10808702296666758,0.0,0.03955724960602862,0.0,0.0,0.0,0.181073227941667
FB102273,177,5,57005.44,11401.088,0.0,0.15433737552065205,0.0,0.40713149481874006,0.0,0.0,0.0,0.15477996485949408,0.28375116480111373
FB102274,149,7,44926.39,6418.055714285714,0.3458366007150808,0.32487453365382796,0.0,0.0,0.0,0.0,0.3292888656310913,0.0,0.0
FB102275,617,1,6175.43,6175.43,0.0,0.0,0.0,0.0,0.0,0.0,1.0,0.0,0.0
FB102276,37,9,96468.19,10718.687777777777,0.0,0.13598275244927888,0.28118388040658787,0.016626724311920853,0.0,0.007628525009124769,0.5440817330562541,0.014496384766833502,0.0
FB102277,110,9,36176.19,4019.576666666667,0.0,0.2614014908700999,0.04462023225773637,0.1451794674895283,0.0,0.0,0.05545525938469474,0.10693773998864999,0.3864058100092906
FB102278,1,7,559937.4641500111,79991.06630714444,0.005712405768125342,0.0,0.028468304088560572,0.0,0.0,0.12366593491849072,0.8396750248953704,0.002478330329453046,0.0
FB102279,133,5,58878.45,11775.689999999999,0.0,0.0,0.0,0.0,0.030397879020252743,0.6907197794778905,0.22723254433498163,0.0,0.05164979716687515
FB102280,144,6,43946.22,7324.37,0.0,0.0,0.4904155579251185,0.34645823918416646,0.0,0.0,0.0,0.16085069432592836,0.002275508564786687
FB102281,157,6,97270.21,16211.701666666668,0.0,0.0,0.7288167672301725,0.09437411515817638,0.0,0.0,0.027217480048619198,0.11074695942365087,0.03884467813938101
FB102282,19,4,46825.329999999994,11706.332499999999,0.0,0.8592768059509671,0.0029125261904187323,0.13781066785861412,0.0,0.0,0.0,0.0,0.0
FB102283,364,3,23456.74,7818.913333333334,0.3553874067751955,0.5669807483904413,0.0,0.0,0.0,0.0,0.0,0.0,0.07763184483436317
FB102284,552,5,14639.64,2927.928,0.0,0.15380364544483333,0.0,0.0,0.0,0.04183572820096669,0.22653289288534417,0.41098824834490466,0.1668394851239511
FB102285,182,4,484292.3741500111,121073.09353750278,0.9708298731220076,0.023341643609070116,0.0,0.00379840794154276,0.0020300753273795433,0.0,0.0,0.0,0.0
FB102286,307,6,76513.22,12752.203333333333,0.007589407425278926,0.0,0.08678121244929961,0.29725516714627875,0.0,0.0,0.013353117278295176,0.050313658214881034,0.5447074374859665
FB102287,30,9,68738.03,7637.558888888889,0.0,0.0,0.0091316262627835,0.0,0.0,0.0,0.7563377943767083,0.07396866043440582,0.16056191892610247
FB102288,31,1,25509.15,25509.15,0.0,0.0,0.0,1.0,0.0,0.0,0.0,0.0,0.0
FB102289,547,4,49504.28999999999,12376.072499999998,0.0,0.0,0.0,0.0,0.0,0.0,0.10620756302130582,0.8817258059857034,0.012066630992990709
FB102290,53,8,89793.27,11224.15875,0.4868782482250619,0.013093297526640919,0.022043856961663163,0.005502305462313601,0.0,0.0,0.0,0.4724822918243205,0.0
FB102291,136,5,29053.3,5810.66,0.0,0.06196266861251562,0.520863722881738,0.0,0.0,0.3762150943266342,0.0,0.040958514179112185,0.0
FB102292,60,4,34624.82,8656.205,0.20519413530525213,0.0,0.0,0.6910684301030301,0.0,0.0,0.10373743459171773,0.0,0.0
FB102293,198,5,42032.049999999996,8406.41,0.11904962998473782,0.09204523690850196,0.0,0.0,0.0,0.0,0.28200551721840833,0.0,0.5068996158883518
FB102294,518,1,12506.3,12506.3,0.0,1.0,0.0,0.0,0.0,0.0,0.0,0.0,0.0
FB102295,90,8,68419.34,8552.4175,0.0,0.11236442795268121,0.6064017863954841,0.044387595671048566,0.0,0.10614177219482093,0.029634311000369194,0.101070106785596,0.0
FB102296,173,8,75238.08,9404.76,0.12390826560167405,0.11033987044858136,0.0,0.0,0.0,0.11749728329058902,0.33918223325209784,0.30907234740705775,0.0
FB102297,12,3,21092.629999999997,7030.876666666666,0.0,0.0,0.0,0.5999318245282832,0.0,0.0,0.0,0.4000681754717169,0.0
FB102298,97,6,518803.2641500111,86467.21069166852,0.05915381054951549,0.0,0.9062500886927024,0.001459474240665268,0.0,0.0,0.019096872908523677,0.014039753608593103,0.0
FB102299,52,10,88496.84,8849.684,0.0,0.08990648705648699,0.02472653260839596,0.03722596196655158,0.0,0.06920868586946155,0.027529118553837627,0.4913465836746262,0.2600566302706402
FB102300,192,6,53926.32000000001,8987.720000000001,0.09072712545562166,0.7919385190756573,0.0,0.08774768981083818,0.0,0.0,0.029586665657882826,0.0,0.0
FB102301,241,6,116550.41,19425.068333333333,0.09163691487657571,0.0,0.0,0.0,0.0,0.0,0.09396431981663556,0.29429274422972856,0.5201060210770602
FB102302,95,11,78775.54,7161.412727272726,0.0,0.0,0.26421462804317175,0.16400953900157333,0.0,0.10107883741577653,0.05041476072395061,0.4202822348155278,0.0
FB102303,126,7,100106.76,14300.965714285714,0.0,0.09115967792784424,0.25476711063268853,0.0,0.0,0.19812148550207798,0.11952319703484561,0.33642852890254366,0.0
FB102304,125,8,94177.51000000001,11772.188750000001,0.0,0.28727453083013127,0.03482137083471414,0.013356798241958191,0.0,0.4851373751546415,0.04222388126422114,0.1371860436743337,0.0
FB102305,17,8,40179.02,5022.3775,0.12454012068985257,0.023828356191863315,0.05172102256351698,0.7465269187750225,0.0,0.0,0.0,0.0,0.05338358177974476
FB102306,4,7,88429.87000000001,12632.838571428572,0.0,0.08020140705849732,0.0,0.0,0.0,0.7685698282718272,0.06608671934042197,0.08514204532925357,0.0
FB102307,142,5,67529.86,13505.972,0.4870104869164543,0.025727433760413535,0.0,0.0,0.0,0.2684633138584916,0.07779032860426482,0.1410084368603755,0.0
FB102308,179,7,178400.49,25485.784285714286,0.024346401739143205,0.029306533855372262,0.0,0.0,0.0,0.43807542232647456,0.1907063147640458,0.056853151019932734,0.2607121762950315
FB102309,154,5,16984.760000000002,3396.952,0.052772014441181396,0.0,0.0,0.0,0.0,0.7758902686879297,0.0,0.0,0.17133771687088897
FB102310,94,8,30517.34,3814.6675,0.3470626863284939,0.0,0.0,0.10803759436438432,0.0,0.0,0.24332232101487217,0.0,0.3015773982922496
FB102311,485,4,83593.06,20898.265,0.0,0.5728237487657468,0.0,0.0,0.0,0.027150339992339078,0.0,0.058929533145454904,0.3410963780964592
FB102312,54,8,80935.14,10116.8925,0.0,0.0,0.06055058408498459,0.8696755204228966,0.0,0.02035654723028835,0.0393966081976259,0.0,0.010020740064204498
FB102313,168,6,46536.69,7756.115000000001,0.8007142321467212,0.015921201099605493,0.049573143255354,0.0,0.0,0.0,0.12648192211349799,0.0073095013848213115,0.0
FB102314,95,5,74782.44,14956.488000000001,0.0,0.7863153435485657,0.024281769891434404,0.0979533430575413,0.0,0.06061396231521731,0.0,0.0,0.030835581187241282
FB102315,116,11,67795.84,6163.258181818182,0.18124430643532113,0.0165541130547243,0.0,0.07001830790797783,0.0,0.20685266234624428,0.0,0.5253306102557326,0.0
FB102316,30,9,133270.37,14807.818888888889,0.11957864302470235,0.0,0.0,0.060264708501972346,0.0,0.043835925419881405,0.7514352214974717,0.0,0.02488550155597227
FB102317,297,6,50132.63,8355.438333333334,0.0792571624508828,0.02985700131830307,0.1835209922160477,0.12041259355433778,0.0,0.0,0.04161461307735102,0.5453376373830776,0.0
FB102318,53,8,143216.46,17902.0575,0.2066201049795533,0.002478276589157419,0.12152290316350509,0.0,0.0,0.4619330766868556,0.1277151383297702,0.052334417426600256,0.02739608282455801
FB102319,177,2,57872.44,28936.22,0.0,0.0,0.0,0.8452686632877411,0.0,0.0,0.0,0.1547313367122589,0.0
FB102320,404,4,7299.93,1824.9825,0.43058906044304535,0.0,0.0,0.22255007924733522,0.0,0.0,0.0,0.0,0.3468608603096194
FB102321,233,6,41022.24,6837.04,0.17831425100140805,0.02279446466112041,0.0,0.31229572056523486,0.0,0.0,0.05598914149983034,0.0,0.43060642227240636
FB102322,121,8,70254.27,8781.78375,0.023366408902974867,0.0953352728595714,0.34128900634794157,0.0,0.0,0.0,0.010401645337713993,0.0742639557709446,0.4553437107808536
FB102323,51,6,146288.78999999998,24381.464999999997,0.0,0.07888034346309106,0.16230703664990326,0.7083627528807914,0.0,0.0,0.0,0.05044986700621421,0.0
FB102324,114,6,517260.5141500111,86210.08569166852,0.013427991911220294,0.010308635308771297,0.9089530155276033,0.0,0.0,0.0,0.0,0.0,0.06731035725240513
FB102325,473,4,69287.77,17321.9425,0.0,0.0,0.6432519043404051,0.08033452368289527,0.0,0.0,0.2764135719766995,0.0,0.0
FB102326,45,6,59629.28,9938.213333333333,0.09355403922368341,0.23926517308275397,0.0,0.0,0.2078156905466576,0.025929207932747136,0.32487730859738706,0.0,0.10855858061677083
FB102327,95,11,116766.52,10615.138181818182,0.047630690715112514,0.014621742602245916,0.08460952677188632,0.0,0.0,0.059786229819986075,0.23275969858483408,0.030655619436119184,0.529936492069816
FB102328,195,7,125687.18,17955.31142857143,0.4273162147483936,0.0,0.18024216948777116,0.07072248736903795,0.0,0.0,0.0,0.3217191283947973,0.0
FB102329,62,5,77920.77,15584.154,0.03453726137459884,0.0,0.0,0.7618379541167265,0.0,0.0,0.20362478450867463,0.0,0.0
FB102330,18,4,32962.13,8240.5325,0.0,0.7082530770918021,0.0,0.0,0.0,0.0,0.0,0.17700888868528825,0.11473803422290976
FB102331,66,9,75158.26000000001,8350.917777777779,0.0,0.0,0.0546698393496603,0.29988586750145624,0.0,0.517331428375271,0.059569101253807634,0.010360404831085763,0.05818335868871897
FB102332,75,7,48744.13,6963.447142857142,0.0,0.0,0.7993684572891137,0.024246611848442064,0.0,0.0681563092827793,0.0,0.03322410308687426,0.07500451849279084
FB102333,253,6,137866.02000000002,22977.670000000002,0.6835072920796582,0.0,0.15044577336750561,0.0,0.0,0.0,0.0,0.0,0.16604693455283612
FB102334,96,5,56881.18,11376.236,0.0,0.0,0.04150353420938173,0.5663425055528032,0.0,0.35774310589196634,0.03441085434584866,0.0,0.0
FB102335,33,6,159100.5,26516.75,0.32414637289009146,0.0,0.5282455429115559,0.0,0.0,0.0,0.0,0.0,0.1476080841983526
FB102336,103,8,44854.53,5606.81625,0.0899893500165981,0.2545448586798257,0.0,0.3955199173862707,0.0,0.10468686217423302,0.0,0.0,0.15525901174307255
FB102337,28,7,18426.24,2632.32,0.5054856552394845,0.293268187107082,0.0,0.0123107047341183,0.09744418828800666,0.050298921537980615,0.0,0.0,0.04119234309332777
FB102338,42,5,62449.4,12489.880000000001,0.0,0.0,0.038160814995820615,0.14159511540543224,0.0,0.6105707981181564,0.0,0.20967327148059067,0.0
FB102339,57,7,41689.03,5955.575714285714,0.15078163248221413,0.03447309759905664,0.0,0.6788594025814465,0.0,0.014867940079200693,0.0,0.12101792725808204,0.0
FB102340,15,8,151141.36000000002,18892.670000000002,0.10726335928166851,0.07042956342327475,0.61612466633885,0.0,0.0,0.06526691304087776,0.0,0.1409154979153291,0.0
FB102341,180,3,7407.25,2469.0833333333335,0.0,0.0,0.0,0.0,0.0,0.7411779000303756,0.0,0.0,0.25882209996962435
FB102342,290,5,87360.8,17472.16,0.0,0.33974139430957595,0.0,0.3765685524857831,0.0,0.28369005320464097,0.0,0.0,0.0
FB102343,11,7,314353.39999999997,44907.62857142857,0.07230403743048429,0.8213585410560216,0.0,0.0,0.0,0.0,0.08966332159919377,0.0015227129720881021,0.015151386942212172
FB102344,27,9,79445.62,8827.29111111111,0.20189407546948465,0.10147859630272883,0.12224135200908498,0.0,0.0,0.0,0.30986679945351303,0.10628200774315814,0.15823716902203042
FB102345,156,3,69334.04999999999,23111.349999999995,0.0,0.0,0.0,0.5031198956356941,0.0,0.0,0.46230618289282116,0.034573921471484796,0.0
FB102346,180,7,22521.95,3217.421428571429,0.0,0.1712982224008134,0.4421624237688122,0.0,0.0,0.04004537795350758,0.2986144627796438,0.0,0.04787951309722293
FB102347,92,5,30778.52,6155.704,0.0,0.0,0.0,0.0,0.0,0.1266191486790138,0.36811776524667206,0.44228962276288786,0.06297346331142628
FB102348,7,8,92942.84999999999,11617.856249999999,0.09431376378064586,0.11822071305108463,0.16140477723676433,0.0,0.0,0.6043832312006786,0.021677514730826526,0.0,0.0
FB102349,83,6,12615.44,2102.5733333333333,0.015970112814138866,0.0,0.21898007520942592,0.03191406720653422,0.0,0.13031174497282694,0.41424714476863267,0.0,0.18857685502844132
FB102350,9,9,30359.329999999998,3373.2588888888886,0.0,0.22952186362479013,0.023388197302114375,0.4316669702526374,0.0,0.3154229688204581,0.0,0.0,0.0
FB102351,70,5,54855.1,10971.02,0.0,0.4649368973896684,0.0,0.006371877911078459,0.027063117194208012,0.5016281075050452,0.0,0.0,0.0
FB102352,226,3,31233.59,10411.196666666667,0.20998482723247633,0.0,0.0,0.0,0.0,0.0,0.0,0.0,0.7900151727675238
FB102353,148,8,47552.24,5944.03,0.049969254865806535,0.0,0.568092901617253,0.0,0.0,0.15712614169174785,0.171399917227874,0.027608163148570918,0.025803621448747736
FB102354,142,10,35236.5,3523.65,0.02095838122401487,0.21245327997956664,0.16595149915570503,0.11400564755296354,0.0,0.41602230641522286,0.07060888567252707,0.0,0.0
FB102355,306,4,39130.92,9782.73,0.0,0.0,0.022845105609579332,0.8305025795457914,0.0,0.0,0.0,0.0,0.14665231484462926
FB102356,307,7,147776.85,21110.97857142857,0.0,0.2905598542667542,0.0,0.0,0.0,0.0,0.05083245447443222,0.6130812776155399,0.045526413643273624
FB102357,41,6,80369.03,13394.838333333333,0.38445543015761174,0.0,0.004127087262344712,0.0,0.0,0.0,0.05371161005675942,0.5577058725232842,0.0
FB102358,5,8,29120.989999999998,3640.1237499999997,0.4397652689692212,0.0,0.0,0.0,0.0,0.0,0.0,0.03863295856356532,0.5216017724672135
FB102359,70,8,86081.88,10760.235,0.0,0.0,0.014006780521057393,0.01691505808190992,0.0,0.5135339748620732,0.2502229272873687,0.009547073089017108,0.19577418615857367
FB102360,49,6,31718.78,5286.463333333333,0.23882034554922985,0.0,0.0,0.09563987013371889,0.0,0.6655397843170513,0.0,0.0,0.0
FB102361,46,6,91793.07,15298.845000000001,0.3011076979994241,0.023610279076623105,0.02646648597764515,0.0,0.0,0.4846315740393038,0.16418396290700377,0.0,0.0
FB102362,160,7,48535.65,6933.664285714286,0.11395355784871534,0.12407848663817216,0.0,0.2820720439511988,0.0,0.44290907817243613,0.036986833389477634,0.0,0.0
FB102363,89,11,121012.33000000002,11001.12090909091,0.1072140334790678,0.11882235471377173,0.0,0.0,0.0,0.46915863862798113,0.0,0.05821167148835164,0.24659330169082772
FB102364,58,5,22518.11,4503.622,0.22221669580617553,0.0,0.0,0.05241381270452982,0.0,0.43507514618233945,0.0,0.0,0.29029434530695514
FB102365,283,8,81924.73999999999,10240.592499999999,0.0,0.12477647167388022,0.06618391465142277,0.0,0.032863699048663444,0.0,0.6472954323687814,0.07867855302317714,0.050201929234075085
FB102366,162,6,57459.4,9576.566666666668,0.0,0.0,0.6781839002843747,0.09713310615843535,0.0,0.0812846984131404,0.07242191878091313,0.0,0.0709763763631364
FB102367,51,4,38052.75,9513.1875,0.029078581705658593,0.0,0.10415042276839387,0.0,0.6950391233222304,0.0,0.0,0.0,0.17173187220371722
FB102368,40,5,64498.82,12899.764,0.0,0.0,0.0,0.7027041735027091,0.0,0.2808814176755482,0.016414408821742787,0.0,0.0
FB102369,12,6,36696.31,6116.051666666666,0.0,0.0,0.4975868145870797,0.0,0.0,0.0,0.010799450952970477,0.08868929873330587,0.40292443572664394
FB102370,11,5,34030.72,6806.144,0.0,0.0,0.0,0.06065108231621311,0.0,0.0,0.036580477874109035,0.17798359834878602,0.7247848414608918
FB102371,120,6,27689.82,4614.97,0.11420009230829235,0.0,0.0,0.0,0.0,0.23045545258149025,0.5588696495679639,0.09647480554225343,0.0
FB102372,65,6,36132.51,6022.085,0.2996440048034305,0.0,0.10845523878634507,0.11319335412901015,0.0,0.12568155381400298,0.0,0.3530258484672114,0.0
FB102373,192,6,74041.55,12340.258333333333,0.0,0.16594007013629508,0.0,0.0,0.0,0.13737205663576735,0.6226021740495707,0.0,0.07408569917836674
FB102374,44,8,68601.66,8575.2075,0.34781767671511155,0.35227500325793865,0.026090330758760064,0.06009621341524388,0.0,0.10810933729591966,0.09822298760700543,0.0,0.007388450950020743
FB102375,137,8,97967.06,12245.8825,0.08411541593674444,0.0,0.021453129245687274,0.03918909070048647,0.0,0.6366958445012028,0.06603709450911358,0.1525094251067655,0.0
FB102376,31,12,69482.23,5790.185833333333,0.0939126450029022,0.4383856131272701,0.007554017768284064,0.08528353220672395,0.0,0.0,0.04461572404915617,0.0,0.3302484678456636
FB102377,153,4,14157.35,3539.3375,0.0,0.0,0.24765439859860777,0.0,0.0,0.0,0.0,0.7523456014013922,0.0
FB102378,68,4,68701.25,17175.3125,0.08076869052600935,0.03614926948199632,0.0,0.0,0.0,0.0,0.0,0.054083149869907754,0.8289988901220866
FB102379,76,6,36611.755,6101.9591666666665,0.0,0.13834204342293888,0.124902507405067,0.0,0.179805092653985,0.018722128999279056,0.0,0.3739812527424593,0.1642469747762706
FB102380,3,3,7903.1900000000005,2634.396666666667,0.0,0.4757952168681254,0.0,0.0,0.0,0.11826490315935717,0.4059398799725174,0.0,0.0
FB102381,100,7,814910.8441500111,116415.834878573,0.0,0.006250536529935231,0.1170142730146889,0.0,0.0,0.24578858096914585,0.05059024590966285,0.5803563635765672,0.0
FB102382,303,7,51528.47,7361.21,0.740938941132931,0.07812574291454802,0.032332417399546315,0.0,0.0,0.0,0.0812329572370381,0.06736994131593661,0.0
FB102383,34,6,66159.63,11026.605000000001,0.0,0.0,0.008595876367506892,0.0,0.0,0.28600764544783575,0.0,0.0,0.7053964781846573
FB102384,69,5,124415.86,24883.172,0.03382631442647264,0.9275558598397343,0.0,0.0,0.0,0.0,0.0,0.038617825733793104,0.0
FB102385,12,6,73019.4,12169.9,0.00510152096566118,0.0,0.0,0.0,0.0,0.4935904704777087,0.1716443849168851,0.24511814668430584,0.08454547695543925
FB102386,31,5,46578.899999999994,9315.779999999999,0.15157141967714996,0.3308223251300482,0.4275328528582685,0.0,0.0,0.0,0.0,0.09007340233453347,0.0
FB102387,354,4,32653.629999999997,8163.407499999999,0.0,0.0,0.7716860269440182,0.0,0.0,0.20451141266683062,0.023802560389151222,0.0,0.0
FB102388,116,4,81698.64,20424.66,0.0,0.0,0.34168500234520427,0.0,0.0,0.0,0.0,0.3773394514278328,0.2809755462269629
FB102389,12,7,296610.48,42372.92571428571,0.0337515720954971,0.0,0.502810925628791,0.2195867455526184,0.0,0.0,0.0,0.08143454674966306,0.1624162099734305
FB102390,502,2,21015.07,10507.535,0.0,0.0,0.0,0.0,0.0,0.8943696119023159,0.10563038809768419,0.0,0.0
FB102391,60,5,17860.6,3572.12,0.0,0.06280808035564316,0.4344708464441284,0.0,0.0,0.1715250327536589,0.12067735686371119,0.21051868358285836,0.0
FB102392,107,4,42491.560000000005,10622.890000000001,0.5490398563855975,0.0,0.0,0.0,0.0,0.3415800690772473,0.0,0.0,0.10938007453715515
FB102393,29,7,39335.65,5619.378571428571,0.0,0.3516947095065164,0.48430291605706277,0.0,0.0,0.0,0.07072159732964882,0.07527548165595332,0.01800529545081879
FB102394,233,8,68946.69,8618.33625,0.0,0.0,0.09634588694540665,0.09348396565520403,0.0,0.048764632500849565,0.6737802786471693,0.03879664128908872,0.04882859496228173
FB102395,1,8,53771.840000000004,6721.4800000000005,0.29824216541595006,0.0,0.5766302585144939,0.0,0.0,0.0,0.03807885316924249,0.0,0.08704872290031364
FB102396,21,7,38265.76,5466.537142857143,0.38474552707172155,0.016409970689200998,0.3203386003570816,0.0,0.0,0.2785059018819958,0.0,0.0,0.0
FB102397,89,5,86777.68,17355.536,0.07132836462094862,0.0,0.0,0.0,0.0,0.22691514684421155,0.010076554247589934,0.0,0.6916799342872499
FB102398,89,6,69130.59,11521.765,0.0,0.0,0.0,0.42218965583831997,0.0,0.0,0.1855264073400791,0.28726848707641583,0.10501544974518516
FB102399,41,4,40868.369999999995,10217.092499999999,0.0,0.11617982317376495,0.7407689614242018,0.0,0.0,0.022515456329675006,0.0,0.12053575907235843,0.0
FB102400,10,4,40080.13,10020.0325,0.2054531759253276,0.0,0.0,0.0,0.0,0.12179825764038191,0.0,0.6727485664342905,0.0
FB102401,112,4,98222.26999999999,24555.567499999997,0.022420373709546727,0.0,0.0,0.0,0.0,0.7877753181635897,0.1898043081268637,0.0,0.0
FB102402,1,6,57821.380000000005,9636.896666666667,0.17211972457246782,0.0,0.0,0.016538173250102296,0.0,0.0,0.0,0.23468862209791602,0.5766534800795138
FB102403,57,7,123733.885,17676.269285714287,0.0,0.6049246332158729,0.0,0.0,0.0,0.0,0.3572786064221616,0.0,0.03779676036196552
FB102404,259,4,36324.4,9081.1,0.0,0.0,0.07017184041580865,0.629868352952836,0.0,0.16920114303333297,0.13075866359802224,0.0,0.0
FB102405,100,6,106165.97,17694.328333333335,0.2233527372283228,0.0,0.0,0.0,0.0,0.14686862466381648,0.0,0.6046512832690174,0.025127354838843374
FB102406,34,3,83513.12,27837.706666666665,0.0,0.0,0.0,0.0,0.0,0.0,0.2231915176920704,0.0,0.7768084823079295
FB102407,111,8,550604.6241500111,68825.57801875139,0.0,0.0,0.003097467629576873,0.005545249469550678,0.0,0.013243858987303517,0.0,0.853907656289344,0.12420576762422494
FB102408,5,5,87363.5,17472.7,0.0,0.04231893181935248,0.0,0.33703102554270375,0.053084411682224275,0.0,0.08382390815386288,0.0,0.4837417228018566
FB102409,37,18,169073.24,9392.957777777778,0.1313585757273002,0.0,0.0010790589924224556,0.042689191973845186,0.0,0.0013928283387720022,0.5463924391583198,0.1997900436520883,0.0772978621572521
FB102410,89,6,64768.759999999995,10794.793333333333,0.3337953358995911,0.5105115490863188,0.08126170703283497,0.07443140798125517,0.0,0.0,0.0,0.0,0.0
FB102411,386,3,9221.27,3073.7566666666667,0.0,0.0,0.0,0.16568108297447096,0.0,0.32580436317340233,0.0,0.0,0.5085145538521266
FB102412,58,3,46343.95,15447.983333333332,0.0,0.2079004918657128,0.0,0.6858090430358224,0.0,0.0,0.0,0.0,0.10629046509846486
FB102413,98,8,86539.6,10817.45,0.050145366976505554,0.3346019625697369,0.44640245621657604,0.0,0.0,0.044611715330322765,0.0,0.12019202769599122,0.004046471210867627
FB102414,16,8,106623.81,13327.97625,0.04503131148661823,0.0,0.0,0.0,0.0,0.03574989488745525,0.027533249843538696,0.0,0.8916855437823878
FB102415,76,5,98010.81999999999,19602.163999999997,0.0,0.06991034255197538,0.426387515174345,0.0,0.0,0.0,0.0,0.3312445503465842,0.17245759192709537
FB102416,182,3,72805.26,24268.42,0.0,0.0,0.0,0.0,0.0,0.0,0.0,0.9791163440663491,0.02088365593365095
FB102417,55,7,21099.23,3014.175714285714,0.07701181512311112,0.44909458781197226,0.0,0.0,0.0,0.0,0.13876477956778516,0.33512881749713136,0.0
FB102418,112,3,53687.630000000005,17895.876666666667,0.0,0.0,0.0,0.826317533480245,0.0,0.0,0.0,0.17368246651975514,0.0
FB102419,78,7,523874.52415001113,74839.21773571588,0.8974773203809764,0.01490228984252819,0.062048884802598216,0.020491395372618012,0.0,0.0,0.0,0.0,0.005080109601279117
FB102420,99,5,100626.93,20125.386,0.6783229896807942,0.0,0.0,0.0,0.0,0.2496319822139064,0.004518273587398523,0.06752675451790092,0.0
FB102421,41,11,218190.69,19835.517272727273,0.02506435998712869,0.0,0.033393725460971774,0.0831247199410754,0.0,0.2337129508138042,0.31397375387556636,0.30403217479169253,0.006698315129761036
FB102422,3,4,5982.84,1495.71,0.0,0.0,0.0,0.0,0.0,0.28114908638706704,0.7188509136129331,0.0,0.0
FB102423,5,8,147674.0,18459.25,0.0,0.0,0.023601107845660035,0.03429859013773583,0.13131878326584231,0.0,0.5916195132521636,0.0,0.21916200549859827
FB102424,36,8,75723.05,9465.38125,0.0,0.09411718096405257,0.0,0.0,0.0,0.4593162848036365,0.4183246712856918,0.028241862946619296,0.0
FB102425,384,3,88023.66,29341.22,0.0,0.3080045751335493,0.0,0.0,0.0,0.0,0.6380895772795633,0.05390584758688743,0.0
FB102426,116,9,84378.13,9375.347777777779,0.0,0.14716230378653805,0.0,0.18067181626329,0.0,0.2875572141738623,0.0,0.03719056110866643,0.34741810466764317
FB102427,233,4,26293.309999999998,6573.327499999999,0.0,0.2371797236635479,0.0,0.0,0.0,0.0,0.21914281617643425,0.0,0.543677460160018
FB102428,697,1,11433.75,11433.75,0.0,0.0,0.0,0.0,0.0,0.0,0.0,1.0,0.0
FB102429,145,5,65822.34,13164.467999999999,0.38309485806794474,0.0,0.0,0.15004130816376324,0.0,0.0,0.0,0.46686383376829205,0.0
FB102430,107,9,81876.01,9097.334444444445,0.049118294846072746,0.0,0.0,0.04497691081917646,0.0,0.353915023460474,0.10481702760063663,0.2286784614931773,0.21849428178046293
FB102431,274,6,125944.13,20990.688333333335,0.0,0.0007940028646035348,0.0,0.015034364840981473,0.0,0.0,0.047688050248947685,0.9364835820454672,0.0
FB102432,124,9,135269.96,15029.995555555555,0.0,0.014279962823970671,0.02272655362654058,0.029037784885868227,0.0,0.41231933534984405,0.0,0.4554493843274589,0.06618697898631742
FB102433,222,3,14847.11,4949.036666666667,0.9720080204160945,0.0,0.0,0.0,0.0,0.0,0.027991979583905556,0.0,0.0
FB102434,68,3,35600.1,11866.699999999999,0.6669295872764402,0.12971873674512152,0.0,0.0,0.0,0.20335167597843828,0.0,0.0,0.0
FB102435,7,9,61345.33,6816.147777777778,0.2484766159053998,0.07847361812219446,0.18526446919431358,0.0,0.0,0.04096986681789795,0.4133445854802639,0.0,0.03347084447993026
FB102436,6,9,200375.53,22263.94777777778,0.0,0.0,0.08624745746149742,0.21764094647684773,0.0,0.0,0.15014802456168178,0.05508996033597516,0.4908736111639979
FB102437,4,9,42752.64,4750.293333333333,0.0,0.14252149107049297,0.6397389728447179,0.004171906109189983,0.07353487410368108,0.0838402026167273,0.036588851589048066,0.019603701666142722,0.0
FB102438,38,7,87535.06999999999,12505.009999999998,0.0,0.7088547481597947,0.01260511929675729,0.0,0.0,0.0,0.16181400209081914,0.039908233351501295,0.07681789710112759
FB102439,102,6,32827.67,5471.278333333333,0.3513015087577035,0.0,0.00869601771919847,0.017927254660473926,0.0,0.0,0.0,0.3168854201349045,0.3051897987277197
FB102440,59,5,41025.729999999996,8205.145999999999,0.026202093174210433,0.3818654780792444,0.0,0.2728231770647348,0.08479166610807413,0.0,0.0,0.2343175855737363,0.0
FB102441,295,1,774.77,774.77,0.0,0.0,0.0,1.0,0.0,0.0,0.0,0.0,0.0
FB102442,216,8,495169.7341500111,61896.21676875139,0.02154301699862841,0.0,0.0,0.0,0.0,0.020204910175243142,0.003566857742288691,0.0,0.9546852150838397
FB102443,296,9,57934.21,6437.134444444444,0.3286659125929222,0.15986702847937342,0.02696455168716377,0.015895789379021478,0.0,0.0,0.022976752423136522,0.02786125848613453,0.41776870695224805
FB102444,86,6,63513.21,10585.535,0.12566157496999444,0.0,0.1340640789530241,0.0,0.0,0.3665017088571023,0.37377263721987913,0.0,0.0
FB102445,10,7,53550.61,7650.087142857143,0.2817153716829743,0.0,0.11462035633207539,0.0,0.0,0.05904769338761967,0.0,0.5446165785973306,0.0
FB102446,138,9,94865.87000000001,10540.652222222223,0.28723913036374404,0.0,0.02469307454830699,0.0,0.0,0.6115363723539351,0.0,0.03730582979948426,0.03922559293452956
FB102447,38,5,35271.06,7054.2119999999995,0.0,0.7303531563837322,0.0,0.08745073156293007,0.0,0.13840496996687937,0.0,0.0,0.043791142086458415
FB102448,54,5,30755.73,6151.146,0.0,0.0,0.06219556485897099,0.0,0.5193754139472547,0.206353092578196,0.2120759286155783,0.0,0.0
FB102449,5,6,51454.42,8575.736666666666,0.0,0.0,0.0,0.0,0.0,0.17957446610028838,0.17119520538760324,0.3893084403633352,0.2599218881487732
FB102450,186,6,32799.92,5466.653333333333,0.06642638152775983,0.19959164534547646,0.3076080673367496,0.0,0.1196713284666548,0.0,0.3067025773233593,0.0,0.0
FB102451,3,5,38111.51,7622.302000000001,0.0,0.0,0.0,0.5916852940227243,0.0,0.0,0.16289226010724844,0.10256061751423651,0.14286182835579067
FB102452,99,9,122491.09999999999,13610.12222222222,0.0,0.010864381167284805,0.0,0.08374020643132439,0.0,0.28343210241397127,0.011457975314124862,0.08400994031403097,0.5264953943592636
FB102453,26,7,84068.89,12009.841428571428,0.14475735316595711,0.2850563389144308,0.0,0.0,0.0,0.08222815835917424,0.0363974116941475,0.45156073786629036,0.0
FB102454,83,8,75317.42,9414.6775,0.0,0.1337005436458126,0.0,0.16966632686037308,0.0,0.0,0.3579223770543388,0.02525524639585371,0.31345550604362177
FB102455,16,11,94170.215,8560.928636363637,0.35345995546468706,0.05378499985372232,0.0,0.09332420022615431,0.0,0.15214290420808746,0.0,0.0072711950376241575,0.34001674520972475
FB102456,72,11,92267.5,8387.954545454546,0.12138488633592542,0.0077948356680304556,0.101994635164061,0.35316303140325683,0.0,0.3719226163058498,0.0,0.04373999512287642,0.0
FB102457,232,4,32369.54,8092.385,0.24691206609670696,0.0,0.0,0.0,0.0,0.0,0.2297344973082719,0.5233534365950211,0.0
FB102458,159,6,63012.880000000005,10502.146666666667,0.08528954715289952,0.0,0.0,0.0,0.0,0.16357481200668816,0.29619023920189014,0.4549454016385222,0.0
FB102459,20,5,30775.86,6155.1720000000005,0.1367607598942808,0.0,0.0,0.0,0.0,0.0,0.16351159642654986,0.16006376426198976,0.5396638794171795
FB102460,344,1,7562.88,7562.88,0.0,0.0,0.0,1.0,0.0,0.0,0.0,0.0,0.0
FB102461,58,5,37773.99,7554.798,0.0,0.6881820003658602,0.0,0.20179705665194492,0.0,0.1100209429821949,0.0,0.0,0.0
FB102462,37,6,50510.99,8418.498333333333,0.020686983169405315,0.7915180438950019,0.02541070764995895,0.0,0.0,0.1623842652856339,0.0,0.0,0.0
FB102463,65,5,39658.98,7931.796,0.0,0.0,0.011458691070723451,0.0,0.0,0.13576925074724563,0.0,0.24371932914058805,0.6090527290414428
FB102464,77,7,48136.44,6876.634285714286,0.2609511629858793,0.10961986387028205,0.0,0.39502111082581093,0.0,0.13792627788843545,0.0,0.015413063367378226,0.08106852106221399
FB102465,148,2,34906.37,17453.185,0.0,0.0,0.0,0.7681451838160198,0.0,0.23185481618398016,0.0,0.0,0.0
FB102466,103,5,20187.55,4037.5099999999998,0.0,0.0,0.0,0.23760089758291617,0.0,0.5499523220995117,0.0,0.21244678031757191,0.0
FB102467,54,6,34800.76,5800.126666666667,0.0,0.07533800985955479,0.0,0.1620188754498465,0.0,0.0,0.64974213206838,0.11290098262221859,0.0
FB102468,84,1,27633.47,27633.47,1.0,0.0,0.0,0.0,0.0,0.0,0.0,0.0,0.0
FB102469,13,7,100174.41,14310.630000000001,0.35746853912091914,0.022012707636610986,0.0,0.4979398431196151,0.0,0.0,0.12257891012285473,0.0,0.0
FB102470,56,5,34945.82,6989.164,0.0,0.0,0.3282458388442452,0.5587040166749556,0.0,0.06681056561271133,0.046239578868087806,0.0,0.0
FB102471,54,8,140660.21000000002,17582.526250000003,0.0,0.048699059954481795,0.0,0.0,0.0,0.042958701682586704,0.0,0.8201483560987147,0.0881938822642167
FB102472,13,5,57909.56,11581.912,0.0,0.0,0.3543694685298938,0.0,0.0,0.5040487270150213,0.07486017852665432,0.0,0.06672162592843046
FB102473,6,8,58440.11,7305.01375,0.0,0.0,0.2171780648599053,0.007463367197631901,0.0,0.08353321032421054,0.049780707120503365,0.3610994229819211,0.28094522751582773
FB102474,83,5,6207.65,1241.53,0.0,0.0,0.2984865448277529,0.05113529274363084,0.0,0.5742092418225899,0.0,0.07616892060602644,0.0
FB102475,185,6,115679.27,19279.878333333334,0.0,0.0,0.15365795444594355,0.0,0.0,0.0015100371916247398,0.00845302706353524,0.8363789812988967,0.0
FB102476,62,14,168771.08000000002,12055.077142857144,0.013313299885264704,0.06690168718479494,0.07067342343249804,0.0,0.0,0.4937623791943501,0.35534921030309224,0.0,0.0
FB102477,28,5,34170.2,6834.039999999999,0.1730496163323598,0.5400697098641507,0.0,0.0,0.0,0.0,0.28688067380348964,0.0,0.0
FB102478,327,4,24427.809999999998,6106.952499999999,0.05324095774447239,0.22581148289592887,0.0,0.0,0.0,0.0,0.0,0.7209475593595988,0.0
FB102479,90,4,42411.57,10602.8925,0.08908795406536471,0.0,0.0,0.0,0.0,0.0,0.5976864332067877,0.0,0.3132256127278476
FB102480,17,9,48483.63,5387.07,0.043371133720804325,0.0,0.20372010099078805,0.08073446645806018,0.2168919695163089,0.34259460358063126,0.11268772573340735,0.0,0.0
FB102481,119,5,50630.68,10126.136,0.0,0.02457047782095757,0.09519978795465515,0.05750169659976915,0.0441301598161431,0.0,0.0,0.7785978778084751,0.0
FB102482,109,3,27988.199999999997,9329.4,0.0,0.9722254378630995,0.0,0.0,0.0,0.027774562136900556,0.0,0.0,0.0
FB102483,410,4,43132.969999999994,10783.242499999998,0.0,0.859953302543275,0.015703068905294493,0.0,0.0,0.12434362855143062,0.0,0.0,0.0
FB102484,260,6,20063.010000000002,3343.8350000000005,0.25946405848374693,0.2599958829707008,0.1782768388192998,0.0725738560664626,0.0,0.0,0.0,0.0,0.2296893636597898
FB102485,73,6,167453.49,27908.914999999997,0.0,0.0,0.7727852074029631,0.1509873577433352,0.0,0.0,0.001643919156298265,0.0,0.07458351569740351
FB102486,6,6,212742.48,35457.08,0.03822776720474444,0.0,0.9075666035292997,0.004829688927194983,0.0,0.0,0.01548256840852847,0.0,0.033893371930232265
FB102487,90,6,73672.4,12278.733333333332,0.2081889554297132,0.0,0.5162891394877864,0.0,0.0,0.18525132885585377,0.0,0.09027057622664662,0.0
FB102488,52,9,146091.33,16232.369999999999,0.0,0.42691527279544933,0.12839796858581548,0.3872644598416621,0.0,0.0,0.0,0.0,0.057422298777073236
FB102489,195,6,58268.34,9711.39,0.0,0.6671626478461545,0.0,0.08757002516289292,0.0,0.0,0.0,0.24526732699095255,0.0
FB102490,35,2,34591.68,17295.84,0.0,0.0,0.9153706902931572,0.0,0.0,0.08462930970684279,0.0,0.0,0.0
FB102491,115,6,141814.99,23635.831666666665,0.0,0.14840539776507408,0.0,0.0,0.0,0.701169178237082,0.0,0.15042542399784398,0.0
FB102492,89,9,151303.56,16811.506666666668,0.5625067909836358,0.08896862704354082,0.0,0.26432253147249146,0.0,0.02057849795470774,0.0,0.06362355254562417,0.0
FB102493,107,3,10468.25,3489.4166666666665,0.5471707305423543,0.0,0.0,0.45282926945764573,0.0,0.0,0.0,0.0,0.0
FB102494,92,2,17333.23,8666.615,0.0,0.6858813966006336,0.0,0.0,0.0,0.3141186033993664,0.0,0.0,0.0
FB102495,5,11,141646.04,12876.912727272727,0.049438092303886495,0.3320104113041211,0.0,0.0,0.12121567253133232,0.02895774565953273,0.0,0.2879178973164375,0.18046018088468976
FB102496,84,5,44737.270000000004,8947.454000000002,0.0,0.0,0.0,0.0,0.0,0.43680313975349855,0.14048711510559317,0.24082873183812958,0.18188101330277862
FB102497,41,9,149013.65,16557.07222222222,0.24712702494033267,0.3342266295738679,0.21156934280852796,0.06794887582446306,0.0,0.03683367261992442,0.054058067834725214,0.03683367261992442,0.011402713778234411
FB102498,58,10,83433.13,8343.313,0.0,0.012295595286908208,0.24346695371490915,0.36225250089502814,0.0,0.08811331901368197,0.05731655998042984,0.04061815731952043,0.1959369137895222
FB102499,57,5,52954.32,10590.864,0.2019806882611277,0.10186194440793499,0.07376791921792217,0.0,0.0,0.0,0.11812671751804196,0.5042627305949732,0.0
FB102500,375,2,57442.6,28721.3,0.950322582891443,0.0,0.0,0.0,0.0,0.0,0.04967741710855706,0.0,0.0
FB102501,20,5,33869.72,6773.944,0.5711969275211014,0.0,0.0,0.0,0.0,0.15413088741211914,0.129229589143341,0.14544259592343842,0.0
FB102502,26,6,34377.8,5729.633333333334,0.1503394632582655,0.6840571531627969,0.0,0.0,0.0,0.09299460698474014,0.0,0.0,0.07260877659419741
FB102503,128,5,31671.21,6334.242,0.0,0.01657151716022217,0.0,0.01748338633099272,0.0,0.0,0.0,0.8469827960472618,0.11896230046152324
FB102504,173,4,13551.85,3387.9625,0.0,0.0,0.0,0.0708781457882134,0.07181159767854572,0.5385810793360316,0.0,0.0,0.31872917719720917
FB102505,71,5,40024.45,8004.889999999999,0.0,0.0,0.0,0.0,0.0,0.0,0.28564090199865333,0.6351250298255191,0.07923406817582752
FB102506,285,4,19881.33,4970.3325,0.0,0.4004918182033093,0.0,0.1559996237676252,0.0,0.04783382198273455,0.39567473604633085,0.0,0.0
FB102507,5,10,22948.02,2294.802,0.0,0.2943883611745153,0.06969751638703471,0.14142919519854003,0.0,0.027837260033763262,0.0,0.0,0.4666476672061468
FB102508,78,8,174347.89,21793.48625,0.07460377065647308,0.0,0.0,0.40090092286175644,0.0,0.04984964257382179,0.37960895311093235,0.08735999041915561,0.007676720377860608
FB102509,215,7,165700.71,23671.53,0.7745049493149424,0.013712735449353234,0.0,0.03703430118072517,0.0,0.0,0.030616102972642657,0.13903754546374603,0.0050943656185902875
FB102510,106,3,11808.59,3936.1966666666667,0.0,0.0,0.0,0.8469182180090934,0.0,0.027535887011065675,0.0,0.0,0.12554589497984095
FB102511,48,8,781866.0041500111,97733.25051875139,0.6046550452899678,0.0,0.0053208861594164015,0.015247510362034753,0.0,0.0005177357729475266,0.324891552582791,0.0,0.049367269832842564
FB102512,65,8,82015.64,10251.955,0.380416101124127,0.49192105310645623,0.0,0.0,0.0,0.018777516093271964,0.03487151962723207,0.01193223633931284,0.06208157370959977
FB102513,482,1,5959.68,5959.68,0.0,0.0,0.0,0.0,0.0,0.0,0.0,1.0,0.0
FB102514,6,7,21334.75,3047.8214285714284,0.4487833229824582,0.0,0.10011741407797138,0.13980430987004766,0.25966556908330307,0.0,0.05162938398621966,0.0,0.0
FB102515,5,9,36118.79,4013.198888888889,0.040180471161963056,0.14034495618485557,0.0,0.1527451501005432,0.0,0.0453725055573567,0.0,0.13638607494880087,0.48497084204648044
FB102516,20,9,109437.14,12159.682222222222,0.0,0.0,0.0,0.4624542454234459,0.013374253018673553,0.0,0.07293063396941843,0.1794507787758343,0.271790088812628
FB102517,57,9,58948.31,6549.812222222222,0.2472966570203624,0.4698446825702043,0.0,0.0,0.0,0.005605928312448652,0.16777868610652283,0.10947404599046183,0.0
FB102518,66,7,51606.090000000004,7372.298571428572,0.016204289067433708,0.19415092288526412,0.33797193315750135,0.0,0.0,0.05185550775112008,0.0,0.38145827362623286,0.01835907351244785
FB102519,89,8,59776.72,7472.09,0.0,0.028116631357491675,0.0,0.0,0.0,0.15879827464604948,0.0,0.7252037247945353,0.08788136920192341
FB102520,42,3,9586.96,3195.653333333333,0.0,0.1630496007076279,0.0,0.20758092241962,0.0,0.0,0.0,0.6293694768727522,0.0
FB102521,12,8,52313.14,6539.1425,0.15292352934654657,0.11607466116543567,0.21911072438014614,0.0,0.0,0.10472282871951483,0.0,0.3449544416565322,0.062213814731824545
FB102522,23,6,81284.95999999999,13547.493333333332,0.0,0.10794752190319094,0.0,0.266633704439296,0.0,0.13982352946965831,0.4381906566725258,0.03376565603280114,0.013638931482527641
FB102523,24,4,475634.1,118908.525,0.03762495161722004,0.9408916854363469,0.0,0.0,0.0,0.0,0.021483362946432983,0.0,0.0
FB102524,79,3,9906.369999999999,3302.123333333333,0.0,0.0,0.0,0.0,0.0,0.0,0.8074340045849288,0.0,0.19256599541507136
FB102525,5,9,138661.88999999998,15406.876666666665,0.0,0.185947126495968,0.3164837865688979,0.0,0.0,0.24796308488222685,0.0,0.1768746985923818,0.07273130346052546
FB102526,3,4,72163.8,18040.95,0.07070816669853859,0.0,0.036386387634797505,0.0,0.0,0.020927944481859324,0.0,0.0,0.8719775011848045
FB102527,151,5,53252.37,10650.474,0.306145623190104,0.6829168354384979,0.0,0.0,0.0,0.0,0.0,0.0,0.01093754137139812
FB102528,170,3,74195.19,24731.73,0.0,0.0,0.24742978621659972,0.0,0.0,0.0,0.0,0.557386267222983,0.19518394656041718
FB102529,39,7,127724.92,18246.417142857143,0.0,0.06031610745968759,0.015991867522798214,0.07234531836073962,0.0,0.7855344125484675,0.06581229410830713,0.0,0.0
FB102530,31,5,44750.54,8950.108,0.0,0.0,0.4297306803448629,0.0,0.0,0.2066439868658568,0.0,0.03830099033441831,0.325324342454862
FB102531,288,1,5545.54,5545.54,0.0,0.0,0.0,0.0,0.0,1.0,0.0,0.0,0.0
FB102532,369,5,20574.19,4114.838,0.0,0.0,0.14545262778267334,0.0,0.0,0.0,0.0643354610801203,0.7902119111372063,0.0
FB102533,14,7,32758.65,4679.807142857143,0.02887603732144029,0.0,0.5961085087450184,0.026499260500661658,0.0,0.0,0.1579851428553985,0.0,0.19053105057748104
FB102534,31,8,59111.58,7388.9475,0.0,0.20817139382841737,0.0,0.04227699547195321,0.0,0.2846339076032141,0.3349413093001405,0.09769050328209802,0.03228589051417675
FB102535,261,4,15947.69,3986.9225,0.0,0.0,0.7688586873710237,0.0,0.0,0.0,0.0,0.23114131262897636,0.0
FB102536,88,7,150561.31,21508.75857142857,0.0,0.0,0.1366563561382403,0.29622005812781516,0.0,0.240334718129113,0.0,0.32678886760483156,0.0
FB102537,43,7,48974.74,6996.391428571428,0.0,0.0813113045623111,0.03219516836638643,0.17412057726084917,0.0,0.548756971450997,0.04815359918194563,0.11546237917751069,0.0
FB102538,92,4,9865.460000000001,2466.3650000000002,0.0,0.0,0.20386378334107078,0.08026691102087485,0.0,0.7158693056380545,0.0,0.0,0.0
FB102539,11,9,125607.23,13956.358888888888,0.08250257568772117,0.5435871804513164,0.08623556144021327,0.05464605819266933,0.0,0.0,0.0,0.23302862422807988,0.0
FB102540,176,4,15715.91,3928.9775,0.0,0.0,0.15098584809915558,0.0,0.01615114874035293,0.0,0.24797736815749136,0.0,0.5848856350030002
FB102541,103,8,80049.97,10006.24625,0.21094811153583193,0.0,0.0,0.008911933383610262,0.0,0.006792881996083197,0.045668849095133954,0.01113417031886458,0.7165440536704761
FB102542,23,2,7221.17,3610.585,0.0,0.0,0.0,0.16862641372519965,0.0,0.0,0.0,0.0,0.8313735862748003
FB102543,43,9,87638.62,9737.624444444444,0.020032378419468495,0.0,0.039581294182861396,0.03737986746025896,0.09839258080512907,0.1386785871343022,0.0,0.6078369330781338,0.05809835891984607
FB102544,77,6,108062.69,18010.448333333334,0.49916358735841204,0.06146210130434473,0.29210905262491615,0.12771494028142366,0.0,0.019550318430903393,0.0,0.0,0.0
FB102545,149,8,70024.0,8753.0,0.33633268593625043,0.0,0.3882994401919342,0.09709071175596938,0.0842198389123729,0.06612318633611333,0.027934136867359762,0.0,0.0
FB102546,10,7,25344.04,3620.577142857143,0.0,0.0,0.0,0.21799799874053227,0.0,0.46562426511321797,0.10339630145785754,0.0,0.21298143468839223
FB102547,86,5,34537.67,6907.534,0.0,0.04415497629110476,0.0,0.0,0.0,0.11677742013285783,0.0,0.7818830859174924,0.05718451765854501
FB102548,351,2,4317.6900000000005,2158.8450000000003,0.0,0.0,0.0,0.506249869722004,0.0,0.49375013027799586,0.0,0.0,0.0
FB102549,36,10,118186.96,11818.696,0.0,0.12298784908250453,0.0,0.11521177970903049,0.0,0.2565301620415653,0.023054996930287404,0.21853722271898693,0.2636779895176253
FB102550,36,7,129331.98000000001,18475.997142857144,0.017810908021357128,0.0,0.0074877072167301535,0.079153431347761,0.0,0.26652379403763865,0.0,0.0,0.629024159376513
FB102551,381,7,33697.729999999996,4813.961428571428,0.3306074326074783,0.0,0.0,0.0,0.0,0.5947094952686723,0.0,0.07468307212384928,0.0
FB102552,395,1,41575.95,41575.95,0.0,0.0,0.0,0.0,0.0,0.0,0.0,1.0,0.0
FB102553,126,8,52887.52,6610.94,0.2229962758699973,0.03373612527114147,0.0,0.5860817448048234,0.0,0.01542121846515019,0.0,0.051557531909229244,0.09020710367965826
FB102554,110,5,43082.85,8616.57,0.0,0.12059369331416096,0.11632122758823984,0.0,0.0,0.0,0.0,0.30834798533523194,0.4547370937623671
FB102555,3,10,59103.7,5910.37,0.0,0.07932126076709242,0.12333305698289616,0.4588924212866538,0.048872913201711575,0.24849645622862868,0.0,0.04108389153301739,0.0
FB102556,109,4,59527.24,14881.81,0.0,0.0,0.8775322020641306,0.0,0.08741376217005861,0.0,0.035054035765810745,0.0,0.0
FB102557,39,8,100957.7,12619.7125,0.8388609288840773,0.06921552293683395,0.0,0.018201484384053914,0.0,0.0,0.07372206379503496,0.0,0.0
FB102558,263,2,21149.32,10574.66,0.0,0.0,0.0,0.0,0.0,0.0,0.8623255972296036,0.1376744027703964,0.0
FB102559,241,4,73760.16,18440.04,0.0,0.06266024911008869,0.7852369083798082,0.0,0.0,0.0,0.06899578308940761,0.0,0.08310705942069539
FB102560,13,6,104346.58,17391.096666666668,0.80260886365418,0.0,0.0,0.15894272720773409,0.0,0.0,0.0,0.03844840913808579,0.0
FB102561,141,2,22037.11,11018.555,0.0,0.0,0.0,0.0,0.7785617079553535,0.2214382920446465,0.0,0.0,0.0
FB102562,232,6,23273.04,3878.84,0.22173725478063888,0.0,0.0,0.0,0.0,0.0,0.0572078250198513,0.04034883281255908,0.6807060873869507
FB102563,281,3,22888.52,7629.506666666667,0.765526560913506,0.07898588462687844,0.0,0.0,0.15548755445961557,0.0,0.0,0.0,0.0
FB102564,1,6,48059.96,8009.993333333333,0.2815813829224993,0.2624176133313469,0.0,0.2487773606137,0.0,0.20722364313245367,0.0,0.0,0.0
FB102565,79,4,26387.05,6596.7625,0.05807394157361282,0.0,0.0,0.6916695879228637,0.0,0.0,0.0,0.0,0.2502564705035235
FB102566,1,9,79453.98,8828.22,0.01483198198504342,0.07169961781650208,0.0,0.0,0.0,0.16005818714178952,0.0,0.482819740433393,0.270590472623272
FB102567,218,8,122467.0,15308.375,0.0,0.02122963737170013,0.0,0.014840079368319629,0.0,0.4902888124964276,0.41568577657654715,0.057955694187005476,0.0
FB102568,230,4,238913.5,59728.375,0.0,0.6317938082192928,0.0,0.018001201271589926,0.0,0.0,0.0,0.3237409355268748,0.026464054982242528
FB102569,100,4,34728.27,8682.0675,0.5083351402186173,0.0,0.1387926896444885,0.0,0.0,0.0,0.35287217013689426,0.0,0.0
FB102570,13,6,44629.86,7438.31,0.0,0.26575503485782836,0.0,0.4218440299835133,0.0,0.011431136015214926,0.0,0.1498861972679278,0.15108360187551564
FB102571,59,4,40802.77,10200.6925,0.0,0.8107447116948188,0.0,0.0,0.0,0.0,0.05773921721490968,0.13151607109027158,0.0
FB102572,162,10,531250.7341500111,53125.07341500111,0.0,0.927865097332404,0.0,0.0,0.0,0.007364695704863184,0.0515031758850689,0.0,0.013267031077663976
FB102573,13,6,87778.67,14629.778333333334,0.12524375226920165,0.0,0.8246553519209167,0.0,0.0,0.011318353308383463,0.03878254250149838,0.0,0.0
FB102574,76,6,27442.25,4573.708333333333,0.0,0.12486366824877698,0.38373894268873726,0.0,0.0,0.0,0.49139738906248576,0.0,0.0
FB102575,153,5,76798.32,15359.664,0.0,0.0,0.3494638945226927,0.4385257385838649,0.0,0.0918508373620673,0.0,0.12015952953137517,0.0
FB102576,1,9,182948.04,20327.56,0.0,0.05587083633145235,0.05609324920890106,0.0,0.0,0.6488470715510262,0.0,0.0,0.23918884290862036
FB102577,91,9,44167.21,4907.467777777778,0.0,0.2998509527769582,0.0,0.11467806094158992,0.11360894201829817,0.27885936195652833,0.03983973631116839,0.1531629459954568,0.0
FB102578,21,6,30833.27,5138.878333333333,0.11848759473127567,0.6544054522922803,0.019670310674151655,0.0,0.0,0.04767090872943414,0.0,0.15976573357285817,0.0
FB102579,121,7,44381.32,6340.188571428572,0.2045660201183741,0.2863328535518997,0.00796956917910508,0.0,0.0,0.020895728202766386,0.368955677749107,0.07712298777954328,0.034157163419204294
FB102580,46,3,12127.56,4042.52,0.0,0.0,0.0,0.45674150447410694,0.0,0.0,0.05464743114031182,0.4886110643855813,0.0
FB102581,10,6,10294.890000000001,1715.8150000000003,0.06820956804783733,0.10444113535938704,0.0,0.0,0.0,0.131137875198278,0.265834797652039,0.43037662374245866,0.0
FB102582,12,6,52198.4,8699.733333333334,0.1550064752942619,0.043056683729769486,0.005798070438940656,0.018744827427660617,0.0,0.0,0.7773939431093674,0.0,0.0
FB102583,114,7,51768.01,7395.43,0.48115815153025965,0.11713198942744757,0.0931082728503568,0.05711442259418509,0.0,0.0,0.0,0.0,0.2514871635977508
FB102584,124,4,44770.14,11192.535,0.0,0.3695367045981987,0.0,0.5354006040633332,0.0,0.0,0.0,0.0,0.09506269133846801
FB102585,36,8,107698.0,13462.25,0.0,0.5112440342439042,0.24037085182640344,0.19772372746011999,0.0,0.03284712808037289,0.0,0.0,0.01781425838919943
FB102586,281,2,8124.14,4062.07,0.2531763362029704,0.0,0.0,0.7468236637970296,0.0,0.0,0.0,0.0,0.0
FB102587,183,5,47103.56,9420.712,0.3155455765976075,0.3284144552980709,0.27417375671817584,0.0,0.0,0.0,0.08186621138614576,0.0,0.0
FB102588,64,7,39299.96,5614.28,0.32165986937391283,0.0,0.0,0.18659001179644966,0.0,0.0,0.49175011882963754,0.0,0.0
FB102589,174,4,22045.0,5511.25,0.111667498298934,0.0,0.0,0.08432116126105692,0.0,0.8040113404400091,0.0,0.0,0.0
FB102590,63,4,9438.98,2359.745,0.0,0.2636948060065812,0.5132747394315911,0.0,0.0,0.16023129617818874,0.0,0.0,0.0627991583836389
FB102591,14,6,29365.96,4894.326666666667,0.264144948777428,0.0,0.0,0.028807163123562112,0.0,0.0,0.4984325388987794,0.03303416608890021,0.17558118311133028
FB102592,5,8,96903.79,12112.97375,0.3080816550106038,0.0,0.028363699706688464,0.16715022188502637,0.17065132333833383,0.31293007218809504,0.0,0.012823027871252507,0.0
FB102593,168,5,45704.08,9140.816,0.0,0.0,0.0,0.10973243526617317,0.16268656977670262,0.6371380848274377,0.0,0.0854582348009193,0.004984675328767147
FB102594,325,5,116186.01,23237.201999999997,0.010857331274221397,0.004551322487104944,0.0,0.0,0.0,0.27936754175481193,0.0,0.5072709700591319,0.19795283442472977
FB102595,26,6,42973.4,7162.233333333334,0.0,0.16598104874177977,0.0,0.0,0.2794931283072784,0.1180188209450497,0.3534963489042058,0.08301065310168615,0.0
FB102596,230,3,16830.88,5610.293333333334,0.09155373931725495,0.0,0.0,0.0,0.0,0.0,0.0,0.908446260682745,0.0
FB102597,93,8,224828.68,28103.585,0.18600771929986873,0.08770024358102357,0.004540034661058368,0.0,0.0,0.0023921770122922047,0.7064299358960788,0.007799939046922307,0.0051299505027561434
FB102598,608,4,26513.75,6628.4375,0.1403592475602282,0.0,0.0,0.46714968648342836,0.0,0.0,0.2429878836452784,0.14950318231106502,0.0
FB102599,177,8,112014.31999999999,14001.789999999999,0.31566053340322914,0.2374583892488032,0.0,0.0,0.06953807334633642,0.042867822614108625,0.014821140725578658,0.3196540406619439,0.0
FB102600,33,9,85431.63,9492.403333333334,0.041312801827613495,0.05101553136701243,0.29521922969279646,0.3254767584324447,0.0,0.08828170549947367,0.0,0.013197805075239696,0.1854961681054195
FB102601,227,4,36750.86,9187.715,0.0,0.0,0.39668241777199226,0.0,0.0,0.10684484662399736,0.024723503069043827,0.0,0.4717492325349665
FB102602,19,8,48804.27,6100.53375,0.08543842577708877,0.08530933871155126,0.12711018933384313,0.0,0.0,0.6030498970684327,0.012988002894009068,0.0,0.08610414621507502
FB102603,89,4,23002.86,5750.715,0.0,0.0,0.1256956743639704,0.0,0.0,0.40701243236710566,0.4672918932689239,0.0,0.0
FB102604,299,4,59634.19,14908.5475,0.12951295221751144,0.17625560102350682,0.0,0.0,0.0,0.4446102143753441,0.0,0.24962123238363762,0.0
FB102605,265,3,8067.6,2689.2000000000003,0.0,0.0,0.7723610491348109,0.22763895086518915,0.0,0.0,0.0,0.0,0.0
FB102606,558,2,6200.83,3100.415,0.0,0.0,0.0,0.4772586895625263,0.0,0.5227413104374736,0.0,0.0,0.0
FB102607,150,8,155093.18,19386.6475,0.18221581374500154,0.006594100398225118,0.15347386648465133,0.0,0.0,0.022169059916109787,0.467935533980282,0.015429047234701098,0.15218257824102902
FB102608,210,4,31325.83,7831.4575,0.049630927576380254,0.0,0.0,0.8467146760357187,0.08237164027258016,0.0,0.02128275611532081,0.0,0.0
FB102609,97,4,38338.299999999996,9584.574999999999,0.0,0.0,0.0,0.0,0.0,0.09399973394751462,0.4085105495027166,0.0,0.4974897165497687
FB102610,17,8,87964.78,10995.5975,0.1629788649502676,0.012977921390811185,0.0,0.023464391089251857,0.0,0.5169651990262466,0.0,0.0,0.28361362354342273
FB102611,109,8,125372.35,15671.54375,0.4606271638044593,0.003578221194705212,0.0,0.0,0.09895969884906838,0.06824239954024951,0.045855884491277386,0.32273663212024023,0.0
FB102612,145,2,6902.23,3451.115,0.0,0.0,0.0,0.052964042055973215,0.0,0.0,0.0,0.0,0.9470359579440268
FB102613,7,7,113906.45999999999,16272.351428571428,0.0,0.780830516548403,0.0,0.02626005583879966,0.0,0.0012523433701653094,0.0,0.1469567222087316,0.044700362033900445
FB102614,126,4,44925.62,11231.405,0.0,0.0,0.0,0.24630222131603308,0.0,0.544236006091847,0.15581198434211926,0.05364978825000079,0.0
FB102615,46,7,181774.16,25967.737142857142,0.0,0.0,0.0,0.0,0.03551720442553551,0.0,0.7651157898350349,0.016294065119046627,0.18307294062038304
FB102616,15,6,42867.39,7144.565,0.0,0.0,0.31735335414635696,0.22671755849842973,0.0,0.3895214987429839,0.008855682606288837,0.0,0.057551906005940644
FB102617,228,7,132893.99,18984.855714285713,0.4642398802233269,0.01856389442442055,0.0,0.0,0.0,0.05038730494885435,0.0,0.4633785169667944,0.0034304034366038675
FB102618,245,10,101667.8,10166.78,0.014746065125831384,0.3148563261917736,0.2071539858244203,0.06528340339812605,0.0,0.0,0.1445029793110503,0.25345724014879834,0.0
FB102619,5,10,68966.22,6896.622,0.3622912782518746,0.06465049121149455,0.0,0.0,0.012378958858409233,0.3114179666509198,0.10001331086436228,0.0,0.14924799416293946
FB102620,279,5,39981.62,7996.3240000000005,0.040707204960679436,0.19560913239633615,0.12361029893235945,0.6400733637106251,0.0,0.0,0.0,0.0,0.0
FB102621,146,5,70349.08,14069.816,0.8244077960934244,0.0,0.0,0.08291835515119741,0.0,0.07678138790159018,0.015892460853787996,0.0,0.0
FB102622,74,6,100857.18000000001,16809.530000000002,0.0,0.0,0.0,0.0,0.0,0.0,0.07450535499802789,0.07973264769052635,0.8457619973114459
FB102623,58,2,11105.42,5552.71,0.5832638477428139,0.0,0.0,0.0,0.0,0.41673615225718613,0.0,0.0,0.0
FB102624,88,5,25934.8,5186.96,0.03102626586671191,0.8794403658404923,0.0,0.0,0.0,0.04932908678686553,0.0,0.0,0.040204281505930264
FB102625,102,13,106077.04000000001,8159.7723076923085,0.09881751979504705,0.05865661409858345,0.4151378092752211,0.012690305083927681,0.0,0.11688561445530532,0.29781213729191536,0.0,0.0
FB102626,195,3,61853.32,20617.773333333334,0.0,0.0,0.9403487153155238,0.046405431430358135,0.0,0.013245853254117966,0.0,0.0,0.0
FB102627,138,7,42974.61,6139.2300000000005,0.4688610321303672,0.08996777399492398,0.08270371738103033,0.2311429935024425,0.0,0.0,0.0,0.11462814903963062,0.012696333951605378
FB102628,16,6,273708.36,45618.06,0.0,0.0,0.0,0.0,0.0,0.0,0.025304634465677264,0.003733060985057234,0.9709623045492656
FB102629,476,2,8370.26,4185.13,0.0,0.0,0.0,0.9263977463065662,0.0,0.0,0.0,0.0,0.07360225369343366
FB102630,81,6,26522.85,4420.474999999999,0.05363036023655075,0.0,0.3700134035369502,0.1807603632339662,0.0,0.04180357691575377,0.3537922960767791,0.0,0.0
FB102631,274,4,95657.20999999999,23914.302499999998,0.0,0.0,0.0,0.825625689898336,0.0,0.0,0.0,0.17437431010166404,0.0
FB102632,39,3,42015.380000000005,14005.126666666669,0.0,0.0,0.0,0.0,0.0,0.0,0.0,0.8969686814685479,0.10303131853145203
FB102633,56,6,33909.11,5651.518333333333,0.3966090528474501,0.0,0.0,0.2089167188404532,0.0,0.3527774689456609,0.0,0.0,0.04169675936643575
FB102634,79,12,286012.73,23834.394166666665,0.028512227410297436,0.06586643888193369,0.5246948973215283,0.10713960179324886,0.0,0.2113758712767785,0.0033086289550818245,0.059102334361131416,0.0
FB102635,99,7,51622.799999999996,7374.685714285713,0.2529054991205436,0.0,0.007742896549586617,0.4496852166097151,0.0,0.2397752543449794,0.0,0.024559109540745562,0.02533202383442975
FB102636,183,6,111279.8,18546.633333333335,0.22798333569974064,0.632117329470398,0.0,0.04914090427912344,0.0,0.0,0.0,0.0034212858038925307,0.08733714474684534
FB102637,50,7,106569.56,15224.222857142857,0.0,0.0,0.14828727828096502,0.22378172528815918,0.0,0.0,0.052194735532360266,0.43718778608075326,0.1385484748177622
FB102638,72,4,25034.07,6258.5175,0.13511626355602585,0.0,0.089905077360573,0.5105466270566471,0.0,0.0,0.2644320320267539,0.0,0.0
FB102639,265,8,32914.96,4114.37,0.12011681010701517,0.0,0.10691977143523797,0.22528995933763857,0.0,0.12767386015355936,0.045448634906437684,0.28804409909658096,0.08650686496353026
FB102640,76,13,200175.96,15398.150769230768,0.10366729351516535,0.3782160954791974,0.018634005801695667,0.11569960748533438,0.0,0.01254541254604199,0.0,0.04696388117734017,0.324273703995225
FB102641,164,9,75851.1,8427.900000000001,0.4526365471298373,0.05313766049536526,0.11560728849021304,0.2097682169408222,0.0,0.1688502869437622,0.0,0.0,0.0
FB102642,55,8,140819.47,17602.43375,0.027513666966648864,0.04952965665898332,0.12284395048497203,0.564417761265541,0.0,0.0,0.0,0.235694964623855,0.0
FB102643,249,8,28423.005,3552.875625,0.018054389393380468,0.25609765751369357,0.33681132589604795,0.05395770081312654,0.0,0.0,0.3350789263837515,0.0,0.0
FB102644,552,2,24081.27,12040.635,0.0,0.0,0.9033917231109488,0.0,0.0,0.0,0.0,0.0,0.0966082768890511
FB102645,176,3,6457.31,2152.436666666667,0.0,0.3443910854519916,0.0,0.0,0.0,0.0,0.0,0.6556089145480084,0.0
FB102646,294,3,4455.54,1485.18,0.0,0.0,0.0,0.3438124222877586,0.0,0.3056060544849783,0.0,0.0,0.35058152322726316
FB102647,64,3,1426.64,475.5466666666667,0.21625637862389951,0.0,0.0,0.0,0.0,0.1948914932989402,0.0,0.0,0.5888521280771604
FB102648,291,5,143090.03,28618.006,0.8933085694370181,0.0,0.08572714674809977,0.0,0.0,0.0,0.02096428381488214,0.0,0.0
FB102649,26,10,110062.94499999999,11006.2945,0.17406266932072367,0.6315755497910763,0.036165759511523156,0.037850613573896276,0.0,0.017704232791517616,0.10264117501126287,0.0,0.0
FB102650,134,8,88922.31,11115.28875,0.022891668018970718,0.06332167934008912,0.0,0.592704350572989,0.0,0.11825727424310054,0.0,0.0,0.20282502782485068
FB102651,4,4,132699.47999999998,33174.869999999995,0.18454458148592592,0.0,0.0,0.0,0.0,0.352179375533348,0.0,0.0,0.463276042980726
FB102652,135,9,71007.86,7889.762222222223,0.0,0.038696279538631355,0.15316107259111877,0.009838769961522569,0.0,0.0,0.04089744431109457,0.7574064335976327,0.0
FB102653,23,6,21623.29,3603.8816666666667,0.0,0.30871065411415194,0.3563310671040346,0.0,0.0,0.11541259447567878,0.10062714785770344,0.0,0.11891853644843131
FB102654,260,5,55654.380000000005,11130.876,0.0,0.0,0.0,0.09073409855612441,0.0,0.03271512502699697,0.0,0.08851235069009843,0.7880384257267802
FB102655,69,5,15664.1,3132.82,0.1829884896036159,0.0,0.09833440797747715,0.0,0.0,0.0,0.2284216775939888,0.28458960297750907,0.20566582184740906
FB102656,379,2,6180.889999999999,3090.4449999999997,0.0,0.0,0.0,0.0,0.0,0.0,0.41242280642431756,0.5875771935756825,0.0
FB102657,26,7,179279.54,25611.36285714286,0.0,0.007760227407990896,0.727044257253226,0.14371143522568167,0.0,0.0,0.00233518002110001,0.0,0.11914890009200159
FB102658,123,6,77336.23,12889.371666666666,0.0,0.08821777322220128,0.0,0.3525015377656759,0.0,0.033608827324528225,0.36606115917468435,0.15961070251291018,0.0
FB102659,138,1,2211.68,2211.68,0.0,1.0,0.0,0.0,0.0,0.0,0.0,0.0,0.0
FB102660,64,8,126665.54,15833.1925,0.3829526167890651,0.02978252806564437,0.15312838835250692,0.23136347896989187,0.0,0.1568819743712457,0.0,0.045891013451645965,0.0
FB102661,356,4,62278.99,15569.7475,0.48754869017625363,0.0,0.0,0.502124392190689,0.0,0.010326917633057311,0.0,0.0,0.0
FB102662,60,8,104592.95999999999,13074.119999999999,0.2324043606759002,0.0,0.07773840610304938,0.07743857712794437,0.0,0.11377457909213011,0.0,0.027298491217764564,0.47134558578321145
FB102663,707,1,1966.95,1966.95,0.0,0.0,0.0,0.0,0.0,0.0,0.0,1.0,0.0
FB102664,151,11,80749.27,7340.842727272728,0.0,0.013165196416017134,0.0,0.4393640957992561,0.0,0.3300910336403041,0.003935639294324271,0.12755099829385452,0.0858930365562438
FB102665,7,7,68775.25,9825.035714285714,0.0,0.0,0.0,0.11574134590568555,0.0,0.1769793639426974,0.17253750440747215,0.4607084670720935,0.07403331867205136
FB102666,13,6,33311.399999999994,5551.899999999999,0.0946732950281285,0.0685678176239966,0.06426508642686889,0.0,0.0,0.03548544942572212,0.710165889155064,0.026842462340219864,0.0
FB102667,98,6,132465.64,22077.60666666667,0.19748857137594322,0.0,0.0,0.15182103072162711,0.0,0.0,0.01886745876138144,0.5145335801797356,0.11728935896131251
FB102668,112,7,138331.56,19761.65142857143,0.0,0.06251841589872911,0.8538990668506883,0.0,0.0,0.03870758054055054,0.02724230103383494,0.0,0.017632635676197102
FB102669,201,4,36864.3,9216.075,0.13573837018470444,0.0,0.0,0.43744462800053174,0.0,0.0,0.4268170018147639,0.0,0.0
FB102670,46,5,57254.770000000004,11450.954000000002,0.0,0.0,0.15985689925922328,0.0,0.0,0.21532092435267836,0.0,0.2562548063680982,0.36856737002000006
FB102671,541,2,4926.92,2463.46,0.13979321766945677,0.0,0.0,0.8602067823305433,0.0,0.0,0.0,0.0,0.0
FB102672,642,1,9590.6,9590.6,0.0,0.0,1.0,0.0,0.0,0.0,0.0,0.0,0.0
FB102673,5,8,167563.80000000002,20945.475000000002,0.04107020728820902,0.040398403473781326,0.6771031690615753,0.0,0.0,0.1002923662509444,0.04491817445056748,0.0,0.09621767947492238
FB102674,59,4,23957.559999999998,5989.389999999999,0.0,0.0,0.0,0.010705597731989404,0.0,0.20376407280207168,0.0,0.785530329465939,0.0
FB102675,43,5,11238.16,2247.632,0.0,0.0,0.321346199021904,0.0,0.03483310435160204,0.0,0.21835425016194823,0.4254664464645458,0.0
FB102676,258,4,57882.170000000006,14470.542500000001,0.011936663742910813,0.0,0.13227475749440631,0.0,0.0,0.8428270743823185,0.012961504380364454,0.0,0.0
FB102677,3,5,534128.2541500111,106825.65083000223,0.0,0.8802483308025194,0.0,0.023748603264184272,0.0,0.0,0.034932546359473675,0.007915102725145574,0.05315541684867713
FB102678,140,6,134994.91999999998,22499.153333333332,0.05752942407017984,0.0,0.0,0.07484777945718254,0.0,0.15395171907209548,0.012555361342486075,0.7011157160580562,0.0
FB102679,57,6,54977.04,9162.84,0.0,0.27552702000689744,0.44956840164548695,0.0,0.0,0.0819927737106254,0.0,0.07123773851775214,0.12167406611923814
FB102680,33,8,88821.2,11102.65,0.0,0.0,0.28244754630651236,0.5388097661369131,0.0,0.053603193832103144,0.0,0.06987599807253222,0.05526349565193894
FB102681,10,5,14294.36,2858.8720000000003,0.0,0.0,0.045904818403901954,0.0,0.3510328549162047,0.196162682344645,0.0,0.0,0.4068996443352483
FB102682,154,6,159026.42,26504.403333333335,0.0,0.6819861756304393,0.0,0.0,0.0,0.036152797755240926,0.0,0.06388774896649249,0.21797327764782737
FB102683,70,6,23986.22,3997.7033333333334,0.3616534827079882,0.11344763785206671,0.0,0.11631344997252589,0.0,0.0,0.012978701938029419,0.20537208447183425,0.19023464305755555
FB102684,94,4,30000.89,7500.2225,0.0,0.0866984279466376,0.15232748095139845,0.0,0.0,0.10967974616753036,0.0,0.0,0.6512943449344336
FB102685,14,6,53557.14,8926.19,0.302007724833701,0.0,0.0,0.11037519927315013,0.0,0.13857816156725322,0.036355750139010407,0.4126831641868853,0.0
FB102686,11,6,54203.5,9033.916666666666,0.5754237272500853,0.0631782080492957,0.21476841901353236,0.049812834964531816,0.0,0.0,0.0,0.09681681072255481,0.0
FB102687,119,4,12978.26,3244.565,0.3855601598365266,0.0,0.0,0.14799903839189538,0.0,0.0,0.0,0.24252326583070458,0.22391753594087344
FB102688,163,6,45064.52,7510.753333333333,0.02728021956075422,0.07401854052811391,0.09895567510760128,0.12951430526720353,0.0,0.0,0.0,0.6205871048887239,0.04964415464760304
FB102689,150,4,78932.54,19733.135,0.09941501945838814,0.0,0.8282239492103004,0.07236103133131153,0.0,0.0,0.0,0.0,0.0
FB102690,140,6,58773.130000000005,9795.521666666667,0.0,0.0,0.0,0.1090770561309224,0.0,0.0,0.26664531904290273,0.0971100228965175,0.5271676019296573
FB102691,134,6,62363.15,10393.858333333334,0.0,0.012542823766920048,0.5131814220417025,0.0,0.0,0.09733328095197244,0.30094438783159605,0.06226016485697082,0.013737920550838115
FB102692,70,4,26850.29,6712.5725,0.4585902051709684,0.19800754479746774,0.17446217526887045,0.0,0.0,0.16894007476269343,0.0,0.0,0.0
FB102693,130,3,303828.61,101276.20333333332,0.0,0.006560507912668263,0.0,0.0,0.0,0.9603389226577443,0.033100569429587286,0.0,0.0
FB102694,268,5,52533.490000000005,10506.698,0.0,0.0,0.0,0.9292929139107262,0.0,0.018484970254213074,0.0,0.0,0.05222211583506064
FB102695,53,7,72769.45999999999,10395.637142857142,0.05024484172343728,0.06686692466867282,0.26253980722132614,0.0,0.0,0.0,0.04443031458526696,0.41877842710389773,0.1571396846973992
FB102696,18,5,17726.84,3545.368,0.013627358288335657,0.5494047444440183,0.0,0.1497390397837404,0.0,0.0,0.0,0.0,0.2872288574839058
FB102697,143,3,11254.37,3751.456666666667,0.0,0.0,0.4554026569234884,0.0,0.0,0.0,0.5445973430765116,0.0,0.0
FB102698,70,5,18650.09,3730.018,0.0,0.0,0.0,0.14731778774257928,0.0,0.29567792970436074,0.19309290196454817,0.0,0.36391138058851197
FB102699,85,4,33532.44,8383.11,0.0,0.15586697538264438,0.0,0.40058104927646176,0.0,0.35061182544425634,0.0929401498966374,0.0,0.0
FB102700,82,10,140012.56,14001.256,0.02272938942049199,0.0023482893249005665,0.0987944938654075,0.16491549043885778,0.01082567163974432,0.01137640794511578,0.5735372598001208,0.07910726009152322,0.03636573747383806
FB102701,192,4,54904.06,13726.015,0.3651571486698798,0.21565927911342075,0.0,0.11131471880221609,0.0,0.0,0.0,0.0,0.3078688534144834
FB102702,79,5,22853.629999999997,4570.726,0.004375672486165218,0.16460711055530347,0.17731537615687315,0.0,0.0,0.0,0.0,0.0,0.6537018408016583
FB102703,120,7,59142.14,8448.877142857144,0.10363879291483197,0.0,0.1342141153499011,0.04193236835866947,0.0,0.5073715628146023,0.02563654274261973,0.0,0.18720661781937548
FB102704,23,7,70948.74,10135.534285714286,0.7014949102690196,0.06131313959909648,0.0,0.0,0.0,0.0,0.05243926812512809,0.1582466439855028,0.026506038021253092
FB102705,169,5,60543.05,12108.61,0.10742207404483256,0.0,0.0,0.03747696886760743,0.0,0.28163777675554835,0.5734631803320117,0.0,0.0
FB102706,167,3,85234.8,28411.600000000002,0.0,0.0,0.0,0.7592076241159714,0.0,0.0,0.05953014496426342,0.18126223091976518,0.0
FB102707,571,2,5459.6900000000005,2729.8450000000003,0.0,0.0,0.11011064730781417,0.0,0.0,0.0,0.0,0.8898893526921858,0.0
FB102708,25,7,102639.87000000001,14662.838571428572,0.0,0.18963108585386945,0.135226009152194,0.0,0.0,0.030035404370640766,0.10028071937347544,0.0,0.5448267812498204
FB102709,33,13,95515.49,7347.345384615385,0.0,0.15465763720627934,0.31029574365372575,0.0,0.0,0.11918548499306239,0.4100766273616981,0.005784506785234521,0.0
FB102710,133,3,45837.43000000001,15279.143333333335,0.0,0.0,0.0,0.1885470018716145,0.0,0.0,0.8003701341894603,0.0,0.011082863938925021
FB102711,121,8,33290.64,4161.33,0.6042944803704584,0.0,0.11935456933240093,0.0,0.04691228525495455,0.0,0.10650411046468317,0.019240543287843068,0.1036940112896598
FB102712,157,3,92500.54000000001,30833.513333333336,0.0,0.22265329478076556,0.0,0.0,0.0,0.7611368539037718,0.0,0.01620985131546259,0.0
FB102713,123,10,211904.51,21190.451,0.008567396701467089,0.0,0.19827411884721094,0.21380979574243134,0.519019816992097,0.02359959209929038,0.01849998378986837,0.0,0.018229295827634814
FB102714,76,11,59446.75,5404.25,0.0,0.015387384507984037,0.0,0.15419530924735161,0.022125011039291466,0.4847625816381888,0.0,0.3235297135671841,0.0
FB102715,59,7,25049.73,3578.532857142857,0.0,0.04563162956247433,0.0,0.0,0.0,0.2950650565894324,0.0,0.11938052825319875,0.5399227855948947
FB102716,128,2,10789.95,5394.975,0.0,0.0,0.0,0.0,0.0,0.0,0.0,0.0,1.0
FB102717,67,5,35160.9,7032.18,0.47869935069921415,0.3782457218103063,0.0,0.0,0.0,0.10643214479720371,0.0,0.03662278269327577,0.0
FB102718,53,8,133552.72,16694.09,0.159694912990166,0.0,0.0024742289037617505,0.7451199795855897,0.0,0.0,0.0,0.09138406166493651,0.0013268168555458848
FB102719,7,3,32007.89,10669.296666666667,0.0,0.0,0.15058880794704055,0.0,0.0,0.0,0.0,0.8494111920529595,0.0
FB102720,34,10,329461.31999999995,32946.132,0.015924843620489352,0.0,0.04385668096030212,0.008061522973318993,0.0,0.6922315493667057,0.20690689881288646,0.03301850426629749,0.0
FB102721,91,3,57245.37,19081.79,0.0,0.0,0.0,0.08847894598288038,0.0,0.026329290910339125,0.0,0.0,0.8851917631067805
FB102722,144,3,76231.91,25410.63666666667,0.0,0.07604886195295382,0.023245908439130016,0.0,0.0,0.9007052296079161,0.0,0.0,0.0
FB102723,11,5,47255.520000000004,9451.104000000001,0.0,0.044900997809356455,0.0,0.0,0.0,0.0,0.0,0.1865674105374356,0.7685315916532078
FB102724,30,5,25352.57,5070.514,0.0,0.0,0.3469072366233482,0.4918349500662063,0.0,0.0,0.0,0.16125781331044545,0.0
FB102725,142,9,40952.26,4550.251111111112,0.12974644134414068,0.14163003458173,0.0,0.0,0.0,0.4509199248100104,0.15337199949404498,0.0,0.12433159977007371
FB102726,170,3,81010.64,27003.546666666665,0.0,0.0,0.0,0.14345288470749026,0.0,0.0,0.30056891292304316,0.0,0.5559782023694666
FB102727,83,7,68905.99,9843.712857142858,0.5338474927941678,0.0,0.004223145186652132,0.0,0.0,0.07084565507294793,0.28097644341224903,0.0635734280865858,0.04653383544739724
FB102728,122,6,22762.52,3793.7533333333336,0.0,0.0,0.6729026487401218,0.11370182211811346,0.0,0.10178662116496767,0.0,0.08614687653212386,0.025462031444673086
FB102729,35,7,32928.52,4704.074285714285,0.0,0.13052332749847245,0.3443100388356355,0.19009964614261438,0.0,0.12738835514016422,0.0,0.20767863238311352,0.0
FB102730,38,9,73624.15,8180.461111111111,0.017936234238357926,0.07255472558936163,0.6202580267480168,0.05681342331286676,0.0,0.0,0.13516678970147702,0.042090129393684,0.05518067101623583
FB102731,14,6,26455.92,4409.32,0.14469842666594093,0.16165795784081596,0.41943617912361386,0.0,0.0,0.15285236725844348,0.1213550691111857,0.0,0.0
FB102732,88,4,37778.21,9444.5525,0.10333099424244822,0.0,0.0,0.08591725229967223,0.0,0.20893763891936648,0.0,0.0,0.6018141145385131
FB102733,57,7,43447.19,6206.7414285714285,0.0,0.5624557077224096,0.13701415442517687,0.0,0.0,0.0,0.12124673655534454,0.07906288070643924,0.10022052059062968
FB102734,1,6,47905.19,7984.198333333334,0.011498127864642643,0.0,0.0,0.21619098055972644,0.0,0.3480036296693532,0.2123442157311139,0.2119630461751639,0.0
FB102735,47,9,85084.21,9453.801111111112,0.0,0.0,0.0,0.46481350652488873,0.04314278759830996,0.21495845116267756,0.2087538921734127,0.06833136254071115,0.0
FB102736,83,6,63000.840000000004,10500.140000000001,0.0,0.5239592043534658,0.0,0.0,0.0,0.02479078056737021,0.4388481169457423,0.012401898133421713,0.0
FB102737,19,10,213662.35,21366.235,0.0,0.010671089220913279,0.09170291349879846,0.23234177663963726,0.0,0.597452382228315,0.06275260943259307,0.005079228979743039,0.0
FB102738,199,5,13268.69,2653.7380000000003,0.2926536078542796,0.0,0.08548771581821567,0.5601344217100558,0.0,0.061724254617449056,0.0,0.0,0.0
FB102739,56,10,76321.09,7632.1089999999995,0.04051331027898056,0.14638994280611034,0.03686412235464667,0.0740331407740639,0.0,0.14177535986448833,0.01172323403662081,0.2669998554790033,0.2817010344060862
FB102740,264,7,61225.85,8746.55,0.7686250170475379,0.0,0.18329643443088173,0.03298525051101781,0.0,0.015093298010562533,0.0,0.0,0.0
FB102741,225,8,94738.26999999999,11842.283749999999,0.0,0.06820591087424331,0.7781121610094842,0.005601960010458286,0.0,0.04095852710842197,0.07392651354093756,0.025203120132972656,0.007991807323481839
FB102742,187,5,22452.97,4490.594,0.0,0.017056986224984937,0.13659306541629013,0.5380112296947798,0.0,0.0,0.0,0.08156871897125413,0.22676999969269096
FB102743,198,8,54724.869999999995,6840.608749999999,0.0,0.15146385911926333,0.40542170314886083,0.0,0.0,0.07988872335375123,0.2672896253568076,0.095936089021317,0.0
FB102744,382,5,13959.75,2791.95,0.17408191407439244,0.4091856945862211,0.18582854277476316,0.0,0.0,0.0,0.0,0.2309038485646233,0.0
FB102745,276,6,62076.55,10346.091666666667,0.09555508481060883,0.0,0.0,0.7059772168395311,0.0,0.16094724980689162,0.0,0.035909534276631024,0.0016109142663372883
FB102746,44,6,71609.64,11934.94,0.5158864085896815,0.143279731611554,0.0,0.0,0.0,0.0,0.34083385979876457,0.0,0.0
FB102747,213,10,69447.51000000001,6944.751000000001,0.05698937226115091,0.3946394910343078,0.0,0.0,0.0,0.21173847701667062,0.19258530651422925,0.08111061145316802,0.0629367417204735
FB102748,353,5,101068.46,20213.692000000003,0.029507523910030888,0.0,0.02274270331219057,0.7744320038120696,0.0,0.0,0.0,0.173317768965709,0.0
FB102749,412,1,8554.94,8554.94,0.0,0.0,0.0,0.0,0.0,0.0,0.0,1.0,0.0
FB102750,59,4,61300.37,15325.0925,0.0,0.3466305342039534,0.06695783402286151,0.0,0.0,0.0,0.16275105680438795,0.0,0.423660574968797
FB102751,141,6,60191.72,10031.953333333333,0.07578700193315627,0.0,0.0,0.050453617208479844,0.0,0.05883084915998414,0.7670957068513743,0.0,0.04783282484700554
FB102752,141,3,55724.130000000005,18574.710000000003,1.0,0.0,0.0,0.0,0.0,0.0,0.0,0.0,0.0
FB102753,44,6,54278.240000000005,9046.373333333335,0.06946577486668691,0.0,0.5204048620589025,0.0,0.0,0.0,0.22618824781348845,0.026916863921895774,0.15702425133902648
FB102754,15,5,40035.57,8007.114,0.21326285600529726,0.5893354334657904,0.0,0.0,0.0,0.14372669103999267,0.0,0.053675019488919465,0.0
FB102755,63,8,154847.57,19355.94625,0.7376107355123492,0.0,0.0,0.0482870993713366,0.02500194223260978,0.060407922449154355,0.11164301771090111,0.0,0.01704928272364881
FB102756,151,2,19208.74,9604.37,0.0,0.8256408280813837,0.0,0.0,0.0,0.1743591719186162,0.0,0.0,0.0
FB102757,101,7,57748.009999999995,8249.715714285714,0.0,0.0,0.0305996691487724,0.32606751297577186,0.0,0.018642200830816507,0.0,0.0,0.6246906170446394
FB102758,7,10,61766.27,6176.6269999999995,0.1457617563760933,0.03601917357159498,0.015806685428794716,0.43213650427652506,0.0,0.36189136886523987,0.0,0.008384511481752096,0.0
FB102759,53,7,97299.62999999999,13899.947142857141,0.0,0.005168981629220995,0.25118194180183423,0.0,0.0,0.0,0.47687478359373003,0.26412762309579185,0.002646669879422974
FB102760,45,5,55538.17,11107.634,0.04377331842226707,0.0,0.0,0.762728228171724,0.10297800593717799,0.0905204474688309,0.0,0.0,0.0
FB102761,18,6,43128.35,7188.058333333333,0.0655153744578682,0.0,0.0,0.018599366773827425,0.0,0.7510016033537105,0.14887052252172875,0.016013132892865135,0.0
FB102762,111,10,57451.4,5745.14,0.0,0.5725557601729463,0.13716741454516337,0.17232913384182108,0.02917022039497732,0.0,0.0,0.05386848710388259,0.034908983941209434
FB102763,260,2,3467.62,1733.81,0.0,0.0,0.0,0.0,0.0,0.0,0.43105645947364474,0.0,0.5689435405263553
FB102764,44,6,43169.020000000004,7194.836666666667,0.0,0.24355035161789632,0.593869863156495,0.0,0.0,0.007034674403078874,0.15554511082252964,0.0,0.0
FB102765,83,5,29953.71,5990.742,0.41129496145886435,0.0,0.1453075428719848,0.0,0.0,0.07102125245921123,0.0,0.3723762432099396,0.0
FB102766,15,7,44196.81,6313.83,0.059130285647312555,0.4749229638971682,0.0,0.0,0.0,0.3818042523883511,0.0,0.057834943291156085,0.026307554776012116
FB102767,254,2,11307.595,5653.7975,0.5520758392920865,0.4479241607079136,0.0,0.0,0.0,0.0,0.0,0.0,0.0
FB102768,57,5,12254.429999999998,2450.8859999999995,0.18873174843709584,0.37074184600997356,0.0,0.0,0.0,0.0,0.4106441507275328,0.0,0.02988225482539784
FB102769,159,7,140226.75,20032.39285714286,0.0,0.01433485408454521,0.0,0.04068111112893938,0.0,0.41631514671772685,0.0,0.07435999194162313,0.4543088961271654
FB102770,15,8,40620.840000000004,5077.6050000000005,0.0,0.21116476173313997,0.11865904299369487,0.0,0.0,0.08985043145341161,0.038428796647238216,0.5418969671725153,0.0
FB102771,93,9,91402.48,10155.83111111111,0.0076157670995360294,0.009776868198762221,0.06409082116809084,0.11666609046056517,0.014543369063946621,0.21695549179847196,0.09665197268170403,0.0,0.47369961952892303
FB102772,158,6,32169.609999999997,5361.6016666666665,0.0,0.2535035395206843,0.0,0.0,0.0,0.4307612059953478,0.07519239431252041,0.01429019500080977,0.22625266517063775
FB102773,70,4,40894.19,10223.5475,0.0,0.0,0.0,0.7790099278161519,0.0,0.0,0.1337390470382223,0.06806370293677413,0.019187322208851672
FB102774,41,7,102573.42,14653.345714285713,0.0,0.03564178712184891,0.02373236653316229,0.0,0.0,0.7018388389506756,0.0,0.23878700739431322,0.0
FB102775,41,8,123878.37999999999,15484.797499999999,0.10565645110954794,0.10051326147468186,0.0,0.23351701886963647,0.0,0.1849363868013127,0.0,0.13305598604050198,0.24232089570431903
FB102776,6,8,122640.94,15330.1175,0.0,0.2803974757532028,0.0,0.01100505263576747,0.0,0.10652470537163203,0.07691860483130675,0.5251541614080909,0.0
FB102777,11,9,211202.76,23466.973333333335,0.0,0.0,0.0,0.1651092533071064,0.0,0.2722296810893949,0.12451044673848012,0.43815061886501866,0.0
FB102778,227,12,106572.5,8881.041666666666,0.17268516737432266,0.002244762954796031,0.08131609936897417,0.0,0.0,0.06892228295291937,0.28479223064111286,0.04551774613526003,0.3445217105726149
FB102779,244,5,75864.27,15172.854000000001,0.037649212204902256,0.0,0.07667074368474118,0.8504683430025756,0.0,0.0,0.03521170110778104,0.0,0.0
FB102780,106,8,105237.04000000001,13154.630000000001,0.025791204313614292,0.0,0.09205352031946167,0.29031707847351085,0.0,0.0,0.009658671509574956,0.06380918733556169,0.5183703380482765
FB102781,85,6,42827.98,7137.996666666667,0.27693507842303094,0.042054750189011954,0.0,0.28628013742417924,0.07469883006389748,0.0,0.0,0.32003120389988043,0.0
FB102782,98,7,124332.76999999999,17761.824285714283,0.0,0.0,0.01821699942822797,0.0,0.0,0.08766570550949682,0.04796056582669235,0.20759458668860994,0.638562142546973
FB102783,23,5,35216.99,7043.397999999999,0.0,0.0,0.17684901520544488,0.59103262374212,0.0,0.0,0.0,0.0,0.2321183610524352
FB102784,143,7,63424.340000000004,9060.62,0.066208808794857,0.0,0.06854970820350674,0.6971156499224115,0.0,0.0843611458944626,0.07722823761350926,0.006536449571252929,0.0
FB102785,337,2,29083.9,14541.95,0.0,0.0,0.0,0.592637507349427,0.0,0.407362492650573,0.0,0.0,0.0
FB102786,119,4,47316.600000000006,11829.150000000001,0.0,0.41176310216710416,0.0,0.0,0.0,0.3603105464044331,0.0,0.22792635142846276,0.0
FB102787,6,6,69616.09,11602.681666666665,0.0,0.19755461704327262,0.26141255563189486,0.0,0.0,0.20864558753586995,0.0,0.31825286366987865,0.014134376119083965
FB102788,54,4,40941.74,10235.435,0.2749001385871729,0.0,0.0,0.0,0.0,0.0,0.571332337120992,0.15376752429183518,0.0
FB102789,263,5,17829.78,3565.9559999999997,0.0,0.0,0.5786891369383134,0.4213108630616867,0.0,0.0,0.0,0.0,0.0
FB102790,26,7,64738.96,9248.422857142858,0.0,0.7483944752896864,0.020731874592980794,0.0,0.0,0.008952568901323099,0.06165761698983116,0.0,0.1602634642261785
FB102791,5,10,56817.060000000005,5681.706,0.023346156946522752,0.1959209082624127,0.07771627043004335,0.3248335975145493,0.0,0.06967572767756726,0.10655795988035988,0.10248083938169274,0.09946853990685192
FB102792,447,5,22006.98,4401.396,0.10957886997670739,0.0,0.0,0.14641263817207087,0.0,0.031047422226947997,0.0,0.6101773164695928,0.10278375315468093
FB102793,22,4,62251.979999999996,15562.994999999999,0.0,0.0,0.2711754710452583,0.7288245289547417,0.0,0.0,0.0,0.0,0.0
FB102794,212,4,18689.920000000002,4672.4800000000005,0.19553427730027734,0.34534283720850595,0.0,0.0,0.33948566928055335,0.0,0.11963721621066328,0.0,0.0
FB102795,489,2,10771.44,5385.72,0.4734371634618955,0.5265628365381044,0.0,0.0,0.0,0.0,0.0,0.0,0.0
FB102796,39,12,95765.36,7980.446666666667,0.11531507843754778,0.3609529583557145,0.18407616282129574,0.0,0.0,0.0,0.09745945715653344,0.2333837621453102,0.008812581083598498
FB102797,53,4,9988.74,2497.185,0.28347118855831666,0.0,0.25391590931388747,0.4166101029759509,0.0,0.0,0.04600279915184498,0.0,0.0
FB102798,5,6,51863.2,8643.866666666667,0.0,0.8342497184901819,0.0,0.0,0.0,0.11731054003609497,0.04843974147372318,0.0,0.0
FB102799,37,9,68157.34,7573.037777777778,0.31811394047948466,0.20585383760575166,0.040042202351206785,0.23084689044496162,0.0,0.0627471670696069,0.14239596204898838,0.0,0.0
FB102800,207,5,57340.85,11468.17,0.0,0.0,0.002176284446428681,0.42064461897582617,0.0,0.05817911663325536,0.08775959895955501,0.4312403809849349,0.0
FB102801,68,4,23861.469999999998,5965.367499999999,0.0,0.7149165579488606,0.0364960750532134,0.08200668273999882,0.0,0.1665806842579271,0.0,0.0,0.0
FB102802,730,1,669.41,669.41,0.0,0.0,0.0,0.0,0.0,0.0,0.0,0.0,1.0
FB102803,141,9,87784.94,9753.882222222222,0.0,0.0,0.0,0.16991194617208827,0.0,0.11148973844488587,0.14715098056682616,0.056525868787972056,0.5149214660282276
FB102804,97,5,38427.93,7685.586,0.0,0.5912821741894502,0.0,0.0,0.0,0.20969799830487879,0.0,0.19901982750567102,0.0
FB102805,97,4,84360.07,21090.0175,0.37244267341172194,0.0,0.35302803802794386,0.10556179007437999,0.0,0.0,0.0,0.16896749848595433,0.0
FB102806,114,9,92661.68,10295.742222222221,0.5041071994377827,0.07316282199934213,0.42272997856287514,0.0,0.0,0.0,0.0,0.0,0.0
FB102807,235,6,202564.28,33760.71333333333,0.7160631677016304,0.1394730107400969,0.0,0.0,0.018792948095291036,0.0,0.12567087346298172,0.0,0.0
FB102808,226,10,157806.93,15780.693,0.07888493870326226,0.011188355289593426,0.5246700509286886,0.0,0.007404554413421514,0.05807577652008058,0.0,0.2956833391283893,0.024092985016564223
FB102809,2,8,76265.1,9533.1375,0.0,0.510638417834632,0.0,0.06977542807916072,0.0,0.0,0.0,0.3052078867004698,0.11437826738573736
FB102810,70,4,52120.81999999999,13030.204999999998,0.7122858005687555,0.0,0.0,0.0,0.0,0.24854175356412272,0.03917244586712181,0.0,0.0
FB102811,262,4,39641.549999999996,9910.387499999999,0.0,0.2505628563968866,0.004479895463219778,0.633164444881696,0.0,0.11179280325819753,0.0,0.0,0.0
FB102812,66,6,33589.67,5598.278333333333,0.043655385718287795,0.09768717584900358,0.5381895684000468,0.0,0.0,0.0,0.012109079964167557,0.3083587900684943,0.0
FB102813,40,6,76968.86,12828.143333333333,0.0,0.09854608733973715,0.053541133388229994,0.7204394088726273,0.0,0.0,0.0,0.12747337039940568,0.0
FB102814,40,8,29922.12,3740.265,0.003342009189188467,0.5587963018663117,0.19806684820460585,0.0,0.0,0.07051672809279558,0.043098550503774466,0.1261795621433241,0.0
FB102815,1,7,156915.88,22416.554285714286,0.07757761674599155,0.20433648907937169,0.0,0.0,0.0,0.4597070098960029,0.0,0.0,0.25837888427863387
FB102816,547,1,893.25,893.25,0.0,0.0,0.0,0.0,0.0,0.0,1.0,0.0,0.0
FB102817,57,11,73170.51,6651.864545454545,0.0,0.0,0.4601342808735377,0.00616792202213706,0.0,0.023012686395106438,0.34177416557572166,0.13045337527372705,0.03845756985977
FB102818,155,3,26373.04,8791.013333333334,0.043721922084067666,0.0,0.0,0.0,0.0,0.010236210918422752,0.9460418669975096,0.0,0.0
FB102819,308,7,53182.600000000006,7597.514285714286,0.0,0.2049557562059771,0.0,0.0,0.0,0.03440335748910358,0.17713067807892055,0.12066314922549856,0.4628470590005001
FB102820,92,7,50805.83,7257.975714285714,0.31315146312932984,0.0,0.4586162651018594,0.09969348005927667,0.0,0.0,0.0,0.07567261473732442,0.05286617697220969
FB102821,522,2,4846.43,2423.215,0.7701751598599381,0.0,0.0,0.0,0.0,0.0,0.22982484014006183,0.0,0.0
FB102822,96,9,48180.45,5353.383333333333,0.0,0.2493884967865597,0.017886300356264834,0.24885529296633802,0.0,0.13975274203541063,0.3150016241027222,0.0,0.029115543752704677
FB102823,16,6,147339.53,24556.588333333333,0.016785040647272324,0.04135122461704609,0.0,0.011459585896602223,0.0,0.5586508250705021,0.13435980147350815,0.0,0.23739352229506908
FB102824,37,8,125698.22,15712.2775,0.0,0.0,0.004930698302648996,0.21753474313319635,0.0,0.008932823392407625,0.5521025675622138,0.0,0.21649916760953342
FB102825,9,7,66678.82,9525.545714285716,0.0,0.2569895508048883,0.10364415567042129,0.02512356997319389,0.0,0.0,0.16455525157763742,0.0,0.4496874719738592
FB102826,97,5,56702.939999999995,11340.588,0.41044467888261166,0.0,0.09398613193601602,0.0,0.0,0.0,0.2054958702317728,0.0,0.2900733189495994
FB102827,185,8,75992.89,9499.11125,0.10063691484821803,0.031871797480001095,0.0,0.10614821991899506,0.0,0.030850122952291982,0.5796344894897405,0.15085845531075343,0.0
FB102828,194,10,99582.98,9958.297999999999,0.4419853673790441,0.04311419481521842,0.0,0.04241256889480512,0.0,0.05610647522297485,0.0,0.33822817915270265,0.07815321453525492
FB102829,43,10,63768.909999999996,6376.891,0.14557125094344564,0.0,0.018958141200782642,0.0,0.0,0.5940217576245226,0.0,0.07724924261681751,0.16419960761443156
FB102830,1,4,16973.08,4243.27,0.0,0.4667703210024344,0.4850710654754469,0.03766258098117725,0.0,0.0,0.0,0.0,0.010496032540941301
FB102831,519,2,29191.19,14595.595,0.4321471649494248,0.0,0.0,0.0,0.0,0.0,0.0,0.0,0.5678528350505752
FB102832,230,3,38356.04,12785.346666666666,0.0,0.0,0.38521468848191837,0.0,0.0,0.15157743082966854,0.0,0.0,0.46320788068841307
FB102833,25,15,333232.93,22215.528666666665,0.0334183659460066,0.002652438941133459,0.10495793437941443,0.0,0.0,0.23118672575366425,0.26611343602806603,0.3356017966171591,0.02606930233455619
FB102834,336,5,18016.29,3603.2580000000003,0.6433189074998237,0.2618963171662978,0.005550532323802514,0.0,0.0,0.0,0.08923424301007588,0.0,0.0
FB102835,68,4,28440.47,7110.1175,0.0,0.0,0.0,0.4410584635204693,0.0,0.0,0.48616531302049515,0.00946186894942313,0.06331435450961254
FB102836,27,8,521053.9741500111,65131.746768751385,0.010181114170856933,0.0,0.0,0.9100066743056834,0.0,0.039488327545269444,0.01590455194880471,0.013894952076338262,0.010524379953047294
FB102837,76,3,8352.16,2784.0533333333333,0.0,0.21490368958449074,0.0,0.0,0.0,0.0,0.0,0.7850963104155093,0.0
FB102838,332,3,46319.520000000004,15439.840000000002,0.0,0.09867373409741725,0.0,0.0,0.0,0.35033070290883844,0.0,0.0,0.5509955629937443
FB102839,191,4,45518.55,11379.6375,0.10993100615023983,0.0,0.0,0.7828228271770519,0.0,0.10724616667270814,0.0,0.0,0.0
FB102840,137,4,66595.07,16648.7675,0.0,0.045362517075212924,0.048724777975306575,0.37660880903045824,0.0,0.5293038959190222,0.0,0.0,0.0
FB102841,41,4,86426.27,21606.5675,0.20830136485121942,0.0,0.5484890184431191,0.0,0.0,0.16404271525312847,0.0,0.0,0.0791669014525329
FB102842,5,7,29924.96,4274.994285714286,0.10375485882019558,0.24873483540161792,0.0,0.0,0.0,0.0,0.0,0.28805953291165637,0.35945077286653015
FB102843,195,2,50466.909999999996,25233.454999999998,0.0,0.0,0.0,0.0,0.0,0.0,0.028028068292669395,0.0,0.9719719317073306
FB102844,117,9,89763.34,9973.704444444444,0.0,0.382569097807635,0.0026470717332933466,0.12188416785739031,0.1365929565455118,0.0,0.09411960383827071,0.02263028537039731,0.23955681684750138
FB102845,35,5,127618.45999999999,25523.692,0.6946149483389785,0.2895408704978888,0.0,0.0,0.0,0.0,0.0,0.01584418116313267,0.0
FB102846,246,7,101050.34,14435.762857142856,0.004587614450381859,0.0,0.029866005398893263,0.010580073258536288,0.0,0.44348687990559954,0.0,0.322419103191538,0.18906032379505108
FB102847,358,3,7637.36,2545.7866666666664,0.0,0.2253475022782742,0.45527250254014484,0.0,0.0,0.3193799951815811,0.0,0.0,0.0
FB102848,5,4,28513.510000000002,7128.3775000000005,0.2334258391899138,0.0,0.7336497681274595,0.0,0.0,0.0,0.0,0.032924392682626584,0.0
FB102849,153,10,82528.37000000001,8252.837000000001,0.0,0.5226966193564709,0.08419771285922646,0.18565603561538896,0.0,0.05087583821175675,0.04642864023607881,0.0,0.11014515372107797
FB102850,36,7,83426.34,11918.048571428571,0.13216928850049037,0.0665110083937519,0.0,0.11122818045236074,0.0,0.6882606860135541,0.0,0.0018308366398430043,0.0
FB102851,445,5,165550.02,33110.004,0.6838048101715724,0.0,0.02393439759173693,0.27237671128037316,0.0,0.0,0.0,0.019884080956317614,0.0
FB102852,218,5,33690.65,6738.13,0.0,0.0,0.0,0.026086169308101807,0.0,0.060715955316979646,0.648245433080098,0.26495244229482073,0.0
FB102853,124,3,118207.40000000001,39402.46666666667,0.0,0.0,0.0,0.0,0.0,1.0,0.0,0.0,0.0
FB102854,80,11,57538.63,5230.784545454545,0.0,0.1740856534123249,0.0,0.1866858839009549,0.32375849060014117,0.04721106498364664,0.02510417783669858,0.0,0.24315472926623385
FB102855,189,6,57398.560000000005,9566.426666666668,0.35159993560814073,0.0,0.41997569276999286,0.0,0.0,0.0,0.0,0.0,0.22842437162186646
FB102856,402,2,10388.26,5194.13,0.0,0.0,0.0,0.0,0.2606211242306219,0.0,0.0,0.0,0.7393788757693781
FB102857,19,8,76115.57,9514.44625,0.06813060718063332,0.0,0.3517918869949998,0.0,0.0,0.0020609449551517514,0.17170954641737557,0.4063070144518395,0.0
FB102858,79,4,14300.32,3575.08,0.0,0.10149283372679772,0.06994249079740872,0.7651674927554067,0.0,0.0,0.06339718272038668,0.0,0.0
FB102859,39,5,16535.11,3307.022,0.0,0.0,0.24534702218491442,0.09874321973062168,0.0,0.04465165336063685,0.3869559984783893,0.22430210624543773,0.0
FB102860,36,2,6914.41,3457.205,0.0,0.0,0.5880588510082567,0.0,0.0,0.0,0.0,0.41194114899174333,0.0
FB102861,42,4,12119.56,3029.89,0.0,0.0,0.0,0.0,0.0,0.0,0.5129633419035015,0.4534166256860811,0.03362003241041754
FB102862,105,10,369739.45,36973.945,0.07594247787191764,0.016772026896237337,0.5308805430418637,0.005272767079628641,0.0,0.02090796640715509,0.0,0.34411451090761347,0.006109707795584161
FB102863,309,4,19063.0,4765.75,0.0,0.0,0.0,0.043850915385825945,0.0,0.4068583119131301,0.549290772701044,0.0,0.0
FB102864,77,4,35699.93,8924.9825,0.6263858220450292,0.0,0.0,0.0,0.0,0.31706364690350936,0.0,0.0,0.05655053105146144
FB102865,11,6,528706.6641500111,88117.7773583352,0.0,0.0870436541101409,0.0,0.006851511898045977,0.006064742923479059,0.0,0.0,0.006912377406620066,0.893127713661714
FB102866,161,6,37174.39,6195.731666666667,0.21192062600085707,0.3834610332543453,0.0,0.054690339236232254,0.0,0.018249660586226162,0.0,0.0,0.3316783409223392
FB102867,71,7,102837.76,14691.108571428571,0.021742208309476988,0.0,0.030809597564163203,0.4990608508003286,0.0,0.0,0.21637888651016907,0.23200845681586219,0.0
FB102868,16,4,66946.94,16736.735,0.24885693057815636,0.2813447485426518,0.0,0.0,0.0,0.0,0.3242016737434153,0.0,0.14559664713577647
FB102869,71,9,84691.54,9410.17111111111,0.0,0.0,0.2316443885658473,0.03580924375681443,0.0,0.08696878106124885,0.0,0.06617284323794324,0.5794047433781461
FB102870,290,2,14578.09,7289.045,0.0,0.0,0.0,0.0,0.0,0.0,0.0,1.0,0.0
FB102871,50,10,104543.48,10454.348,0.2918555992205349,0.43314963305219994,0.06527944162562792,0.0,0.0,0.05300818377195785,0.15670714232967947,0.0,0.0
FB102872,93,6,66231.65,11038.608333333332,0.0,0.0,0.0,0.4638341336808007,0.0,0.41897114144068587,0.0,0.11719472487851353,0.0
FB102873,179,5,100749.86,20149.972,0.0,0.5749700297350289,0.07031195874614615,0.14831137234334618,0.20640663917547875,0.0,0.0,0.0,0.0
FB102874,87,6,63427.26,10571.210000000001,0.0,0.0,0.06272350405803434,0.044375714795184276,0.0,0.2654533713106951,0.5759421106949913,0.0,0.05150529914109485
FB102875,3,9,83115.54000000001,9235.060000000001,0.0,0.06995370540815833,0.34082399031516847,0.11709230307593503,0.0,0.40725164030697514,0.0,0.0,0.06487836089376307
FB102876,98,6,38084.52,6347.419999999999,0.3527519842707746,0.0,0.35050881565528463,0.0,0.0,0.09734296244248321,0.12186447406977953,0.0,0.0775317635616781
FB102877,52,9,163520.12,18168.902222222223,0.0,0.021207115063271723,0.26676331940069514,0.0,0.13005897989800888,0.12304332946918092,0.0,0.1799094203208755,0.2790178358479678
FB102878,162,5,26428.75,5285.75,0.279869838717306,0.0,0.6041163505651989,0.0,0.0,0.0,0.0,0.016913020857967174,0.09910078985952797
FB102879,568,4,32454.170000000002,8113.5425000000005,0.0,0.7993465862784351,0.07010131517767978,0.0,0.0,0.0,0.07596281155857629,0.0,0.05458928698530882
FB102880,256,5,195834.18,39166.835999999996,0.0,0.0,0.0,0.03299148289639735,0.0,0.914298055630534,0.052710461473068695,0.0,0.0
FB102881,21,5,144554.07,28910.814000000002,0.0,0.0,0.06629014319693662,0.28153576028679095,0.0,0.0,0.03481195652256625,0.6173621399937061,0.0
FB102882,21,3,20966.61,6988.87,0.0,0.0,0.0,0.466724472864235,0.0,0.0,0.0,0.19590529894913866,0.33737022818662626
FB102883,29,8,25219.13,3152.39125,0.12364423356396512,0.052982002154713506,0.20447890153228915,0.34589575453237287,0.0,0.0,0.05698967410850414,0.0,0.21600943410815518
FB102884,187,8,19633.75,2454.21875,0.06164079709683581,0.07712281148532502,0.0,0.07309352517985611,0.0,0.0,0.06876882918444006,0.719374037053543,0.0
FB102885,54,6,31528.25,5254.708333333333,0.0,0.0151990675029537,0.4597622766883668,0.17937849389039986,0.0,0.08352096928944676,0.09858206529065203,0.0,0.16355712733818084
FB102886,125,4,49836.89000000001,12459.222500000002,0.02955381044041873,0.0,0.0,0.0,0.04914552252357641,0.042155319081909,0.0,0.8791453479540958,0.0
FB102887,45,7,112780.8,16111.542857142858,0.0,0.27737487231869257,0.027723424554534106,0.0,0.0,0.04382190940301896,0.002245772330041993,0.24868417319260014,0.40014984820111227
FB102888,27,7,135131.34,19304.477142857144,0.0,0.061241381902969357,0.0,0.48079668269403675,0.0,0.0,0.3732191214858078,0.0,0.08474281391718605
FB102889,720,1,3648.74,3648.74,0.0,0.0,0.0,0.0,0.0,0.0,0.0,0.0,1.0
FB102890,272,6,86516.7,14419.449999999999,0.0,0.11965343107168903,0.020676354969618577,0.0,0.0,0.0,0.1867424439443483,0.0,0.672927770014344
FB102891,106,5,26418.58,5283.716,0.0,0.0,0.12923215403704513,0.07172565671584165,0.0,0.0,0.11536312701136851,0.0,0.6836790622357447
FB102892,70,13,239798.16999999998,18446.013076923075,0.0,0.03595602918904677,0.003303319620829467,0.0,0.0,0.6842183574628613,0.09128272330018199,0.1445040218613845,0.040735548565695896
FB102893,75,4,164370.32,41092.58,0.0,0.03674647588445407,0.25048031785787117,0.0,0.0,0.06344965441449527,0.0,0.0,0.6493235518431795
FB102894,132,2,1633.0300000000002,816.5150000000001,0.0,0.0,0.0,0.0,0.0,0.84758393905807,0.0,0.0,0.15241606094193003
FB102895,218,5,43312.96,8662.592,0.0,0.0,0.0,0.6479845755173509,0.0,0.17706663317399687,0.0,0.023248699696349545,0.15170009161230263
FB102896,46,6,48524.69,8087.448333333334,0.05740067582090685,0.0393939662468735,0.0,0.0,0.0,0.0,0.7600077403894802,0.11831585116772515,0.024881766375014457
FB102897,481,3,8341.009999999998,2780.336666666666,0.0,0.0,0.0,0.9835523515737302,0.0,0.0,0.0,0.01644764842626972,0.0
FB102898,114,5,66724.75,13344.95,0.0,0.0,0.7283138565524787,0.0,0.0,0.0,0.0,0.13919482650740542,0.13249131694011593
FB102899,69,6,65505.67,10917.611666666666,0.418900226499477,0.0,0.0,0.5323742204300788,0.0,0.0,0.0,0.0,0.048725553070444134
FB102900,364,5,105410.59,21082.118,0.272995246492786,0.16499120249682694,0.0,0.023457605160923583,0.0,0.0,0.0,0.5385559458494635,0.0
FB102901,32,9,97716.4,10857.377777777778,0.0,0.06127159821688069,0.5088919567237434,0.0017530322443315557,0.0,0.0,0.06882335002108142,0.31056956662341223,0.0486904961705507
FB102902,14,8,281118.6,35139.825,0.04272908302759048,0.0,0.012410313654094746,0.0,0.0,0.04057006544568733,0.8936007436007435,0.00758096404862574,0.003108830223258084
FB102903,27,7,42069.39,6009.912857142857,0.575384620504362,0.06549013427577628,0.0,0.0,0.0,0.22849439937208502,0.13063084584777673,0.0,0.0
FB102904,72,6,27112.780000000002,4518.796666666667,0.46181284250453114,0.0,0.2101164100472176,0.017861318536867114,0.0,0.0,0.0,0.17516352067180127,0.13504590823958296
FB102905,9,10,188511.04,18851.104,0.06608398107612161,0.31452576994960085,0.499512017969876,0.0,0.07760320032184853,0.0,0.0,0.0014209777846432763,0.04085405289790985
FB102906,111,6,19300.18,3216.6966666666667,0.0,0.07796714849291561,0.08622043939486575,0.24808887792756334,0.0,0.20814728152794432,0.240110713993341,0.13946553866336997,0.0
FB102907,74,5,30870.73,6174.146,0.3421661878420109,0.0,0.32126353992924694,0.0,0.0,0.1537984362533701,0.18277183597537217,0.0,0.0
FB102908,13,7,43431.219999999994,6204.459999999999,0.024477783493072492,0.0,0.2276222035669272,0.0993218703043571,0.0,0.0,0.0,0.4092742501822421,0.23930389245340103
FB102909,51,5,32845.72,6569.144,0.0,0.0,0.5554732854082662,0.10265020830720105,0.0,0.34187650628453264,0.0,0.0,0.0
FB102910,32,8,32721.350000000002,4090.1687500000003,0.05387797263865947,0.259899117854245,0.0,0.0,0.0,0.0,0.36878123916036476,0.08707097965090072,0.2303706906958301
FB102911,92,7,69787.83,9969.69,0.036953147848270966,0.45712855665522195,0.11205463760658554,0.0,0.0019318554538807122,0.39193180243604075,0.0,0.0,0.0
FB102912,160,4,15426.02,3856.505,0.0,0.0,0.0,0.2471752273107386,0.0,0.17512683115930097,0.02936207783990945,0.0,0.5483358636900509
FB102913,95,10,105311.4,10531.14,0.0,0.0,0.3825002801216203,0.03168878203119511,0.0,0.5075715449609445,0.014494537153622497,0.0,0.06374485573261773
FB102914,370,4,30594.010000000002,7648.5025000000005,0.12048665735547578,0.0,0.6526624002541674,0.0,0.0,0.0,0.2268509423903568,0.0,0.0
FB102915,278,7,42929.12,6132.731428571429,0.31487740722381447,0.23388599626547202,0.0,0.0,0.0,0.14372016011509203,0.07959492298001915,0.1426810053408968,0.08524050807470547
FB102916,16,6,174930.11000000002,29155.018333333337,0.0,0.05601385604799539,0.031202747200010334,0.8716406798120689,0.0,0.03496036216978312,0.0025425011165887907,0.0,0.0036398536535534104
FB102917,73,3,32133.0,10711.0,0.511857903090281,0.0,0.0,0.0,0.0,0.488142096909719,0.0,0.0,0.0
FB102918,8,11,211470.84,19224.62181818182,0.5497141828159381,0.0,0.031647483880047005,0.06235573661125098,0.0,0.01888449490246504,0.07509739877138616,0.008408440615264023,0.2538922624036486
FB102919,151,3,27272.11,9090.703333333333,0.0,0.0,0.0,0.0,0.4019637644465353,0.014385025581078984,0.0,0.0,0.5836512099723857
FB102920,5,7,209997.30000000002,29999.614285714288,0.01662930904349723,0.17737418528714416,0.0,0.6599290562307231,0.0,0.004699250895130557,0.07366013753510164,0.018804051290183258,0.04890400971822018
FB102921,79,6,90665.37,15110.894999999999,0.0,0.0,0.09251448485789007,0.0,0.0,0.0,0.05662018475190693,0.05692415968743083,0.7939411707027723
FB102922,224,6,64775.78,10795.963333333333,0.6053001600289492,0.0,0.029903769587954016,0.041320536780877055,0.0,0.2664126931393184,0.057062840462901415,0.0,0.0
FB102923,237,6,74981.39,12496.898333333333,0.0,0.1817905749680021,0.03897953878955832,0.729653317976634,0.0,0.04957656826580569,0.0,0.0,0.0
FB102924,3,2,5147.219999999999,2573.6099999999997,0.0,0.871388827367006,0.0,0.0,0.0,0.0,0.12861117263299415,0.0,0.0
FB102925,286,4,38355.7,9588.925,0.0,0.0,0.21139335222665734,0.0,0.0,0.5314852811967974,0.0,0.25712136657654533,0.0
FB102926,24,6,46825.6,7804.266666666666,0.11034348732317364,0.0,0.05074660015034511,0.06404509499077428,0.0,0.0,0.5816126221554022,0.17431938939383584,0.018932805986468938
FB102927,19,5,47819.729999999996,9563.946,0.22626936622185023,0.0,0.0,0.0,0.0,0.0,0.5226357405196558,0.0,0.25109489325849393
FB102928,56,5,519427.9141500111,103885.58283000221,0.9051602567786279,0.0,0.0020752253982420613,0.059350526146534285,0.0,0.033413991676595825,0.0,0.0,0.0
FB102929,355,3,9797.42,3265.806666666667,0.0,0.0,0.0,0.0,0.0,0.0,0.1637951623998971,0.0,0.8362048376001029
FB102930,202,3,35598.44,11866.146666666667,0.8136825658652458,0.10291097025599998,0.0,0.0,0.0,0.0,0.0,0.0,0.08340646387875422
FB102931,220,6,109185.34,18197.556666666667,0.0,0.6331836306962089,0.08471466957010897,0.04917894655088311,0.0,0.0,0.024236678660340297,0.0,0.20868607452245877
FB102932,246,6,28558.79,4759.798333333333,0.10996754414315171,0.32826951001775634,0.0,0.0,0.0,0.13326439950712196,0.0,0.42849854633196993,0.0
FB102933,85,6,177777.69,29629.615,0.13626062977868597,0.0,0.29045939341432553,0.46298779110022187,0.0,0.02515619367087063,0.025491275086317076,0.0,0.059644716949579006
FB102934,3,10,50668.86,5066.886,0.007525332127069763,0.12117896475271005,0.19843726501839593,0.23436367030953528,0.0,0.09738288960912087,0.0,0.2360907665970776,0.10502111158609055
FB102935,307,2,16659.67,8329.835,0.0,0.0,0.0,0.9893503292682269,0.0,0.0,0.0106496707317732,0.0,0.0
FB102936,80,8,169277.59,21159.69875,0.0,0.06239898618594464,0.3339069276683346,0.03341623660875607,0.0,0.38293485865435584,0.0,0.0,0.18734299088260886
FB102937,183,2,27124.57,13562.285,0.0,0.0,0.0,0.0,0.0,0.9114835737488188,0.0,0.0,0.08851642625118111
FB102938,35,10,143441.16999999998,14344.116999999998,0.5916936539209767,0.0,0.15796915209210857,0.0,0.028820735357917113,0.05762641227759087,0.09531071170152892,0.06133615613983069,0.00724317851004701
FB102939,34,3,67813.29000000001,22604.430000000004,0.6592250575071641,0.0,0.0,0.0,0.0,0.0,0.32648098919842994,0.0,0.014293953294405859
FB102940,189,8,32495.789999999997,4061.9737499999997,0.17656964179052118,0.0,0.0,0.5244814789854316,0.0,0.0,0.23912759160494332,0.0,0.059821287619103894
FB102941,54,7,44818.12,6402.588571428571,0.10962753457753248,0.7203564094165484,0.0,0.0,0.0,0.07674195169275284,0.0,0.09327410431316618,0.0
FB102942,9,11,75925.1,6902.281818181818,0.15886920135765378,0.0786901828249156,0.18264302582413458,0.08855556331173749,0.0,0.0,0.4850108857281715,0.006231140953386956,0.0
FB102943,510,7,59449.23,8492.747142857143,0.42866896678056216,0.03940168779309673,0.14835246814803152,0.020985805871665618,0.0,0.11411602807975813,0.0,0.0,0.2484750433268858
FB102944,25,9,166185.26,18465.02888888889,0.0,0.6065570436270942,0.0,0.0,0.0,0.045450119944452354,0.030280724054588228,0.24168635653968346,0.07602575583418168
FB102945,276,2,9633.57,4816.785,0.0,0.0,0.0,0.23420601085578865,0.0,0.0,0.0,0.7657939891442114,0.0
FB102946,215,12,149009.54,12417.461666666668,0.0,0.0,0.0975954291248735,0.6351870490976619,0.0,0.015935758207159086,0.04826093685008356,0.13015576049694538,0.07286506622327672
FB102947,250,4,12386.67,3096.6675,0.0621216194505868,0.0,0.0,0.0,0.0,0.2372461686635714,0.34067025277980284,0.0,0.35996195910603895
FB102948,136,5,25116.32,5023.264,0.14047678959337992,0.21509321429253966,0.0,0.0,0.0,0.626381969970123,0.0,0.018048026143957396,0.0
FB102949,50,3,76792.97,25597.656666666666,0.0,0.9101368263266807,0.06170864338233044,0.0,0.0,0.0,0.028154530290988876,0.0,0.0
FB102950,77,5,23058.65,4611.7300000000005,0.2772261168802163,0.0,0.104454076886548,0.6183198062332357,0.0,0.0,0.0,0.0,0.0
FB102951,191,2,6270.46,3135.23,0.0,0.0,0.0,0.0,0.0,0.0,0.0,0.2800623877674046,0.7199376122325954
FB102952,65,6,13239.57,2206.595,0.4800178555647956,0.0,0.0,0.010778295669723412,0.0,0.07605156360818364,0.3347412340430996,0.09841105111419783,0.0
FB102953,47,7,33624.26,4803.465714285715,0.0,0.0,0.2317597472777096,0.342241286499688,0.0337482520061408,0.16981845845826793,0.0,0.22243225575819361,0.0
FB102954,202,7,67665.73,9666.532857142856,0.0,0.5759730959822646,0.04542402779072952,0.0,0.0,0.03466688381252963,0.0,0.0648753807872907,0.2790606116271856
FB102955,82,5,51599.979999999996,10319.996,0.29255883432512964,0.0,0.0,0.0,0.0,0.0650502190117128,0.0,0.42943505016862416,0.21295589649453356
FB102956,128,3,73549.4,24516.466666666664,0.0,0.0,0.0,0.0,0.0,0.6696757553426677,0.0,0.06961198867699805,0.2607122559803343
FB102957,32,6,78730.57,13121.761666666667,0.0,0.0,0.5107034027570231,0.07539765049332171,0.0,0.0,0.0,0.007371596572970321,0.4065273501766848
FB102958,129,6,46846.16,7807.693333333334,0.05947702010154088,0.3330230268606862,0.0,0.0,0.0,0.0,0.0,0.47639251541641836,0.13110743762135468
FB102959,226,9,532989.7741500111,59221.086016667905,0.05000064033592387,0.023540113916836088,0.016502230298933433,0.019816534035467816,0.0,0.0,0.0,0.8821285640982711,0.008011917314567697
FB102960,153,6,27842.3,4640.383333333333,0.47990719157540856,0.0,0.033617193981819025,0.0,0.0,0.17860880746202717,0.1646688671553715,0.1431979398253736,0.0
FB102961,262,6,81756.16,13626.026666666667,0.0,0.0,0.06314239807740482,0.0,0.0,0.3154288312954033,0.2777111840869238,0.23238053254947394,0.11133705399079408
FB102962,301,4,33814.91,8453.7275,0.16381117087107433,0.0,0.0,0.0,0.0,0.0,0.5078756678636731,0.14413878374953532,0.18417437751571716
FB102963,265,6,20681.72,3446.9533333333334,0.26075249060523015,0.1602139473892887,0.0,0.0,0.0,0.0,0.5262898830464777,0.0,0.05274367895900341
FB102964,57,4,68467.76,17116.94,0.0,0.11883490857594874,0.0,0.6924587572311407,0.0,0.1321040735084659,0.056602260684444766,0.0,0.0
FB102965,160,6,22121.23,3686.8716666666664,0.0,0.12867910147853442,0.0,0.0,0.0,0.5103748751764707,0.0,0.0,0.3609460233449948
FB102966,209,4,45658.76,11414.69,0.008313191159812487,0.04102191999957949,0.0,0.5224029299087405,0.4282619589318677,0.0,0.0,0.0,0.0
FB102967,7,9,99329.85,11036.650000000001,0.15666307761463447,0.0,0.5150426583751007,0.05099182169307615,0.0,0.15472478816790722,0.05692427804934769,0.0656533760999337,0.0
FB102968,66,4,33399.600000000006,8349.900000000001,0.13131504568916993,0.0,0.0,0.25111348638905856,0.0,0.5409840237607637,0.07658744416100792,0.0,0.0
FB102969,62,6,45117.65,7519.608333333334,0.0,0.0,0.0,0.022880624323296978,0.0,0.025336425988498956,0.6366945086900582,0.0,0.3150884409981459
FB102970,146,3,71333.01,23777.67,0.0,0.16618168783288412,0.0,0.6927955234189613,0.0,0.1410227887481546,0.0,0.0,0.0
FB102971,37,10,183638.08,18363.807999999997,0.006533503290820727,0.08076282435538425,0.09831207122182938,0.6221585414092764,0.0,0.0,0.02948206602900662,0.1627509936936827,0.0
FB102972,50,5,28425.46,5685.092,0.0,0.631090226860005,0.0,0.0,0.0,0.09480198385531843,0.0,0.2526333786682784,0.021474410616398116
FB102973,64,5,77380.18,15476.035999999998,0.0,0.49730628695875356,0.16215573548678744,0.0,0.0,0.0,0.24321021222747224,0.029850537954292693,0.06747722737269414
FB102974,33,7,102345.11,14620.73,0.19248589405004302,0.1624809431540012,0.0,0.0,0.009370159453636817,0.023970759325970724,0.0,0.6116922440163481,0.0
FB102975,41,6,51445.880000000005,8574.313333333334,0.0,0.5109332370250057,0.03905132928040107,0.0,0.0,0.1133103369988034,0.0,0.3367050966957898,0.0
FB102976,271,6,101650.47,16941.745,0.0,0.0,0.05050217672382626,0.2812996339318451,0.0,0.6595776684554435,0.0,0.0,0.008620520888885215
FB102977,54,12,88689.37,7390.780833333333,0.2574302873050063,0.006496156190984331,0.0064529717597497874,0.12840140819581874,0.01642192294296374,0.248732288886481,0.2278075715274559,0.04998626103669471,0.05827113215484561
FB102978,26,7,76383.77,10911.967142857144,0.568144908270435,0.03865232103626202,0.0,0.0,0.0,0.0051745285680452795,0.008192839918741899,0.08926490535882164,0.2905704968476942
FB102979,98,3,22605.46,7535.153333333333,0.0,0.10905197239958843,0.0,0.20411396184815528,0.0,0.6868340657522564,0.0,0.0,0.0
FB102980,134,4,166835.02,41708.755,0.0,0.8323739823929054,0.00873012152964048,0.0,0.0,0.0,0.0,0.13441716253577937,0.024478733541674885
FB102981,94,4,153792.55000000002,38448.137500000004,0.006567028116771585,0.0,0.0,0.9574198490108916,0.0,0.0,0.033336530280563,0.0,0.0026765925917737886
FB102982,65,5,61391.06,12278.212,0.0,0.01318058362243623,0.22068506391647255,0.0,0.0,0.20133338632693426,0.5449076787401944,0.019893287393962573,0.0
FB102983,149,7,116591.16,16655.88,0.29472526047429326,0.6155918681999561,0.0,0.0,0.0,0.0,0.0,0.018679889624565016,0.07100298170118557
FB102984,41,5,22583.370000000003,4516.674000000001,0.4437845193166477,0.3534189095781542,0.11990460236891129,0.0,0.0,0.0,0.08289196873628693,0.0,0.0
FB102985,25,3,42667.6,14222.533333333333,0.0,0.0,0.0,0.9175254760052124,0.0,0.0,0.0,0.08247452399478761,0.0
FB102986,101,4,42060.32,10515.08,0.0,0.0,0.021028608436645276,0.0,0.0,0.0,0.5122060412284072,0.054228546050053825,0.4125368042848937
FB102987,195,5,26285.75,5257.15,0.059623179859809965,0.0,0.6999210598898642,0.0,0.0,0.24045576025032572,0.0,0.0,0.0
FB102988,109,6,51770.03,8628.338333333333,0.05959162086635839,0.12121047640884118,0.0029824205239981512,0.5743199298899382,0.0,0.0,0.0,0.0,0.24189555231086404
FB102989,335,5,237804.30000000002,47560.86,0.0,0.7521426652083246,0.1218472079773158,0.0,0.0,0.043939197062458496,0.08207092975190103,0.0,0.0
FB102990,225,8,60342.94,7542.8675,0.4492151028769894,0.0,0.3205798391659405,0.0,0.02015165320085498,0.21005340475621506,0.0,0.0,0.0
FB102991,92,6,70184.3,11697.383333333333,0.0,0.844093194631848,0.034094947160547305,0.0,0.0,0.0,0.02481523645601652,0.0029416835389111246,0.09405493821267721
FB102992,44,4,9893.18,2473.295,0.0,0.12641334737667767,0.5985941830634841,0.0,0.0,0.0,0.0,0.2749924695598382,0.0
FB102993,160,6,24093.89,4015.648333333333,0.3140298224985671,0.0,0.0,0.08496718462647584,0.0,0.0,0.2459303997818534,0.08537600196564357,0.26969659112746014
FB102994,59,7,53893.880000000005,7699.125714285715,0.0,0.456036566675103,0.27142989148304036,0.0,0.0,0.20059401920960224,0.050273426222049694,0.0,0.021666096410204647
FB102995,3,11,164124.29,14920.390000000001,0.0,0.2352545135153364,0.08202734647016599,0.32188038711393663,0.0,0.010464386471984128,0.011456134859745623,0.11372204565210914,0.225195185916722
FB102996,163,5,500866.8741500111,100173.37483000223,0.0088671066688867,0.03268808708458612,0.0,0.01974127360045494,0.0,0.0,0.0,0.9387035326460722,0.0
FB102997,89,5,75925.82,15185.164,0.0,0.0,0.08774656631959983,0.7791502284730016,0.0,0.0,0.00681507292249198,0.0,0.1262881322849065
FB102998,37,10,256561.78999999998,25656.178999999996,0.008266780489799359,0.30066608905402475,0.006939380957702237,0.025293166219334536,0.0013772120938195824,0.11448099890478626,0.08357834578562928,0.014715246568867486,0.44468277992603655
FB102999,3,9,71067.0,7896.333333333333,0.7199293624326341,0.0,0.0,0.18288150618430496,0.0,0.0,0.06841966032054259,0.028769471062518467,0.0
FB103000,2,6,159810.84,26635.14,0.2960401184300139,0.0,0.0,0.6744165790005234,0.0,0.0,0.029543302569462748,0.0,0.0
FB103001,230,6,55190.71000000001,9198.451666666668,0.0,0.0903575982262232,0.0,0.11761327223367844,0.0,0.4878561989871121,0.0216340757348474,0.0,0.28253885481813873
FB103002,20,6,40636.28,6772.713333333333,0.0,0.0,0.0613107302144783,0.05778752385799094,0.0,0.0,0.0,0.14643318728978144,0.7344685586377493
FB103003,25,6,64888.25,10814.708333333334,0.17710448347736302,0.22656320674390204,0.0,0.0,0.0,0.0,0.0,0.0,0.596332309778735
FB103004,61,7,67555.7,9650.814285714285,0.3199701875637437,0.3260507995624351,0.0,0.0,0.0,0.24503676225692278,0.0,0.07291908750852999,0.03602316310836835
FB103005,299,6,75632.38,12605.396666666667,0.0,0.0,0.014242577054959793,0.0,0.0,0.0,0.5182283038032124,0.26059288363000077,0.20693623551182708
FB103006,196,3,48948.74,16316.246666666666,0.0,0.0,0.04434904759550501,0.0,0.8466918658171793,0.0,0.0,0.0,0.10895908658731561
FB103007,3,3,67860.75,22620.25,1.0,0.0,0.0,0.0,0.0,0.0,0.0,0.0,0.0
FB103008,78,7,89550.31,12792.901428571427,0.024121747875579663,0.2498373260796082,0.1995844570498974,0.13551220537371675,0.0,0.0,0.0,0.0,0.390944263621198
FB103009,227,4,9326.11,2331.5275,0.2711494931970564,0.5823542720383954,0.0,0.14649623476454812,0.0,0.0,0.0,0.0,0.0
FB103010,238,6,41712.47,6952.078333333334,0.012851792281780485,0.11824185908914048,0.0,0.09300719904623245,0.0,0.06033016026142782,0.0,0.0,0.7155689893214187
FB103011,178,7,93037.73,13291.104285714286,0.17015268966686956,0.0757474413874887,0.014484553739649492,0.17959595531834235,0.0,0.0,0.0,0.0,0.5600193598876498
FB103012,483,2,44328.42,22164.21,0.0,0.0,0.14285575709668877,0.8571442429033113,0.0,0.0,0.0,0.0,0.0
FB103013,111,7,27206.9,3886.7000000000003,0.02687847568080156,0.0,0.009480315655219815,0.1359960157166013,0.0,0.08125365256607697,0.15676648203213156,0.0,0.5896250583491688
FB103014,27,9,85604.35,9511.594444444445,0.10837556736310712,0.0,0.09883259437166451,0.2329970381178059,0.0,0.0,0.04871236099567369,0.10196164096801155,0.4091207981837372
FB103015,107,7,69620.20999999999,9945.744285714285,0.03561796208313649,0.2087834839912146,0.24847397041749802,0.20159433589757916,0.0,0.0,0.0,0.028038841020445064,0.2774914065901266
FB103016,26,8,188606.88,23575.86,0.6535635391455498,0.15075881643341962,0.0,0.012546785143786906,0.0,0.004901836030583826,0.09036282239545025,0.08786620085120966,0.0
FB103017,400,4,23473.6,5868.4,0.43180849976143415,0.0,0.0,0.0,0.0,0.0,0.33679665666962033,0.0,0.23139484356894555
FB103018,215,5,32629.9,6525.9800000000005,0.0,0.0,0.0,0.0217935084079326,0.0,0.0,0.0,0.06451015786134802,0.9136963337307193
FB103019,49,5,36870.399999999994,7374.079999999999,0.09620589958340568,0.0,0.0,0.01709799730949488,0.0,0.34097107706995317,0.5457250260371463,0.0,0.0
FB103020,259,4,89219.89,22304.9725,0.0,0.13725269107594731,0.0,0.19939959576278338,0.0,0.1325959940098559,0.5307517191514134,0.0,0.0
FB103021,78,5,27737.54,5547.508,0.0,0.2102306116548187,0.5866367385139418,0.17140885601246544,0.0,0.0,0.0,0.0,0.03172379381877413
FB103022,87,7,66501.18999999999,9500.169999999998,0.17814478207081708,0.0,0.0,0.0471576523668223,0.0,0.0,0.04123414934379369,0.7334634162185668,0.0
FB103023,217,4,19371.07,4842.7675,0.0,0.14361106536706542,0.0,0.4915820344462129,0.0,0.0,0.0,0.0,0.36480690018672174
FB103024,26,5,19563.33,3912.666,0.0,0.0,0.21960525125323754,0.3239637628154307,0.0,0.17034472147635396,0.18367885221994412,0.1024074122350336,0.0
FB103025,288,3,50727.56999999999,16909.19,0.0,0.0,0.26657929800303864,0.0,0.0,0.0,0.7334207019969614,0.0,0.0
FB103026,64,11,95556.64,8686.967272727272,0.03780239656815058,0.030141495138380752,0.05443044041732735,0.08183816425525217,0.0,0.23212159824790823,0.19303357673522217,0.2085597609962008,0.16207256764155795
FB103027,115,7,148281.04,21183.005714285715,0.07699939250493522,0.2273910406886814,0.0,0.0,0.0,0.006797632387795499,0.0,0.1247680081013729,0.5640439263172149
FB103028,6,8,34523.69,4315.46125,0.0,0.0,0.0,0.04127687393786702,0.0,0.19517728261376466,0.1864464661801795,0.5227578512030435,0.05434152606514542
FB103029,154,9,53364.27,5929.363333333333,0.12310559106308396,0.0,0.16893269597803923,0.24451491606649917,0.0,0.010644200698332423,0.12617243710070428,0.24601816908579466,0.08061199000754625
FB103030,127,5,18356.16,3671.232,0.23486883967017066,0.0524189155030246,0.021096460261841258,0.040439285776545854,0.0,0.6511764987884177,0.0,0.0,0.0
FB103031,130,6,40273.54,6712.256666666667,0.027326875164189687,0.5095189049683738,0.03224474431599506,0.0,0.015271317098025153,0.41563815845341634,0.0,0.0,0.0
FB103032,71,5,69732.98,13946.596,0.056049375775995794,0.0,0.0,0.0,0.0,0.17422258449301892,0.7173456519425958,0.023091369392215847,0.029291018396173513
FB103033,129,11,124344.81000000001,11304.073636363637,0.06036046056124096,0.0,0.20790855685894732,0.5531577071853662,0.0,0.015798729355893503,0.010352342007680095,0.021536564332681037,0.13088563969819086
FB103034,85,5,33227.57,6645.514,0.0,0.0,0.0,0.07417123792079891,0.0,0.20121874696223646,0.0,0.0,0.7246100151169645
FB103035,248,4,9205.41,2301.3525,0.0,0.0,0.0,0.0,0.1839483521103351,0.6883267556795406,0.0,0.0,0.12772489221012426
FB103036,26,7,21033.79,3004.827142857143,0.08962721411595342,0.0,0.41730757985127737,0.0,0.05386333133496151,0.3709631027028415,0.0,0.06823877199496618,0.0
FB103037,32,5,48885.07,9777.014,0.26347819487626795,0.632979353409947,0.0,0.0,0.0,0.07807189393407844,0.0,0.025470557779706568,0.0
FB103038,29,8,178357.07,22294.63375,0.1749262308469185,0.003968275549716084,0.0,0.6874069528054032,0.0,0.1336985407979622,0.0,0.0,0.0
FB103039,60,2,19075.59,9537.795,0.0,0.0,1.0,0.0,0.0,0.0,0.0,0.0,0.0
FB103040,66,4,18691.36,4672.84,0.0,0.0,0.0,0.0,0.278250485785946,0.0,0.721749514214054,0.0,0.0
FB103041,224,7,111130.43,15875.775714285714,0.1506445174377531,0.0,0.04337272878364639,0.45246185045806087,0.0,0.0,0.22035152747991707,0.10183079467972904,0.03133858116089356
FB103042,24,6,13441.84,2240.306666666667,0.08865304154788332,0.0,0.03171663998381174,0.0,0.0,0.2805069841628825,0.07347952363664499,0.0,0.5256438106687775
FB103043,276,2,6576.91,3288.455,0.0,0.0,0.0,0.0,0.0,0.21173621046965824,0.0,0.0,0.7882637895303418
FB103044,171,4,12906.52,3226.63,0.0,0.4257747247127808,0.0,0.1841565348366562,0.0,0.22991867676182268,0.16015006368874027,0.0,0.0
FB103045,59,7,53276.96000000001,7610.994285714287,0.051411904883461826,0.04822891546364507,0.07084281835900547,0.0,0.0,0.3840949258366093,0.41169803982809833,0.0,0.033723395629180045
FB103046,103,5,85603.37,17120.674,0.0,0.7157565175296253,0.0,0.08354449129748046,0.0,0.010750744976512024,0.18117032074788647,0.0,0.008777925448495778
FB103047,14,8,78510.03,9813.75375,0.04542336819894222,0.0,0.0,0.0,0.01748833875111244,0.09409816809393654,0.11404135242337826,0.0,0.7289487725326306
FB103048,148,7,30608.85,4372.692857142857,0.25093853575028136,0.04515164731768753,0.20211017401829862,0.0,0.0,0.05918124986727695,0.0,0.18882284045300624,0.2537955525934493
FB103049,29,6,57111.45,9518.574999999999,0.0,0.0,0.24030330170219805,0.0,0.0,0.3784249918361379,0.0,0.0,0.38127170646166403
FB103050,563,3,25412.305,8470.768333333333,0.19411580334802372,0.19931072761797874,0.0,0.0,0.0,0.0,0.0,0.6065734690339976,0.0
FB103051,67,4,43397.869999999995,10849.467499999999,0.0,0.0,0.0,0.0,0.0,0.0,0.8169377898039696,0.18306221019603036,0.0
FB103052,85,6,36243.26,6040.543333333334,0.18068849214998872,0.0,0.2048951998247399,0.23963407265240494,0.0,0.3747822353728666,0.0,0.0,0.0
FB103053,120,6,21012.91,3502.1516666666666,0.0,0.18903950000261743,0.0,0.742382659041513,0.0,0.0,0.0,0.06857784095586951,0.0
FB103054,28,5,24768.41,4953.682,0.0,0.0,0.04710435591142104,0.0,0.0,0.0,0.952895644088579,0.0,0.0
FB103055,114,5,87129.16,17425.832000000002,0.11622044789597423,0.12678097665580618,0.0,0.0,0.0,0.309021916428438,0.43214372777150617,0.0,0.01583293124827555
FB103056,92,6,23475.53,3912.588333333333,0.10306348781049884,0.08801633019574,0.012703440561299363,0.0,0.0,0.02547333329641546,0.0,0.7707434081360464,0.0
FB103057,4,7,22414.07,3202.0099999999998,0.0,0.0,0.0,0.2793428413492061,0.0,0.0,0.6225696627163206,0.07905034650110399,0.01903714943336931
FB103058,56,9,122266.23999999999,13585.137777777776,0.0,0.2998528457242163,0.0,0.08488557430080454,0.015725436555503795,0.580900991148497,0.01863515227097848,0.0,0.0
FB103059,420,3,10286.41,3428.8033333333333,0.0,0.3999918338856802,0.0,0.5094731786891636,0.0,0.0,0.0,0.0905349874251561,0.0
FB103060,32,6,73137.52,12189.586666666668,0.0,0.0,0.0,0.6897507599382643,0.0,0.08833619187525091,0.0,0.007337273672938323,0.2145757745135466
FB103061,208,5,15232.63,3046.526,0.15626126282854633,0.6578141791666967,0.0,0.0,0.0,0.13725075709184822,0.0,0.04867380091290866,0.0
FB103062,16,9,33517.74,3724.193333333333,0.0826672681392003,0.6858311449399631,0.04247571584480337,0.13581196106897422,0.0,0.0,0.0,0.0,0.05321391000705894
FB103063,83,7,77575.87,11082.267142857143,0.0,0.01425559262177788,0.05399604284167228,0.0,0.0,0.0,0.7465241446857122,0.11795832905257779,0.06726589079825981
FB103064,198,4,16935.66,4233.915,0.29546530811317656,0.0,0.3152147598617355,0.0,0.0,0.0,0.3585322331695369,0.0,0.03078769885555095
FB103065,57,6,41785.05,6964.175,0.0,0.0,0.0,0.0,0.0,0.17298316024511157,0.5430109572682095,0.28400588248667885,0.0
FB103066,180,4,8994.87,2248.7175,0.18153792105944833,0.0,0.0,0.0,0.0,0.5957095544460341,0.0,0.10210597818534341,0.120646546309174
FB103067,78,4,46432.49,11608.1225,0.012456579433926546,0.0,0.0,0.6433187192847077,0.0,0.0,0.0,0.0,0.3442247012813657
FB103068,52,7,18212.100000000002,2601.7285714285717,0.1828646888607025,0.0,0.0,0.2403918274114462,0.0,0.39623986250899124,0.13684473509370143,0.043658886125158544,0.0
FB103069,74,9,129907.75,14434.194444444445,0.0,0.12921015104949474,0.16128906858905648,0.0,0.013121465039614649,0.15935615850478513,0.0336394864817534,0.0,0.5033836703352956
FB103070,6,10,55957.1,5595.71,0.15608457193099715,0.049223601651979816,0.07595944035698778,0.0292341811852294,0.0,0.07739536180395339,0.33464940105902563,0.2774534420118269,0.0
FB103071,10,7,46837.05,6691.007142857144,0.06961113050458986,0.0,0.0,0.10428218685848062,0.0,0.7445293843228812,0.0,0.08157729831404839,0.0
FB103072,134,4,22052.449999999997,5513.112499999999,0.0,0.71088382469975,0.04280295386680392,0.0,0.0,0.0,0.007858537260032333,0.0,0.23845468417341387
FB103073,16,5,84459.57,16891.914,0.0,0.7959944622024478,0.0,0.0,0.0,0.09426971981979068,0.10973581797776141,0.0,0.0
FB103074,83,7,110469.91,15781.415714285715,0.31804678758224747,0.07779131892114333,0.0,0.5859391032363473,0.0,0.0,0.0,0.0,0.01822279026026182
FB103075,136,7,53302.75,7614.678571428572,0.12236854571293228,0.22071450347308538,0.0,0.2799146385505438,0.0,0.0,0.3456996121213258,0.0,0.03130270014211275
FB103076,36,5,20057.57,4011.514,0.0,0.0,0.4937273059498235,0.0956775920512804,0.0,0.0,0.0,0.265956444374867,0.14463865762402925
FB103077,80,6,65599.17,10933.195,0.9488452369138207,0.0,0.0,0.0,0.026576708211399628,0.0,0.0,0.024578054874779667,0.0
FB103078,271,5,57938.14,11587.628,0.35106287499046396,0.24803799362561518,0.14613603405287087,0.0,0.0,0.0,0.0,0.25476309733104996,0.0
FB103079,89,7,60206.81,8600.972857142857,0.4149592047809874,0.07317062637930825,0.0,0.14812892428613975,0.0,0.0,0.0,0.36374124455356466,0.0
FB103080,116,4,54759.37,13689.8425,0.02628865160428252,0.08074691144182265,0.0,0.0,0.0,0.8929644369538948,0.0,0.0,0.0
FB103081,102,5,58004.96,11600.992,0.048955985832935665,0.4735305394573154,0.38780959421401207,0.0,0.0,0.08065844713969289,0.0,0.0,0.009045433356044035
FB103082,7,7,95991.8,13713.114285714286,0.011092718336357896,0.027214303721776235,0.0,0.0,0.0,0.17749266083144602,0.17274590121239522,0.3853344764865332,0.2261199394114914
FB103083,109,6,79641.29000000001,13273.548333333334,0.9109288661697971,0.04226086744702402,0.01215098349110116,0.0,0.03465928289207771,0.0,0.0,0.0,0.0
FB103084,10,9,83045.43,9227.269999999999,0.14230138852914603,0.0,0.627908001680526,0.0,0.017887438237119132,0.053380420813041736,0.13248748305596109,0.026035267684206106,0.0
FB103085,176,3,480299.39415001107,160099.79805000368,0.0,0.0014474721568831777,0.9789008894797089,0.0,0.0,0.019651638363408046,0.0,0.0,0.0
FB103086,1,6,33804.990000000005,5634.165000000001,0.11558855660066751,0.0,0.0,0.20507149979928993,0.0,0.0,0.6582170265395729,0.021122917060469475,0.0
FB103087,129,6,52209.03,8701.505,0.018163716123436882,0.0,0.0,0.24579656048005488,0.0,0.49152014507835134,0.1014805293260572,0.0,0.14303904899209965
FB103088,82,8,39710.270000000004,4963.7837500000005,0.13288224935262338,0.025394186440938323,0.15589972065160976,0.08461664954683007,0.0,0.0,0.5146036529089325,0.0,0.0866035410990658
FB103089,116,5,100827.79000000001,20165.558,0.009038877079424234,0.0,0.0,0.0,0.626209897092855,0.0,0.0,0.0,0.3647512258277207
FB103090,194,4,18671.87,4667.9675,0.0,0.06724286319474161,0.0,0.0,0.0,0.6219323506429726,0.0,0.12286128813021943,0.18796349803206644
FB103091,7,3,12198.5,4066.1666666666665,0.29621756773373775,0.0,0.0,0.0,0.0,0.0,0.0,0.0,0.7037824322662622
FB103092,137,4,15920.61,3980.1525,0.0,0.0,0.0,0.0,0.0,0.0,0.25567990171230875,0.0,0.7443200982876912
FB103093,77,10,154825.04,15482.504,0.10918343699442933,0.02431415486797226,0.046387845273606905,0.005840140587078163,0.0,0.38933211320339395,0.35019561435282043,0.0,0.07474669472069892
FB103094,45,6,83856.78,13976.13,0.5830430169152692,0.0,0.04049237282900679,0.11654633054119179,0.0,0.0,0.0,0.0598557445205981,0.20006253519393422
FB103095,22,13,309622.05,23817.080769230768,0.00876113312989175,0.024289581442923713,0.0825333983803802,0.0,0.0,0.0022593998069581926,0.058932204602353086,0.8232242826374929,0.0
FB103096,19,5,23748.010000000002,4749.602000000001,0.31305317792943493,0.0,0.0,0.0,0.0,0.0739666186766807,0.3598971029572583,0.2530831004366261,0.0
FB103097,46,6,124530.48,20755.079999999998,0.0,0.0,0.21655019718867216,0.0,0.3678964378841228,0.024151757866829066,0.3678964378841228,0.023505169176253074,0.0
FB103098,23,5,40254.42,8050.884,0.0,0.06500106075308004,0.6738107268717324,0.0,0.0,0.0,0.0,0.04400485710637491,0.21718335526881272
FB103099,89,5,125194.91,25038.982,0.027610547425610192,0.0,0.0,0.0,0.0,0.201759640228185,0.46001846241193034,0.0,0.31061134993427447
FB103100,147,4,76719.72,19179.93,0.8284876430727328,0.0,0.0,0.0,0.0,0.0,0.0,0.0,0.17151235692726718
FB103101,368,5,58381.91,11676.382000000001,0.0,0.0,0.20586291198763454,0.0,0.0,0.5827856608322681,0.032350431837533236,0.0,0.17900099534256417
FB103102,126,8,56257.735,7032.216875,0.0,0.09003108639194238,0.4109477567840227,0.0,0.0,0.16265976580820402,0.0,0.20120753172874808,0.13515385928708293
FB103103,98,5,10919.9,2183.98,0.34314874678339546,0.029220047802635554,0.2857947417100889,0.1097528365644374,0.0,0.0,0.0,0.23208362713944267,0.0
FB103104,57,8,369274.19,46159.27375,0.014190539555445239,0.8399561583223566,0.0,0.09889375155084627,0.0,0.01974037232334055,0.0,0.027219178248011323,0.0
FB103105,3,6,65434.99,10905.831666666667,0.21620451076709876,0.14055033858796342,0.0,0.0,0.0,0.0,0.2742905592252708,0.0,0.3689545914196671
FB103106,409,3,50961.97,16987.323333333334,0.6284301803874536,0.0,0.27577897793197553,0.0,0.0,0.09579084168057081,0.0,0.0,0.0
FB103107,371,4,56103.49,14025.8725,0.0,0.0,0.0,0.15628136502738063,0.0,0.05223917442569081,0.5416577471383687,0.24982171340855977,0.0
FB103108,51,3,8117.280000000001,2705.76,0.0,0.0,0.0,0.0,0.0,0.3727381585949973,0.0,0.0,0.6272618414050026
FB103109,182,5,54066.28,10813.256,0.0,0.050170272487768716,0.0,0.05942964820216963,0.0,0.3054857852250978,0.0,0.5849142940849639,0.0
FB103110,5,7,30396.11,4342.301428571429,0.0,0.0,0.03273938671757669,0.060279423913125726,0.0,0.3351599925121998,0.32635853732599335,0.03547263120182155,0.20999002832928293
FB103111,21,6,50794.280000000006,8465.713333333335,0.7008265497611149,0.0,0.0,0.012149596371874944,0.0,0.06575031676795104,0.021766033498260038,0.05949095055584999,0.14001655304494917
FB103112,21,5,81522.64,16304.528,0.020164705166564774,0.0,0.08182941573040324,0.0,0.0,0.0,0.67994817145274,0.21805770765029198,0.0
FB103113,33,4,20856.84,5214.21,0.7312814405250269,0.0,0.23110068447569238,0.0,0.0,0.03761787499928081,0.0,0.0,0.0
FB103114,239,5,41181.66,8236.332,0.0,0.035519209279082,0.0,0.16019388242241814,0.3723876113784631,0.0,0.0,0.43189929692003676,0.0
FB103115,100,6,110431.05,18405.175,0.0,0.1433578690051394,0.47607389407236456,0.08761937878884607,0.0,0.0,0.19157039618839083,0.0,0.10137846194525905
FB103116,138,7,102661.44,14665.92,0.0,0.0,0.028151855263280935,0.3153646588241895,0.0,0.12930064101964672,0.2557951651564599,0.0,0.2713876797364229
FB103117,45,12,85660.79999999999,7138.399999999999,0.0,0.42554739157234106,0.0,0.012063044006126488,0.0,0.0,0.20123697187044715,0.27663645448092944,0.08451613807015577
FB103118,64,9,25590.44,2843.382222222222,0.0,0.0,0.14773094952646376,0.06763150614057435,0.0,0.0,0.054691517613608825,0.7299460267193529,0.0
FB103119,453,7,51016.89,7288.127142857143,0.6065134507415093,0.02476826792068274,0.0,0.0,0.0,0.0,0.31980193226204107,0.0,0.04891634907576687
FB103120,79,9,36557.18,4061.908888888889,0.11792129480446797,0.0,0.12322613505746344,0.12884281555634217,0.0,0.006166777634379896,0.13826914439242854,0.48557383255491815,0.0
FB103121,311,3,21806.37,7268.79,0.0,0.0,0.0,0.0,0.0,0.0,0.08686223337492668,0.9131377666250733,0.0
FB103122,148,7,39291.31,5613.044285714285,0.0,0.12797715321784892,0.0,0.0,0.0,0.08128285872881306,0.025885367527832492,0.6871140208865524,0.07774059963895324
FB103123,68,4,22743.42,5685.855,0.0,0.0,0.0,0.20297914737537273,0.0,0.0,0.03567405429790243,0.7613467983267249,0.0
FB103124,27,8,70630.53,8828.81625,0.8920151101796915,0.023631423974873188,0.03977401840252367,0.0,0.0,0.030231119602245657,0.010056557695376205,0.0,0.004291770145289863
FB103125,144,4,19037.48,4759.37,0.387476703849459,0.35949085698317207,0.0,0.2530324391673688,0.0,0.0,0.0,0.0,0.0
FB103126,97,8,44081.5,5510.1875,0.3243603325658156,0.019258645917221512,0.1628637863956535,0.20231525696720848,0.0,0.16968683007610902,0.08762610165262072,0.03388904642537119,0.0
FB103127,141,7,48410.79,6915.827142857143,0.05548907588576844,0.0,0.12894914542811634,0.0,0.32673893567942186,0.0,0.0,0.0,0.4888228430066934
FB103128,37,11,51983.41,4725.764545454545,0.03486900917042571,0.0,0.7532037625080771,0.0,0.0,0.06696482589349177,0.0,0.09051137661034547,0.0544510258176599
FB103129,19,7,38700.96,5528.708571428571,0.03765694701113357,0.2251205138063759,0.18497706516840925,0.25305780528441674,0.0,0.0,0.0,0.29918766872966457,0.0
FB103130,54,3,33059.5,11019.833333333334,0.8749294453939109,0.0,0.0,0.08089202801010299,0.0,0.0,0.0,0.04417852659598603,0.0
FB103131,333,7,78860.94,11265.848571428573,0.08093284203814968,0.0,0.38332157846457315,0.18953971383044635,0.0,0.24035536477247166,0.0698054068338521,0.036045094060507016,0.0
FB103132,93,12,74493.67,6207.805833333333,0.17471940904509067,0.1939668162408967,0.2336640146739985,0.0,0.0,0.12381776867752656,0.0,0.2738319913624876,0.0
FB103133,62,4,10111.68,2527.92,0.1688987388841419,0.0,0.0,0.5589506392607361,0.0,0.0,0.0,0.272150621855122,0.0
FB103134,115,7,118672.92,16953.274285714284,0.060738456591444785,0.4068681380722746,0.0,0.27785757694341723,0.0,0.06929314623757465,0.0,0.0,0.18524268215528866
FB103135,65,8,183541.51,22942.68875,0.055661577590813104,0.4106110383422257,0.0,0.13959981041890743,0.0,0.0,0.034901260210837316,0.3567660525403763,0.002460260896840175
FB103136,21,9,77964.89,8662.765555555556,0.034323783436364746,0.05435754478714712,0.0,0.06798701312860185,0.0,0.5003276474833735,0.0,0.27096068499551523,0.07204332616899735
FB103137,39,4,66392.94,16598.235,0.0,0.04270484180998763,0.0,0.0,0.0,0.0,0.46154274837053455,0.0,0.49575240981947777
FB103138,26,4,76069.12,19017.28,0.0,0.010092005796833196,0.7816209783943865,0.0,0.0,0.0,0.0,0.18042130630668526,0.02786570950209493
FB103139,42,9,304815.73,33868.41444444444,0.05066241168065703,0.40948841452506407,0.01800523877163426,0.0,0.36842271886690364,0.0,0.0,0.15342121615574103,0.0
FB103140,65,9,28843.48,3204.831111111111,0.0,0.0,0.12189548556554201,0.35649408462501747,0.0,0.0722326154819044,0.0,0.42048462945525306,0.028893184872283095
FB103141,39,4,32663.39,8165.8475,0.5074960069974366,0.3066332061675166,0.0,0.04861314150184656,0.0,0.0,0.0,0.0,0.13725764533320026
FB103142,68,4,18833.68,4708.42,0.0,0.0,0.0,0.6318335025337587,0.0,0.2779424945098356,0.04864476830868954,0.04157923464771622,0.0
FB103143,99,8,41733.04,5216.63,0.039684623981382616,0.0,0.30740823098437114,0.37868940292871067,0.0,0.0,0.08072093477973327,0.17040886549362325,0.02308794183217901
FB103144,46,9,35502.97,3944.7744444444447,0.0,0.2791079168869534,0.2675835289272982,0.20043393552708408,0.057312951564333914,0.0,0.02691633967524407,0.0,0.16864532741908633
FB103145,15,6,18303.01,3050.5016666666666,0.0,0.1592213521164005,0.3317569077435897,0.0,0.028877763821360525,0.2179772616635187,0.0,0.0,0.2621667146551305
FB103146,261,5,23697.58,4739.5160000000005,0.0,0.46219740581105745,0.05773205534067191,0.35827962180104467,0.0,0.0,0.0,0.0,0.12179091704722592
FB103147,13,4,25489.97,6372.4925,0.0,0.0,0.8492705169915853,0.0,0.0,0.0,0.1507294830084147,0.0,0.0
FB103148,11,3,35341.31,11780.436666666666,0.0,0.1487185958867965,0.0,0.8512814041132036,0.0,0.0,0.0,0.0,0.0
FB103149,116,5,129396.01000000001,25879.202,0.0,0.4019463969561349,0.28211774072477197,0.0,0.0,0.011472533040238257,0.0,0.012269543705404827,0.29219378557345005
FB103150,55,9,64754.82,7194.98,0.22645217761395983,0.0,0.17816388031037686,0.0,0.2777098291679291,0.01967266683777362,0.04963074563407017,0.10707110296963221,0.1412995974662581
FB103151,184,5,31576.340000000004,6315.268000000001,0.2785405148285077,0.20855393627000468,0.0,0.0,0.0,0.0,0.013437592830581378,0.0,0.49946795607090627
FB103152,92,4,14769.3,3692.325,0.27754802191031397,0.0,0.0,0.12575206678718695,0.0,0.0,0.0,0.5966999113024991,0.0
FB103153,88,5,23821.110000000004,4764.222000000001,0.05979444282823092,0.7484029921359668,0.0,0.0,0.0,0.0,0.16443902068375485,0.02736354435204741,0.0
FB103154,183,6,75073.12,12512.186666666666,0.0,0.4010097089344362,0.0,0.011875888467137106,0.13726391017184314,0.03218688659802603,0.0,0.0,0.41766360582855755
FB103155,49,8,90321.07,11290.13375,0.29402131750653526,0.04580503751782391,0.15614905802156684,0.364410319762598,0.0,0.1396142671914759,0.0,0.0,0.0
FB103156,103,3,14416.78,4805.593333333333,0.0,0.0,0.24317427331207103,0.0,0.0,0.052580395899777886,0.0,0.704245330788151,0.0
FB103157,6,6,58752.479999999996,9792.08,0.0,0.41038659134048466,0.0,0.19986509505641292,0.028569517405903546,0.0,0.0,0.0,0.36117879619719884
FB103158,122,6,41415.81,6902.634999999999,0.14848604916817998,0.10872490481292049,0.7158034576650801,0.0,0.0,0.0,0.0,0.0,0.026985588353819475
FB103159,67,4,518989.9041500111,129747.47603750277,0.0,0.0,0.0,0.0,0.0,0.008124030865119305,0.08493346334394018,0.0,0.9069425057909405
FB103160,146,5,53544.21,10708.842,0.0,0.14576702130818625,0.0,0.0,0.0,0.0,0.4888427712352092,0.05553336205726072,0.3098568453993438
FB103161,64,6,122858.74,20476.45666666667,0.0,0.45298283215341456,0.0,0.0,0.0,0.08555362036107483,0.0,0.184078560467086,0.27738498701842457
FB103162,146,6,252161.86000000002,42026.97666666667,0.0,0.0,0.0,0.03480895167889387,0.0,0.018427330762867948,0.055912222411430505,0.8882218746324285,0.0026296205143791374
FB103163,18,6,53451.73,8908.621666666668,0.0,0.04570104653301212,0.026217299234281094,0.5118678104525335,0.0,0.0,0.01787332234148455,0.3983405214386887,0.0
FB103164,43,5,116482.53,23296.506,0.02967724001187131,0.113510068848951,0.0,0.0,0.0,0.0,0.8568126911391778,0.0,0.0
FB103165,98,7,48023.020000000004,6860.431428571429,0.0,0.0,0.16435659398346875,0.0,0.0,0.0,0.6487253404721319,0.18691806554439933,0.0
FB103166,142,7,283074.53,40439.21857142857,0.053148052564107415,0.0,0.9339972056122465,0.0026488077185891647,0.0,0.0,0.010205934105057069,0.0,0.0
FB103167,84,7,53938.149999999994,7705.449999999999,0.47158662282632974,0.04681602909999694,0.0,0.0,0.0,0.0,0.0,0.3391211971489567,0.14247615092471655
FB103168,64,8,24301.16,3037.645,0.0562084279104372,0.5777942287528661,0.0876238006745357,0.06138390101542478,0.0,0.0,0.06260277287174769,0.04334731346157961,0.11103955531340891
FB103169,49,9,51575.130000000005,5730.570000000001,0.0,0.7857793087482281,0.07108600598776968,0.04019223994200305,0.03787465004935518,0.0,0.0,0.065067795272644,0.0
FB103170,3,10,55299.88,5529.987999999999,0.2381451822318602,0.2788778203497006,0.0,0.3396698148350412,0.0,0.0,0.12267368392119478,0.020633498662203247,0.0
FB103171,178,8,229497.13999999998,28687.142499999998,0.05933537995288307,0.002737289013710585,0.031081128069831286,0.5861495703170855,0.0,0.047288127425030226,0.22293772375551174,0.0,0.05047078146594768
FB103172,208,6,26226.2,4371.033333333334,0.21347812492850662,0.13021558594077678,0.10749288879059872,0.11029924274199084,0.0,0.438514157598127,0.0,0.0,0.0
FB103173,120,8,34460.86,4307.6075,0.20223755298039572,0.0,0.43640988646249684,0.0,0.0,0.16698451518621413,0.1899395430061815,0.0,0.004428502364711734
FB103174,35,6,153025.16999999998,25504.194999999996,0.0,0.0,0.015024848526552854,0.0,0.0,0.0,0.03288485155742679,0.9405825852047739,0.011507714711246524
FB103175,59,6,36725.3,6120.883333333334,0.13619194397322823,0.060208630017998484,0.543298489052506,0.0,0.0,0.0,0.02961909092641857,0.0,0.23068184602984862
FB103176,84,7,33816.58,4830.9400000000005,0.0,0.0,0.15197722537287922,0.43422338982830316,0.0,0.15856334377988549,0.0,0.2552360410189321,0.0
FB103177,47,7,542824.9541500111,77546.42202143015,0.0,0.0,0.0,0.0441998287229985,0.0,0.02798946489811018,0.9278107063788914,0.0,0.0
FB103178,671,1,27208.16,27208.16,0.0,0.0,0.0,0.0,0.0,1.0,0.0,0.0,0.0
FB103179,257,8,61076.06,7634.5075,0.12828103188057643,0.0,0.04847578576614143,0.06633122699794322,0.12828103188057643,0.0,0.0,0.0,0.6286309234747625
FB103180,351,3,19220.62,6406.873333333333,0.0,0.0,0.8540343651765656,0.14596563482343444,0.0,0.0,0.0,0.0,0.0
FB103181,87,5,101438.53,20287.706,0.5256009723327024,0.03975629378698607,0.018638479875447724,0.0,0.0,0.035543693308647116,0.0,0.3804605606962167,0.0
FB103182,34,6,55715.68,9285.946666666667,0.3689885863369163,0.46072523928631937,0.0484197626233764,0.0,0.0,0.0,0.0,0.12186641175338792,0.0
FB103183,391,5,156997.25,31399.45,0.9357099567030633,0.0,0.0,0.0,0.0,0.03328937290302856,0.03100067039390817,0.0,0.0
FB103184,26,1,43252.42,43252.42,0.0,0.0,0.0,1.0,0.0,0.0,0.0,0.0,0.0
FB103185,183,6,107549.15,17924.858333333334,0.02660978724611027,0.34694063132995473,0.39224029199672894,0.0,0.0,0.0,0.18050909746845978,0.0,0.053700191958746306
FB103186,68,5,70821.29000000001,14164.258000000002,0.7091195317114387,0.0,0.07310541787646059,0.0415489466514942,0.0,0.0,0.13347808265000538,0.04274802111060105,0.0
FB103187,73,7,158294.65,22613.52142857143,0.016697089889013937,0.0,0.062192499872863675,0.013769321957501407,0.0,0.0,0.8417680572274553,0.06557303105316573,0.0
FB103188,35,8,77927.08,9740.885,0.6065843863262939,0.0276906307794415,0.06094607933468059,0.07268243593882898,0.0,0.0,0.07769725235438055,0.15439921526637468,0.0
FB103189,97,6,46542.1,7757.016666666666,0.06790432747985158,0.0,0.3407151804495285,0.0,0.0,0.04484456008645935,0.0,0.0,0.5465359319841606
FB103190,113,4,34642.63,8660.6575,0.0,0.0,0.0,0.1263809935908446,0.0,0.0,0.0,0.7231976902446494,0.150421316164506
FB103191,259,5,35768.16,7153.6320000000005,0.08786809273946437,0.0,0.0,0.0,0.0,0.0,0.05350317153580167,0.0,0.8586287357247339
FB103192,31,10,208561.4,20856.14,0.02399245497968464,0.010480079247646016,0.03783116147091456,0.07528123612518904,0.0,0.0,0.03046493742370352,0.06555402869370842,0.7563961020591539
FB103193,227,6,33995.82,5665.97,0.0,0.0,0.07293631981814236,0.5989148077616601,0.16460082445430055,0.0,0.0,0.04691164972634871,0.11663639823954827
FB103194,187,4,81208.76999999999,20302.192499999997,0.08021436600997651,0.0,0.03228259706433185,0.0,0.0,0.0,0.05676997693721997,0.0,0.8307330599884718
FB103195,38,9,88422.84999999999,9824.761111111111,0.0,0.183664516581404,0.4833194134773986,0.10300719780011615,0.0,0.08476406268289248,0.024653695283515513,0.12059111417467316,0.0
FB103196,101,6,39683.979999999996,6613.996666666666,0.0,0.0,0.0,0.5302343666134294,0.0,0.09795111276641102,0.0,0.13628748930928802,0.23552703131087152
FB103197,72,3,213874.59,71291.53,0.13672096343936885,0.0,0.8465887883174903,0.0,0.0,0.016690248243140995,0.0,0.0,0.0
FB103198,59,6,63443.54,10573.923333333334,0.06458025513708723,0.12397432425744213,0.29664801175974737,0.0,0.0,0.0,0.0,0.4404635996036791,0.07433380924204419
FB103199,115,6,54388.73,9064.788333333334,0.12527264379955186,0.0,0.0,0.49550063036956377,0.0,0.37922672583088446,0.0,0.0,0.0
FB103200,208,7,108704.51999999999,15529.217142857142,0.0,0.0,0.0,0.0,0.013330080478714226,0.0,0.06719343409087314,0.23957320265983426,0.6799032827705785
FB103201,38,9,61039.6,6782.177777777778,0.05229555894861696,0.06889281712199949,0.13313078722665286,0.19875130243317454,0.0,0.08146662166855614,0.24514970609243836,0.1972988027444479,0.02301440376411379
FB103202,3,8,185416.32,23177.04,0.0,0.0,0.004147207753880565,0.01933670132165281,0.0,0.37512938451156835,0.045765442869322395,0.0,0.5556212635435759
FB103203,2,7,13606.59,1943.7985714285714,0.12520256728541096,0.1076471033521257,0.1299796642656242,0.13761493511599893,0.0,0.15606775834356737,0.0,0.23083226583589275,0.11265570580138005
FB103204,5,8,35518.97,4439.87125,0.11577982131801683,0.0,0.3590447583361792,0.04518712113555094,0.0,0.17538036716717856,0.16352585674640904,0.0406582735929561,0.1004238017037093
FB103205,6,8,70299.70999999999,8787.463749999999,0.19956839082266484,0.0,0.5174391188811447,0.046285681690578805,0.0,0.0,0.026397548439389008,0.2103092601662226,0.0
FB103206,48,10,246900.96,24690.095999999998,0.2026523509669626,0.0,0.2967387004084553,0.0,0.0,0.10359485844040459,0.07750950016557245,0.0,0.31950459001860504
FB103207,208,3,4139.7699999999995,1379.9233333333332,0.0,0.5575527142812281,0.0,0.3202738316379895,0.0,0.0,0.0,0.12217345408078224,0.0
FB103208,85,7,509200.4541500111,72742.92202143016,0.024175881815638265,0.923340700736099,0.0035151186245263896,0.0,0.029708437761022506,0.005891589403642197,0.0,0.00747668225542944,0.005891589403642197
FB103209,95,2,5452.42,2726.21,0.0,0.0,0.0,0.09652961437306738,0.0,0.0,0.0,0.9034703856269327,0.0
FB103210,78,9,134882.52000000002,14986.946666666669,0.37736327879995124,0.20978062983995252,0.0,0.0,0.0,0.0,0.037308095963806125,0.3711872376049913,0.004360757791298679
FB103211,171,3,9754.869999999999,3251.623333333333,0.0,0.0,0.0,0.4457394101612836,0.0,0.09062550295390918,0.0,0.4636350868848073,0.0
FB103212,247,3,52356.509999999995,17452.17,0.0,0.0,0.6634349768538813,0.0,0.0,0.12399852472978051,0.0,0.0,0.21256649841633832
FB103213,220,8,53058.01,6632.25125,0.005346977770180223,0.0,0.0,0.7381466059507321,0.0,0.0,0.23483466492618174,0.021671751352905996,0.0
FB103214,107,8,26688.51,3336.06375,0.47824813000051336,0.0,0.11011180466800133,0.06827282602138524,0.0,0.0,0.10936691482589325,0.23400032448420688,0.0
FB103215,38,10,115134.31,11513.431,0.0,0.005881391915233608,0.0,0.02097828179975196,0.0,0.4189284671094133,0.0,0.0975378234342135,0.4566740357413876
FB103216,122,9,287877.8,31986.42222222222,0.022389777884922007,0.0,0.0,0.009975308967902354,0.0,0.004770635318180144,0.028281861261966017,0.8818862725781564,0.052696143988873054
FB103217,22,8,96216.83,12027.10375,0.0,0.040923401862231375,0.15098398066117955,0.0,0.0,0.7180872618646863,0.054805588585697534,0.03519976702620529,0.0
FB103218,83,3,11861.16,3953.72,0.0,0.0,0.12918045115317559,0.3266560774831467,0.0,0.0,0.0,0.0,0.5441634713636777
FB103219,65,4,19168.07,4792.0175,0.1992808874341548,0.02030512200758866,0.0,0.4368666224612076,0.0,0.34354736809704894,0.0,0.0,0.0
FB103220,460,4,16981.699999999997,4245.424999999999,0.0,0.4884787742098848,0.0,0.0,0.0,0.0,0.0,0.1142441569454177,0.3972770688446975
FB103221,181,5,128785.19,25757.038,0.0,0.0,0.0,0.0,0.0,0.7605619869800246,0.015277222481870781,0.1914715504166279,0.032689240121476705
FB103222,141,6,70735.98,11789.33,0.0,0.2178092393715334,0.0,0.7216473144218825,0.0,0.0,0.0,0.0,0.06054344620658396
FB103223,143,3,18351.7,6117.233333333334,0.2726668374047091,0.3951721093958598,0.0,0.0,0.0,0.3321610531994311,0.0,0.0,0.0
FB103224,133,11,111808.84,10164.44,0.0,0.1679500475990986,0.47821129348985286,0.2729499742596382,0.0,0.0,0.0,0.08088868465141039,0.0
FB103225,25,7,74962.19,10708.884285714286,0.2481811163734678,0.037224899646074915,0.016599568395747246,0.6979944155847102,0.0,0.0,0.0,0.0,0.0
FB103226,56,8,80301.74,10037.7175,0.0,0.11686757970624297,0.013112542766819248,0.21783288880166232,0.0,0.33522947323432845,0.04223980700791788,0.10177525418502761,0.1729424542980015
FB103227,52,6,38386.229999999996,6397.704999999999,0.0,0.021981319863919956,0.2787820007330754,0.07237074336291947,0.0,0.0,0.5702026481892075,0.0,0.056663287850877785
FB103228,75,3,29225.72,9741.906666666668,0.4480023075564948,0.0,0.0,0.0,0.0,0.0,0.0,0.5519976924435053,0.0
FB103229,13,8,38671.45,4833.93125,0.03686259501518562,0.0,0.5104538360987241,0.20040727720320806,0.0368160490491047,0.06995987996312525,0.0,0.1455003626706524,0.0
FB103230,364,4,7220.48,1805.12,0.0,0.0,0.173707288158128,0.09658776147846126,0.0,0.0,0.19269356053891154,0.5370113898244993,0.0
FB103231,12,8,38952.22,4869.0275,0.1425253810950955,0.0,0.026097357223798797,0.37348320583525146,0.16120031156118958,0.0,0.0,0.10828009289329336,0.18841365139137128
FB103232,41,10,73904.3,7390.43,0.054751347350560114,0.003896525641945056,0.24836240922382052,0.05739449531353385,0.0,0.0,0.25987324147580043,0.36469082313207757,0.011031157862262412
FB103233,115,4,40467.1,10116.775,0.05196913047883343,0.0,0.0,0.0,0.0,0.4646977421164354,0.12435311648227818,0.0,0.3589800109224531
FB103234,158,4,39987.09,9996.7725,0.19392984085613632,0.2977653537679286,0.0,0.0,0.0,0.0,0.4126574351872067,0.0,0.09564737018872842
FB103235,185,5,91841.03,18368.206,0.0,0.0,0.0,0.0,0.0,0.0,0.17078532329177928,0.19318685776934338,0.6360278189388774
FB103236,117,6,54215.49,9035.914999999999,0.0,0.0,0.4024087949772288,0.046207458421938075,0.0,0.12216729941940946,0.36514767274076093,0.06406877444066261,0.0
FB103237,375,3,32542.549999999996,10847.516666666665,0.0,0.022708115989681206,0.0,0.5997716835343266,0.0,0.0,0.0,0.3775202004759922,0.0
FB103238,37,8,111019.04,13877.38,0.009919829967904603,0.0,0.05944673994658934,0.16561276336023079,0.0,0.6704523836631986,0.06778215700658194,0.026786126055494623,0.0
FB103239,76,6,168703.88,28117.313333333335,0.06018397442904099,0.0,0.12154148440450806,0.5954063415731754,0.0,0.2047792261802159,0.0,0.018088973413059616,0.0
FB103240,95,8,69547.77,8693.47125,0.09288047625394748,0.0,0.0,0.7324705019298247,0.0,0.17464902181622793,0.0,0.0,0.0
FB103241,36,6,75970.71,12661.785000000002,0.0,0.028384623495028544,0.07213543219485509,0.0,0.0,0.0,0.26414285189647435,0.0,0.635337092413642
FB103242,41,7,33551.020000000004,4793.0028571428575,0.06011292652205507,0.18746702782806604,0.0,0.0,0.0,0.0,0.2252947898454354,0.16883748988853395,0.3582877659159096
FB103243,302,6,84495.06,14082.51,0.021717127604856428,0.0,0.4053496145218431,0.0,0.0,0.22576491454056605,0.3471683433327345,0.0,0.0
FB103244,14,11,166911.73,15173.793636363638,0.2879843136249322,0.0,0.09859049450868433,0.13085886773805533,0.0,0.0,0.0,0.48256632412832823,0.0
FB103245,123,2,17058.579999999998,8529.289999999999,0.0,0.9555836417802654,0.0,0.0,0.0,0.0,0.04441635821973459,0.0,0.0
FB103246,81,8,304949.12,38118.64,0.05541367031982253,0.4306422658311,0.014782138082575875,0.014443229086871933,0.0,0.35146453283747797,0.0,0.13325416384215177,0.0
FB103247,187,5,39369.770000000004,7873.954000000001,0.27697748805746136,0.0,0.16874469929593186,0.44198708806274456,0.0,0.0,0.11229072458386216,0.0,0.0
FB103248,297,6,54027.36,9004.56,0.27613120463409646,0.0,0.006622755581616425,0.46471528499634257,0.0,0.012358182965075471,0.0,0.0,0.240172571822869
FB103249,70,4,84873.68000000001,21218.420000000002,0.0,0.9144230578902671,0.0,0.0,0.0,0.05680783489062805,0.021669379718188258,0.007099727500916657,0.0
FB103250,3,10,101570.36,10157.036,0.012901106188852731,0.0,0.6459560643479063,0.08415329038904656,0.0,0.024542494483626914,0.08584059365350286,0.08224328435972857,0.06436316657733615
FB103251,61,7,77449.59,11064.227142857142,0.0,0.0,0.0,0.0692738334702611,0.0,0.1076872066075495,0.7090170522529559,0.11402190766923365,0.0
FB103252,127,6,72999.23,12166.538333333332,0.0,0.0,0.09787664883588498,0.0,0.0,0.07467503424351189,0.0,0.5526507608367924,0.27479755608381073
FB103253,96,5,25964.87,5192.974,0.28604649281895117,0.0,0.0,0.09960535138438975,0.0,0.588945756323833,0.025402399472826173,0.0,0.0
FB103254,69,6,35909.57,5984.928333333333,0.6579009439544947,0.0,0.056782913301384574,0.10418977448073036,0.0,0.13342849830838968,0.0,0.0,0.04769786995500086
FB103255,174,3,116754.32,38918.10666666667,0.0,0.08420339393009184,0.0,0.8570696142121336,0.0,0.05872699185777451,0.0,0.0,0.0
FB103256,159,4,189841.49,47460.3725,0.007173668938228414,0.0,0.8752374941852807,0.0,0.0,0.0,0.0,0.11758883687649103,0.0
FB103257,460,5,49103.67,9820.734,0.0,0.04094174630938991,0.20853084911983155,0.5654143570124188,0.0,0.09941599069886221,0.0,0.0,0.08569705685949747
FB103258,26,8,188895.34,23611.9175,0.0,0.009585731442607319,0.0,0.021652466386942106,0.0,0.3998214566860146,0.23530448130695017,0.0,0.3336358641774858
FB103259,68,2,11899.68,5949.84,0.0,0.0,0.0,0.0,0.0,0.0,1.0,0.0,0.0
FB103260,58,6,54573.36,9095.56,0.0,0.0,0.03080972108002879,0.0,0.0,0.020988262404953627,0.9482020165150176,0.0,0.0
FB103261,29,9,125064.97,13896.107777777777,0.48258037402479687,0.0,0.0,0.0,0.0,0.1878801873938002,0.0,0.020149127289599954,0.30939031129180294
FB103262,60,8,80942.55,10117.81875,0.0,0.0,0.0,0.28335269892040715,0.0,0.016285007082183597,0.4526892221705395,0.2476730718268698,0.0
FB103263,121,11,113443.31,10313.028181818181,0.07833004872654016,0.15844574704317074,0.024640324757801934,0.11206187478133352,0.41778197409789963,0.1796846371989675,0.029055393394286543,0.0,0.0
FB103264,21,5,104224.26,20844.852,0.0,0.0,0.0317697626253235,0.20900354677500224,0.714486435307864,0.0,0.0,0.0,0.04474025529181018
FB103265,135,8,137668.0,17208.5,0.32382485399657146,0.0,0.46275169247755477,0.0,0.0,0.1012276636545893,0.10935329924165384,0.0028424906296307057,0.0
FB103266,76,4,49752.11,12438.0275,0.0,0.008456525763429933,0.04337383881809234,0.0,0.03369625931442908,0.0,0.0,0.0,0.9144733761040487
FB103267,244,8,44300.5,5537.5625,0.49372535298698667,0.23182988905317095,0.0,0.09998329589959484,0.0,0.0,0.13179783523887995,0.0,0.04266362682136771
FB103268,222,5,40642.5,8128.5,0.0,0.0,0.0,0.0,0.4154968321338501,0.0,0.03282696684505136,0.40410506243464356,0.14757113858645507
FB103269,410,6,67366.98999999999,11227.831666666665,0.0,0.0,0.07058397592055099,0.34311329628947346,0.0,0.02863390512178145,0.16228363475939772,0.39538518790879623,0.0
FB103270,190,5,23543.239999999998,4708.647999999999,0.4405587336322444,0.0,0.0,0.0,0.0,0.176733108951869,0.0,0.0,0.38270815741588665
FB103271,58,5,53976.36,10795.272,0.0,0.06328529748949355,0.0,0.05251354481850943,0.0,0.0,0.8179703114474558,0.0,0.06623084624454113
FB103272,80,9,56363.01,6262.556666666667,0.21171562696882232,0.0,0.09434591942481425,0.03589747957037781,0.08802989762257198,0.08594342282287623,0.48406765359053755,0.0,0.0
FB103273,452,3,33730.5,11243.5,0.6782635893330962,0.0,0.0,0.0,0.0,0.0,0.0,0.0,0.32173641066690384
FB103274,5,7,33897.24,4842.462857142857,0.35337301798022497,0.0,0.18685179088326956,0.050170456355738705,0.0,0.0,0.21708729088267953,0.0,0.1925174438980873
FB103275,71,5,23337.88,4667.576,0.07535774457662822,0.0,0.0,0.0,0.0,0.14870588073981014,0.5709511746568241,0.0,0.20498520002673767
FB103276,33,6,64355.4,10725.9,0.0,0.0,0.383505191483543,0.0,0.0,0.16512227412151895,0.26437936832029635,0.18699316607464178,0.0
FB103277,77,6,70741.26,11790.21,0.7449600134348752,0.0,0.025851532754717688,0.06240770944707517,0.0,0.060741355186492305,0.0,0.0,0.10603938917683965
FB103278,130,5,66838.49,13367.698,0.0,0.0,0.017147305392446775,0.0,0.0,0.9762889616447049,0.0,0.006563732962848202,0.0
FB103279,156,7,99189.45,14169.921428571428,0.11996326222193994,0.0,0.0,0.5357127194474816,0.0,0.31315880872411334,0.029335478722787554,0.0,0.0018297308836776494
FB103280,141,8,52333.880000000005,6541.735000000001,0.0,0.39486313646150445,0.2743735033595827,0.039209208260499694,0.0,0.19543744893365445,0.0,0.09611670298475862,0.0
FB103281,80,8,105824.71,13228.08875,0.0,0.010428944241850509,0.5190185732613867,0.026240279798546103,0.0,0.0,0.41580553350913974,0.0,0.028506669189076916
FB103282,541,2,9688.01,4844.005,0.0,0.0,0.8794148643529477,0.0,0.0,0.0,0.12058513564705238,0.0,0.0
FB103283,82,5,26818.89,5363.778,0.20997401458449624,0.0,0.0,0.008048058663128863,0.0,0.0,0.16710572286921643,0.5173569823359581,0.0975152215472005
FB103284,514,2,185450.7,92725.35,0.0,0.0,0.0,1.0,0.0,0.0,0.0,0.0,0.0
FB103285,86,5,13678.97,2735.794,0.0,0.0,0.0,0.0,0.019065762992389046,0.10023781030296872,0.07552542333231228,0.7912869170705104,0.013884086301819505
FB103286,287,3,17002.7,5667.566666666667,0.8636828268451481,0.0,0.0,0.1363171731548519,0.0,0.0,0.0,0.0,0.0
FB103287,84,6,77433.5,12905.583333333334,0.0,0.05155352657441546,0.0,0.3799404650441992,0.0,0.06320765560125786,0.0,0.0,0.5052983527801275
FB103288,56,7,179339.62,25619.945714285714,0.0,0.2973280527749529,0.08931110704929564,0.0,0.0,0.0,0.01778123540130173,0.01337378767725726,0.5822058170971925
FB103289,97,6,103860.29,17310.048333333332,0.12436658900143643,0.0,0.0,0.0,0.0,0.0,0.3017653811673355,0.08724508664476094,0.4866229431864671
FB103290,4,8,33376.0,4172.0,0.07723124400767019,0.0703412631831256,0.14441604745925216,0.22518066874400766,0.0,0.0,0.06959102348993289,0.4132397531160115,0.0
FB103291,263,4,28630.370000000003,7157.592500000001,0.4183536573226263,0.0,0.23183144332399477,0.0,0.0,0.0,0.0,0.23560261358829804,0.11421228576508093
FB103292,129,5,34924.13,6984.825999999999,0.0,0.0,0.7961841855473566,0.0,0.0,0.0,0.09362981984089512,0.03902287616040829,0.07116311845134009
FB103293,46,8,612450.8741500111,76556.35926875139,0.0,0.05071954553597634,0.823126287230236,0.0,0.0,0.0,0.12615416723378775,0.0,0.0
FB103294,40,6,158792.22,26465.37,0.035412125354756054,0.0,0.0,0.2982699656192224,0.0,0.045192579334176454,0.0,0.054207126772331804,0.5669182029195134
FB103295,21,10,52327.68,5232.768,0.17046007008145594,0.22294032527335442,0.07135726254250142,0.0,0.24737939843692675,0.0946558303368313,0.023279075242777822,0.0,0.16992803808615248
FB103296,48,10,95819.22,9581.922,0.04957502263115896,0.08476837945456037,0.24829047867432025,0.1064505638847822,0.0,0.0,0.2217680335949301,0.0,0.2891475217602481
FB103297,133,3,5201.04,1733.68,0.0,0.64855298171135,0.0,0.0,0.0,0.0,0.0,0.0,0.35144701828865
FB103298,121,4,19241.49,4810.3725,0.29598903203442145,0.0,0.0,0.09824031299031415,0.0,0.3937985052093159,0.0,0.21197214976594844,0.0
FB103299,171,7,26944.93,3849.2757142857145,0.4127637369998734,0.16096274883623746,0.0,0.2102681283640373,0.0,0.13394208112620815,0.01583934343121322,0.06622396124243039,0.0
FB103300,152,4,7633.07,1908.2675,0.0,0.0,0.0,0.16946654491574162,0.3595355472961731,0.0,0.11080993623797503,0.0,0.36018797155011023
FB103301,130,3,40061.61,13353.87,0.0,0.0,0.06718152365818549,0.016996571031468777,0.0,0.9158219053103458,0.0,0.0,0.0
FB103302,25,9,52270.69,5807.854444444445,0.01968139314786164,0.12462357011166295,0.28500771656161417,0.0,0.018648309406284858,0.04767566680294444,0.2752611453952492,0.2291021985743827,0.0
FB103303,88,6,74704.28000000001,12450.713333333335,0.17450606578364722,0.0,0.03449708637845114,0.07675678020054541,0.0,0.0,0.6533744786777946,0.0,0.06086558895956162
FB103304,2,6,71037.28,11839.546666666667,0.7166705988742813,0.0,0.1338891353948237,0.10092897701038103,0.0,0.0,0.0,0.0,0.04851128872051408
FB103305,69,9,48662.5,5406.944444444444,0.23360904187002313,0.0,0.0,0.10366072437708708,0.4370659131774981,0.0,0.0834757770357051,0.06292114050860519,0.07926740303108143
FB103306,432,4,21755.06,5438.765,0.0,0.0,0.6400051298410577,0.13557949277087722,0.0,0.0,0.0,0.22441537738806516,0.0
FB103307,137,7,71996.24,10285.177142857143,0.8441097757327327,0.0,0.0,0.027904096102796476,0.0,0.0,0.02924361049965942,0.0,0.09874251766481137
FB103308,116,3,66273.3,22091.100000000002,0.0,0.0,0.17056024070025186,0.7746643067419309,0.0,0.0,0.0,0.0,0.05477545255781741
FB103309,184,7,25854.84,3693.5485714285714,0.15105372920505408,0.14368334903638932,0.022934970783033273,0.15956818916690257,0.0,0.0,0.5227597618086207,0.0,0.0
FB103310,97,7,40175.66,5739.38,0.01972089568659233,0.07991629757918103,0.0,0.0,0.0,0.0,0.19078442021860997,0.5211633113183456,0.1884150751972712
FB103311,178,5,60842.5,12168.5,0.029720179151086826,0.7024770514032133,0.0,0.0,0.05912495377408884,0.01427620495541768,0.0,0.0,0.19440161071619347
FB103312,187,8,447910.33,55988.79125,0.0022017799857395564,0.0012900573201783492,0.013877174924722097,0.0,0.0,0.049413685100765596,0.0,0.0026325804988690483,0.9305847221697253
FB103313,22,10,31817.96,3181.796,0.0,0.4049621660219574,0.1873734205461318,0.34294624796812867,0.0,0.0,0.0,0.0,0.06471816546378208
FB103314,52,8,140074.4,17509.3,0.0011440348843186194,0.05475468750892383,0.022145802516377013,0.7877088175997898,0.0,0.04822065987789346,0.0056035221282404206,0.0,0.08042247548445683
FB103315,85,11,52702.12,4791.101818181818,0.07520209813191576,0.12196625107301186,0.0,0.24964707302097144,0.0,0.10871061733379986,0.0,0.3624207147644155,0.08205324567588552
FB103316,124,6,87170.01999999999,14528.336666666664,0.08994594701251647,0.0,0.15554097612917836,0.0,0.0,0.0,0.7239264141501861,0.030586662708119147,0.0
FB103317,58,8,39404.37,4925.54625,0.0,0.0,0.18178237591414353,0.17640530733012608,0.0,0.0,0.4174204536197382,0.22439186313599227,0.0
FB103318,371,2,20379.25,10189.625,0.205949679208018,0.0,0.0,0.0,0.0,0.794050320791982,0.0,0.0,0.0
FB103319,55,8,96022.58,12002.8225,0.12047145577633926,0.1924133886008895,0.15861967049833486,0.40782813792339256,0.0,0.0,0.0514915345953004,0.0,0.06917581260574335
FB103320,591,1,1882.04,1882.04,0.0,0.0,1.0,0.0,0.0,0.0,0.0,0.0,0.0
FB103321,10,5,21484.71,4296.942,0.3546298739894558,0.0,0.0,0.16365405909598035,0.0,0.0,0.0,0.0,0.48171606691456387
FB103322,3,9,62227.869999999995,6914.207777777778,0.2736560001169894,0.0,0.09414849005758995,0.03377891610302586,0.0,0.3221072808694882,0.2355912230323808,0.0,0.04071808982052575
FB103323,415,5,114955.17,22991.034,0.12153807436411951,0.002436689015378778,0.35572527968946505,0.0,0.0,0.0,0.0,0.0,0.5202999569310367
FB103324,174,6,19038.68,3173.1133333333332,0.0,0.17046875098483721,0.1065714639880496,0.0,0.0,0.0,0.2046722776999246,0.41269930478373507,0.10558820254345366
FB103325,2,6,80648.89,13441.481666666667,0.21826834814465518,0.0,0.2982313829737768,0.0033981868814313503,0.0,0.0,0.0,0.4801020820001366,0.0
FB103326,15,8,32120.04,4015.005,0.0360479003139473,0.23188545219744433,0.12965301413074204,0.24806507090277596,0.0370852589224671,0.0,0.0,0.26871697544585876,0.04854632808676452
FB103327,31,5,18833.03,3766.6059999999998,0.0,0.0,0.16405750959882717,0.0,0.0,0.3202060422566098,0.0,0.0,0.5157364481445631
FB103328,48,7,56611.5,8087.357142857143,0.0,0.6482359591249128,0.0,0.15170645540217093,0.0,0.20005758547291627,0.0,0.0,0.0
FB103329,39,9,37493.32,4165.924444444445,0.0,0.3288284419731301,0.0,0.09033849229676112,0.15455873206213797,0.041786376879934875,0.0,0.25597226385926874,0.12851569292876702
FB103330,79,4,16778.68,4194.67,0.16115630073402673,0.0,0.21578753513387228,0.13079336395950097,0.0,0.4922628001726,0.0,0.0,0.0
FB103331,138,8,47322.05,5915.25625,0.0,0.18524789183900528,0.0,0.24658864102463865,0.0,0.0,0.2151485406908619,0.30841267442978487,0.04460225201570939
FB103332,19,7,93675.92000000001,13382.274285714288,0.101243841533662,0.02080993706813875,0.0,0.011053961359546827,0.0,0.5499082368232946,0.19022135037478144,0.01513772162579241,0.11162495121478389
FB103333,117,6,61708.71,10284.785,0.5778474383924085,0.058145438464035304,0.0,0.06610930612550481,0.0,0.0,0.13499666416620926,0.16290115285184215,0.0
FB103334,35,14,86606.39,6186.170714285714,0.025157843433954472,0.09433564890535215,0.10539199243843324,0.0,0.0,0.3098724008701899,0.42692692767820023,0.03831518667387015,0.0
FB103335,14,6,26837.71,4472.951666666667,0.1755343507326072,0.19866560895098728,0.0,0.0,0.0,0.25547298931242646,0.3703270510039791,0.0,0.0
FB103336,32,8,87061.20999999999,10882.651249999999,0.11461338522632525,0.2927324350304803,0.4025649310410458,0.0,0.07298049269014296,0.0,0.0,0.11710875601200584,0.0
FB103337,43,7,67263.4,9609.057142857142,0.0,0.018022579887427635,0.0,0.30520654620491977,0.2726078372487861,0.0,0.0,0.33576774293300665,0.06839529372585984
FB103338,139,10,83456.78,8345.678,0.17237281380853658,0.0,0.0,0.15287325966805815,0.0,0.05205508767532129,0.0,0.0,0.622698838848084
FB103339,75,8,49889.39,6236.17375,0.26719929828767197,0.14293860879036605,0.1855691159984117,0.0,0.0,0.13956474512917477,0.0,0.056042577389701496,0.208685654404674
FB103340,1,8,109285.56,13660.695,0.10622217610451005,0.0,0.07840871200184178,0.0,0.0,0.07072938089899526,0.01355641129532575,0.21637927279688188,0.5147040469024453
FB103341,314,3,49787.57,16595.856666666667,0.0,0.9019496231689957,0.0,0.0,0.0,0.09805037683100419,0.0,0.0,0.0
FB103342,18,4,23162.66,5790.665,0.11863058906015113,0.0,0.0,0.036177623813499836,0.0,0.0,0.0,0.0,0.845191787126349
FB103343,14,7,143213.01,20459.00142857143,0.01778099629356299,0.0,0.0,0.7813003860473291,0.05490855893609107,0.0,0.0,0.0,0.14601005872301684
FB103344,361,5,115758.91,23151.782,0.0,0.04035335163401245,0.3524066527578741,0.0,0.023454954784905974,0.0,0.5120106089457822,0.0,0.07177443187742524
FB103345,206,3,20828.71,6942.903333333333,0.031102262214030542,0.9640966723335243,0.0,0.0,0.0,0.0,0.0048010654524452065,0.0,0.0
FB103346,5,5,16803.04,3360.608,0.6155600415162971,0.0,0.33611417933897675,0.0,0.0,0.04832577914472619,0.0,0.0,0.0
FB103347,130,4,69294.81999999999,17323.704999999998,0.11828546491642522,0.0,0.0,0.20281169645869634,0.0,0.0,0.0,0.0,0.6789028386248784
FB103348,123,5,138090.49,27618.097999999998,0.033053036454574095,0.8624823476258213,0.0,0.0,0.0,0.10446461591960461,0.0,0.0,0.0
FB103349,44,1,9903.29,9903.29,0.0,0.0,0.0,0.0,0.0,0.0,1.0,0.0,0.0
FB103350,62,6,100568.26999999999,16761.37833333333,0.10651003542170907,0.0,0.08025702341305067,0.0,0.0,0.07032814624334296,0.7429047949218973,0.0,0.0
FB103351,28,7,51947.9,7421.128571428571,0.014360734505148425,0.0,0.14352033479697926,0.06893964914847375,0.0,0.011554653797362355,0.07269090762090477,0.0,0.6889337201311313
FB103352,138,5,49554.68,9910.936,0.0,0.6704644243490222,0.0,0.3295355756509779,0.0,0.0,0.0,0.0,0.0
FB103353,19,8,60952.44,7619.055,0.03761276825013076,0.0,0.331039413680568,0.0,0.0,0.21746479714347777,0.006451587500024609,0.39160286282222667,0.015828570603572227
FB103354,8,4,25786.21,6446.5525,0.0,0.20560640745576805,0.0,0.0,0.0,0.7342486546103517,0.0,0.0,0.06014493793388017
FB103355,43,9,91765.06999999999,10196.118888888888,0.286179806760895,0.07477801738722589,0.14393842885969577,0.0,0.0,0.0728373007289157,0.0,0.0,0.4222664462632677
FB103356,175,5,98396.54000000001,19679.308,0.37120146704345497,0.0,0.028543178449160916,0.0,0.0,0.2870755414773731,0.201079529828996,0.0,0.11210028320101499
FB103357,347,4,16796.149999999998,4199.037499999999,0.0,0.0,0.055585952733215656,0.0,0.09066065735302437,0.0,0.2996049689958711,0.0,0.554148420917889
FB103358,106,10,79599.79,7959.978999999999,0.052173127592422035,0.11978247681306696,0.0,0.3403715009800905,0.0,0.23267297564478498,0.0,0.031010006433434052,0.22398991253620137
FB103359,51,3,510987.8041500111,170329.2680500037,0.0,0.0,0.0,0.0,0.0,0.0037439836811415583,0.0,0.9201110091699649,0.07614500714889352
FB103360,170,5,50809.96,10161.992,0.3009150174493348,0.05642063091567087,0.0,0.06066684563420244,0.0,0.0,0.0,0.0,0.581997506000792
FB103361,367,4,25630.309999999998,6407.577499999999,0.0,0.0,0.23677435036876265,0.0,0.0,0.0,0.0921151558447791,0.09134497397807517,0.5797655198083832
FB103362,107,5,43208.729999999996,8641.746,0.6959632926031384,0.0,0.0,0.00905372594843681,0.0,0.0,0.0,0.0,0.29498298144842494
FB103363,35,9,543343.9141500111,60371.546016667904,0.03262708854986011,0.039556456675552444,0.0,0.022654417725936998,0.0,0.011944276600856943,0.016838469635410407,0.8763792908123832,0.0
FB103364,116,8,68593.46,8574.1825,0.006939582869853772,0.12093179145650326,0.1917060314496455,0.0,0.0,0.06968871376367367,0.061372469037135606,0.0,0.5493614114231882
FB103365,22,8,29516.19,3689.52375,0.3795781230572103,0.0,0.0,0.27428404546792795,0.0,0.0,0.12961903280877377,0.15623764449273433,0.060281154173353675
FB103366,172,4,28763.79,7190.9475,0.0,0.4367126168004981,0.04028363438893136,0.2110751051930222,0.0,0.3119286436175483,0.0,0.0,0.0
FB103367,144,8,66711.62,8338.9525,0.0,0.0,0.02652986091478516,0.2842360896047795,0.0,0.0,0.36090564132605385,0.1969502464488196,0.13137816170556196
FB103368,182,7,73090.15,10441.449999999999,0.37043719297333505,0.0,0.34538990547973974,0.0,0.02037073394978667,0.1133917497775008,0.0,0.035733816389759775,0.11467660142987804
FB103369,526,5,66357.51,13271.501999999999,0.0,0.0,0.2040528645514276,0.7372767603847703,0.0,0.058670375063802134,0.0,0.0,0.0
FB103370,122,7,110326.74,15760.962857142858,0.0,0.0,0.0,0.0,0.0,0.37371094260557325,0.5356926163140505,0.021713865559700216,0.06888257552067614
FB103371,163,8,85498.02,10687.2525,0.3226537877719274,0.0,0.054940219668244965,0.0,0.0,0.5186117760387902,0.0,0.10379421652103758,0.0
FB103372,87,6,63365.71,10560.951666666666,0.0,0.0,0.4472614604965367,0.5422983503222799,0.0,0.0,0.0,0.010440189181183324,0.0
FB103373,61,5,534486.1441500111,106897.22883000222,0.0,0.0,0.0,0.005150386086018694,0.08298293694878577,0.0,0.0,0.9108307848170827,0.001035892148112645
FB103374,49,6,94522.81,15753.801666666666,0.0474825071324054,0.3659929280562015,0.0,0.0,0.0,0.0,0.0,0.4834101948513803,0.10311436996001283
FB103375,150,4,10166.94,2541.735,0.0,0.280941955003177,0.0,0.0,0.0,0.551506156227931,0.0,0.16755188876889213,0.0
FB103376,115,5,46113.86,9222.772,0.36301298568369683,0.0,0.0,0.47287323160542183,0.0,0.0,0.06903976374998753,0.04308552786515811,0.05198849109573564
FB103377,59,10,288041.06,28804.106,0.6413916127096602,0.047222885515002616,0.10670294714232756,0.02384239941347251,0.0,0.03313051965577408,0.0418333066820404,0.0,0.10587632888172263
FB103378,48,6,76374.25,12729.041666666666,0.045129870342425625,0.5418128492260154,0.0,0.10349090171098244,0.0,0.0,0.0,0.004628523357021509,0.3049378553635551
FB103379,54,8,40487.03,5060.87875,0.0,0.03792177396069803,0.2719023845414198,0.0,0.0,0.13233274952497134,0.07531473659589256,0.18662346929374668,0.29590488608327165
FB103380,27,7,40744.46,5820.637142857143,0.24778264333359679,0.055760954986272974,0.0721113987030384,0.23909140040142882,0.0,0.029049593490746962,0.3498878129689288,0.0,0.006316196115987303
FB103381,375,1,12077.65,12077.65,0.0,0.0,1.0,0.0,0.0,0.0,0.0,0.0,0.0
FB103382,223,8,44230.26,5528.7825,0.2362375893788551,0.0,0.0,0.08423803070567525,0.0,0.2703762085052179,0.1986246519916455,0.1604582473627783,0.05006527205582784
FB103383,16,7,56677.08,8096.725714285714,0.012061136529969435,0.15307510549237896,0.0,0.3508518787488699,0.0,0.3616744193596424,0.12233745986913934,0.0,0.0
FB103384,143,3,39564.48,13188.160000000002,0.03343200769983581,0.0,0.0,0.0,0.0,0.8527376070657317,0.0,0.0,0.1138303852344325
FB103385,41,8,29429.97,3678.74625,0.039521616909565314,0.5426808114313402,0.0,0.19885341371397933,0.0,0.07479824138454778,0.045149893119157104,0.0,0.09899602344141023
FB103386,25,8,126479.53,15809.94125,0.0,0.0,0.07169302415971976,0.03996986706070144,0.0,0.8095537673171302,0.0,0.0787833414624485,0.0
FB103387,61,6,23774.559999999998,3962.4266666666663,0.0,0.08695975866640644,0.3300326062816725,0.04112757502136738,0.0,0.0,0.0,0.4435139914261294,0.09836606860442423
FB103388,48,12,643171.9341500112,53597.6611791676,0.0,0.09679746067010335,0.0,0.003748111308970366,0.0,0.0037305732302684285,0.08786933477544843,0.7468894686532908,0.06096505136191867
FB103389,131,4,34192.64,8548.16,0.1463443594878898,0.029795885898251787,0.0,0.0,0.0,0.0,0.0,0.3330924432860405,0.490767311327818
FB103390,18,5,31399.690000000002,6279.938,0.0,0.06283979236737688,0.010120800555674277,0.0,0.0,0.0,0.7926651505158172,0.13437425656113167,0.0
FB103391,328,5,51047.090000000004,10209.418000000001,0.03543257803725933,0.0,0.007498174724553349,0.0,0.0033169373611698534,0.0,0.0,0.9537523098770175,0.0
FB103392,34,6,61029.61,10171.601666666667,0.027550888822655103,0.0,0.0,0.18472721683785953,0.0,0.0016385488945447955,0.0,0.7860833454449406,0.0
FB103393,23,7,155529.34,22218.477142857144,0.0,0.03276359303009966,0.0,0.1380061151162861,0.0,0.0,0.0288465186054284,0.0,0.8003837732481859
FB103394,230,4,480632.0541500111,120158.01353750277,0.0,0.003939229570005066,0.0,0.0,0.0,0.010157583036432794,0.9782233625293472,0.0,0.00767982486421503
FB103395,104,4,19355.88,4838.97,0.2674732432728453,0.0,0.0,0.7325267567271547,0.0,0.0,0.0,0.0,0.0
FB103396,79,7,55040.64,7862.948571428571,0.10322845083196708,0.10465557813281241,0.10321991168707341,0.19500845193660538,0.0,0.0,0.0,0.04220517784676922,0.4516824295647725
FB103397,58,6,62635.96,10439.326666666666,0.16931168613045927,0.0,0.0,0.5728198306531903,0.0,0.0,0.12576577416551132,0.0,0.13210270905083918
FB103398,4,2,5163.77,2581.885,0.7557947003836344,0.0,0.0,0.0,0.0,0.0,0.24420529961636553,0.0,0.0
FB103399,461,2,4832.15,2416.075,0.0,0.10566104115145433,0.0,0.0,0.0,0.0,0.0,0.0,0.8943389588485458
FB103400,32,4,19263.61,4815.9025,0.0,0.6724087541224101,0.0,0.15603254011060233,0.0,0.0,0.1715587057669876,0.0,0.0
FB103401,25,4,30086.809999999998,7521.702499999999,0.057636552362978995,0.0,0.7877355558798025,0.0,0.0,0.0,0.0,0.15462789175721856,0.0
FB103402,135,12,201715.21,16809.600833333334,0.3218546087823521,0.04634573664524356,0.046936916655913055,0.0,0.0,0.21744255180360472,0.1108718078324386,0.17966652093315127,0.07688185734729673
FB103403,275,8,75811.6,9476.45,0.3015980404054261,0.05059436814418901,0.2766180901075825,0.1221983179355138,0.0,0.04532921083317064,0.0,0.0,0.20366197257411794
FB103404,73,6,15828.85,2638.141666666667,0.2823142552996585,0.0,0.12030817147171144,0.0838475315642008,0.0,0.0,0.0,0.09836659011867571,0.41516345154575346
FB103405,291,7,65237.649999999994,9319.664285714285,0.0,0.08183112052626054,0.0,0.5528165100980799,0.0,0.11650143743681755,0.0,0.10121624552693116,0.14763468641191094
FB103406,58,6,23304.44,3884.0733333333333,0.0,0.05734400826623595,0.0,0.24336349639811122,0.0,0.2323694540611145,0.16666523632406527,0.30025780495047294,0.0
FB103407,149,5,18587.705,3717.541,0.0,0.2724889920514663,0.0365903160180345,0.0,0.0,0.3572797179641059,0.0,0.0,0.3336409739663934
FB103408,230,2,23227.18,11613.59,0.0,0.0,0.6100387563191054,0.0,0.0,0.3899612436808946,0.0,0.0,0.0
FB103409,9,6,39353.329999999994,6558.888333333332,0.8601546552731368,0.11765230540846226,0.0,0.0,0.0,0.0,0.022193039318400755,0.0,0.0
FB103410,358,2,41823.36,20911.68,0.0,0.0,0.0,0.1437452658036083,0.0,0.8562547341963916,0.0,0.0,0.0
FB103411,171,9,117835.31,13092.812222222223,0.0017284292798143445,0.0,0.18047985786263898,0.018729530223156373,0.0,0.7658156116362744,0.02238106727092245,0.010865503727193488,0.0
FB103412,88,6,126232.73,21038.788333333334,0.0,0.0,0.42962669032033135,0.014662124474373643,0.0,0.0,0.0,0.4210915029723274,0.13461968223296764
FB103413,134,6,496367.1741500111,82727.86235833519,0.0,0.0,0.9914918829851473,0.0,0.0,0.006513625735901068,0.001994491278951505,0.0,0.0
FB103414,31,5,79626.51,15925.302,0.0,0.11462350918054802,0.0,0.12595152041700683,0.0,0.0,0.2044251342925867,0.5549998361098583,0.0
FB103415,65,5,22276.2,4455.24,0.5611711153607887,0.2716423806573832,0.0,0.13127687846221528,0.0,0.0,0.0,0.0,0.03590962551961286
FB103416,43,4,28060.89,7015.2225,0.0,0.032642941831139353,0.01605936233668996,0.0,0.0,0.14482826453473144,0.8064694312974392,0.0,0.0
FB103417,57,6,50280.475,8380.079166666666,0.17858065183353977,0.16722186892625815,0.0,0.4875934445726696,0.0,0.05042414575439075,0.11617988891314174,0.0,0.0
FB103418,116,4,21528.829999999998,5382.2074999999995,0.0,0.0,0.0,0.0,0.0,0.0,0.08058914488153793,0.5735439408458333,0.34586691427262883
FB103419,25,15,198402.37,13226.824666666666,0.0,0.0027109051167080313,0.16148753666601867,0.24532811780423794,0.0,0.3821199313294493,0.047800336256063884,0.0015329453977792704,0.1590202274297429
FB103420,233,5,99597.75,19919.55,0.02894693906237842,0.33827862577216855,0.0,0.0,0.0,0.0,0.0,0.632774435165453,0.0
FB103421,18,8,68288.92,8536.115,0.2021136078883661,0.061688484749795436,0.0,0.6387374408615629,0.0,0.02198131117024548,0.0,0.008033953385117235,0.06744520194491288
FB103422,101,12,97801.54000000001,8150.128333333334,0.15060550171295872,0.3089041338203877,0.07442960509619788,0.05569002287694039,0.0,0.15147788061414985,0.1632937477262628,0.018710339325945177,0.07688876882715753
FB103423,29,7,16835.579999999998,2405.082857142857,0.0,0.38701428759805134,0.04502072396674187,0.0,0.0,0.49509906994591213,0.0728659184892947,0.0,0.0
FB103424,99,9,76228.62,8469.846666666666,0.014891650931106977,0.08809696410613231,0.0,0.008055898165282278,0.0,0.4000507945703332,0.0,0.41908052382425387,0.0698241684028912
FB103425,153,11,85462.07,7769.279090909092,0.0,0.016813306768722076,0.026924459002689728,0.17523434665226337,0.35819902326260056,0.08421782903222447,0.06992213036730797,0.12094967978191963,0.1477392251322721
FB103426,49,6,151520.01,25253.335000000003,0.0,0.0,0.11574418454697832,0.0,0.0,0.03245828719256288,0.06194284174083673,0.7767664482070717,0.013088238312550269
FB103427,63,7,31729.39,4532.7699999999995,0.0,0.0,0.0,0.30943519557104626,0.0,0.0,0.3130646381793032,0.0,0.3775001662496506
FB103428,48,7,581733.4241500112,83104.77487857302,0.9108247045013821,0.0,0.0,0.0,0.0,0.06813091418618504,0.0,0.010897878197841345,0.010146503114591384
FB103429,177,6,51568.93,8594.821666666667,0.0,0.13494792310020784,0.4334177575528521,0.0,0.0,0.298618567420344,0.0,0.1330157519265961,0.0
FB103430,95,4,58689.979999999996,14672.494999999999,0.0,0.08499968819209004,0.042450176333336635,0.8725501354745734,0.0,0.0,0.0,0.0,0.0
FB103431,204,1,1242.97,1242.97,0.0,0.0,0.0,0.0,0.0,0.0,0.0,0.0,1.0
FB103432,1,5,95744.33,19148.866,0.22969495948219598,0.0,0.0,0.7703050405178041,0.0,0.0,0.0,0.0,0.0
FB103433,294,6,22219.059999999998,3703.1766666666663,0.09457915861427081,0.0,0.0,0.03377640638262824,0.19645925615215046,0.30613086242172255,0.22169344697750487,0.0,0.14736086945172297
FB103434,22,8,66758.45999999999,8344.807499999999,0.049557913708614613,0.023970145506651896,0.44151797390173475,0.0,0.047546333453467926,0.07312466464924446,0.3642829687802865,0.0,0.0
FB103435,39,5,157472.89,31494.578,0.12669380742297928,0.0,0.7605574521430324,0.0,0.0,0.0,0.08719348454200593,0.02555525589198242,0.0
FB103436,46,5,55263.64,11052.728,0.03476752526616054,0.44020082643850456,0.0,0.009028359333550957,0.0,0.0,0.4542878464031685,0.06171544255861539,0.0
FB103437,108,8,83119.35,10389.91875,0.006005340513370232,0.0,0.12833160990792156,0.08120323366340088,0.0,0.0,0.07371713084859301,0.0,0.7107426850667142
FB103438,248,7,67695.52,9670.788571428571,0.4115093583740844,0.0,0.0,0.0,0.0,0.033042954688877496,0.06700487713219429,0.4884428098048439,0.0
FB103439,89,7,24362.82,3480.402857142857,0.1239368020615019,0.13649323025823776,0.0,0.11152403539491734,0.0,0.1421662188531541,0.0,0.4136508006872768,0.07222891274491212
FB103440,10,9,177634.69,19737.187777777777,0.004273489598231066,0.6900447204315778,0.0,0.023219901473073755,0.0,0.0528423811812884,0.2296195073158289,0.0,0.0
FB103441,226,7,248148.24,35449.74857142857,0.0,0.07044772914770622,0.8696467482501588,0.0,0.0,0.0,0.0,0.00621817829536087,0.05368734430677405
FB103442,9,8,31652.9,3956.6125,0.17631686196209512,0.0,0.0689532396715625,0.602405466797671,0.0,0.0,0.0,0.15232443156867148,0.0
FB103443,47,4,11997.160000000002,2999.2900000000004,0.0,0.5195954709281196,0.0,0.43034934934601193,0.0,0.0,0.050055179725868454,0.0,0.0
FB103444,147,8,129820.17,16227.52125,0.0,0.0,0.028211409675399438,0.0,0.011575242891763276,0.39694686888793934,0.0951606364403929,0.11253166591909408,0.35557417618541093
FB103445,14,4,10589.86,2647.465,0.0,0.5020651831091252,0.017129593781220906,0.0,0.0,0.0,0.0,0.0,0.480805223109654
FB103446,45,9,542709.4741500111,60301.052683334565,0.017464353307714973,0.0,0.9142552282270692,0.0,0.0,0.0,0.0,0.06828041846521585,0.0
FB103447,94,10,137661.53,13766.153,0.12885008614970356,0.004916188277146127,0.07944252835196587,0.013084265444383772,0.17973394600510398,0.41548913483672595,0.0,0.11568526079871407,0.06279859013625666
FB103448,91,6,20914.36,3485.726666666667,0.2747523710981355,0.1596644602082015,0.0,0.0,0.0,0.48685161774015556,0.0,0.0,0.07873155095350755
FB103449,121,2,41200.67,20600.335,0.0,0.9212296790319187,0.07877032096808134,0.0,0.0,0.0,0.0,0.0,0.0
FB103450,37,8,113710.01000000001,14213.751250000001,0.08003288364850202,0.04984002727640249,0.13751937934048197,0.0,0.0,0.0,0.012127428359209536,0.043321603788443956,0.67715867758696
FB103451,458,2,3323.1800000000003,1661.5900000000001,0.0,0.0,0.8634891880668516,0.13651081193314835,0.0,0.0,0.0,0.0,0.0
FB103452,41,7,46249.53,6607.075714285714,0.1465593271974872,0.0,0.06244560755536326,0.0,0.0,0.5434234683033536,0.0,0.24757159694379596,0.0
FB103453,115,6,516569.8341500111,86094.97235833519,0.0083845972290016,0.0,0.0,0.07350001391868767,0.007947057161699947,0.9101683316906107,0.0,0.0,0.0
FB103454,96,6,84375.28,14062.546666666667,0.020883841807695334,0.12979962851678833,0.0,0.09834906621939506,0.0,0.08181566923392729,0.0,0.6691517942221941,0.0
FB103455,54,6,71976.45,11996.074999999999,0.0,0.0,0.0,0.01385647666702095,0.0,0.0,0.2660268740678374,0.6638269878550555,0.05628966141008622
FB103456,119,7,17982.72,2568.96,0.0,0.0,0.47784206171257737,0.04047774752651434,0.0,0.1968973547939355,0.0,0.28478283596697274,0.0
FB103457,226,4,16071.71,4017.9275,0.0,0.16546092481758318,0.0,0.36774618257795844,0.0,0.0,0.0,0.0,0.4667928926044584
FB103458,135,6,40219.16,6703.193333333334,0.0,0.0,0.48073878221225896,0.020048404790154743,0.0,0.0,0.22857737456475968,0.2706354384328265,0.0
FB103459,4,9,80650.0,8961.111111111111,0.018370117792932423,0.006984376937383756,0.500035833849969,0.0,0.14553118412895227,0.1871773093614383,0.09878115313081215,0.04312002479851209,0.0
FB103460,123,6,87051.15,14508.525,0.0,0.0,0.3727245418354611,0.0,0.0,0.627275458164539,0.0,0.0,0.0
FB103461,230,6,88520.51999999999,14753.419999999998,0.3809287383309542,0.0,0.0,0.0,0.0,0.0,0.0,0.5505428571815891,0.0685284044874567
FB103462,126,6,51064.04,8510.673333333334,0.02118144196973055,0.2425238974432888,0.0,0.6884970323538834,0.0,0.0,0.022944130546662576,0.0,0.02485349768643452
FB103463,22,4,15529.529999999999,3882.3824999999997,0.0,0.3328574657442949,0.1281545545808534,0.0,0.0,0.4858311874216412,0.0,0.0,0.0531567922532105
FB103464,27,4,25617.42,6404.355,0.0,0.8004178406724799,0.0,0.18934108118616164,0.0,0.0,0.0,0.010241078141358499,0.0
FB103465,208,10,158543.9,15854.39,0.21959343752739777,0.03901266463105802,0.056981883251263514,0.02454272917469546,0.0,0.127588447111494,0.5322808383040911,0.0,0.0
FB103466,66,10,136541.91999999998,13654.192,0.07060564257482245,0.0,0.0,0.02602907590577311,0.06092722293637002,0.34080691116691486,0.0,0.044033876189817744,0.4575972712263017
FB103467,31,7,34837.41,4976.772857142858,0.025747034581503042,0.06350730436045618,0.26824898865903063,0.0,0.0,0.0,0.17305563186241454,0.0,0.4694410405365955
FB103468,186,7,58606.78999999999,8372.39857142857,0.007780327160044084,0.0,0.0,0.8150878080850358,0.0,0.08367170425133333,0.0,0.0,0.09346016050358669
FB103469,112,5,39373.0,7874.6,0.0,0.0,0.0,0.0,0.0,0.7132791506870191,0.24594163513067327,0.0,0.04077921418230767
FB103470,255,5,69204.96,13840.992000000002,0.7742332341496909,0.0,0.0058127336537727925,0.12206061530849811,0.0,0.0,0.0,0.09789341688803807,0.0
FB103471,114,4,27133.38,6783.345,0.4597477350776055,0.0,0.2570416955056834,0.0,0.0,0.0,0.0,0.17404060975816504,0.10916995965854605
FB103472,149,8,94624.23,11828.02875,0.04882660603948904,0.03738175729408841,0.0,0.08047611061141527,0.0,0.013464733081579632,0.6048502587550778,0.0,0.21500053421834978
FB103473,46,10,171526.33000000002,17152.633,0.09282837218052761,0.026733096895386263,0.0034088644000020286,0.29466304094537554,0.0,0.028233449640064003,0.0,0.05397521185231445,0.5001579640863301
FB103474,16,5,76759.68,15351.935999999998,0.0,0.0,0.12840009234014527,0.03049608857150004,0.0,0.05346205195227494,0.0,0.0,0.7876417671360798
FB103475,5,5,39455.64,7891.128,0.04784867258521216,0.30704938508157514,0.6079384341503521,0.0,0.0,0.0,0.03716350818286055,0.0,0.0
FB103476,177,11,75161.53,6832.8663636363635,0.0993240824129046,0.30355994615862664,0.3837762483014915,0.02866253520916884,0.0,0.18467718791780846,0.0,0.0,0.0
FB103477,356,5,52180.92,10436.184,0.18069784894555327,0.06942671765848514,0.0,0.7498754333959616,0.0,0.0,0.0,0.0,0.0
FB103478,14,13,113103.63,8700.27923076923,0.2711384241160076,0.06744991296919471,0.021800007656695014,0.02859961258537856,0.0,0.20844945471688223,0.2630750224373878,0.014470181018946962,0.12501738449950722
FB103479,179,4,15999.919999999998,3999.9799999999996,0.4491628708143541,0.10864491822459113,0.0,0.04779711398556993,0.0,0.0,0.0,0.3943950969754849,0.0
FB103480,331,6,44626.39,7437.731666666667,0.04138067184013765,0.25989890735056104,0.0,0.6659310780011559,0.0,0.0,0.0,0.03278934280814559,0.0
FB103481,22,5,47750.29,9550.058,0.0,0.44846261666683074,0.0,0.0,0.00974632824219497,0.0,0.0,0.0,0.5417910550909744
FB103482,1,10,515027.09415001114,51502.70941500111,0.0016632717185758208,0.0,0.0009455813209278507,0.01646791032226672,0.0,0.0023543809903849773,0.010773588541312435,0.023087193149758184,0.944708073956774
FB103483,243,6,52403.259999999995,8733.876666666665,0.011799647579177328,0.0,0.0,0.0,0.0,0.33767212192523904,0.23813594803071414,0.0,0.41239228246486953
FB103484,247,8,84720.67,10590.08375,0.02378911781505033,0.0,0.0782996640607304,0.0,0.0,0.0,0.8472620672145298,0.0,0.05064915090968945
FB103485,497,1,1883.88,1883.88,0.0,0.0,0.0,0.0,0.0,1.0,0.0,0.0,0.0
FB103486,180,6,34578.5,5763.083333333333,0.08920427433231633,0.0,0.0,0.0,0.0,0.0,0.07671645675781193,0.4316870309585436,0.40239223795132817
FB103487,45,6,49263.53,8210.588333333333,0.26845924358242296,0.25762993435508985,0.006213521442738676,0.21256739011597423,0.0,0.0,0.0,0.2551299105037743,0.0
FB103488,304,4,27096.8,6774.2,0.0,0.1316889817247793,0.0,0.0,0.0,0.0,0.0,0.15063549939476248,0.7176755188804582
FB103489,103,6,66282.9,11047.15,0.0,0.0,0.02337375099761779,0.0,0.0,0.8811848908240286,0.08301085196936163,0.0,0.012430506208992062
FB103490,202,5,18546.36,3709.272,0.16246045046035987,0.18011351014430863,0.0,0.0,0.0,0.6574260393953315,0.0,0.0,0.0
FB103491,170,9,56047.06,6227.451111111111,0.1126919056949642,0.42169883665619573,0.08599969382872179,0.0,0.028864136673716696,0.054849264171929805,0.0,0.0,0.29589616297447185
FB103492,53,5,49452.33,9890.466,0.0,0.14533551806355738,0.808318232932604,0.0,0.0,0.0,0.0,0.03929885609029948,0.00704739291353916
FB103493,106,13,172062.595,13235.584230769231,0.0857503631163996,0.036274269837671576,0.0,0.2707665777096992,0.0,0.48684317471789845,0.03593395763907896,0.08443165697925223,0.0
FB103494,25,10,70950.37,7095.036999999999,0.13704720637820497,0.27838699079370555,0.0,0.0299514999005643,0.0,0.1295178587511242,0.0,0.3865552780063021,0.03854116617009891
FB103495,123,5,953140.3683000222,190628.07366000445,0.0,0.0019151323988676322,0.0,0.0,0.0,0.4963107112898054,0.0,0.4932804440846178,0.00849371222670919
FB103496,179,5,36484.369999999995,7296.873999999999,0.0,0.18244470166265722,0.4784374788436802,0.08806593069854299,0.0,0.0,0.0,0.2510518887951197,0.0
FB103497,272,3,108126.74,36042.246666666666,0.32642092048645877,0.6438461938277248,0.0,0.029732885685816477,0.0,0.0,0.0,0.0,0.0
FB103498,140,6,27744.329999999998,4624.054999999999,0.28183956866141663,0.0,0.0,0.0,0.0,0.0,0.2806101282676497,0.1775533955947035,0.2599969074762303
FB103499,12,6,51166.64,8527.773333333333,0.45751216026692393,0.03813050847192624,0.31833339066235344,0.0,0.0,0.11511074403165812,0.0,0.07091319656713828,0.0
FB103500,181,5,30335.23,6067.046,0.22445915194972973,0.0,0.0,0.0505794747559191,0.0,0.0,0.27940121106713217,0.0,0.44556016222721895
FB103501,13,4,21630.65,5407.6625,0.13257299248982346,0.0,0.0,0.0,0.0,0.0,0.0,0.017071146729293846,0.8503558607808827
FB103502,275,7,43124.869999999995,6160.695714285714,0.20922984811316536,0.0,0.04901255354508895,0.5547344258660953,0.0,0.0,0.1870231724756504,0.0,0.0
FB103503,7,7,62620.53,8945.789999999999,0.8356559741669386,0.0,0.0,0.0,0.0,0.1162633085347569,0.0,0.04808071729830457,0.0
FB103504,727,1,1388.3,1388.3,0.0,0.0,0.0,1.0,0.0,0.0,0.0,0.0,0.0
FB103505,477,4,18501.45,4625.3625,0.0,0.14775652719111204,0.0,0.8126254969205116,0.0,0.0,0.0,0.0,0.03961797588837632
FB103506,7,6,58541.84,9756.973333333333,0.6377987094358496,0.0,0.0,0.0,0.0,0.0,0.18062636910626656,0.18157492145788381,0.0
FB103507,79,8,141455.36,17681.92,0.002472016613580426,0.0,0.24102105427464893,0.0,0.0,0.45143421924768357,0.0,0.0,0.3050727098640872
FB103508,290,7,126519.45000000001,18074.207142857143,0.18803203776178287,0.03606330884302769,0.07694777364270869,0.0,0.0,0.01545651676481363,0.5868051908224388,0.09669517216522835,0.0
FB103509,214,8,22689.62,2836.2025,0.17610078970031232,0.0,0.02313304497827641,0.08355582861237872,0.0,0.48433865353408295,0.015221497759768565,0.21765018541518102,0.0
FB103510,408,2,60770.81,30385.405,0.35129579480675016,0.0,0.0,0.6487042051932499,0.0,0.0,0.0,0.0,0.0
FB103511,143,4,18047.43,4511.8575,0.0,0.0,0.0,0.0,0.0,0.8090415089572309,0.19095849104276896,0.0,0.0
FB103512,210,4,80748.15999999999,20187.039999999997,0.0,0.0,0.05468236056400543,0.0,0.0,0.0,0.024007358186242264,0.9144100620992479,0.006900219150504482
FB103513,297,5,21637.98,4327.596,0.0825257255991548,0.0,0.08998437007521033,0.14276840999021162,0.0,0.0,0.06778405377951176,0.6169374405559114,0.0
FB103514,5,7,516440.7641500111,73777.25202143016,0.9626410397100339,0.0,0.010981259408005773,0.023101255416264073,0.0,0.0032764454656962296,0.0,0.0,0.0
FB103515,272,7,80431.49,11490.212857142858,0.17944426989976192,0.011151229450057434,0.5582350892666542,0.08103306304533213,0.0,0.0,0.0,0.1701363483381944,0.0
FB103516,86,3,5751.07,1917.0233333333333,0.6030147433434127,0.0,0.0,0.0,0.0,0.0,0.0,0.0,0.3969852566565874
FB103517,2,7,22775.78,3253.682857142857,0.0,0.030168011809035736,0.0,0.18038416247434774,0.0,0.13194542623787198,0.24026531692877254,0.0,0.41723708254997194
FB103518,333,4,28892.8,7223.2,0.5233646444789014,0.0,0.0,0.0,0.0,0.0,0.15487803189722008,0.0,0.32175732362387865
FB103519,10,8,107567.53,13445.94125,0.42212022531334503,0.0,0.0,0.18913588515047247,0.0,0.15204114103949398,0.0429545979163043,0.0,0.19374815058038428
FB103520,134,5,54979.73,10995.946,0.010228678823995679,0.0,0.9442381765061414,0.0,0.0,0.0,0.019868958978154314,0.02566418569170856,0.0
FB103521,112,8,38658.26,4832.2825,0.0,0.3327433774825872,0.06395114524037036,0.21573785266072504,0.0,0.0702576887837166,0.1874295428713036,0.05688383284710694,0.07299656011419035
FB103522,150,6,38079.520000000004,6346.586666666667,0.09109621129678107,0.20189540204288292,0.0,0.020133131930234416,0.0,0.13798466997483164,0.048075973646726645,0.5008146111085434,0.0
FB103523,6,5,521340.46415001113,104268.09283000222,0.0,0.05104911632629779,0.0,0.9018396546613062,0.0,0.0367057447405305,0.0,0.0104054842718655,0.0
FB103524,2,6,36685.57,6114.261666666666,0.0,0.0,0.08901320055814861,0.7375682046101506,0.0,0.0,0.0,0.17341859483170086,0.0
FB103525,119,6,35857.01,5976.168333333334,0.029599512061937124,0.0,0.03562650650458586,0.5592761359633724,0.0,0.0,0.05577040584253958,0.0,0.31972743962756517
FB103526,46,6,39134.93,6522.488333333334,0.0,0.5253669803421138,0.0,0.0,0.0,0.269673920459293,0.01007999758783266,0.19487910161076052,0.0
FB103527,101,6,109343.15000000001,18223.858333333334,0.3106817390938527,0.0,0.20333957819945742,0.18422169107072553,0.0,0.0,0.023006470912901266,0.1716746773803389,0.10707584334272427
FB103528,176,5,29927.39,5985.478,0.030311697745777362,0.0,0.020223280413026328,0.04957732699042583,0.0,0.0,0.5945456653587232,0.30534202949204725,0.0
FB103529,164,7,218115.81,31159.40142857143,0.004783697247806108,0.0,0.08877476602911086,0.0421223019092472,0.0,0.0,0.0,0.13941781661769495,0.7249014181961408
FB103530,4,11,133067.38,12097.034545454546,0.5370951167746746,0.026922751466212078,0.04830996146463543,0.0,0.0,0.09204938129840687,0.03403892073324056,0.0,0.2615838682628304
FB103531,28,7,95898.3,13699.757142857143,0.21337865217631596,0.0,0.03139002464068706,0.0,0.0,0.0,0.09988727641678737,0.022012381867040392,0.6333316648991693
FB103532,53,6,76248.7,12708.116666666667,0.2889941730154088,0.0,0.08611163206716967,0.17444861355013266,0.021818732647245136,0.4286268487200438,0.0,0.0,0.0
FB103533,15,8,87506.51999999999,10938.314999999999,0.04420527750389342,0.006927940912288592,0.0,0.0,0.0,0.24075040351278965,0.25364418559897023,0.45447219247205806,0.0
FB103534,193,6,55863.229999999996,9310.538333333332,0.0,0.015640520607204417,0.30447809766817996,0.46491690509123795,0.0,0.0,0.07017424520565674,0.14479023142772088,0.0
FB103535,60,4,145581.16,36395.29,0.8257462710147385,0.1650265734934383,0.0,0.0,0.0,0.0,0.0,0.009227155491823255,0.0
FB103536,31,8,46900.34,5862.5425,0.5032841979397165,0.3064423413561608,0.013689452997568888,0.14068938519422247,0.0,0.03589462251233147,0.0,0.0,0.0
FB103537,366,2,7063.2699999999995,3531.6349999999998,0.7084395754374391,0.0,0.291560424562561,0.0,0.0,0.0,0.0,0.0,0.0
FB103538,131,4,33112.76,8278.19,0.05275821163805132,0.08304623353655813,0.0,0.0,0.11979007488351924,0.0,0.0,0.0,0.7444054799418715
FB103539,126,4,490287.9441500111,122571.98603750278,0.0,0.0,0.0,0.021256937121038457,0.0,0.019785148943070905,0.9589579139358906,0.0,0.0
FB103540,128,6,67795.64,11299.273333333333,0.18290600988500144,0.1264624096770825,0.20689088560857305,0.0,0.0,0.3849867041597365,0.09875399066960648,0.0,0.0
FB103541,151,8,62673.619999999995,7834.202499999999,0.0,0.0,0.316529825467238,0.33952099782970885,0.0,0.005792229649412304,0.17106032809338284,0.00874913560123063,0.15834748335902726
FB103542,28,6,95320.24,15886.706666666667,0.007928326659689485,0.4145565516830424,0.2845917089591885,0.0,0.0,0.0,0.0,0.0,0.29292341269807964
FB103543,38,7,203613.62,29087.66,0.006264463055074607,0.4105160057563929,0.0,0.002526550041200584,0.0,0.0,0.0,0.022490587810383218,0.5582023933369487
FB103544,157,6,23194.46,3865.7433333333333,0.0,0.0,0.0,0.11343139698014096,0.0,0.0,0.05973926532456457,0.0,0.8268293376952945
FB103545,154,8,53847.33,6730.91625,0.16783041981840138,0.0,0.268496320987503,0.33179230985083197,0.0,0.0,0.12079336152786033,0.044401273006479614,0.06668631480892367
FB103546,43,7,34612.21,4944.601428571428,0.2825439346404058,0.22997115757705158,0.0,0.0,0.0,0.0,0.20864573513219759,0.0,0.2788391726503451
FB103547,76,7,511257.6741500111,73036.81059285873,0.0,0.0,0.01707716175510792,0.0,0.0,0.03560097172186301,0.0,0.9440968000186655,0.0032250665043635192
FB103548,108,6,105579.04,17596.506666666664,0.20989734326055626,0.0,0.6253688232058181,0.01429658765603476,0.0,0.0,0.0,0.15043724587759086,0.0
FB103549,330,2,13082.57,6541.285,0.27035360789202734,0.7296463921079727,0.0,0.0,0.0,0.0,0.0,0.0,0.0
FB103550,86,10,184393.85,18439.385000000002,0.03640153942227466,0.05708178445213873,0.00960357408883214,0.0,0.07883983115488939,0.0,0.810544874463004,0.0,0.007528396418861043
FB103551,31,11,130809.56999999999,11891.77909090909,0.02993565379046808,0.06431662454054393,0.0,0.29417381312391744,0.0,0.0,0.46668389782184894,0.08133296363561168,0.06355704708760987
FB103552,322,9,96092.66,10676.962222222222,0.0,0.041558845389439734,0.333816027155456,0.0,0.029702268622806362,0.016819807048738165,0.0,0.0,0.5781030517835598
FB103553,30,6,13937.18,2322.8633333333332,0.0,0.24520383607013754,0.19838303013952607,0.0,0.0,0.5564131337903363,0.0,0.0,0.0
FB103554,90,9,47090.56,5232.2844444444445,0.0,0.37534890220035605,0.010636314369589148,0.24036261195449785,0.0,0.0609580773726199,0.0,0.23149692847143882,0.0811971656314981
FB103555,226,5,24264.76,4852.951999999999,0.0,0.0,0.0,0.040562115594796735,0.061876565026812554,0.0,0.8678898946455683,0.0,0.029671424732822416
FB103556,299,3,33184.8,11061.6,0.012044972397001037,0.0,0.987955027602999,0.0,0.0,0.0,0.0,0.0,0.0
FB103557,231,6,23862.3,3977.0499999999997,0.0,0.5432016192906802,0.06504737598638856,0.0,0.0,0.0642360543619014,0.0,0.0,0.32751495036102973
FB103558,35,8,91816.4,11477.05,0.0,0.015744246125964426,0.5602748528585307,0.0,0.0,0.0,0.21644488348486762,0.00753863144274879,0.19999738608788847
FB103559,89,10,179117.93,17911.792999999998,0.0,0.10979235858744013,0.42181941249544364,0.017220889053373944,0.0,0.020379980943281334,0.4245894869374607,0.0,0.006197871983000251
FB103560,11,6,46840.69,7806.781666666667,0.0,0.024039142036549846,0.6210455055209477,0.04988675444362583,0.0,0.015273472700765081,0.0,0.0,0.28975512529811154
FB103561,33,10,564624.0541500112,56462.405415001114,0.012569567215275647,0.03649628429490387,0.03190374173328097,0.07445260202965298,0.0,0.0,0.8327054093680113,0.0,0.011872395358875392
FB103562,83,10,174441.36,17444.136,0.0,0.2403182364549325,0.03622025189439019,0.0,0.0,0.2861988120248547,0.014525454284465568,0.19665972565221918,0.22607751968913795
FB103563,360,3,11031.73,3677.2433333333333,0.6812902418750277,0.0,0.0,0.0,0.0,0.0,0.0,0.0,0.31870975812497226
FB103564,46,8,153504.41,19188.05125,0.061180392146388506,0.0,0.0,0.0,0.0,0.21526208921294188,0.0,0.28612617709158983,0.43743134154908
FB103565,48,6,98865.14,16477.523333333334,0.8385151732956633,0.009887307093278785,0.01645757038325137,0.09365687440487114,0.003845035772973164,0.0,0.03763803904996241,0.0,0.0
FB103566,220,6,34467.119999999995,5744.5199999999995,0.0,0.0,0.08194215240495871,0.31318862730625596,0.052362077249274094,0.4899672499471961,0.0,0.0,0.06253989309231522
FB103567,170,9,110412.53,12268.058888888889,0.05544153367375966,0.058762261855606415,0.0,0.1328418975636189,0.5659202809681111,0.0,0.0040076067453576145,0.11418269285197974,0.06884372634156648
FB103568,526,1,1189.51,1189.51,0.0,0.0,0.0,1.0,0.0,0.0,0.0,0.0,0.0
FB103569,194,5,30920.61,6184.122,0.06053114734799864,0.0,0.0,0.2605113547242438,0.0,0.006254727833635882,0.0,0.5986537781757864,0.07404899191833537
FB103570,7,7,21718.62,3102.66,0.31424740614274754,0.091922046612538,0.0,0.06454737916129111,0.0,0.0,0.5229572597153963,0.006325908368027066,0.0
FB103571,224,9,548793.6141500111,60977.06823889012,0.8889225413192634,0.023078475538780546,0.08570495134650621,0.0,0.0,0.0,0.0,0.0,0.0022940317954499192
FB103572,4,8,47296.28,5912.035,0.6409474487211256,0.14690605688227487,0.0,0.0,0.0,0.03008502994315832,0.0,0.044068159271722855,0.13799330518171832
FB103573,84,3,19417.260000000002,6472.420000000001,0.025789941526250353,0.0,0.4337656291361397,0.0,0.0,0.5404444293376099,0.0,0.0,0.0
FB103574,144,4,512368.8941500111,128092.22353750278,0.0,0.048723098308717766,0.0,0.0,0.0,0.008066024396067272,0.9176308505807854,0.025580026714429528,0.0
FB103575,39,12,89597.38,7466.448333333334,0.03461061026561268,0.0,0.41946661833192,0.12080621107447563,0.05600375814560649,0.10012904395195486,0.05161802722356391,0.09836582275062061,0.1189999082562459
FB103576,58,5,37204.935,7440.986999999999,0.0,0.3679233682305855,0.5847993014905146,0.0,0.0,0.04727733027889983,0.0,0.0,0.0
FB103577,18,6,20227.559999999998,3371.2599999999998,0.0,0.0,0.02800387194500968,0.06059603827649009,0.0,0.0,0.0,0.7374937955937345,0.17390629418476572
FB103578,40,3,38668.03,12889.343333333332,0.3986109455278689,0.0,0.0,0.0,0.0,0.39037830476494406,0.21101074970718706,0.0,0.0
FB103579,32,5,35745.29,7149.058,0.0,0.5975724354173654,0.09727099710199581,0.0,0.0,0.29627287958777226,0.0,0.0,0.008883687892866445
FB103580,141,7,556933.6541500111,79561.95059285873,0.0,0.0,0.01730549039042985,0.0,0.0,0.0,0.02629550197024973,0.8442037945571361,0.11219521308218423
FB103581,77,3,35586.85,11862.283333333333,0.5653327001406419,0.0,0.0,0.26118158814281117,0.0,0.173485711716547,0.0,0.0,0.0
FB103582,549,3,14779.08,4926.36,0.0,0.763289054528428,0.0,0.0,0.0,0.23671094547157195,0.0,0.0,0.0
FB103583,197,5,37119.28,7423.856,0.0,0.40143531878851096,0.0,0.4052899194165404,0.0,0.05451291081077004,0.0,0.13876185098417856,0.0
FB103584,132,7,301861.12,43123.01714285714,0.07918694530782898,0.004942471557781274,0.004979044667958564,0.0,0.7859519304771677,0.12125003047759181,0.0036895775116715926,0.0,0.0
FB103585,166,4,117987.8,29496.95,0.0,0.615371589266009,0.0,0.0,0.0,0.0,0.0,0.3824980209818303,0.0021303897521608166
FB103586,7,7,65192.14,9313.162857142857,0.029678117638107907,0.11740725185582188,0.15736406260018462,0.0,0.08331495177179334,0.0,0.0,0.0,0.6122356161340922
FB103587,171,8,69666.67,8708.33375,0.361389599933512,0.0,0.3271891709478866,0.11340946825792017,0.0,0.0,0.0,0.06091492531507534,0.13709683554560595
FB103588,93,9,130113.14000000001,14457.015555555558,0.0,0.03423043975420161,0.0,0.0,0.02909967432958731,0.016189986653154326,0.8695240926473683,0.0,0.050955806615688465
FB103589,117,8,41124.31,5140.53875,0.0,0.12596418031086723,0.34016327568778665,0.0,0.0,0.3683745696888288,0.11038361494697418,0.05511435936554316,0.0
FB103590,124,4,10799.95,2699.9875,0.0,0.0,0.4144408075963314,0.0,0.0,0.4032759410923199,0.0,0.18228325131134865,0.0
FB103591,185,2,10261.0,5130.5,0.0,0.0,0.0,1.0,0.0,0.0,0.0,0.0,0.0
FB103592,4,9,62528.75,6947.638888888889,0.17204134098314777,0.0,0.08435031885332746,0.0,0.0,0.078303180536953,0.32507446574575694,0.05570861403754273,0.2845220798432721
FB103593,160,3,7230.12,2410.04,0.0,0.0,0.0,0.0,0.0,0.23962257887835886,0.0,0.0,0.7603774211216411
FB103594,36,4,24369.725,6092.43125,0.08871581439675663,0.2078375935715319,0.0,0.0,0.0,0.0,0.0,0.7034465920317114,0.0
FB103595,75,10,161144.78,16114.478,0.7348063027545788,0.0,0.029911176769114083,0.08332674505497478,0.0,0.05419983197718226,0.057627929368857,0.022173104211008262,0.017954909864284777
FB103596,380,6,98363.23999999999,16393.873333333333,0.0,0.0,0.0,0.5364982894016097,0.0,0.3682084892689586,0.033117859883428,0.01041151145488904,0.05176384999111456
FB103597,38,9,186307.7,20700.855555555558,0.0,0.04120597270000113,0.0,0.05553817689768056,0.0,0.48476429047215985,0.0,0.26968922916229443,0.14880233076786414
FB103598,16,3,8675.65,2891.883333333333,0.0,0.4064802060940679,0.0,0.0,0.0,0.5547665016454099,0.0,0.0,0.038753292260522265
FB103599,6,8,80527.4,10065.925,0.2637307301614109,0.0,0.36143176111485037,0.0,0.0,0.07965512359768229,0.019994064132208417,0.2751883209938481,0.0
FB103600,127,9,74161.87999999999,8240.208888888888,0.03021538828303705,0.0,0.7166831531239499,0.0,0.0,0.09966912920761986,0.0821087599181682,0.0,0.07132356946722493
FB103601,92,6,91312.83,15218.805,0.0,0.9089474064049925,0.0,0.0,0.0,0.0,0.0,0.0910525935950074,0.0
FB103602,68,4,162497.25,40624.3125,0.3343483043559199,0.0,0.6494688371649366,0.016182858479143494,0.0,0.0,0.0,0.0,0.0
FB103603,36,6,72168.9,12028.15,0.0,0.0,0.5126063997095702,0.21080728679528163,0.0,0.0,0.0,0.06212745379242306,0.21445885970272519
FB103604,112,9,257305.89,28589.543333333335,0.07656229711647876,0.0311102478066087,0.0,0.05923564361468756,0.4429794436497353,0.0,0.00559750109101661,0.016443346866253237,0.3680715198552198
FB103605,6,7,31018.690000000002,4431.2414285714285,0.21803693192717036,0.08837123682528178,0.06727943701039599,0.0,0.0,0.27052302982492166,0.0,0.15881070412709242,0.19697866028513777
FB103606,53,3,12766.14,4255.38,0.0,0.23270228902393364,0.0,0.0,0.0,0.0,0.0,0.7672977109760665,0.0
FB103607,115,10,65468.12,6546.812,0.1947984759605133,0.29765861613255434,0.13695184770847246,0.15799521965805646,0.03319035280072194,0.0,0.17940548773968157,0.0,0.0
FB103608,150,2,6315.97,3157.985,0.0,0.0,0.0,0.0,0.0,0.0,0.0,1.0,0.0
FB103609,35,7,39689.490000000005,5669.927142857144,0.0,0.0,0.25708241652890973,0.0,0.0,0.03375881121173388,0.15244917483192652,0.46924639243285815,0.0874632049945716
FB103610,155,5,35085.28,7017.056,0.0,0.24453503007529084,0.0,0.7077500877861029,0.0,0.0,0.0,0.03274051112033309,0.01497437101827319
FB103611,63,6,34787.39,5797.8983333333335,0.17217273270573044,0.0,0.07176997182024866,0.0,0.0,0.6081580135790584,0.0,0.14789928189496251,0.0
FB103612,6,6,64703.03,10783.838333333333,0.08898485897801077,0.10713238622673467,0.04968639026642184,0.0,0.0,0.0,0.0,0.5151839102434616,0.23901245428537118
FB103613,195,8,60308.21,7538.52625,0.11422159603145242,0.13810159512278675,0.03186746879073346,0.0,0.0,0.3062646031112513,0.0,0.21505596004258787,0.19448877690118807
FB103614,39,7,142578.3,20368.32857142857,0.0,0.0077876507154314495,0.0,0.0,0.0,0.0,0.06904129169726389,0.8825863402775878,0.04058471730971683
FB103615,519,1,4304.83,4304.83,0.0,0.0,0.0,0.0,0.0,0.0,0.0,1.0,0.0
FB103616,57,8,297736.04,37217.005,0.019881570266065202,0.0,0.0,0.9162211937795639,0.0,0.03329680881091855,0.0,0.014898968898760122,0.015701458244692178
FB103617,417,4,36543.1,9135.775,0.0,0.7380203102637707,0.0,0.14040078701587988,0.0,0.0,0.0,0.1215789027203494,0.0
FB103618,65,6,136618.33000000002,22769.721666666668,0.1585713278737926,0.0,0.6629242210763372,0.0,0.0,0.0,0.0,0.1785044510498701,0.0
FB103619,30,9,111066.59,12340.732222222221,0.21715513188979693,0.34878616512850535,0.10477723318956673,0.16540770721420367,0.13775330637233035,0.0,0.0,0.026120456205597022,0.0
FB103620,86,5,42583.26,8516.652,0.032958021532404985,0.762116615778125,0.0,0.0,0.0,0.0,0.0,0.048033663932728496,0.1568916987567415
FB103621,84,4,42047.73,10511.9325,0.0,0.28913665493951757,0.0,0.0,0.0,0.25528179523603295,0.3704062026653995,0.0,0.08517534715904995
FB103622,63,5,81307.87,16261.573999999999,0.05328647768045087,0.0,0.0,0.8625374148898503,0.0,0.0,0.0,0.084176107429699,0.0
FB103623,65,7,142727.78,20389.682857142856,0.16098421764844936,0.0,0.15511002833505852,0.0,0.0,0.36800460288809933,0.0,0.14536952792231475,0.17053162320607804
FB103624,343,2,17047.0,8523.5,0.0,0.0,0.0,0.0,0.0,0.0,0.0,0.0,1.0
FB103625,6,9,141457.83,15717.536666666665,0.41820406830784834,0.043787820016749864,0.0,0.21439392927206644,0.0,0.0,0.24617520288555253,0.0,0.07743897951778278
FB103626,47,9,81915.8,9101.755555555555,0.0,0.14565956750712317,0.2106176097895644,0.019813149599955074,0.0,0.06423498275058047,0.3504481430932738,0.15265833941681578,0.05656820784268724
FB103627,78,4,22585.67,5646.4175,0.0,0.608762547225741,0.13603448558311532,0.0,0.20520046560496105,0.0,0.050002501586182746,0.0,0.0
FB103628,31,5,75579.74,15115.948,0.0,0.03291993330487773,0.0,0.0,0.0,0.5229134156852088,0.08834034094322102,0.0,0.35582631006669246
FB103629,332,5,124755.27,24951.054,0.0,0.0,0.0,0.0,0.0,0.10109801373521135,0.020145040766614507,0.8787569454981742,0.0
FB103630,30,10,73860.25,7386.025,0.0,0.19275103997075557,0.0,0.23654766941622862,0.0,0.05797814115170203,0.044614119231927866,0.0675391702573441,0.40056985997204175
FB103631,205,10,238314.06,23831.406,0.0016970043647445727,0.8058955061233063,0.015634495086022198,0.0,0.0,0.014261013387124535,0.11296677166256996,0.002030429929312605,0.04751477944691974
FB103632,14,7,45936.44,6562.348571428572,0.09655863623737496,0.087804801591068,0.0,0.0,0.0,0.05395977572489291,0.541352573251214,0.0,0.22032421319545004
FB103633,18,11,266289.59,24208.144545454546,0.39797522689490045,0.0298103279215684,0.06418910329915639,0.0008565111388695294,0.0,0.44058087287602954,0.0,0.01765251131296571,0.04893544655651016
FB103634,88,6,70103.14,11683.856666666667,0.10054827786601285,0.4016800103390519,0.03519813805772466,0.0,0.0,0.03624673588087495,0.0,0.0,0.4263268378563357
FB103635,56,11,66399.51000000001,6036.319090909092,0.0545624508373631,0.1769613962512675,0.01384106599581834,0.12767639399748582,0.0,0.0027290864044026827,0.18307635101524092,0.39177292121583424,0.04938033428258732
FB103636,5,5,71379.92,14275.984,0.027211294156675996,0.0,0.0,0.05766439637365803,0.0,0.24871126221491985,0.06670027088850759,0.5997127763662385,0.0
FB103637,5,8,54464.97,6808.12125,0.366732966161553,0.0,0.18534206481707416,0.0,0.0,0.02973562640353974,0.043065478600281974,0.3751238640175511,0.0
FB103638,52,8,161854.0,20231.75,0.0,0.0,0.3164123222163184,0.0,0.35763842722453576,0.08618353577915899,0.16724591298330593,0.04701434626268118,0.025505455533999778
FB103639,201,4,11326.47,2831.6175,0.44178812992927186,0.30288695418784495,0.0,0.0,0.0,0.010236198921641076,0.24508871696124213,0.0,0.0
FB103640,64,7,67213.54000000001,9601.934285714287,0.3170044309524539,0.03264788612532534,0.0,0.03503311981484682,0.0,0.0,0.6153145631073739,0.0,0.0
FB103641,50,5,19293.79,3858.7580000000003,0.0,0.0,0.06626328989794125,0.24865565552439411,0.0,0.0,0.0,0.0,0.6850810545776645
FB103642,51,12,165805.0,13817.083333333334,0.047623895539941494,0.00202478815476011,0.38430813304785744,0.0,0.03632140164651247,0.0,0.5297217816109284,0.0,0.0
FB103643,185,11,161207.84,14655.25818181818,0.5315074006326242,0.006647319385955421,0.0,0.1448964889052542,0.0,0.2610182606503505,0.02050694308663896,0.035423587339176554,0.0
FB103644,35,7,172100.97,24585.852857142858,0.08306461026919255,0.03131917269263503,0.0,0.008302626068871083,0.0,0.0,0.018082466356813678,0.7450543712798365,0.11417675333265118
FB103645,49,3,60682.75,20227.583333333332,0.17347186803498524,0.8265281319650147,0.0,0.0,0.0,0.0,0.0,0.0,0.0
FB103646,18,5,11395.449999999999,2279.0899999999997,0.14735881426358766,0.15506627645244372,0.4696813201760351,0.0,0.0,0.0,0.0,0.2278935891079334,0.0
FB103647,68,5,29821.66,5964.332,0.0,0.4889667443059843,0.24787520211819195,0.1794162363865727,0.0,0.08374181718925104,0.0,0.0,0.0
FB103648,86,7,27508.95,3929.85,0.0,0.0,0.0,0.0,0.0,0.6697325779428149,0.0,0.20476063244871215,0.12550678960847286
FB103649,7,3,18760.0,6253.333333333333,0.13591631130063966,0.0,0.0,0.671430170575693,0.0,0.0,0.19265351812366738,0.0,0.0
FB103650,29,3,91262.88,30420.960000000003,0.0,0.008975171504559136,0.02358264389640125,0.0,0.9674421845990395,0.0,0.0,0.0,0.0
FB103651,107,4,81075.86,20268.965,0.6281751436247485,0.0,0.1933749453906502,0.0,0.0,0.0,0.009574119842823746,0.1688757911417776,0.0
FB103652,118,5,81502.76000000001,16300.552000000001,0.02984647391082216,0.0,0.015824249387382708,0.35832982833955557,0.0,0.3853890346780894,0.0,0.0,0.2106104136841501
FB103653,35,9,67981.67,7553.518888888889,0.0,0.538040474733851,0.2654565561569758,0.11932231144071627,0.0,0.0,0.0,0.07246217987878202,0.004718477789674775
FB103654,84,8,73164.62,9145.5775,0.17245616802219432,0.0,0.019712533188855488,0.0,0.0,0.18738332817145778,0.6204479706174925,0.0,0.0
FB103655,22,7,24296.85,3470.9785714285713,0.24102219011929532,0.0,0.03654300866161663,0.21821429526872826,0.0,0.0,0.2534102157275532,0.05099261838468773,0.19981767183811894
FB103656,168,8,108953.89,13619.23625,0.08645125015729131,0.3154986022068602,0.006824171215915283,0.010227629320990741,0.0,0.2734210774851637,0.0,0.22862735786670857,0.07894991174707025
FB103657,43,4,19395.41,4848.8525,0.6600025469943662,0.0,0.0,0.09816807172418629,0.0,0.24182938128144751,0.0,0.0,0.0
FB103658,335,3,9836.21,3278.736666666666,0.16905901765009082,0.0,0.0,0.0,0.0,0.3505547360212927,0.0,0.4803862463286164,0.0
FB103659,35,10,85582.56,8558.256,0.0,0.13444584971517562,0.0,0.35287563260552146,0.0,0.03282175714304409,0.251904710492418,0.0625468553406208,0.16540519470321988
FB103660,27,3,4143.27,1381.0900000000001,0.0,0.5937001450545101,0.0,0.4062998549454898,0.0,0.0,0.0,0.0,0.0
FB103661,122,3,114263.69,38087.89666666667,0.0,0.0,0.0,0.0,0.0,0.8675785807372403,0.0,0.0,0.13242141926275966
FB103662,39,8,61462.25,7682.78125,0.0,0.0,0.23351520648853563,0.0,0.0,0.47115538399586737,0.18353802537329825,0.10147106557277029,0.010320318569528449
FB103663,229,3,14002.46,4667.486666666667,0.0,0.0,0.0,0.0,0.0,0.34257908967424294,0.0,0.6574209103257571,0.0
FB103664,92,3,89903.34,29967.78,0.0,0.9794893048467388,0.016169254668402754,0.0,0.0,0.0,0.0,0.004341440484858516,0.0
FB103665,77,9,41591.98,4621.331111111112,0.0,0.24870708247118797,0.32904709032847196,0.07190641080323658,0.0,0.0,0.1450919143546424,0.0,0.20524750204246103
FB103666,105,6,160790.18,26798.36333333333,0.03704554594067872,0.0,0.0,0.8408011608669137,0.0,0.11358274491638733,0.006049623179724036,0.0025209250962963036,0.0
FB103667,136,7,42277.28,6039.611428571428,0.31769167742106397,0.09378796365329084,0.0,0.0,0.0,0.17894978106443934,0.0,0.11689470088898812,0.29267587697221775
FB103668,132,8,98719.26,12339.9075,0.0,0.0,0.003523122033127072,0.33989335009196786,0.0,0.5209693630199416,0.0,0.0,0.13561416485496347
FB103669,90,3,19796.45,6598.816666666667,0.0,0.0,0.0,0.8357442874858876,0.0,0.0,0.0,0.0,0.16425571251411236
FB103670,225,5,66199.93,13239.985999999999,0.0,0.0,0.0,0.0,0.0,0.0,0.8508005975232904,0.024126611614241886,0.12507279086246767
FB103671,104,9,82957.64,9217.515555555556,0.0,0.18308910427056507,0.0,0.0441946034144655,0.04253387632531495,0.032468739467516196,0.21337106503994085,0.024063968068522682,0.4602786434136748
FB103672,18,7,69247.26,9892.465714285714,0.08066051999746993,0.0,0.030478029022375754,0.09371374405283327,0.0,0.33847057630872324,0.04690712672241472,0.3959629594008484,0.013807044495334543
FB103673,87,7,48123.909999999996,6874.844285714285,0.04745437351204422,0.0,0.6760888714154772,0.0,0.0,0.017847053574823822,0.0,0.2586097014976547,0.0
FB103674,4,4,20677.32,5169.33,0.0,0.0,0.0,0.0,0.0,0.0,0.16984309378584847,0.09738012469701102,0.7327767815171405
FB103675,7,7,256866.27000000002,36695.18142857143,0.0,0.0,0.0030083747469062403,0.9219162951990544,0.0,0.0,0.033906631649223536,0.025201829730310637,0.01596686867450522
FB103676,56,5,36423.479999999996,7284.695999999999,0.05193133659935843,0.0,0.0,0.24786923160554675,0.0,0.014912084183059936,0.0,0.6852873476120348,0.0
FB103677,1,6,52232.08,8705.346666666666,0.0702857324464199,0.028835344102704698,0.009612291909493169,0.0,0.0,0.0,0.724249350207765,0.0419029837601719,0.12511429757344528
FB103678,39,12,84907.78,7075.6483333333335,0.3794680534575277,0.0,0.0,0.29408188507578453,0.0,0.19012215370605615,0.11853354309817073,0.0,0.01779436466246085
FB103679,71,5,67581.34,13516.268,0.7543490555233145,0.0,0.0,0.09006731739856003,0.0,0.0,0.0,0.1555836270781254,0.0
FB103680,163,9,50472.86,5608.095555555556,0.045103843927211576,0.0,0.33845218994921233,0.38050766293013705,0.0,0.1341306991519799,0.0,0.06675389506360448,0.03505170897785463
FB103681,107,5,41966.92,8393.384,0.19939943174290609,0.6150954132445269,0.0,0.0,0.0,0.0,0.0,0.0,0.18550515501256704
FB103682,160,8,429972.38,53746.5475,0.0662559069491859,0.37092198805886095,0.5526401253959615,0.0,0.0,0.001703179166996727,0.0,0.008478800428994999,0.0
FB103683,102,4,76485.01999999999,19121.254999999997,0.0,0.0,0.03896475414401408,0.0,0.0,0.9387903670548822,0.0,0.0,0.0222448788011038
FB103684,5,4,213620.99999999997,53405.24999999999,0.11357399319355307,0.0,0.000881701705356683,0.0,0.0,0.0,0.0,0.0,0.8855443051010902
FB103685,94,10,99856.83,9985.683,0.38702139853628437,0.0,0.07286201654909334,0.45124875283944027,0.0,0.0,0.008347751475787885,0.048549308044327055,0.03197077255506709
FB103686,30,15,91703.73,6113.581999999999,0.2470973645237767,0.0,0.0,0.06513366468299599,0.0,0.0678121816855214,0.0,0.13454948888120472,0.48540730022650114
FB103687,90,5,20677.13,4135.426,0.0,0.27485342501594756,0.16123224064461558,0.0,0.0,0.06039426167944971,0.0,0.46039851758923983,0.04312155507074724
FB103688,16,11,78639.01,7149.000909090909,0.0,0.10336790862448549,0.0,0.0,0.09684442873835772,0.1084348594927632,0.2527342345739093,0.10633895314806227,0.332279615422422
FB103689,211,6,54559.329999999994,9093.221666666666,0.03790918986725094,0.19378097201706837,0.0,0.0,0.40395199134593474,0.15623670598594228,0.0,0.13092517815009824,0.07719596263370536
FB103690,109,6,52368.9,8728.15,0.0,0.0,0.0802443816845494,0.0,0.0,0.11375549228645246,0.0,0.3606186114277749,0.4453815146012232
FB103691,2,5,41816.05,8363.210000000001,0.0,0.36116515070170424,0.0,0.0,0.01630330937522793,0.0,0.2945811476693757,0.32795039225369205,0.0
FB103692,318,2,27984.69,13992.345,0.0,0.0,0.0,0.0,0.0,0.0,0.0,0.15462275980187737,0.8453772401981227
FB103693,11,6,18117.97,3019.661666666667,0.0,0.12132761010201473,0.42321904716698394,0.15710700481345316,0.0,0.0,0.060795442315005485,0.0,0.23755089560254264
FB103694,32,12,91327.31,7610.609166666666,0.0729005376376464,0.27179000454519026,0.0,0.14723372450146618,0.0,0.023138095275115404,0.169783934290849,0.2838660199232847,0.03128768382644797
FB103695,16,5,95022.83,19004.566,0.0,0.4141794135156783,0.0,0.0,0.1019399232794898,0.27704331685343403,0.0,0.0,0.20683734635139786
FB103696,151,7,118450.17,16921.452857142856,0.0,0.11178084421491331,0.24619061331866388,0.3601642783627917,0.0,0.17442803163558143,0.0,0.04158795213210754,0.0658482803359421
FB103697,109,9,65556.69,7284.076666666667,0.03911927219022193,0.0,0.1375928223343796,0.0,0.0,0.0,0.10383989795702009,0.04161497476458924,0.677833032753789
FB103698,201,7,161068.40000000002,23009.771428571432,0.0006208542457738452,0.027415619699456877,0.34107497187530267,0.08725224811322395,0.0,0.0,0.5436363060662427,0.0,0.0
FB103699,137,5,68989.98,13797.996,0.0,0.3105933644277039,0.0,0.47454528904052445,0.0,0.1932542957687479,0.0,0.0,0.02160705076302385
FB103700,10,14,120567.94,8611.995714285715,0.22149179956130957,0.12249757273782734,0.0,0.2646633922749282,0.0,0.0,0.04773657076665655,0.02161718944522068,0.32199347521405774
FB103701,18,8,61789.6,7723.7,0.0,0.0,0.2089843598275438,0.07692103525512384,0.0,0.059354486839209186,0.19143172961145566,0.0,0.46330838846666755
FB103702,113,11,60286.78,5480.6163636363635,0.0,0.1515121557329816,0.06163855492033245,0.17990511352571825,0.0,0.03786734007024426,0.4194738879734496,0.0,0.1496029477772739
FB103703,112,5,278271.86,55654.371999999996,0.0060031222704300755,0.31894698227840934,0.578899857139705,0.09615003831145556,0.0,0.0,0.0,0.0,0.0
FB103704,55,2,81322.65,40661.325,0.0,0.0,1.0,0.0,0.0,0.0,0.0,0.0,0.0
FB103705,84,8,250391.99,31298.99875,0.004643758771995862,0.006452882138921457,0.04170860257949945,0.1409049866171837,0.0,0.0,0.0,0.19903192590146354,0.607257843990936
FB103706,18,4,9439.05,2359.7625,0.1467192143277131,0.0,0.0,0.6227363982604182,0.0,0.10649800562556615,0.0,0.12404638178630267,0.0
FB103707,43,7,92484.17,13212.024285714286,0.18062939852301207,0.6108459426083404,0.0,0.0,0.0,0.0,0.0,0.18453060669734073,0.02399405217130672
FB103708,113,7,31028.46,4432.637142857143,0.04348298304202013,0.0,0.0,0.0,0.0,0.23076523939634774,0.5001427721517601,0.11179413996053947,0.11381486544933264
FB103709,504,4,27490.800000000003,6872.700000000001,0.0,0.3401617995838607,0.0,0.15392313064734384,0.0,0.0,0.0,0.20217709197258718,0.30373797779620815
FB103710,108,8,131849.36,16481.17,0.18340149698110025,0.04320984189836037,0.4663626732810839,0.0,0.0,0.2538801856907004,0.04654554257980471,0.0,0.006600259568950506
FB103711,82,8,75994.70999999999,9499.338749999999,0.2630654160006664,0.5256243493790554,0.0,0.0,0.03025223729388533,0.0,0.1320599815434522,0.014742605110276755,0.03425541067266393
FB103712,73,6,28853.129999999997,4808.855,0.3591419717722133,0.0,0.05724994134085279,0.23967867610896978,0.0,0.29585906277759116,0.04807034800037292,0.0,0.0
FB103713,128,3,47817.78,15939.26,0.0,0.452665305666637,0.0,0.0,0.0,0.0,0.02453438867299988,0.5228003056603632,0.0
FB103714,124,7,46968.64,6709.805714285714,0.0,0.010944536609959326,0.031094364239628827,0.6019859208186569,0.0,0.029857155753285593,0.040824473521055754,0.05069318592149996,0.23460036313591368
FB103715,178,8,92611.81999999999,11576.477499999999,0.8639032253118446,0.012419365044332355,0.08173135999270936,0.017663728020894092,0.0,0.009786979674948619,0.0,0.0,0.014495341955270939
FB103716,215,4,25340.29,6335.0725,0.0,0.08606176172411602,0.802005028356029,0.1119332099198549,0.0,0.0,0.0,0.0,0.0
FB103717,27,8,125193.81,15649.22625,0.01902538152645087,0.0,0.0,0.03821530792936168,0.0,0.12649139761782152,0.6205878709178994,0.19568004200846673,0.0
FB103718,315,3,13682.22,4560.74,0.0,0.0,0.0,0.0,0.0,0.0,0.0,0.0,1.0
FB103719,346,6,16201.07,2700.1783333333333,0.0,0.0,0.0,0.19372609340000385,0.0,0.4554841130863579,0.2800777973306702,0.07071199618296815,0.0
FB103720,171,5,38142.7,7628.539999999999,0.0,0.06543244185650203,0.7069795793166189,0.0,0.0,0.025345610038093793,0.0,0.0687526053478123,0.133489763440973
FB103721,50,2,4429.53,2214.765,0.0,0.0,0.13591735466291005,0.0,0.0,0.86408264533709,0.0,0.0,0.0
FB103722,12,4,16893.98,4223.495,0.0,0.0,0.279502521016362,0.058500720374950126,0.0,0.0,0.6392821584966953,0.0,0.022714600111992556
FB103723,99,5,132426.88999999998,26485.377999999997,0.010226774939742224,0.0,0.0,0.0,0.047216618920824925,0.08780105007374259,0.6669676377660158,0.18778791829967464,0.0
FB103724,159,6,30747.15,5124.525000000001,0.0,0.019556609311757348,0.0,0.3702850508095872,0.0,0.4967940118027199,0.1133643280759355,0.0,0.0
FB103725,184,4,60809.11,15202.2775,0.05736081320710005,0.13544582382475256,0.07059649450551075,0.7365968684626365,0.0,0.0,0.0,0.0,0.0
FB103726,24,5,94598.15,18919.629999999997,0.0,0.09691088039248126,0.7308770837484665,0.0,0.0,0.0,0.0,0.0,0.17221203585905223
FB103727,62,8,87254.16,10906.77,0.23813500697273343,0.009454563541726836,0.11998098428774055,0.0,0.0,0.047525183899541294,0.0,0.3539961876889308,0.23090807360932702
FB103728,122,5,37920.4,7584.08,0.15900095990548624,0.0323664834759127,0.10842475290345038,0.0,0.0,0.0,0.0817549392938893,0.6184528644212614,0.0
FB103729,279,2,16548.71,8274.355,0.0,0.057251592420194695,0.0,0.0,0.0,0.9427484075798054,0.0,0.0,0.0
FB103730,86,4,33617.36,8404.34,0.0,0.0,0.14337919455900164,0.0,0.0,0.24382610651163567,0.0,0.5719482434075728,0.040846455521789934
FB103731,14,6,26741.04,4456.84,0.2151991844745006,0.12485191301460227,0.16090847625971164,0.0,0.0,0.0,0.013817712400116075,0.48522271385106935,0.0
FB103732,45,7,31173.05,4453.292857142857,0.0,0.11327220146889702,0.09998476247912862,0.15259110032544138,0.0,0.033448443447144253,0.0,0.0,0.6007034922793888
FB103733,41,5,54552.77,10910.554,0.0,0.0,0.19391260975382182,0.37358249636086305,0.0,0.43250489388531504,0.0,0.0,0.0
FB103734,84,3,20580.48,6860.16,0.0,0.0,0.0,0.1268396072394813,0.0,0.0,0.5527276331747364,0.0,0.32043275958578227
FB103735,339,1,7562.56,7562.56,1.0,0.0,0.0,0.0,0.0,0.0,0.0,0.0,0.0
FB103736,259,2,9082.56,4541.28,0.0,0.0,0.0,0.0,0.0,0.032365324313849836,0.0,0.0,0.9676346756861502
FB103737,147,8,156701.75,19587.71875,0.0,0.24093668385962508,0.7001438720371661,0.0,0.0,0.03689154715885432,0.018782368416434405,0.0032455285279200776,0.0
FB103738,4,9,50943.86,5660.428888888889,0.043342023945574605,0.11646761749109705,0.0,0.0,0.0,0.1436652032256684,0.0,0.1570909624830156,0.5394341928546443
FB103739,359,4,38574.46,9643.615,0.0,0.0,0.09077171786721057,0.0,0.0,0.0,0.7175270891672884,0.0,0.19170119296550098
FB103740,365,3,15497.18,5165.7266666666665,0.0,0.0,0.0,0.0,0.0,0.0,0.0,0.0569206784718252,0.9430793215281748
FB103741,169,9,136230.33000000002,15136.703333333335,0.18399999471483333,0.021258041436147148,0.7587025591144059,0.0,0.0,0.0,0.0,0.0360394047346138,0.0
FB103742,13,6,24523.97,4087.3283333333334,0.13512738761301699,0.3255680055064494,0.14413163937160253,0.21765562427290522,0.0,0.00407764322008223,0.0,0.0,0.17343970001594358
FB103743,40,7,87021.14,12431.591428571428,0.11612419694800596,0.5910530475698204,0.0,0.015037955145152085,0.0,0.1512092349054494,0.0,0.03940904474475972,0.08716652068681242
FB103744,54,4,53467.06,13366.765,0.0,0.0,0.0,0.09760963105134264,0.0,0.8085877547783626,0.0,0.09380261417029476,0.0
FB103745,76,13,215100.04,16546.156923076924,0.1067250847559117,0.0707545661079375,0.0,0.08781527888139862,0.0,0.5407922750734961,0.16442828183574487,0.017642395603459673,0.011842117742051557
FB103746,11,4,23714.3,5928.575,0.0,0.0,0.0,0.8020654204425178,0.0,0.059250747439308776,0.03750353162437855,0.0,0.10118030049379491
FB103747,250,4,14830.83,3707.7075,0.11829344682664425,0.0,0.0,0.0,0.0,0.196676787475819,0.6850297656975368,0.0,0.0
FB103748,63,5,71766.20999999999,14353.241999999998,0.0,0.04062970581837888,0.0,0.0,0.0,0.041088417515708305,0.0,0.2143369421347456,0.7039449345311674
FB103749,448,4,17712.33,4428.0825,0.0,0.21846532895446277,0.27212851160745083,0.0,0.0,0.0,0.0,0.0,0.5094061594380863
FB103750,101,7,94640.52,13520.074285714287,0.019792896319673646,0.0,0.10937165180411096,0.0,0.0,0.48803271579657426,0.07127021280102856,0.3115325232786126,0.0
FB103751,334,4,53631.09,13407.7725,0.02646300867649716,0.0,0.09388024744602431,0.0,0.0,0.011479908388958718,0.0,0.8681768354885198,0.0
FB103752,78,6,490135.0541500111,81689.17569166851,0.01728488898777494,0.0,0.009583868691347086,0.004468237848847503,0.0,0.9592570459286348,0.006853335568551119,0.0,0.0025526229748445584
FB103753,117,7,94588.69,13512.67,0.20695782973630356,0.047636139162092216,0.2496726617104011,0.0,0.0,0.0,0.020359939438848347,0.052079165067197786,0.423294264885157
FB103754,198,6,64070.54000000001,10678.423333333334,0.0,0.0,0.5795463874660648,0.025748183174357515,0.0,0.25216285050820547,0.14254257885137228,0.0,0.0
FB103755,247,4,29907.16,7476.79,0.44532613594871595,0.0,0.0,0.0,0.0,0.08645856042499521,0.46821530362628877,0.0,0.0
FB103756,107,3,34329.7,11443.233333333332,0.0,0.014734763193386485,0.0,0.9412928164242624,0.0,0.04397242038235114,0.0,0.0,0.0
FB103757,48,4,39586.85,9896.7125,0.0,0.0,0.12175836167818353,0.0,0.0,0.0,0.0,0.2081827677625272,0.6700588705592893
FB103758,136,2,2388.2799999999997,1194.1399999999999,0.0,0.6504136868373893,0.3495863131626108,0.0,0.0,0.0,0.0,0.0,0.0
FB103759,97,4,51267.159999999996,12816.789999999999,0.0,0.0,0.0,0.230334389500023,0.0,0.46423538967245304,0.3054302208275239,0.0,0.0
FB103760,33,10,135498.61,13549.860999999999,0.00980290498920985,0.22659125433094848,0.0,0.0,0.013462721130497205,0.3377940186987896,0.28486779310872634,0.0,0.12748130774182848
FB103761,271,6,94030.89,15671.815,0.18680754803022712,0.0,0.18461954364145655,0.0,0.0,0.42702041850289846,0.0,0.017287829563242464,0.18426466026217558
FB103762,110,11,204502.56000000003,18591.14181818182,0.054968016048307665,0.0,0.05286295682557715,0.07148076777131787,0.0,0.0,0.0,0.8075359056629903,0.013152353691807086
FB103763,14,4,42401.57,10600.3925,0.0,0.263866644560567,0.0,0.03216083744068911,0.0,0.0,0.5582776769822438,0.1456948410165001,0.0
FB103764,48,3,13915.43,4638.4766666666665,0.0,0.7315311133037211,0.0,0.0,0.0,0.2684688866962789,0.0,0.0,0.0
FB103765,75,8,136988.85,17123.60625,0.036527790400459594,0.0,0.0,0.0,0.0,0.08140567644738969,0.7121741659996416,0.16989236715250913,0.0
FB103766,13,6,83192.07,13865.345000000001,0.0,0.0,0.5280461226652973,0.0,0.0,0.03937538758201352,0.0,0.26957052517144964,0.16300796458123953
FB103767,44,10,49411.39,4941.139,0.0,0.09441527550631545,0.37159043694176586,0.0580094994291802,0.0,0.0,0.0,0.013539590770468105,0.4624451973522704
FB103768,126,5,76421.24,15284.248000000001,0.0,0.04923408727730669,0.0,0.0,0.0,0.0,0.20426716446893564,0.6731514694082431,0.07334727884551469
FB103769,70,9,111472.58,12385.842222222222,0.0,0.006937849648765642,0.17292656185045685,0.0,0.0,0.0,0.021425089470432996,0.5807745725451048,0.21793592648523968
FB103770,69,7,25832.879999999997,3690.411428571428,0.23376642480435783,0.0,0.3213075739135551,0.0,0.0,0.3727966064952882,0.0,0.0,0.07212939478679883
FB103771,338,5,112130.17,22426.034,0.04207645453493917,0.0,0.0,0.8550542641645866,0.0,0.0,0.00849815888087925,0.02446388871077249,0.06990723370882253
FB103772,69,5,22586.32,4517.264,0.0,0.0,0.0,0.0,0.19653533643373514,0.38265994637461964,0.0,0.0,0.42080471719164525
FB103773,21,10,52921.97,5292.197,0.08825049407646766,0.12962026923789874,0.0,0.0,0.0,0.4973909701396225,0.17473348025404192,0.1100047862919691,0.0
FB103774,67,5,37950.33,7590.066000000001,0.3433414149494879,0.0,0.047627780838796395,0.2966108595103125,0.0,0.0,0.0,0.0,0.3124199447014031
FB103775,32,4,8921.16,2230.29,0.0,0.06886996758269104,0.3515204300785997,0.0,0.0,0.0,0.0,0.5796096023387093,0.0
FB103776,91,4,60378.79,15094.6975,0.0,0.9307894378141729,0.023185294041169095,0.0,0.0,0.0,0.0,0.0,0.04602526814465808
FB103777,280,8,83181.12,10397.64,0.0,0.0,0.02030929614797204,0.01573878784031761,0.4762547077990775,0.2700271407742526,0.004361686882792634,0.0,0.21330838055558762
FB103778,134,4,44502.270000000004,11125.567500000001,0.11209405722449661,0.04786901881634353,0.0,0.0,0.0,0.7847700802678156,0.0,0.055266843691344276,0.0
FB103779,6,5,104058.1,20811.620000000003,0.6022411518180708,0.0,0.0,0.0,0.0,0.02787462004399465,0.0,0.23975442565259214,0.13012980248534234
FB103780,203,4,81092.39,20273.0975,0.4822471011151601,0.03188622261595694,0.0,0.0926243510642614,0.0,0.39324232520462155,0.0,0.0,0.0
FB103781,101,6,70172.81,11695.468333333332,0.0,0.17003081392921277,0.5370169728132591,0.1491486517356224,0.0,0.0,0.037924518057635144,0.10587904346427056,0.0
FB103782,72,5,34131.810000000005,6826.362000000001,0.16820526072306155,0.0,0.0,0.0,0.0,0.27103250604055273,0.07139205333675534,0.4893701798996302,0.0
FB103783,170,10,101787.45,10178.744999999999,0.0,0.22776373708153608,0.0646614096335059,0.059308686876427305,0.0,0.3423697125726207,0.02380971327997705,0.024547819991560846,0.2575389205643721
FB103784,4,7,22815.21,3259.315714285714,0.0,0.02440871681654475,0.8720257231908012,0.05107294651243621,0.0,0.009438440408832528,0.0,0.04305417307138527,0.0
FB103785,369,6,129319.34000000001,21553.223333333335,0.0,0.8763978380959877,0.06836023134668023,0.023533061644143868,0.00757589700040226,0.02109321003339485,0.0,0.0030397618793909713,0.0
FB103786,42,8,39802.0,4975.25,0.0,0.027974473644540476,0.17576503693281745,0.21408069946233857,0.0,0.1270596954926888,0.23286669011607455,0.1068657353901814,0.11538766896135873
FB103787,232,5,73715.07,14743.014000000001,0.0,0.2347551185937964,0.4940171663677455,0.0,0.0,0.13340352250903378,0.0,0.0038593194037528557,0.1339648731256716
FB103788,143,2,27605.440000000002,13802.720000000001,0.0,0.0,0.0,0.0,0.0,0.8637047625395574,0.0,0.13629523746044256,0.0
FB103789,280,2,15656.949999999999,7828.474999999999,0.0,0.0,0.6519283768550068,0.3480716231449931,0.0,0.0,0.0,0.0,0.0
FB103790,97,3,13867.47,4622.49,0.0,0.2692380080865508,0.1275647252166401,0.0,0.0,0.0,0.6031972666968092,0.0,0.0
FB103791,146,4,43277.32,10819.33,0.7580372352077255,0.0,0.0,0.17394122371718024,0.0,0.0,0.0680215410750943,0.0,0.0
FB103792,33,4,14356.91,3589.2275,0.07235261626631358,0.54954722151215,0.15442807679368334,0.0,0.0,0.0,0.0,0.2236720854278532,0.0
FB103793,9,9,93524.63,10391.625555555556,0.0,0.04437323088046432,0.0,0.0,0.0,0.10668120258802413,0.02896862569785093,0.6456316373558495,0.17434530347781113
FB103794,19,5,39146.37,7829.274,0.0,0.0,0.39171345900015764,0.3632640778698,0.0,0.0,0.0,0.24502246313004247,0.0
FB103795,181,5,91416.4,18283.28,0.0,0.0,0.014592458246004001,0.06867487671796309,0.0,0.1706266052918295,0.0,0.0,0.7461060597442035
FB103796,100,8,129539.51999999999,16192.439999999999,0.0697314611016005,0.39417268181941695,0.09034370360489216,0.0,0.0,0.0,0.24562264859403524,0.20012950488005513,0.0
FB103797,189,3,40469.22,13489.74,0.2553498683690963,0.3699984827975434,0.0,0.0,0.0,0.0,0.0,0.3746516488333603,0.0
FB103798,53,8,112122.56,14015.32,0.15119142837980154,0.0,0.0,0.12202227633760772,0.0,0.5308400914142525,0.11699108546932928,0.031363358096711313,0.04759176030229777
FB103799,99,7,65143.40000000001,9306.2,0.031798923605461174,0.029271729753129246,0.0,0.18989030354571604,0.0,0.5220795967051152,0.0,0.0,0.2269594463905783
FB103800,196,4,18314.37,4578.5925,0.0,0.06915990012214453,0.0,0.8558285106176189,0.0,0.0,0.0,0.0,0.07501158926023664
FB103801,400,5,24638.08,4927.616,0.0,0.0,0.24352709302023537,0.2367708847442658,0.0,0.2565824934410474,0.26311952879445155,0.0,0.0
FB103802,34,7,34673.79,4953.398571428572,0.0,0.0,0.28215433040345467,0.0,0.04164355843419483,0.10141925644701663,0.0,0.5661610686342624,0.008621786081071612
FB103803,151,7,126022.96,18003.280000000002,0.01463852301199718,0.8427115185994679,0.0,0.06880825525761337,0.0,0.0,0.0,0.07384170313092155,0.0
FB103804,117,7,25802.59,3686.0842857142857,0.0,0.06717271405699969,0.0,0.05831158810026434,0.0,0.7425421246471768,0.0,0.0,0.13197357319555905
FB103805,20,12,161834.64,13486.220000000001,0.14539989708013068,0.025025173844116438,0.03311275015040043,0.4070094634869272,0.0,0.26380452293773443,0.10944752001178487,0.006332883985777087,0.009867788503128872
FB103806,36,8,70689.87,8836.23375,0.07179996228596827,0.0,0.25569392050091483,0.01866137255592633,0.0,0.0,0.261950121000364,0.04778011333165559,0.3441145103251711
FB103807,228,5,153407.51,30681.502,0.0,0.039621593493043464,0.0,0.5668491718560583,0.0,0.010172122603384931,0.38335711204751316,0.0,0.0
FB103808,72,8,107118.95,13389.86875,0.19670478472763225,0.0,0.0,0.5784649681498931,0.0,0.11117089926665637,0.0,0.004729882061017215,0.10892946579480102
FB103809,43,8,35001.36,4375.17,0.2826144469814887,0.13852204600049828,0.06072192623372349,0.0631278327470704,0.0,0.13947143768127865,0.0,0.31554231035594044,0.0
FB103810,497,4,18313.225,4578.30625,0.0,0.654347063392712,0.0,0.0,0.0,0.0,0.18862324904543026,0.0,0.1570296875618576
FB103811,21,5,73254.85,14650.970000000001,0.011319660063463374,0.0,0.0,0.2408655536118086,0.0,0.34733495461392655,0.0,0.0,0.40047983171080137
FB103812,1,6,101535.91,16922.65166666667,0.07748903811469263,0.0,0.2036934519028785,0.00558344333546624,0.0,0.016321023763907764,0.6969130428830548,0.0,0.0
FB103813,423,4,8165.01,2041.2525,0.0,0.12213702126513011,0.3605212975856735,0.14423864759504276,0.0,0.0,0.37310303355415364,0.0,0.0
FB103814,211,5,49924.05,9984.810000000001,0.02409399878415313,0.0,0.24567137481834908,0.0,0.0,0.0,0.0,0.7302346263974978,0.0
FB103815,43,4,34190.38,8547.595,0.0,0.0,0.6675447889143087,0.2715307639166339,0.0,0.0,0.04483922085686091,0.0,0.016085226312196593
FB103816,328,8,62099.810000000005,7762.476250000001,0.19756276226932096,0.0310129773343912,0.0,0.10252060352519597,0.0,0.23444258525106598,0.0,0.17899265714339543,0.25546841447663043
FB103817,91,9,81357.78,9039.753333333334,0.18083408863909511,0.0,0.0,0.007168828844641533,0.0,0.30156550486013756,0.0,0.5104315776561259,0.0
FB103818,29,8,131510.85,16438.85625,0.0,0.0,0.0,0.0,0.0,0.4570889017902325,0.15782903083661917,0.37938383030753736,0.005698237065610936
FB103819,70,5,15386.28,3077.2560000000003,0.1619995216517573,0.0,0.09009260198046572,0.1059118903334659,0.0,0.0,0.0,0.0,0.6419959860343111
FB103820,136,6,64759.44,10793.24,0.0,0.0,0.28010557225324983,0.4463336928176031,0.0,0.001544176416596561,0.0,0.0,0.2720165585125504
FB103821,45,10,78599.44,7859.944,0.03254654231633202,0.0,0.0,0.0,0.0,0.0,0.1214812726401104,0.1117860381702465,0.734186146873311
FB103822,99,7,70727.66,10103.951428571429,0.0,0.48051950255388065,0.07004020774899099,0.020172588772200295,0.0,0.0,0.0,0.42926770092492805,0.0
FB103823,139,1,653.37,653.37,0.0,0.0,0.0,1.0,0.0,0.0,0.0,0.0,0.0
FB103824,7,3,21040.17,7013.389999999999,0.0,0.0,0.8715248023186125,0.0,0.0,0.0,0.0,0.12847519768138757,0.0
FB103825,169,6,44198.39,7366.3983333333335,0.0,0.0,0.0,0.16686761667110497,0.0,0.04116100156589414,0.0,0.11085087035975745,0.6811205114032435
FB103826,64,5,27832.879999999997,5566.575999999999,0.19288769254205818,0.06525447600104625,0.0,0.0,0.0,0.20785272670309363,0.0,0.3928522668153637,0.1411528379384383
FB103827,53,3,103786.43,34595.47666666666,0.0,0.03920801592269819,0.9103396272518479,0.0,0.0,0.0,0.05045235682545397,0.0,0.0
FB103828,21,9,278069.61,30896.623333333333,0.0,0.006640783219712503,0.20158484776527721,0.5033603276532089,0.0,0.060856020907858285,0.05035098945188581,0.1697292271528701,0.0074778038491872595
FB103829,282,6,55152.68,9192.113333333333,0.20959489185294353,0.2330476053022265,0.0,0.0,0.1166102898354169,0.0,0.09124144103242127,0.3495057719769919,0.0
FB103830,259,5,98946.59,19789.318,0.5333446054078266,0.0,0.03645219102548153,0.3823507207272125,0.0,0.04785248283947936,0.0,0.0,0.0
FB103831,135,5,39464.009999999995,7892.801999999999,0.12368459261995932,0.0,0.0,0.0,0.0,0.04646385402801186,0.04506739178304486,0.09557138263445607,0.689212778934528
FB103832,6,4,17419.06,4354.765,0.01168949415180842,0.18494051917841717,0.0,0.19775292122537036,0.0,0.0,0.605617065444404,0.0,0.0
FB103833,105,8,91546.11,11443.26375,0.4788101864732428,0.0,0.0,0.24384127299346744,0.0,0.0,0.25593015366791666,0.0,0.02141838686537309
FB103834,109,6,144473.6,24078.933333333334,0.41670699698768493,0.3895487480065562,0.0,0.06393562560910782,0.0,0.0,0.021842260454505182,0.0,0.10796636894214583
FB103835,292,5,40254.57,8050.914,0.0,0.0,0.0,0.0,0.0,0.15881327262966666,0.8411867273703334,0.0,0.0
FB103836,155,9,586636.1341500111,65181.79268333457,0.0,0.0025243245579231965,0.0,0.0,0.0039023849141461156,0.13928165219210004,0.00891644700267037,0.02552116913441193,0.8198540221987483
FB103837,150,6,35706.07,5951.011666666666,0.07288872732283334,0.0,0.17400542820870513,0.0,0.0,0.6533625795277945,0.0,0.09974326494066696,0.0
FB103838,148,8,27593.940000000002,3449.2425000000003,0.0,0.2792511689160736,0.05917603647757443,0.056658817117091656,0.0,0.0,0.3198209461932584,0.23175523321424926,0.053337798081752735
FB103839,47,6,33405.13,5567.5216666666665,0.3361723184433049,0.22769227361186736,0.1445706093644898,0.0,0.0,0.0,0.058693979038548866,0.13193392751352861,0.10093689202826031
FB103840,168,9,196466.61000000002,21829.623333333337,0.03397875089309069,0.6833356568833757,0.0,0.0,0.0,0.02899653025010204,0.0757551117719189,0.14956785786653518,0.028366092334977427
FB103841,44,11,169466.45,15406.04090909091,0.07297881085017122,0.12018284445092228,0.011185812885087283,0.3854964802767745,0.0,0.0,0.07491040261951554,0.32448882949988034,0.010756819417648745
FB103842,44,5,105343.57,21068.714,0.05079208916120841,0.03372526676284086,0.0,0.0,0.06969775184190169,0.0854094844137141,0.0,0.0,0.7603754078203349
FB103843,28,5,31144.940000000002,6228.988,0.04489300669707503,0.0,0.0,0.06645702319542116,0.0,0.0,0.0,0.4025803228389587,0.48606964726854507
FB103844,65,7,52303.67,7471.952857142857,0.47296795808018827,0.0,0.0,0.25163912972072516,0.0,0.004418619190584523,0.01615718361636956,0.25481710939213253,0.0
FB103845,173,7,53865.19,7695.027142857143,0.03009791666937404,0.020048012454796874,0.20516144099742337,0.0,0.0,0.0,0.0,0.0,0.7446926298784057
FB103846,40,7,89421.35,12774.478571428572,0.0,0.0,0.0,0.0,0.0,0.007152206939394228,0.03353572720608669,0.8902618893586376,0.06905017649588158
FB103847,81,4,143579.53,35894.8825,0.0,0.5399060715688371,0.44300186802394464,0.017092060407218217,0.0,0.0,0.0,0.0,0.0
FB103848,167,5,13334.29,2666.858,0.0,0.32747750348912463,0.16682403037582053,0.14078439871939188,0.0,0.0,0.0450080206745166,0.0,0.3199060467411463
FB103849,19,7,142659.62,20379.945714285714,0.0,0.21906346028399634,0.0,0.31503974285085024,0.0,0.0,0.0,0.42770918638364525,0.03818761048150837
FB103850,54,5,232261.4,46452.28,0.015808696580662994,0.08473771362783485,0.0,0.0,0.07687381545103922,0.8225797743404629,0.0,0.0,0.0
FB103851,56,6,72723.94,12120.656666666668,0.0,0.6649180448694061,0.0,0.010293446697194899,0.0,0.009766385044594669,0.01989812433154749,0.0,0.29512399905725684
FB103852,193,7,80903.13,11557.59,0.6906317468804977,0.0711772214498994,0.03362787076346737,0.020870267936481567,0.0,0.04725255994421971,0.13644033302543424,0.0,0.0
FB103853,533,3,18868.69,6289.563333333333,0.0,0.0,0.0,0.6289201847081064,0.0,0.0,0.0,0.37107981529189366,0.0
FB103854,89,9,33357.840000000004,3706.426666666667,0.0,0.14016495072822463,0.0,0.38424670182481846,0.0,0.08027018535972354,0.0,0.0,0.39531816208723347
FB103855,28,14,87754.37,6268.169285714285,0.0,0.3576890814668261,0.20270922120459642,0.03108301045292673,0.0,0.005393235687293977,0.10253403904557686,0.277932141726959,0.022659270415820887
FB103856,159,5,22649.47,4529.894,0.2939110716498002,0.2381993927451724,0.0,0.0,0.0,0.0,0.0,0.12439452225592915,0.3434950133490982
FB103857,202,9,200296.19,22255.132222222222,0.11407745699007055,0.0,0.0,0.0,0.0,0.013947494458082304,0.0,0.06581892546233654,0.8061561230895106
FB103858,64,4,54765.11000000001,13691.277500000002,0.0,0.0,0.05778240927481018,0.28806734798852773,0.0,0.0,0.0,0.0,0.6541502427366621
FB103859,43,6,40678.51,6779.751666666667,0.12794716423979147,0.05089714446276424,0.0,0.7160072972190967,0.0,0.1051483940783475,0.0,0.0,0.0
FB103860,52,6,19418.25,3236.375,0.4778087623756002,0.10455061604418524,0.0,0.0,0.0,0.04703513447401285,0.0,0.02567739111402933,0.3449280959921723
FB103861,1,6,56138.31,9356.385,0.0,0.13106361769707708,0.7129639278417893,0.09075210849774423,0.0,0.036599249247082785,0.0,0.028621096716306565,0.0
FB103862,6,10,63321.39,6332.139,0.06969414284809604,0.08748528735708423,0.44319447188382943,0.2566650858422407,0.0,0.0,0.10242621016373772,0.04053480190501188,0.0
FB103863,118,7,31441.9,4491.7,0.0,0.0,0.0,0.301800781759372,0.0,0.17638278857193743,0.5218164296686906,0.0,0.0
FB103864,127,14,115547.13,8253.36642857143,0.15609717004654292,0.08695845582663976,0.030346145334808405,0.10543264899785915,0.0,0.6089767872209374,0.012188792573212336,0.0,0.0
FB103865,65,4,84535.84999999999,21133.962499999998,0.08997519987082403,0.0,0.0,0.910024800129176,0.0,0.0,0.0,0.0,0.0
FB103866,7,5,27871.5,5574.3,0.43562240998869817,0.0,0.010017760077498519,0.0,0.4269368351183109,0.0,0.11051324830023501,0.01690974651525752,0.0
FB103867,447,6,19696.89,3282.815,0.0,0.0,0.5705667239853601,0.13583921116480827,0.0,0.0,0.0,0.0,0.2935940648498316
FB103868,138,5,77776.88,15555.376,0.02116425858172763,0.6603174362355497,0.0,0.041812296919084446,0.0,0.0,0.0,0.2048858221106324,0.0718201861530059
FB103869,49,5,37055.71000000001,7411.142000000002,0.26329599405867543,0.0,0.0,0.5232238162485618,0.0,0.06894753871940383,0.14453265097335874,0.0,0.0
FB103870,110,6,81772.38999999998,13628.731666666665,0.01815038058689492,0.5362500716929027,0.0,0.37323869340250426,0.0,0.05969851193049391,0.0,0.012662342387204291,0.0
FB103871,41,7,85170.33,12167.19,0.0,0.008761736628236616,0.0,0.0,0.0,0.08211274982731662,0.0,0.6283665919810338,0.280758921563413
FB103872,583,1,307.0,307.0,1.0,0.0,0.0,0.0,0.0,0.0,0.0,0.0,0.0
FB103873,92,6,60498.87,10083.145,0.0,0.3487884980331038,0.0,0.11212027596548498,0.0,0.0,0.18403087528742273,0.0,0.35506035071398856
FB103874,115,7,111701.92,15957.417142857143,0.0,0.0,0.0,0.018347938871596838,0.0,0.005885753799039444,0.6626261213773228,0.0,0.31314018595204096
FB103875,2,5,475068.84415001114,95013.76883000223,0.00954703735227023,0.0,0.0,0.0002934732549120307,0.0,0.0,0.0,0.9901594893928177,0.0
FB103876,93,6,46332.689999999995,7722.114999999999,0.05988838550060443,0.0,0.3617821456082088,0.09642824537060118,0.0,0.047762821455002935,0.0,0.4341384020655826,0.0
FB103877,162,3,24003.28,8001.093333333333,0.0,0.0,0.0,0.0,0.0,0.0,0.0,0.3303481857479478,0.6696518142520522
FB103878,234,6,29864.98,4977.496666666667,0.2222636680151803,0.0,0.0,0.24726016893364738,0.0,0.0,0.0,0.5304761630511723,0.0
FB103879,167,5,62365.47,12473.094000000001,0.0,0.0,0.2246995011823049,0.039679649652283544,0.0,0.0,0.6418197441629158,0.09380110500249578,0.0
FB103880,83,6,86501.62,14416.936666666666,0.17159019680787482,0.24897290940909544,0.19730127597610314,0.0,0.0,0.07251875745217258,0.0,0.0,0.30961686035475405
FB103881,56,6,22474.09,3745.681666666667,0.0,0.11909447724023531,0.06475412352624733,0.39670393773452006,0.0,0.0,0.0,0.4194474614989973,0.0
FB103882,19,6,85504.36,14250.726666666667,0.006642468290505889,0.04660253582390419,0.40862044929638686,0.5381345465892032,0.0,0.0,0.0,0.0,0.0
FB103883,26,6,34369.08,5728.18,0.39391394823486686,0.0,0.0,0.0,0.0,0.17791834986563504,0.33013452789542225,0.09803317400407575,0.0
FB103884,36,7,45446.25,6492.321428571428,0.0,0.0,0.07617196138295239,0.2045216051929477,0.23677839205655032,0.04188024314437385,0.0,0.06906378414060566,0.37158401408257
FB103885,375,4,42095.19,10523.7975,0.060817874916350295,0.5639608705887774,0.0,0.0,0.03267214140142852,0.34254911309344366,0.0,0.0,0.0
FB103886,54,12,120871.34,10072.611666666666,0.0,0.065669247978884,0.04708858195830376,0.14787285389572086,0.0,0.062441683859879436,0.17194464792067335,0.32543132226382204,0.17955166212271662
FB103887,40,8,91874.78,11484.3475,0.0,0.2744320040820778,0.0,0.0,0.0,0.43572164200012237,0.0,0.12930196948498815,0.1605443844328117
FB103888,30,9,93336.81,10370.756666666666,0.05838736078509647,0.0,0.009331152414572557,0.3556477878341889,0.5273892476076695,0.013727167234449089,0.0,0.035517284124023524,0.0
FB103889,15,5,23661.059999999998,4732.2119999999995,0.2585792859660556,0.0,0.04296764388408634,0.5926412426155041,0.0,0.1058118275343539,0.0,0.0,0.0
FB103890,30,8,74729.8,9341.225,0.07754135565731475,0.3916461706039625,0.0,0.08761123407261895,0.0,0.4432012396661038,0.0,0.0,0.0
FB103891,79,6,46466.04,7744.34,0.514433336690624,0.0,0.03866565775779473,0.31891204845517285,0.0,0.0,0.013677300669478181,0.0,0.11431165642693028
FB103892,55,6,484505.2941500111,80750.88235833518,0.005257940482299973,0.0028494012690242305,0.0,0.0,0.0,0.0,0.0,0.010262612318247433,0.9816300459304284
FB103893,130,5,16634.73,3326.946,0.0,0.0,0.1846774789852315,0.2051653378203313,0.0,0.0,0.0,0.6101571831944371,0.0
FB103894,304,2,47698.079999999994,23849.039999999997,0.0,0.06294257546635001,0.93705742453365,0.0,0.0,0.0,0.0,0.0,0.0
FB103895,139,6,29835.449999999997,4972.575,0.3936924028295199,0.0,0.042943545346224035,0.0,0.0,0.51870006988331,0.0,0.04466398194094608,0.0
FB103896,20,6,46739.600000000006,7789.933333333334,0.041686706775410996,0.0,0.05315963337298564,0.0,0.0,0.39653719757978245,0.48178867598353425,0.026827786288286592,0.0
FB103897,119,11,240397.73,21854.339090909092,0.3754603256861036,0.00868785241857317,0.2869171019210539,0.0,0.0,0.01404992468106916,0.0976588672447115,0.21722592804848864,0.0
FB103898,57,3,41050.399999999994,13683.466666666665,0.0,0.2492416639058328,0.0,0.0,0.0,0.0,0.5528199481612847,0.1979383879328825,0.0
FB103899,199,3,42407.93,14135.976666666667,0.6637999072343309,0.023268053875772764,0.0,0.0,0.0,0.0,0.3129320388898963,0.0,0.0
FB103900,29,3,12987.970000000001,4329.323333333334,0.4417965240141454,0.0,0.0,0.0,0.0,0.0,0.01200418541157702,0.0,0.5461992905742775
FB103901,143,5,58151.61,11630.322,0.0,0.026576048367362486,0.0,0.0100759033154886,0.0,0.0,0.0,0.0,0.9633480483171488
FB103902,108,10,98765.25,9876.525,0.1889512758789149,0.3413683456478873,0.24937303353153056,0.025780626283029708,0.0,0.0,0.10931294154573597,0.05793940682578133,0.02727437028712022
FB103903,143,3,38011.33,12670.443333333335,0.6831594685058375,0.3168405314941624,0.0,0.0,0.0,0.0,0.0,0.0,0.0
FB103904,193,5,56099.48,11219.896,0.4939361291762419,0.15093455411707915,0.0,0.13753870802367507,0.0,0.017843124392596863,0.19974748429040695,0.0,0.0
FB103905,29,7,18412.27,2630.324285714286,0.2785289374965716,0.0,0.054604348078754,0.0,0.0,0.24771416017688203,0.0,0.2983760285939756,0.12077652565381672
FB103906,82,6,31445.670000000002,5240.945000000001,0.0,0.0,0.06397669377055727,0.0,0.0,0.08432734936161322,0.8173898027931986,0.03430615407463094,0.0
FB103907,116,4,27541.05,6885.2625,0.5689096820927307,0.10084836997863189,0.0,0.0,0.0,0.0,0.0,0.1963839432410892,0.13385800468754824
FB103908,63,4,66554.95999999999,16638.739999999998,0.013136812042258009,0.007482237236713839,0.005104653357165267,0.0,0.974276297363863,0.0,0.0,0.0,0.0
FB103909,218,3,9019.62,3006.5400000000004,0.45384617090298707,0.0,0.0,0.0,0.0,0.0,0.0,0.5461538290970129,0.0
FB103910,121,8,53008.340000000004,6626.0425000000005,0.26576874506917214,0.07539907871101037,0.45850388825607435,0.0,0.0,0.09209286689603936,0.0,0.10823542106770367,0.0
FB103911,115,5,21422.9,4284.58,0.15993026154255494,0.0,0.3137535067614562,0.0,0.0,0.0,0.4302059945198829,0.0,0.09611023717610594
FB103912,8,3,11417.15,3805.7166666666667,0.3863634970198342,0.191461967303574,0.4221745356765918,0.0,0.0,0.0,0.0,0.0,0.0
FB103913,130,5,23056.93,4611.386,0.150917750108102,0.0,0.0,0.0,0.0,0.0,0.0,0.849082249891898,0.0
FB103914,52,5,36720.69,7344.138000000001,0.3169439354216928,0.0,0.20952574692904738,0.06365376031877397,0.0,0.4098765573304859,0.0,0.0,0.0
FB103915,137,3,16061.79,5353.93,0.0,0.0,0.0,0.0,0.0,0.472358311246754,0.0,0.527641688753246,0.0
FB103916,91,4,56312.869999999995,14078.217499999999,0.0,0.0,0.0,0.0,0.0,0.6648769632945364,0.0,0.10086788330980112,0.23425515339566252
FB103917,109,5,22306.5,4461.3,0.14686436688857507,0.0,0.21608185954766546,0.0,0.0,0.0,0.6370537735637594,0.0,0.0
FB103918,140,6,41524.39,6920.731666666667,0.007793491969418455,0.45880433162293294,0.0,0.0,0.0,0.07560592702264861,0.30077190778720647,0.0,0.1570243415977935
FB103919,241,3,16672.4,5557.466666666667,0.0,0.0,0.4924048127444159,0.0,0.0,0.09023415944914949,0.4173610278064345,0.0,0.0
FB103920,152,4,26946.31,6736.5775,0.7565006117720757,0.1141722187564828,0.0,0.0,0.0,0.12932716947144154,0.0,0.0,0.0
FB103921,79,8,82152.20999999999,10269.026249999999,0.0,0.0,0.0,0.2578023159693452,0.0,0.0,0.6130123584015573,0.1291853256290975,0.0
FB103922,20,4,43489.29,10872.3225,0.24898842910518887,0.0,0.0,0.6182269243760935,0.0,0.0,0.1327846465187176,0.0,0.0
FB103923,141,8,57381.22,7172.6525,0.247158216573297,0.3022610882096965,0.13456981221382186,0.0,0.0,0.0,0.0,0.02274454952334579,0.2932663334798389
FB103924,71,8,47264.24,5908.03,0.12317663417416636,0.0,0.0,0.09764676211867578,0.0,0.017487428127480734,0.7429585242458145,0.0,0.018730651333862557
FB103925,520,2,9698.470000000001,4849.235000000001,0.0,0.7962049684125434,0.0,0.0,0.0,0.20379503158745654,0.0,0.0,0.0
FB103926,453,2,13442.9,6721.45,0.0,0.0,0.0,0.8536952592074627,0.0,0.14630474079253733,0.0,0.0,0.0
FB103927,115,5,20961.88,4192.376,0.0,0.0,0.0,0.029795991580907816,0.0,0.0,0.6585306279780248,0.18131293567180037,0.13036044476926686
FB103928,64,7,57266.630000000005,8180.947142857143,0.0,0.0,0.02883808598480476,0.0,0.0,0.2022439595275643,0.22592127387275973,0.08696059118547748,0.45603608942939367
FB103929,27,7,29870.94,4267.277142857142,0.22638691651484685,0.0,0.044077621929540886,0.0,0.0,0.0,0.5181607944041935,0.0,0.21137466715141873
FB103930,68,9,89535.03,9948.336666666666,0.17594945799426212,0.04600098978020111,0.28758297171509295,0.0,0.0,0.0,0.0,0.49046658051044373,0.0
FB103931,106,6,28797.94,4799.656666666667,0.15416415201920694,0.0,0.0,0.328380085520006,0.0,0.0,0.0,0.01480348941625686,0.5026522730445303
FB103932,52,8,80469.70999999999,10058.713749999999,0.0,0.01823356887952001,0.0,0.1767534641295464,0.0,0.013996073802179728,0.2731202833960754,0.0,0.5178966097926785
FB103933,353,7,62941.850000000006,8991.692857142858,0.0,0.0,0.7549296692105492,0.0,0.0,0.06466095292718596,0.0,0.13492199546088968,0.04548738240137523
FB103934,139,11,239092.12,21735.647272727274,0.0522521612171911,0.6994000471450085,0.012781517015282646,0.14475495888363032,0.0,0.042639590129528324,0.04817172560935927,0.0,0.0
FB103935,40,10,57148.33,5714.8330000000005,0.056664647943343215,0.0,0.36672970146284234,0.13988020297356019,0.0,0.07785914304057528,0.20664453361979251,0.08619849433920465,0.06602327662068164
FB103936,141,6,110085.84999999999,18347.641666666666,0.0,0.0,0.24600836528945363,0.0,0.0,0.0,0.03569950179791499,0.0,0.7182921329126314
FB103937,1,9,67715.045,7523.893888888889,0.27425456189241254,0.6407671293728003,0.0,0.0,0.0,0.08497830873478708,0.0,0.0,0.0
FB103938,400,4,29515.320000000003,7378.830000000001,0.05903374925293035,0.2101508640258686,0.0,0.0,0.0,0.02407800423644399,0.7067373824847571,0.0,0.0
FB103939,17,6,50995.81,8499.301666666666,0.0,0.0,0.3137612678374949,0.447602852077455,0.0,0.0,0.11620523333191492,0.06793950326507217,0.05449114348806305
FB103940,25,8,44889.979999999996,5611.2474999999995,0.0,0.31482103578571435,0.20014689246909892,0.06718604018090452,0.0,0.0,0.037438644436909974,0.08523060157300137,0.29517678555437094
FB103941,46,4,9234.029999999999,2308.5074999999997,0.1882861545825604,0.0,0.11600027290359682,0.0,0.0,0.6957135725138429,0.0,0.0,0.0
FB103942,138,2,12457.52,6228.76,0.0,0.8380006614478643,0.0,0.16199933855213555,0.0,0.0,0.0,0.0,0.0
FB103943,14,9,63645.62,7071.735555555556,0.07624059597502547,0.4259557845457394,0.0,0.0,0.019731444206215604,0.05631636552523175,0.26506301611956956,0.15669279362821825,0.0
FB103944,255,5,28025.71,5605.142,0.0,0.0,0.0,0.32024915693482875,0.0,0.04281497239499017,0.0,0.37031532831817643,0.2666205423520046
FB103945,29,6,52660.19,8776.698333333334,0.09502244484875576,0.0,0.21727456737243064,0.0,0.0,0.0,0.23721410803872905,0.45048887974008445,0.0
FB103946,159,7,141950.64,20278.66285714286,0.0,0.07632293873419661,0.0,0.04397923109046919,0.0,0.7483674606891522,0.0,0.0,0.13133036948618196
FB103947,259,3,93914.40999999999,31304.80333333333,0.02043286009037378,0.0,0.9268203889051743,0.05274675100445182,0.0,0.0,0.0,0.0,0.0
FB103948,34,7,648914.4541500111,92702.06487857302,0.006046837106040031,0.0,0.0,0.19057294718759943,0.724541580393464,0.062490486597522654,0.0,0.0,0.016348148715373805
FB103949,31,10,96866.85,9686.685000000001,0.07448987966471503,0.0,0.0,0.005995549561072751,0.0,0.09572686631184973,0.768173322452418,0.005324009194063811,0.05029037281588077
FB103950,86,8,35711.2,4463.9,0.4059337126727749,0.14026887923116554,0.0,0.08498594278545665,0.0,0.2216727525258182,0.06461334259280001,0.0,0.08252537019198458
FB103951,30,8,36788.68,4598.585,0.08125950700052298,0.5919940590420749,0.07331005080910759,0.0,0.0,0.0,0.015191357776359467,0.23824502537193504,0.0
FB103952,566,2,81448.87,40724.435,0.0,0.0,0.0,0.0,0.0,0.0,0.0,1.0,0.0
FB103953,68,9,25982.72,2886.968888888889,0.25047339154638154,0.09002059830533524,0.1205135567023006,0.0,0.0,0.0,0.29139289497019555,0.0,0.24759955847578696
FB103954,494,7,243879.27000000002,34839.89571428572,0.0,0.0,0.0,0.0,0.0,0.211243169622412,0.019787495673576523,0.45994536559011356,0.30902396911389807
FB103955,53,6,67660.01999999999,11276.669999999998,0.0,0.13716682318450393,0.0,0.0763198119066474,0.0,0.13715618174514285,0.0,0.0,0.6493571831637059
FB103956,160,5,16405.55,3281.1099999999997,0.0,0.0,0.0953335913760892,0.6553361514853205,0.0,0.03616276199213071,0.2131674951464596,0.0,0.0
FB103957,23,7,81902.64,11700.377142857144,0.0,0.2905927086111022,0.18382521002985985,0.0,0.0,0.1741214935196228,0.30324846671609124,0.0,0.04821212112332399
FB103958,39,8,539246.8941500111,67405.86176875139,0.01845514570035061,0.0,0.05528693873516561,0.03979685415495417,0.0,0.005480346817125825,0.00542794039567662,0.8718928365662826,0.0036599376304445965
FB103959,65,8,97729.88,12216.235,0.06788701674452072,0.4587005529936187,0.33978287909490934,0.0,0.0,0.03143941238851414,0.0687769185841628,0.03341322019427426,0.0
FB103960,91,6,26663.5,4443.916666666667,0.036045530406735804,0.09486564029478502,0.290350854163932,0.0,0.0,0.05834267819303543,0.48174320700583195,0.0,0.03865208993567986
FB103961,65,9,155731.45,17303.494444444445,0.017243658875583576,0.0,0.5029131238423581,0.2593198740524152,0.0,0.03817128781630172,0.04044327590862346,0.0,0.1419087795047179
FB103962,110,5,54781.34,10956.268,0.0,0.4773647377008302,0.4992526652323583,0.0,0.0,0.01678564270242385,0.006596954364387581,0.0,0.0
FB103963,143,3,14538.64,4846.213333333333,0.0,0.20596011731496208,0.794039882685038,0.0,0.0,0.0,0.0,0.0,0.0
FB103964,230,5,50912.91,10182.582,0.0,0.0,0.0,0.0,0.7144111385501241,0.2776187807768207,0.0,0.007970080673055222,0.0
FB103965,61,7,120307.10999999999,17186.73,0.12048506526339134,0.0,0.0,0.5621318640269889,0.0,0.0,0.0,0.2162035144888777,0.10117955622074208
FB103966,46,5,19088.73,3817.746,0.06765719877645082,0.0,0.3173935615412864,0.33633824775142196,0.0,0.0,0.0,0.2786109919308409,0.0
FB103967,288,6,49221.45,8203.574999999999,0.0,0.0,0.16951247880751175,0.0,0.0,0.0,0.0,0.0,0.8304875211924883
FB103968,135,6,10785.76,1797.6266666666668,0.0,0.0,0.4156016822180356,0.0,0.0,0.14534070848971234,0.27250467282787677,0.08080283633234932,0.08575010013202593
FB103969,117,7,19873.83,2839.1185714285716,0.10267019492468235,0.016683246259025057,0.0,0.09262482370031341,0.0,0.29473835692465916,0.4932833781913199,0.0,0.0
FB103970,64,6,146922.95500000002,24487.159166666668,0.5658808046707201,0.03447347625154966,0.0,0.28319114599893525,0.0,0.0071650478306810525,0.10928952524811388,0.0,0.0
FB103971,47,7,66772.97,9538.995714285715,0.1642345697667784,0.09343885707045829,0.041702203751008825,0.6347472637505864,0.0,0.0,0.0,0.06587710566116799,0.0
FB103972,78,7,27841.15,3977.307142857143,0.4380982825781263,0.13376423028502776,0.0,0.20092022060870332,0.0,0.21237951736907423,0.0,0.0,0.014837749159068504
FB103973,41,5,52978.35,10595.67,0.0,0.04277011269697904,0.0,0.0,0.290822571861902,0.0,0.2870006332775558,0.379406682163563,0.0
FB103974,180,6,53458.38,8909.73,0.0333214362275849,0.0,0.7321869835935919,0.1780519723942252,0.0,0.025731980654857104,0.02505481834653426,0.0056528087832066745,0.0
FB103975,331,4,118337.35,29584.3375,0.7425484008218877,0.0,0.03446959053925071,0.0,0.0,0.0,0.0,0.0,0.22298200863886167
FB103976,56,6,76621.11,12770.185,0.2934749966425702,0.07710877589739955,0.0,0.0,0.0,0.568991234922073,0.0,0.060424992537957224,0.0
FB103977,7,6,32637.01,5439.501666666666,0.0,0.22203810949593727,0.0,0.0474954660368704,0.0,0.13142349743435444,0.22234236530858678,0.15377419683972274,0.2229263648845283
FB103978,513,1,2771.75,2771.75,1.0,0.0,0.0,0.0,0.0,0.0,0.0,0.0,0.0
FB103979,4,4,26566.13,6641.5325,0.0,0.16845886096318885,0.0,0.0,0.0,0.0,0.0,0.7144194506313114,0.11712168840549977
FB103980,545,3,77704.74,25901.58,0.0,0.20179103617102379,0.0,0.0,0.0,0.0,0.0,0.0,0.7982089638289762
FB103981,13,8,157714.68,19714.335,0.167821029722788,0.007150444080411538,0.0,0.17219500429509796,0.0,0.0,0.0,0.564639322097347,0.08819419980435557
FB103982,259,5,43924.55,8784.91,0.21969445332963,0.0,0.0269992521266581,0.0,0.0,0.0,0.10656682880075036,0.6042384042636748,0.04250106147928664
FB103983,66,9,32110.53,3567.8366666666666,0.0,0.02783230298596753,0.40185789521381304,0.0,0.0,0.12476841708934731,0.06347948788138968,0.32733343236626733,0.05472846446321502
FB103984,41,7,95632.49,13661.784285714286,0.69833432131695,0.0,0.0,0.14467426289956478,0.0,0.0,0.13411550823365576,0.0025279065723374976,0.020348000977492068
FB103985,46,6,36003.75,6000.625,0.25837836336492725,0.46941554699163285,0.0,0.10344033607610317,0.0,0.0,0.16876575356733672,0.0,0.0
FB103986,450,1,8560.96,8560.96,0.0,1.0,0.0,0.0,0.0,0.0,0.0,0.0,0.0
FB103987,45,6,28739.010000000002,4789.835,0.05490377017162387,0.04983609386683814,0.4630378708243604,0.0,0.0,0.0,0.013811192521941433,0.0,0.4184110726152363
FB103988,5,5,36172.86,7234.572,0.6670940589159938,0.0,0.08171430182739214,0.0,0.0,0.04555238374847883,0.0,0.2056392555081351,0.0
FB103989,37,7,100038.49,14291.212857142858,0.03203716889369281,0.0,0.033905049946275675,0.0,0.0,0.0,0.7685299928057691,0.10138027873071655,0.0641475096235459
FB103990,100,2,23609.47,11804.735,0.38011145527620904,0.0,0.0,0.0,0.0,0.0,0.6198885447237908,0.0,0.0
FB103991,1,5,57316.869999999995,11463.374,0.0,0.0,0.30651115456932665,0.0,0.03379807725020574,0.0,0.0,0.06473382095009723,0.5949569472303704
FB103992,117,2,6995.32,3497.66,0.0,0.0,0.0,0.0,0.0,0.0,0.0,1.0,0.0
FB103993,153,8,114082.24,14260.28,0.40957093759729823,0.02167953574544118,0.0,0.44591270297637914,0.0,0.0,0.12283682368088143,0.0,0.0
FB103994,65,9,95905.69,10656.187777777777,0.2864551623579373,0.19550185187135405,0.0,0.0,0.0,0.0,0.05247040086985453,0.22633213941737973,0.23924044548347445
FB103995,106,6,44787.57,7464.595,0.33700533429252805,0.0,0.02898393460507011,0.0,0.0,0.16394347806768705,0.0,0.0,0.47006725303471475
FB103996,160,5,32219.17,6443.834,0.0,0.0,0.0,0.03328329066204995,0.0,0.4297426035493776,0.0,0.5142581264508056,0.022715979337766926
FB103997,102,6,22398.690000000002,3733.1150000000002,0.48568777906207905,0.0,0.0,0.14980251077183532,0.0,0.21898200296535197,0.0,0.1455277072007336,0.0
FB103998,224,5,332265.2,66453.04000000001,0.03093522884731835,0.0,0.0,0.0,0.0,0.0,0.0,0.9579965942867323,0.011068176865949247
FB103999,237,6,15282.47,2547.0783333333334,0.0,0.0,0.0,0.3003742196124056,0.0,0.5786623497379678,0.12096343064962668,0.0,0.0
FB104000,39,7,90074.98,12867.854285714286,0.2647270085433269,0.0,0.0,0.0,0.0,0.0,0.5728049009836028,0.0,0.16246809047307031
FB104001,12,9,100506.95,11167.438888888888,0.02214025995217246,0.0,0.0,0.09583396969065323,0.0,0.6227843945120214,0.01565085797549324,0.19694807175026208,0.04664244611939772
FB104002,27,11,112354.76,10214.06909090909,0.07028095649886129,0.0,0.3741711521612436,0.15714278593982134,0.0,0.0,0.11999838725123886,0.2100500236928102,0.06835669445602484
FB104003,137,4,71542.08,17885.52,0.0,0.11532723119037075,0.0,0.0,0.0,0.4457756889371961,0.1504633357039661,0.0,0.288433744168467
FB104004,72,7,41836.57,5976.652857142857,0.10694758198389588,0.0,0.10427599585721295,0.0,0.0,0.07049000431918773,0.0,0.6845441679372853,0.033742249902417906
FB104005,88,14,129846.99,9274.785,0.0,0.3325380896391976,0.0,0.2310371615083261,0.0,0.055357078358150624,0.04684852532969767,0.21363321552544268,0.12058592963918531
FB104006,244,4,8310.57,2077.6425,0.0,0.0,0.0,0.0,0.0,0.20488967664071178,0.26995621238976386,0.5251541109695244,0.0
FB104007,13,2,27642.17,13821.085,0.0,0.0,0.0,0.0,0.0,0.8045366915839097,0.19546330841609036,0.0,0.0
FB104008,38,2,48828.090000000004,24414.045000000002,0.0,0.0,0.08084055714651135,0.9191594428534886,0.0,0.0,0.0,0.0,0.0
FB104009,66,12,152636.8,12719.733333333332,0.4593489250298749,0.10390738013375543,0.019133721356841864,0.011879966037023838,0.0,0.33780418614646013,0.0,0.007371747835384391,0.06055407346065956
FB104010,8,6,27441.440000000002,4573.573333333334,0.054622862357077466,0.0392399232693328,0.0,0.0,0.0,0.0,0.0,0.6734030721419867,0.232734142231603
FB104011,138,5,17613.949999999997,3522.7899999999995,0.4348814434013949,0.1988889488161372,0.18468997584301078,0.0,0.0,0.0,0.0,0.0,0.18153963193945707
FB104012,3,5,13145.65,2629.13,0.0,0.0,0.2182181938511979,0.0,0.0,0.07731683104296858,0.4553917075230209,0.1321304005507525,0.11694286703206001
FB104013,130,3,7679.9800000000005,2559.9933333333333,0.0,0.0,0.2904695064310064,0.0,0.0,0.36391501019533906,0.0,0.0,0.34561548337365466
FB104014,41,9,114289.85,12698.872222222222,0.08246200340625173,0.025046756120512888,0.6201825446441657,0.0,0.0,0.16921371407872177,0.020186394504848854,0.012035626960749357,0.0708729602847497
FB104015,230,5,27968.88,5593.776,0.3008887020145247,0.0,0.0,0.36427415041288747,0.0,0.0,0.0,0.27166801101795995,0.06316913655462786
FB104016,22,6,132774.35,22129.058333333334,0.0,0.13100926496721693,0.0,0.1122488643326064,0.0,0.0,0.5859190423451518,0.0,0.17082282835502488
FB104017,466,4,44925.42,11231.355,0.0,0.0,0.0,0.7372741312156904,0.11355397456495678,0.0,0.0,0.14917189421935287,0.0
FB104018,63,4,40668.57,10167.1425,0.5276450585796353,0.0,0.0,0.1288690504731295,0.0,0.0,0.0,0.0,0.3434858909472352
FB104019,122,8,59422.0,7427.75,0.3587491164888425,0.09383056780317055,0.0,0.42495254282925515,0.0,0.024878159604187,0.0,0.0,0.09758961327454478
FB104020,285,6,121742.63,20290.438333333335,0.0,0.06826162700772935,0.0,0.22473976453441166,0.0,0.6309161384142925,0.0,0.0,0.0760824700435665
FB104021,60,4,37010.21,9252.5525,0.0,0.09796837143047823,0.060745940106797555,0.0,0.0,0.5264358132526132,0.0,0.0,0.31484987521011093
FB104022,148,5,52436.46,10487.292,0.0,0.0,0.0,0.6980585645941774,0.0,0.0,0.13973387982331376,0.0,0.1622075555825088
FB104023,68,9,134565.46,14951.717777777776,0.0,0.050711601624963784,0.035687538243469014,0.011794111208032133,0.0,0.4084788919831285,0.0,0.38891376732186694,0.10441408961853954
FB104024,108,6,22358.22,3726.3700000000003,0.4223677019011352,0.06419920727141964,0.0,0.0,0.0,0.0,0.0,0.3754789066392584,0.1379541841881867
FB104025,100,5,26604.04,5320.808,0.47484442212536143,0.0,0.0,0.09597076233534456,0.0,0.02015333009572982,0.0,0.0,0.40903148544356416
FB104026,111,5,21413.420000000002,4282.684,0.021167099884091378,0.0,0.8047285300526493,0.0,0.10984513449976697,0.0,0.0,0.0,0.06425923556349243
FB104027,110,1,10364.0,10364.0,0.0,0.0,1.0,0.0,0.0,0.0,0.0,0.0,0.0
FB104028,200,4,41286.895,10321.72375,0.0,0.45767222262657437,0.0,0.0,0.0,0.43217950877633204,0.0,0.0,0.11014826859709359
FB104029,148,6,75267.01999999999,12544.503333333332,0.006423796239043341,0.013573806960870776,0.0,0.0,0.0,0.19539633693482217,0.024759449756347467,0.16055836938940854,0.5992882407195077
FB104030,61,6,39868.3,6644.716666666667,0.19918832756851934,0.0,0.3100954893988457,0.07296975291146097,0.0,0.0,0.38056852185821816,0.0,0.03717790826295578
FB104031,117,6,41772.71,6962.118333333333,0.0,0.04761433960114151,0.0209220325901767,0.0,0.0,0.3398012721702758,0.0,0.5916623556384061,0.0
FB104032,278,4,5580.34,1395.085,0.0,0.0,0.0,0.7176426525982288,0.0,0.0,0.0,0.2823573474017712,0.0
FB104033,27,3,11181.44,3727.146666666667,0.07202113502375364,0.0,0.0,0.836358286589205,0.0,0.0,0.0,0.0,0.09162057838704138
FB104034,5,7,100706.76000000001,14386.680000000002,0.1303808205129427,0.00552078132590106,0.7260108457466012,0.005415624532057231,0.0,0.0,0.0,0.0,0.13267192788249763
FB104035,120,8,67946.77,8493.34625,0.0,0.3298064058085469,0.44908021382031854,0.05709469339013467,0.0,0.05701154006290513,0.057416710168857195,0.0,0.04959043674923769
FB104036,115,4,31630.870000000003,7907.717500000001,0.027347651202764892,0.0,0.7359351797784885,0.13164418177558823,0.0,0.0,0.0,0.0,0.10507298724315835
FB104037,7,8,23577.69,2947.21125,0.11419439308939935,0.0,0.1639066422537577,0.0,0.3366228837515465,0.02231813209860678,0.17777907844237498,0.18517887036431477,0.0
FB104038,172,2,18557.51,9278.755,0.31188343694816817,0.0,0.0,0.0,0.0,0.6881165630518319,0.0,0.0,0.0
FB104039,1,4,13097.13,3274.2825,0.0,0.0,0.33425796338587155,0.0,0.0,0.038401542933451834,0.3096579174216031,0.0,0.31768257625907353
FB104040,17,6,50917.44,8486.24,0.0,0.03344630052100027,0.0,0.3848335658666265,0.0,0.27690983678676695,0.2604769603499312,0.0,0.04433333647567513
FB104041,42,6,97835.01999999999,16305.836666666664,0.2006537127503015,0.0,0.0,0.0,0.0,0.40419780156430696,0.3951484856853916,0.0,0.0
FB104042,64,6,54568.1,9094.683333333332,0.027027878925599384,0.012431072366455858,0.05640804792543628,0.2695351313313089,0.0,0.059048968170048066,0.0,0.5755489012811514,0.0
FB104043,170,5,247670.48,49534.096000000005,0.05530101932212511,0.8152768145804055,0.050408470157606196,0.0,0.038737923066164366,0.0,0.0,0.04027577287369896,0.0
FB104044,130,6,30422.54,5070.423333333333,0.20998443916911608,0.25323033513966947,0.2462575445705717,0.07429524293500807,0.0,0.0,0.0,0.0,0.21623243818563476
FB104045,75,8,88104.36,11013.045,0.5770939145349901,0.03246184411304957,0.0,0.027383548328368767,0.0,0.0,0.0,0.01183812015659611,0.35122257286699543
FB104046,54,8,257989.31,32248.66375,0.7846697989153117,0.0,0.043478003022683384,0.04741680963447672,0.0,0.0,0.0,0.0,0.12443538842752826
FB104047,22,5,31080.2,6216.04,0.2538069253093609,0.05231787440235262,0.0,0.27838527422603454,0.0,0.0,0.0,0.0,0.4154899260622518
FB104048,20,7,37880.12,5411.4457142857145,0.18111479055504578,0.0,0.0,0.4138012234385742,0.0,0.0,0.0,0.0,0.4050839860063802
FB104049,223,8,490305.5541500111,61288.19426875139,0.0,0.0,0.02045907886438282,0.0,0.0,0.010218016005723614,0.0,0.9589234716402211,0.010399433489672379
FB104050,110,2,13878.240000000002,6939.120000000001,0.0,0.0,1.0,0.0,0.0,0.0,0.0,0.0,0.0
FB104051,29,2,1043.85,521.925,0.0,0.0,0.15662212003640372,0.0,0.0,0.0,0.0,0.0,0.8433778799635964
FB104052,239,9,46973.11,5219.234444444444,0.0,0.009363229302892654,0.2601639533767298,0.11366098604073693,0.0,0.04124380949015298,0.03146225574589377,0.5261386780649611,0.017967087978632883
FB104053,79,6,129524.07,21587.345,0.0,0.014129806143367793,0.123170233918684,0.0,0.0,0.008983426787005689,0.2748754729526334,0.578841060198309,0.0
FB104054,64,8,176663.67,22082.95875,0.010205380653532218,0.0,0.4990496914277847,0.42060736086825323,0.0,0.0,0.02848469071201792,0.04165287633841185,0.0
FB104055,487,4,482711.16415001114,120677.79103750279,0.01521887320119449,0.0,0.0,0.0,0.0,0.0,0.9740100065386074,0.007432001301061927,0.0033391189591361822
FB104056,77,3,29965.27,9988.423333333334,0.2163537989145434,0.22023128775412334,0.5634149133313333,0.0,0.0,0.0,0.0,0.0,0.0
FB104057,66,4,45443.159999999996,11360.789999999999,0.3573796364513383,0.5351876938135464,0.0,0.10743266973511524,0.0,0.0,0.0,0.0,0.0
FB104058,391,7,390131.43,55733.061428571425,0.018145551615772148,0.0,0.0,0.01037901509242667,0.0,0.016449943548511328,0.0011466392236072851,0.9538788505196825,0.0
FB104059,52,4,32731.420000000002,8182.8550000000005,0.0,0.2140713723999753,0.18018558314915759,0.0,0.0,0.0,0.0,0.0,0.6057430444508671
FB104060,81,7,18526.91,2646.7014285714286,0.0,0.02381724745248938,0.22746696561919932,0.09900247801711133,0.5599789711290226,0.0,0.0,0.0,0.08973433778217739
FB104061,103,11,148582.655,13507.514090909091,0.07305583548766173,0.041836410851589644,0.0,0.25312173887322176,0.0,0.26631136723192894,0.0,0.04348206054064655,0.3221925870149514
FB104062,54,5,165942.1,33188.42,0.8722997961337117,0.0037476927193280064,0.0,0.034956409494636985,0.0,0.0,0.0,0.0,0.08899610165232331
FB104063,235,9,199840.2,22204.466666666667,0.06666436482749716,0.014409863480921256,0.057865134242259565,0.0,0.0,0.0,0.17984114307331556,0.043423545412784814,0.6377959489632216
FB104064,101,4,13195.86,3298.965,0.42515910293076775,0.0,0.0,0.0,0.0,0.08513806602980027,0.0,0.28972874825892364,0.19997408278050843
FB104065,162,7,34190.93,4884.418571428571,0.0,0.2511280038302555,0.2999014650961527,0.2856643560148846,0.0,0.15209472219679313,0.0,0.0,0.011211452861913964
FB104066,18,5,35075.43,7015.086,0.4144393953260159,0.0,0.0,0.0,0.0,0.05837333997045795,0.1434682340316284,0.0,0.38371903067189767
FB104067,31,7,82950.77,11850.11,0.4376985288985262,0.0,0.16820820349226415,0.0,0.0,0.0,0.010667049865842113,0.274256766995653,0.10916945074771457
FB104068,159,1,4980.62,4980.62,0.0,0.0,0.0,0.0,0.0,0.0,0.0,1.0,0.0
FB104069,157,6,29201.96,4866.993333333333,0.0,0.6944670837162985,0.0,0.20043757336836296,0.0,0.0,0.0,0.10509534291533855,0.0
FB104070,16,5,14856.09,2971.218,0.0,0.06341978272883377,0.7886839673157607,0.0,0.0,0.0,0.07369233762046407,0.07420391233494143,0.0
FB104071,10,6,14156.289999999999,2359.3816666666667,0.0,0.0,0.0,0.0,0.0,0.043565793014977795,0.6798327810464465,0.09355770473761135,0.18304372120096438
FB104072,164,4,32668.43,8167.1075,0.0,0.07987344356615853,0.0,0.0,0.0,0.0,0.9201265564338414,0.0,0.0
FB104073,49,8,71596.34999999999,8949.543749999999,0.06307765689172702,0.0,0.0,0.0,0.0,0.19953070233328932,0.0431021972488821,0.6609542246217858,0.03333521890431566
FB104074,25,9,69883.01000000001,7764.77888888889,0.0,0.081779963398829,0.473975577182494,0.2709083366615148,0.0,0.017743797812944807,0.08013192333873426,0.07546040160548322,0.0
FB104075,92,5,40765.81,8153.161999999999,0.25996245383079597,0.0,0.2904593334463365,0.11070232628764154,0.0,0.0,0.0,0.17603648743886116,0.16283939899636485
FB104076,226,2,14337.380000000001,7168.6900000000005,0.0,0.0,0.0,0.0,0.0,0.0,0.656415607314586,0.3435843926854139,0.0
FB104077,134,8,106819.44,13352.43,0.0,0.0,0.0,0.6827007331249818,0.0,0.2465535299567195,0.0,0.05230358818582086,0.018442148732477907
FB104078,68,7,79799.62000000001,11399.945714285715,0.09879194913459488,0.0,0.0,0.49195697924376086,0.0,0.1855448685093989,0.06306057597768008,0.034223471239587355,0.12642215589497796
FB104079,405,3,14252.18,4750.7266666666665,0.11370471043728046,0.0,0.0,0.5406569380964876,0.0,0.0,0.0,0.34563835146623184,0.0
FB104080,90,7,93096.18,13299.454285714284,0.0,0.06111389318014983,0.3217971994124786,0.0,0.0,0.0,0.10170009123897458,0.023795498375980627,0.49159331779241644
FB104081,114,4,33517.96000000001,8379.490000000002,0.0,0.0,0.0,0.0,0.0,0.8287816442289447,0.0,0.02563342160441745,0.14558493416663784
FB104082,249,5,42585.19,8517.038,0.03485390108626966,0.0,0.0,0.0,0.0,0.0909511029538673,0.058545236031587504,0.21328377306758523,0.6023659868606902
FB104083,24,9,33209.14,3689.9044444444444,0.12906537176211128,0.44500218915635875,0.0,0.0,0.0,0.0,0.3154459886645664,0.0,0.11048645041696352
FB104084,78,3,23350.420000000002,7783.473333333334,0.0,0.0,0.35144464210922116,0.0,0.0,0.6485553578907788,0.0,0.0,0.0
FB104085,123,7,87297.47,12471.067142857142,0.0,0.41425507520435584,0.25569286257665885,0.16353601083742747,0.020722364577117756,0.08806520967904338,0.057728477125396645,0.0,0.0
FB104086,158,8,45148.4,5643.55,0.0,0.0,0.161108477819812,0.009158685579112438,0.0,0.45637852061202616,0.07181428356265117,0.30154003242639826,0.0
FB104087,211,4,22617.93,5654.4825,0.5592885821116256,0.0,0.01769260051649289,0.0,0.0,0.0,0.0,0.0,0.4230188173718816
FB104088,249,5,78426.19,15685.238000000001,0.2839281112597718,0.0,0.033233158464028405,0.0,0.0,0.6485492920158431,0.0,0.0,0.03428943826035665
FB104089,93,10,85840.44,8584.044,0.08141931704916704,0.19257287124809705,0.15821179388176482,0.48703746159735434,0.0,0.0,0.009100489233279793,0.0,0.07165806699033696
FB104090,23,7,62317.08,8902.44,0.0,0.4013944491622522,0.0,0.09255231471050955,0.2836984659743364,0.0,0.09617860785518192,0.0,0.12617616229772
FB104091,89,7,63965.74,9137.962857142857,0.0,0.0,0.5565268220144096,0.07145887783053867,0.24044386885854835,0.0,0.03583402615212456,0.0,0.09573640514437885
FB104092,95,3,10202.79,3400.9300000000003,0.0,0.0,0.0,0.0,0.0,0.6989392117254202,0.0,0.0,0.30106078827457977
FB104093,140,4,9387.56,2346.89,0.0,0.36700590994891114,0.12850836639126675,0.0,0.0,0.3971447319644295,0.0,0.0,0.10734099169539263
FB104094,58,11,98051.52,8913.774545454546,0.5784319304789971,0.10057335164207552,0.0,0.0,0.0,0.1275259169873144,0.029797804256374606,0.03216676294258365,0.13150423369265463
FB104095,223,6,47523.25,7920.541666666667,0.0,0.0,0.11322962970756419,0.0,0.0,0.5253769470732746,0.0,0.0,0.3613934232191611
FB104096,165,8,94930.72,11866.34,0.039495750163909,0.08135891100372988,0.07932974699865333,0.0,0.06756832772362835,0.0,0.006098026013075641,0.021522327019114572,0.7046269110778892
FB104097,142,5,22220.670000000002,4444.134,0.0,0.17545420547625254,0.0,0.0,0.0,0.6550846576633378,0.0527882372583725,0.0,0.11667289960203722
FB104098,76,11,130175.47,11834.133636363636,0.01276277320143342,0.015321703850963627,0.09674142140604525,0.21077826721117274,0.0,0.06465096688339209,0.48303547511677886,0.05087133543669941,0.06583805689351457
FB104099,203,6,22841.260000000002,3806.876666666667,0.6267644604544582,0.0,0.0,0.0,0.0,0.07263566020438451,0.0,0.3005998793411572,0.0
FB104100,104,7,150428.37,21489.76714285714,0.06320543126273322,0.14494220737750466,0.14892057927636923,0.0,0.0,0.0,0.6429317820833929,0.0,0.0
FB104101,95,10,245899.88999999998,24589.988999999998,0.0026834904236842077,0.0022358692393071016,0.0,0.8554287275199676,0.0,0.025905623625939813,0.005163117397083829,0.1032904894752088,0.005292682318808683
FB104102,79,3,13447.57,4482.5233333333335,0.0,0.0,0.0,0.0,0.0,0.3916781991095789,0.2557911949891319,0.35253060590128926,0.0
FB104103,5,6,48334.67,8055.778333333333,0.0,0.0,0.09972200079156432,0.43815960675846144,0.0,0.06939842560216093,0.2086400920912463,0.1840798747565671,0.0
FB104104,82,2,8081.48,4040.74,0.0,0.0,0.0,0.8169246227176211,0.0,0.0,0.18307537728237896,0.0,0.0
FB104105,118,7,68976.31,9853.75857142857,0.0,0.1295269346823569,0.5666300502302892,0.0,0.0,0.0,0.15499480908735186,0.14884820600000204,0.0
FB104106,192,9,248363.66,27595.962222222224,0.0,0.009570441988171698,0.0,0.7274526394078747,0.0,0.12618766368638631,0.013497546299647861,0.0,0.12329170861791937
FB104107,2,3,1996.6799999999998,665.56,0.0,0.0,0.0,0.38415770178496306,0.0,0.476425866939119,0.13941643127591805,0.0,0.0
FB104108,12,12,104986.52,8748.876666666667,0.07524642211209591,0.036004622307701975,0.03373804560814093,0.0,0.07452061464652794,0.27737922925724173,0.11658801529948795,0.05100578626665594,0.33551726450214747
FB104109,3,7,55471.869999999995,7924.552857142857,0.036340040456541295,0.0,0.5593609878304083,0.0,0.0,0.02797994731383672,0.0,0.05862863465753001,0.31769038974168345
FB104110,18,6,84805.90000000001,14134.316666666668,0.0,0.7583335593396214,0.0,0.018115838638585284,0.0,0.09627856080767964,0.0,0.05341515154016407,0.07385688967394956
FB104111,181,5,67158.11,13431.622,0.09610008381712945,0.0,0.0,0.0,0.0,0.25606214945596295,0.6478377667269075,0.0,0.0
FB104112,94,7,82148.43,11735.49,0.0,0.38268643722101564,0.17541467317147755,0.28433422282081355,0.0,0.1238105220026725,0.0,0.03375414478402083,0.0
FB104113,20,6,31733.37,5288.8949999999995,0.025932322977357907,0.0,0.14562052501830094,0.5662313835561745,0.0,0.1614080067764628,0.10080776167170397,0.0,0.0
FB104114,155,2,54677.520000000004,27338.760000000002,0.0,0.0,0.0,0.0,0.0,0.0,1.0,0.0,0.0
FB104115,177,3,17648.07,5882.69,0.21108200500111343,0.0,0.0,0.7889179949988865,0.0,0.0,0.0,0.0,0.0
FB104116,30,7,86854.41,12407.772857142858,0.2896871903222876,0.08959925005535124,0.0,0.513508985899507,0.0,0.0,0.014180511962489872,0.09302406176036426,0.0
FB104117,2,2,55441.58,27720.79,0.0,0.0,0.0,0.8999527069755228,0.10004729302447729,0.0,0.0,0.0,0.0
FB104118,44,5,71661.32,14332.264000000001,0.0,0.0,0.32226897299686913,0.3952921883102348,0.0,0.0,0.13769659838808437,0.14474224030481156,0.0
FB104119,16,8,45373.75,5671.71875,0.0782511914928786,0.00830590374390479,0.48563828204633736,0.21121683792941956,0.0,0.0606002369211273,0.1559875478663324,0.0,0.0
FB104120,47,10,67225.38,6722.5380000000005,0.3005321799594141,0.166735093204382,0.1430584698814644,0.11214484767508937,0.0,0.16824404711434876,0.0,0.10928536216530126,0.0
FB104121,7,5,35999.729999999996,7199.945999999999,0.4081105608292062,0.0,0.0,0.08069088295939998,0.0,0.5111985562113939,0.0,0.0,0.0
FB104122,92,7,147548.38,21078.34,0.41369379995903716,0.0,0.02875572066599444,0.016385676345616263,0.0,0.0,0.25715287419624666,0.0,0.28401192883310544
FB104123,92,6,67999.53,11333.255,0.4498154619598106,0.4513194429432086,0.09886509509698081,0.0,0.0,0.0,0.0,0.0,0.0
FB104124,39,6,51811.12,8635.186666666666,0.0,0.0,0.8352023658241706,0.0,0.0,0.02679714316154525,0.11744969033674625,0.02055080067753795,0.0
FB104125,261,5,525679.9641500111,105135.99283000221,0.0,0.0,0.0,0.0,0.0,0.05899924310440232,0.0,0.04508925889600029,0.8959114979995975
FB104126,187,5,19023.85,3804.7699999999995,0.2090044864735582,0.0,0.0,0.0,0.24433645134922746,0.0,0.22962544385074524,0.0,0.31703361832646915
FB104127,44,6,48346.39,8057.731666666667,0.0,0.020494187880418787,0.3552654086478846,0.0,0.0,0.0,0.5501459364391013,0.0,0.0740944670325954
FB104128,140,6,29695.800000000003,4949.3,0.031913267196034455,0.3729119942887546,0.21689430828602024,0.11988631388950624,0.0,0.0,0.2583941163396844,0.0,0.0
FB104129,53,6,25601.48,4266.913333333333,0.02362246245138953,0.0,0.8657933056995143,0.11058423184909622,0.0,0.0,0.0,0.0,0.0
FB104130,40,7,162516.54,23216.648571428574,0.3445852957489742,0.17305001693981426,0.042477522595546276,0.14682259418026003,0.0,0.03003811181311145,0.26302645872229374,0.0,0.0
FB104131,41,6,60060.935,10010.155833333332,0.0,0.08433010575010196,0.6303428343231753,0.0,0.0,0.2853270599267228,0.0,0.0,0.0
FB104132,84,6,65666.23,10944.371666666666,0.4419283701835784,0.05263283730465416,0.08479015774165809,0.0,0.0,0.4206486347701094,0.0,0.0,0.0
FB104133,57,11,70125.18,6375.016363636363,0.013583138039716976,0.0,0.28518743196095897,0.07862625094153057,0.0,0.1992676525037084,0.1122953267285731,0.252124843030706,0.05891535679480609
FB104134,48,8,159721.2,19965.15,0.0,0.4760815721394529,0.0,0.08480896712521567,0.0,0.0,0.35463276008444705,0.016816365016040447,0.06766033563484371
FB104135,12,9,49835.62,5537.291111111112,0.0,0.6393162159916943,0.057523714965319994,0.0,0.0,0.018738605037922677,0.0,0.18397222709379354,0.1004492369112695
FB104136,121,7,55042.659999999996,7863.237142857142,0.6444982855116377,0.0,0.13857033798875273,0.13971563147565905,0.0,0.0,0.0,0.0,0.07721574502395051
FB104137,68,8,81105.11,10138.13875,0.041120220415211815,0.07721461693350765,0.09170248335770705,0.049946421378381706,0.0,0.021141824479370044,0.021170059445083052,0.0,0.6977043739907387
FB104138,35,13,244002.96000000002,18769.458461538463,0.14741435923564206,0.016933032287805034,0.24305213346592192,0.08203953755315099,0.26468547758600963,0.054315242733120946,0.05607927871038942,0.01013651637668658,0.1253444220512735
FB104139,78,7,89781.44,12825.92,0.0,0.0,0.0,0.1489859151290066,0.0,0.0,0.15924482832977505,0.0,0.6917692565412183
FB104140,150,11,63107.17,5737.015454545454,0.054584130456174794,0.045898588068519,0.026976966325696433,0.040916903736928786,0.0,0.03066371063700052,0.0,0.39254366817589825,0.40841603259978226
FB104141,25,4,10068.98,2517.245,0.0,0.0,0.1960019783533188,0.0,0.0,0.5730371894670563,0.23096083217962496,0.0,0.0
FB104142,49,6,82659.95,13776.658333333333,0.0,0.0,0.0,0.0,0.0,0.5967792141175987,0.00465037784319976,0.016711115842678346,0.38185929219652326
FB104143,580,2,7724.76,3862.38,0.0,0.0,0.9586291354035594,0.0,0.0,0.0,0.0,0.0,0.041370864596440536
FB104144,100,4,67731.74,16932.935,0.0,0.0,0.5783582409074387,0.10864345135677897,0.0,0.0,0.0,0.3129983077357824,0.0
FB104145,127,7,43933.0,6276.142857142857,0.21832472173536976,0.02220130653495095,0.0,0.0,0.36008558486786696,0.0,0.3033337126988824,0.0,0.09605467416292993
FB104146,24,1,14565.67,14565.67,0.0,1.0,0.0,0.0,0.0,0.0,0.0,0.0,0.0
FB104147,387,10,69067.84,6906.784,0.1961750939366281,0.42249156771081886,0.0,0.03364431260627233,0.08196043194632988,0.042953420868525785,0.07311680805422612,0.0,0.149658364877199
FB104148,139,6,24756.05,4126.008333333333,0.7393235188974009,0.0,0.0,0.0,0.0,0.0,0.0,0.1875311287543853,0.07314535234821387
FB104149,34,4,18021.25,4505.3125,0.23302434625788995,0.1088026635222307,0.0,0.0,0.0,0.0,0.6581729902198793,0.0,0.0
FB104150,190,5,165288.53,33057.706,0.0,0.2855541760822726,0.0,0.0,0.6347799209055826,0.0,0.03364226180727726,0.0,0.04602364120486764
FB104151,119,7,89666.91,12809.558571428572,0.13499929907253413,0.0,0.2926015851332448,0.2915404355965874,0.0,0.0,0.0,0.0,0.2808586801976337
FB104152,44,3,23884.47,7961.490000000001,0.0,0.0,0.0,0.0,0.0,0.0,0.0,0.7868213110862414,0.2131786889137586
FB104153,231,6,30195.07,5032.511666666666,0.29886468221467943,0.46582438788848646,0.06015849607237208,0.13755391194655286,0.037598521877909206,0.0,0.0,0.0,0.0
FB104154,46,7,46109.7,6587.099999999999,0.015526451050429733,0.06850922907761273,0.0,0.0,0.0,0.10587121581792983,0.29503054671793566,0.3581478517535356,0.15691470558255638
FB104155,61,3,38832.12,12944.04,0.0,0.06571673140688689,0.0,0.0,0.0,0.6224772173139145,0.0,0.0,0.3118060512791988
FB104156,81,4,45674.240000000005,11418.560000000001,0.0,0.4484694217134209,0.0,0.0,0.0,0.03036503727265084,0.35546382380965724,0.16570171720427093,0.0
FB104157,42,4,30162.34,7540.585,0.012518259524957281,0.0,0.0,0.0,0.0,0.6993717994028315,0.0,0.011345605148672151,0.2767643359235391
FB104158,130,6,40512.3,6752.05,0.43664516702334844,0.10671672553767621,0.08823246273354018,0.010768087716570028,0.0,0.026516638156806695,0.33112091883205835,0.0,0.0
FB104159,97,8,133549.38,16693.6725,0.0,0.7978858456699687,0.07605905770584633,0.0,0.0,0.08172984404719812,0.0,0.04432525257698688,0.0
FB104160,40,10,133524.52,13352.452,0.014186757608265505,0.05621244697228643,0.03877564959604423,0.12065761404721768,0.0,0.12091891436868672,0.4638222253111263,0.0,0.185426392096373
FB104161,54,5,20722.42,4144.4839999999995,0.0,0.200461143051825,0.03139015616901887,0.20493262852504676,0.0,0.0,0.28202931896950256,0.0,0.2811867532846067
FB104162,182,4,11126.85,2781.7125,0.0,0.0,0.0,0.0,0.0,0.17296179961085123,0.4802482283844933,0.084466852703146,0.2623231193015094
FB104163,23,7,420191.65,60027.37857142858,0.011908613605244176,0.04542025049760032,0.5899543458324314,0.0,0.0,0.0,0.0,0.0,0.35271679006472406
FB104164,109,3,19601.41,6533.803333333333,0.0,0.0,0.6020449549292628,0.0,0.0,0.24904790012555217,0.0,0.0,0.14890714494518506
FB104165,66,7,31147.43,4449.632857142858,0.0,0.6259909726099393,0.013744633184824561,0.2297441554568066,0.0,0.0,0.0,0.032131061856467774,0.09838917689196189
FB104166,149,7,109669.01999999999,15667.002857142856,0.0071288135883771,0.0,0.0,0.0,0.0415607798811369,0.04592181091797847,0.057005250890360834,0.8483833447221466,0.0
FB104167,255,6,41013.3,6835.55,0.16335871534355928,0.22294670265499242,0.36460172675693003,0.0,0.0,0.14876686343210616,0.0,0.10032599181241206,0.0
FB104168,392,4,16667.43,4166.8575,0.0,0.10355105736157284,0.0,0.059628269025278645,0.0,0.04598309397429597,0.0,0.0,0.7908375796388525
FB104169,313,2,68274.62,34137.31,0.0,0.0,0.2390857686209019,0.0,0.0,0.0,0.7609142313790981,0.0,0.0
FB104170,250,8,94511.9,11813.9875,0.3517680842306631,0.0557472656882361,0.1030043835749784,0.11671281605808372,0.0,0.3690168116395925,0.0,0.0,0.0037506388084463447
FB104171,115,7,102386.77,14626.68142857143,0.046133987818934026,0.0,0.0,0.5352725747672282,0.0,0.12443238516069995,0.28931931342301354,0.004841738830124244,0.0
FB104172,24,8,606504.6841500112,75813.0855187514,0.7854755562484347,0.13200097557729398,0.0,0.0,0.0,0.009338773711101431,0.004683343878837128,0.0,0.0685013505843329
FB104173,54,6,23388.899999999998,3898.1499999999996,0.22955376268229802,0.351031899747316,0.0,0.0,0.0,0.0,0.4194143375703859,0.0,0.0
FB104174,160,5,94505.35,18901.07,0.4474084271419555,0.14674386159090463,0.0,0.0,0.0,0.0,0.3320190867501152,0.0,0.0738286245170247
FB104175,692,1,7312.22,7312.22,1.0,0.0,0.0,0.0,0.0,0.0,0.0,0.0,0.0
FB104176,27,5,22641.4,4528.280000000001,0.0,0.07947388412377326,0.0,0.0,0.0,0.2853017039582358,0.12568524914537085,0.46527688217159713,0.0442622806010229
FB104177,1,7,110239.76999999999,15748.53857142857,0.04242543321706858,0.1467431399757093,0.35364397077388676,0.0,0.0,0.0,0.0,0.4029790700760714,0.05420838595726388
FB104178,41,3,23935.02,7978.34,0.7380929700497431,0.0,0.261907029950257,0.0,0.0,0.0,0.0,0.0,0.0
FB104179,45,11,155399.91,14127.264545454545,0.016510369922350665,0.06799431222321815,0.03256829428022191,0.10851988266917273,0.0,0.35472530196446067,0.025319190982800444,0.0,0.3943626479577756
FB104180,258,6,144083.96,24013.993333333332,0.0,0.0,0.6275900523555848,0.0,0.19651208920132404,0.06294815883738898,0.015681828844792994,0.09726787076090913,0.0
FB104181,285,4,19342.8,4835.7,0.0,0.6260670637136299,0.0,0.10577889447236181,0.0,0.0,0.2681540418140083,0.0,0.0
FB104182,229,1,1384.03,1384.03,0.0,0.0,0.0,0.0,0.0,0.0,0.0,1.0,0.0
FB104183,78,4,50917.75,12729.4375,0.32590717382445217,0.07722238315715049,0.0,0.5968704430183973,0.0,0.0,0.0,0.0,0.0
FB104184,144,7,69438.8,9919.828571428572,0.0,0.026142876893033868,0.2479806678686844,0.0,0.0,0.03572815198419328,0.0,0.6696017212279015,0.02054658202618709
FB104185,142,2,32291.66,16145.83,0.0,0.0,0.0,0.0,0.0,0.9172733764693423,0.0,0.08272662353065777,0.0
FB104186,27,3,72036.23000000001,24012.07666666667,0.0,0.0,0.0,0.8439490795117955,0.0,0.0,0.0,0.15605092048820432,0.0
FB104187,43,4,15027.48,3756.87,0.0,0.4316392369179663,0.0,0.0,0.0,0.5683607630820338,0.0,0.0,0.0
FB104188,100,6,43043.6,7173.933333333333,0.0,0.0,0.0,0.47545604921521434,0.0,0.1344202157812079,0.11693329554219442,0.0,0.2731904394613833
FB104189,184,5,21291.78,4258.356,0.0,0.18442939012144594,0.0,0.2019511755240755,0.0,0.15655478311348323,0.0,0.0,0.45706465124099543
FB104190,18,9,142087.65,15787.516666666666,0.2604367796919718,0.0037617625458651756,0.0,0.013129219886457408,0.0,0.0,0.035416237794065844,0.6872560000816398,0.0
FB104191,502,2,4293.73,2146.865,0.0,0.0,0.41585987008964237,0.0,0.0,0.0,0.5841401299103577,0.0,0.0
FB104192,133,6,67058.34,11176.39,0.0,0.0021041379789598132,0.08571834614456607,0.0,0.0,0.04201818893816937,0.0,0.8627308698664478,0.0074284570718571325
FB104193,14,11,76023.85,6911.259090909091,0.0,0.3042464963297702,0.0,0.0,0.0,0.03926899255957177,0.4945608516274827,0.13225099754879555,0.029672661934379806
FB104194,9,4,62297.03,15574.2575,0.0,0.0,0.3764092766541198,0.0,0.0,0.0,0.016180546648853083,0.0,0.6074101766970271
FB104195,98,5,32339.6,6467.92,0.0,0.11870060235748124,0.0,0.0,0.0,0.08595653625895189,0.0,0.0,0.7953428613835669
FB104196,8,12,125369.82,10447.485,0.06071548958114481,0.2184914200243727,0.06165702399508909,0.09862923947725218,0.00705201618698982,0.3533422956178768,0.021923936717784233,0.05095285292744298,0.12723572547204742
FB104197,21,9,195512.57,21723.61888888889,0.4393893446339537,0.2454318410320114,0.013466806763370764,0.11224204152193386,0.06251557124945982,0.0,0.11388981281356998,0.0,0.01306458198570046
FB104198,13,12,124693.32,10391.11,0.010354444007104793,0.23412384881563825,0.14548598112553265,0.15667671692437093,0.0,0.051786976238983776,0.00472062176225639,0.0,0.3968514111261133
FB104199,130,3,10544.67,3514.89,0.0,0.0,0.0,0.9222232654032797,0.0,0.028604972938935026,0.049171761657785404,0.0,0.0
FB104200,2,5,32977.96,6595.592,0.0,0.0,0.0,0.0,0.0,0.0,0.5861766464632743,0.047733395273691887,0.36608995826303387
FB104201,138,7,41580.36,5940.051428571429,0.1397640616868156,0.08663368955920536,0.4154040513357749,0.08383381000068302,0.0,0.0,0.10328289605958198,0.17108149135793918,0.0
FB104202,141,1,55963.37,55963.37,0.0,0.0,0.0,1.0,0.0,0.0,0.0,0.0,0.0
FB104203,59,7,20171.83,2881.69,0.21541079812788425,0.0,0.0,0.052776570098002996,0.2241997875254749,0.0,0.3678456540631167,0.13976719018552108,0.0
FB104204,395,3,44385.8,14795.266666666668,0.5483814643421995,0.0,0.0,0.45161853565780047,0.0,0.0,0.0,0.0,0.0
FB104205,52,5,66763.12,13352.624,0.0,0.08869912011302049,0.09904540111366875,0.8122554787733108,0.0,0.0,0.0,0.0,0.0
FB104206,363,3,51464.39,17154.796666666665,0.0,0.0,0.5103484176145875,0.23752384901482365,0.0,0.0,0.25212773337058886,0.0,0.0
FB104207,1,4,85272.22,21318.055,0.0,0.0,0.14198082329743497,0.0,0.0,0.0,0.0,0.0,0.858019176702565
FB104208,38,6,42642.2,7107.033333333333,0.0,0.0,0.0,0.11877928437088144,0.0,0.038565786943450385,0.02131433181214853,0.6726475181862099,0.14869307868730977
FB104209,51,8,39273.53,4909.19125,0.44258333793779164,0.0,0.0,0.10484950041414662,0.0,0.008186175268686058,0.17889682949304528,0.21195904722595596,0.05352510966037429
FB104210,91,5,27106.46,5421.2919999999995,0.0,0.0,0.4434684573345247,0.3364341931775673,0.0,0.07878306499631454,0.0,0.0,0.14131428449159353
FB104211,366,4,11430.83,2857.7075,0.0,0.16242827511213098,0.4216692926060487,0.4159024322818203,0.0,0.0,0.0,0.0,0.0
FB104212,15,5,31766.660000000003,6353.332,0.0,0.014779646333608882,0.0,0.5216459646686179,0.0,0.10106570851326516,0.36250868048450796,0.0,0.0
FB104213,177,5,42450.79,8490.158,0.0,0.0,0.2533648961538761,0.14506608710933294,0.0,0.0,0.0,0.5673689464907484,0.03420007024604253
FB104214,39,7,50916.5,7273.785714285715,0.045039623697622586,0.19186432688814037,0.0,0.08676303359421798,0.0,0.0,0.0,0.1094843518309389,0.5668486639890802
FB104215,136,7,37575.97,5367.995714285715,0.3908354195513782,0.2827197807534975,0.0,0.0,0.0,0.0,0.09628201214765712,0.0,0.23016278754746716
FB104216,27,5,32784.36,6556.872,0.18617108889726686,0.0,0.6010475726840481,0.0,0.0,0.0,0.15669300849551432,0.05608832992317068,0.0
FB104217,23,8,204062.94,25507.8675,0.0,0.0,0.21318922485386127,0.013936974543246314,0.0,0.5016778156778492,0.2711959849250432,0.0,0.0
FB104218,334,4,17826.440000000002,4456.610000000001,0.0,0.0,0.17864026692934762,0.7817713463821155,0.0,0.0,0.0395883866885368,0.0,0.0
FB104219,5,7,36776.17,5253.738571428571,0.027478391578024574,0.0,0.09707264242034992,0.18864579971215056,0.0,0.13274057630253502,0.4884915965963829,0.01518048236126818,0.050390511029288806
FB104220,49,3,54846.03999999999,18282.013333333332,0.0,0.0,0.0,0.07268583110102389,0.0,0.3053576885405036,0.0,0.0,0.6219564803584726
FB104221,266,4,49008.56,12252.14,0.5924224257966364,0.0,0.0,0.18574326607433478,0.0,0.17833517246783012,0.04349913566119878,0.0,0.0
FB104222,77,7,61648.17,8806.881428571429,0.0,0.0,0.0,0.1783483597323327,0.02209457312358177,0.6789346707290744,0.0,0.12062239641501118,0.0
FB104223,160,4,28157.379999999997,7039.344999999999,0.033785458732311036,0.0,0.3607778848742319,0.0,0.0,0.5709838770510609,0.0,0.0,0.034452779342396204
FB104224,69,14,184277.22,13162.658571428572,0.12368718173629924,0.07578858634832888,0.0400497684955308,0.0,0.0,0.009214378206921071,0.08279590933703036,0.12124857320942868,0.5472156026664609
FB104225,5,13,112164.23,8628.017692307692,0.1254502438076738,0.0,0.4861759404045301,0.14266107831346947,0.0,0.0,0.22582876911828312,0.019883968356043637,0.0
FB104226,4,8,95894.15000000001,11986.768750000001,0.0,0.22396225421467314,0.6037318230569853,0.018986142533199368,0.01104978770863499,0.0525646246408149,0.08970536784569237,0.0,0.0
FB104227,108,11,151274.88,13752.261818181818,0.010470409892243841,0.2735044972436931,0.12826247160136567,0.030833076846598723,0.0,0.0,0.0,0.1667540572499545,0.39017548716614414
FB104228,80,9,42144.44,4682.7155555555555,0.0,0.0,0.032240314499374055,0.3391870908712988,0.0,0.40435393138454323,0.04782528846035206,0.0,0.17639337478443182
FB104229,12,6,70791.79,11798.631666666666,0.11839734522887471,0.0,0.54787285361763,0.011028680020663414,0.0,0.0,0.23984673928996572,0.02976220830127336,0.05309217354159289
FB104230,44,5,25628.79,5125.758,0.18461191495969964,0.0,0.0,0.7018161996723216,0.11357188536797876,0.0,0.0,0.0,0.0
FB104231,80,7,51351.29,7335.898571428572,0.0,0.23114102878428178,0.11323376686350042,0.02811243885012431,0.0,0.09506460305086786,0.0,0.07885877842601423,0.45358938402521154
FB104232,23,6,27587.42,4597.903333333333,0.0,0.0,0.0,0.0,0.05913456205763351,0.401906376167108,0.4480009366588104,0.0,0.090958125116448
FB104233,79,7,92048.15,13149.735714285713,0.7785686078427433,0.0,0.0349926641654395,0.00638274642130233,0.0,0.0,0.010179780908144271,0.0,0.16987620066237075
FB104234,154,7,71039.23,10148.461428571429,0.0,0.0,0.6531933130468897,0.23967756970338777,0.0,0.0349612460608033,0.021414224225121806,0.028741724818807858,0.022011922144989465
FB104235,73,6,69239.98,11539.996666666666,0.0,0.0,0.5259584130440245,0.0,0.0,0.01560514604423629,0.0,0.04852239991981511,0.409914040991924
FB104236,74,6,122064.87,20344.145,0.0,0.029675614286075916,0.0,0.0,0.0,0.0,0.42376393797822415,0.36666085827969996,0.1798995894559999
FB104237,230,7,38695.75,5527.964285714285,0.0,0.2884290910500507,0.03721855759353417,0.0,0.0,0.08689507245627749,0.0,0.3879730978208201,0.1994841810793175
FB104238,1,11,67114.95,6101.359090909091,0.031750005028685864,0.0,0.22326173229660456,0.09910936386006396,0.0,0.20473769257073127,0.06003416526422206,0.25600153170046314,0.12510550927922917
FB104239,101,6,40780.65,6796.775000000001,0.0,0.0,0.06546830420800062,0.05565507170680213,0.0,0.3423030285196534,0.05246409755607133,0.0,0.48410949800947267
FB104240,63,4,32479.76,8119.94,0.0,0.0,0.15662584945208954,0.0,0.0,0.6087323305344621,0.12659329995049223,0.0,0.10804852006295612
FB104241,47,5,172611.00000000003,34522.200000000004,0.06528900243901026,0.0,0.0,0.04901107113683369,0.0,0.8674672529560687,0.0,0.0182326734680872,0.0
FB104242,255,3,13770.7,4590.233333333334,0.0,0.0,0.0,0.0,0.0,0.12501325277582112,0.0,0.44753207897928204,0.42745466824489675
FB104243,303,4,29028.589999999997,7257.147499999999,0.0,0.08986037558145263,0.0,0.0,0.0,0.0,0.785829074026675,0.0,0.1243105503918723
FB104244,141,7,318048.93,45435.561428571425,0.0,0.0076123821576761785,0.05379408130692343,0.010390885452750931,0.0,0.07348262419873569,0.0,0.8439525327124979,0.010767494171415698
FB104245,113,10,184567.82,18456.782,0.10946214784354065,0.07927367836928453,0.0,0.16324107853687603,0.0,0.0,0.0,0.6295972396488185,0.01842585560148026
FB104246,68,6,55994.44,9332.406666666668,0.0,0.0,0.05333208082802507,0.5019778749461554,0.06269301023458758,0.0,0.23707300224808034,0.14492403174315163,0.0
FB104247,72,12,136250.24,11354.186666666666,0.09579858354744918,0.04415705983343589,0.0,0.07149389241442804,0.0,0.14033450509885342,0.11715583033101447,0.4554866839133641,0.07557344486145492
FB104248,43,8,22184.05,2773.00625,0.0,0.06677139656645202,0.13380198836551488,0.4703149334769801,0.0,0.32911168159105303,0.0,0.0,0.0
FB104249,529,3,20515.39,6838.463333333333,0.0,0.0,0.6001060667138183,0.0,0.0,0.33543110806082654,0.0,0.06446282522535521,0.0
FB104250,57,5,66169.24,13233.848000000002,0.021195044706573626,0.7948543764444023,0.1802249806707769,0.0,0.0,0.0,0.0,0.003725598178247173,0.0
FB104251,43,7,30043.35,4291.907142857142,0.6085406587481089,0.0,0.0,0.01568167331539259,0.0,0.019658593332634346,0.010933534376159784,0.18575558318230156,0.15942995704540275
FB104252,88,7,166550.49000000002,23792.927142857145,0.8150632880155442,0.0,0.07604120528255427,0.10380059524292004,0.0,0.0,0.0,0.005094911458981598,0.0
FB104253,166,6,32402.91,5400.485,0.0,0.09999040209660182,0.37414077933123907,0.0,0.0,0.15065591331148961,0.0,0.12935936926652575,0.24585353599414372
FB104254,457,3,102602.81999999999,34200.939999999995,0.0,0.0,0.8251790740254508,0.0,0.0,0.0,0.07195962060302047,0.0,0.1028613053715288
FB104255,54,6,49532.79,8255.465,0.0,0.05110836680106249,0.0,0.04139702205347206,0.0,0.31164790031007744,0.3528145699040979,0.0,0.24303214093129014
FB104256,414,4,29332.82,7333.205,0.6605999695903769,0.0,0.0,0.0,0.0,0.014951170736396978,0.3244488596732261,0.0,0.0
FB104257,1,6,513727.8641500111,85621.31069166852,0.00527339509699815,0.044061791426190274,0.9506648134768116,0.0,0.0,0.0,0.0,0.0,0.0
FB104258,144,9,52504.71,5833.856666666667,0.019717278697473042,0.15068800494279463,0.0,0.04091328187509272,0.0,0.35194975841215004,0.0,0.2191917639388923,0.21753991213359714
FB104259,8,5,33862.11,6772.4220000000005,0.0,0.06825800282380513,0.0,0.4284910184273809,0.18083397638245224,0.0,0.0,0.0,0.32241700236636167
FB104260,622,3,22640.309999999998,7546.7699999999995,0.0,0.564453843609032,0.0,0.0,0.0,0.0,0.22591872637786323,0.20962743001310497,0.0
FB104261,311,2,20192.809999999998,10096.404999999999,0.9366150624900647,0.0,0.0,0.06338493750993547,0.0,0.0,0.0,0.0,0.0
FB104262,419,3,21310.84,7103.613333333334,0.9382605284446788,0.0,0.0,0.0,0.0,0.0,0.05635394944544654,0.0,0.005385522109874599
FB104263,94,5,31567.98,6313.596,0.0,0.8152238439076559,0.0,0.0,0.0,0.0,0.12294895017039419,0.02449982545604755,0.03732738046590247
FB104264,57,7,68190.38,9741.482857142857,0.0,0.4698260957044087,0.0,0.1380863400379936,0.0,0.17620212704489988,0.05861897235357832,0.1572664648591194,0.0
FB104265,13,7,497014.2341500111,71002.03345000159,0.0,0.008495269772747827,0.0,0.0,0.0,0.001622448502665247,0.9677418293111482,0.022140452413438698,0.0
FB104266,107,5,37760.93,7552.186,0.07182370773177461,0.0,0.10753336848430375,0.2733190098866739,0.0,0.0,0.5473239138972478,0.0,0.0
FB104267,116,7,47256.65,6750.95,0.7370105583023766,0.0,0.0,0.034468799629258536,0.0,0.0,0.0,0.22852064206836498,0.0
FB104268,390,2,7541.88,3770.94,0.0,0.0,0.8228505359406408,0.0,0.0,0.0,0.0,0.0,0.1771494640593592
FB104269,35,6,90357.89,15059.648333333333,0.5338610717890823,0.16301575877878513,0.0,0.0,0.0,0.04644718906118768,0.19341974452922706,0.06325623584171786,0.0
FB104270,214,2,12709.25,6354.625,0.6039136849145308,0.0,0.0,0.0,0.0,0.0,0.0,0.39608631508546926,0.0
FB104271,77,5,28827.489999999998,5765.498,0.0,0.0,0.31809810704990266,0.0,0.0,0.023067911913246694,0.5890710568280484,0.0,0.06976292420880208
FB104272,5,10,66165.42,6616.5419999999995,0.2753816117240698,0.22728095733390644,0.10033156292214271,0.024123326051584047,0.0,0.14962241605962753,0.0,0.03767254859109184,0.18558757731757766
FB104273,21,4,45256.73,11314.1825,0.3452370509314305,0.0,0.018670372340202218,0.5614943898951603,0.0,0.0,0.0,0.0,0.0745981868332069
FB104274,2,6,72745.41,12124.235,0.1047785695344902,0.4904688831913931,0.0,0.3852871267066884,0.0,0.0,0.01946542056742824,0.0,0.0
FB104275,6,5,45184.99,9036.998,0.6188028369597958,0.0,0.027076690732918168,0.039626876093145094,0.0,0.038591797851454654,0.0,0.2759017983626864,0.0
FB104276,1,3,13652.08,4550.693333333334,0.4014890038734024,0.0,0.0,0.088612138223626,0.0,0.5098988579029716,0.0,0.0,0.0
FB104277,229,3,8055.01,2685.0033333333336,0.6212158644123347,0.0,0.0,0.0,0.0,0.0,0.3787841355876653,0.0,0.0
FB104278,54,4,31739.010000000002,7934.7525000000005,0.0,0.4962416912184721,0.15186453515720874,0.0,0.0,0.0,0.0,0.0,0.35189377362431906
FB104279,287,4,18823.75,4705.9375,0.562904840958895,0.0,0.32718454080616244,0.0,0.0,0.0,0.0,0.10991061823494255,0.0
FB104280,155,12,284973.13,23747.760833333334,0.014201198548087674,0.2419099653360301,0.014708369171507502,0.0,0.0,0.0,0.6480308160983458,0.0721643826560069,0.008985268190021985
FB104281,10,6,70208.81999999999,11701.47,0.28668734213165814,0.10876824307829132,0.0,0.052286450619736954,0.0,0.4088336764526167,0.0,0.0,0.14342428771769702
FB104282,99,8,120359.18999999999,15044.898749999998,0.26195614975474657,0.0,0.0,0.5569884609559104,0.0,0.0,0.0062868485572227595,0.17476854073212025,0.0
FB104283,62,4,36941.97,9235.4925,0.0,0.0,0.0,0.0,0.0,0.029962939171895814,0.5807337832822668,0.0,0.38930327754583743
FB104284,71,5,38852.55,7770.51,0.0,0.18657205254223982,0.6910869428132773,0.0,0.0,0.0,0.12234100464448279,0.0,0.0
FB104285,47,9,77403.385,8600.37611111111,0.3029234444979377,0.1450919103860897,0.033293505187143954,0.0,0.0,0.11760842242235274,0.02331435505049295,0.023005583024566692,0.3547627794314164
FB104286,164,5,24221.54,4844.308,0.45594128201592465,0.0,0.0,0.0,0.0,0.12475672479949665,0.24516277660297406,0.0,0.17413921658160464
FB104287,65,8,96219.83,12027.47875,0.0,0.010116937433790935,0.0,0.23239720959806312,0.0,0.5135146258312866,0.059365621410887956,0.18460560572597146,0.0
FB104288,70,6,95705.97,15950.995,0.0,0.0,0.07729528262447996,0.11879551505512144,0.0,0.036165873455961,0.0,0.0,0.7677433288644375
FB104289,10,13,87830.45,6756.1884615384615,0.09124079405263208,0.03250045969250984,0.0,0.0,0.0,0.36004950447139916,0.34173068679484164,0.0,0.17447855498861728
FB104290,20,10,57234.45,5723.445,0.4130896688969668,0.028726754603215374,0.0185253811297217,0.0,0.0,0.0,0.0049926224502899914,0.29215568595487507,0.2425098869649311
FB104291,25,6,76657.96,12776.326666666668,0.0664084982172758,0.09953721700916644,0.4047616190151682,0.0,0.0,0.08155343554668036,0.0,0.34773923021170927,0.0
FB104292,53,9,109331.51000000001,12147.945555555556,0.0,0.026199217407680546,0.20359711486651927,0.1497949676172953,0.0,0.0,0.039805999203706234,0.3884443743619748,0.19215832654282372
FB104293,50,7,174647.56,24949.65142857143,0.7768642172842266,0.05992210827337067,0.028435152486527726,0.11035069714114529,0.0,0.011811444717578648,0.0,0.0,0.012616380097151086
FB104294,298,6,50676.71,8446.118333333334,0.00955527697042685,0.0,0.6662512227017104,0.03030248017284469,0.0,0.05495048909055067,0.0,0.0,0.2389405310644673
FB104295,204,5,26318.510000000002,5263.702,0.0,0.6038639725425186,0.003799607196608015,0.0,0.0,0.3681507805723045,0.0,0.0,0.024185639688568995
FB104296,122,6,41565.41,6927.568333333334,0.22903106212593596,0.5397745384924628,0.0,0.08639852223278922,0.0,0.04599401281017076,0.09880186433864117,0.0,0.0
FB104297,219,4,124636.29000000001,31159.072500000002,0.0,0.004396151393787475,0.08341230311011344,0.07173905770141265,0.0,0.0,0.0,0.8404524877946864,0.0
FB104298,116,5,19149.445,3829.889,0.0,0.6803792485891889,0.0,0.0,0.0,0.1330973299748374,0.18652342143597375,0.0,0.0
FB104299,82,3,75638.92,25212.97333333333,0.010841905199069475,0.0,0.6509205842706374,0.0,0.3382375105302931,0.0,0.0,0.0,0.0
FB104300,48,6,107853.7,17975.616666666665,0.242721019306709,0.07320166113911715,0.0,0.30886942218950303,0.0,0.05931822459498376,0.0,0.1236840275298854,0.19220564523980171
FB104301,37,7,191132.49,27304.641428571427,0.8688935617382476,0.02707132628262207,0.0,0.0,0.0,0.08942001435757992,0.0,0.0,0.014615097621550372
FB104302,358,3,34830.11,11610.036666666667,0.0,0.0,0.0,0.0,0.0,0.7142317379991048,0.0,0.2857682620008952,0.0
FB104303,21,8,705032.7241500111,88129.09051875139,0.27835699433185934,0.001207759541979533,0.0,0.0,0.6668704700435623,0.0008236213442433738,0.05055712845524014,0.0,0.002184026283115295
FB104304,70,8,45464.87,5683.10875,0.11785253097611409,0.0890505130664621,0.07816474565967087,0.0,0.0,0.1395468633254643,0.0680547420458917,0.5073306049263971,0.0
FB104305,156,7,115911.05,16558.72142857143,0.41010024497233005,0.0,0.32205669778679424,0.0,0.0,0.09280556081581522,0.021296157700236514,0.0,0.15374133872482387
FB104306,182,5,84231.84,16846.368,0.054445326137954476,0.0,0.033134619877708944,0.0,0.0,0.0,0.8976009546983658,0.0,0.01481909928597072
FB104307,29,7,39392.9,5627.557142857143,0.0,0.1618243389037111,0.2188376585628375,0.0,0.0,0.03499386945363251,0.0,0.477189544308746,0.10715458877107298
FB104308,52,6,55741.100000000006,9290.183333333334,0.8044694130542813,0.0,0.0,0.0792241272597778,0.03444801053441716,0.04849007285467994,0.0,0.0,0.033368376296843805
FB104309,115,8,192345.43,24043.17875,0.02597696238480945,0.0,0.0,0.08933370551096534,0.0,0.053981682850484144,0.04980040336804466,0.7809072458856963,0.0
FB104310,3,7,84203.61,12029.087142857143,0.0,0.0,0.0,0.037755863436258856,0.0,0.12530187244941163,0.4416013755229735,0.39534088859135613,0.0
FB104311,81,8,166621.44,20827.68,0.36386109734737615,0.0,0.0,0.5435674424611862,0.0,0.03725654993739101,0.049647812430381105,0.0056670978236654295,0.0
FB104312,26,5,35231.25,7046.25,0.20664239843888593,0.0,0.0,0.0,0.0,0.38426652474720596,0.0,0.029126698598545327,0.37996437821536283
FB104313,209,7,52033.259999999995,7433.322857142856,0.06638484692291045,0.4525872490018884,0.09263363471748647,0.0,0.0,0.0019218476797340778,0.11387331871960357,0.0,0.27259910295837697
FB104314,5,9,121738.7,13526.522222222222,0.008176775339312806,0.08154793833021051,0.017372864996915524,0.01483119172457074,0.028708537219470885,0.0,0.014093299829881542,0.8352693925596381,0.0
FB104315,36,13,105135.12999999999,8087.317692307692,0.07507956664913049,0.07518647668005926,0.0062330260113817315,0.03837994017794052,0.0,0.03099943853210625,0.0,0.7703006597319088,0.0038208922174728837
FB104316,105,6,111804.26999999999,18634.045,0.0,0.8229270670968113,0.0,0.014895674378089497,0.0,0.13247132690012645,0.0,0.0,0.029705931624972825
FB104317,47,5,57650.93,11530.186,0.0,0.870124211352705,0.0,0.0,0.0,0.11826522139365316,0.011610567253641875,0.0,0.0
FB104318,1,7,210384.16,30054.88,0.7644949125447466,0.009063847772569949,0.0,0.0,0.09498723668169694,0.12787184168237758,0.0,0.0,0.003582161318608777
FB104319,175,6,77109.94,12851.656666666668,0.0,0.5134662275706607,0.07421935485878993,0.0,0.0,0.06090719302855118,0.0,0.3514072245419981,0.0
FB104320,139,4,317832.68,79458.17,0.8638228139409705,0.08015871747360907,0.04387119663088138,0.0121472719545391,0.0,0.0,0.0,0.0,0.0
FB104321,190,5,53639.92,10727.984,0.0,0.0,0.4037746514163332,0.0,0.0,0.0701930577077669,0.4654783228610334,0.060553968014866545,0.0
FB104322,22,5,110302.63,22060.526,0.0,0.0,0.0,0.0,0.0,0.0,0.21099197725385152,0.5795945210009952,0.2094135017451533
FB104323,326,3,5162.51,1720.8366666666668,0.0,0.0,0.18001902175492154,0.0,0.0,0.49819564514160747,0.0,0.0,0.32178533310347096
FB104324,66,7,89284.8,12754.971428571429,0.5294370374352633,0.3346550588678028,0.0,0.0,0.0,0.13590790369693387,0.0,0.0,0.0
FB104325,211,4,43701.0,10925.25,0.0,0.0,0.0,0.16930619436626165,0.0,0.0,0.18967414933296722,0.6410196563007712,0.0
FB104326,46,8,54355.28,6794.41,0.0,0.0,0.0,0.13904518567469434,0.0,0.16715708207187968,0.06746005171898663,0.5496424634368546,0.07669521709758462
FB104327,109,4,131715.31,32928.8275,0.0,0.29672549075730076,0.04751558493845552,0.0,0.0,0.060587641634066686,0.595171282670177,0.0,0.0
FB104328,91,4,46805.729999999996,11701.432499999999,0.2408271380448505,0.0,0.596825858714307,0.0,0.0,0.0,0.0,0.16234700324084256,0.0
FB104329,225,7,106800.27,15257.18142857143,0.36859176479610023,0.0,0.3031915556018725,0.1866214383165885,0.0,0.14159524128543868,0.0,0.0,0.0
FB104330,17,3,8584.66,2861.5533333333333,0.0,0.0,0.0,0.49890851821737847,0.5010914817826215,0.0,0.0,0.0,0.0
FB104331,32,9,71578.1,7953.122222222223,0.0,0.039987649853796055,0.4433886901161109,0.06886799174607874,0.0,0.08931083669446381,0.3464046964085384,0.012040135181012067,0.0
FB104332,228,4,37281.78,9320.445,0.0,0.0,0.0,0.0,0.0,0.0,0.24845031540876,0.0,0.75154968459124
FB104333,297,5,52552.270000000004,10510.454000000002,0.02838012515919864,0.0,0.06175984405621298,0.7143860769477702,0.0,0.0,0.0,0.19547395383681807,0.0
FB104334,115,5,20170.79,4034.1580000000004,0.0910058554969835,0.0,0.20095643254428802,0.0,0.0,0.7080377119587284,0.0,0.0,0.0
FB104335,27,6,118736.52,19789.420000000002,0.0,0.09832661425482234,0.0,0.5754365211309881,0.0,0.04185729883274328,0.0,0.17174623275130513,0.112633333030141
FB104336,257,4,37934.09,9483.5225,0.0,0.10143567434990533,0.740550781632036,0.0,0.0,0.0,0.0,0.15801354401805873,0.0
FB104337,63,8,89297.01,11162.12625,0.3800329932659559,0.15663783143466956,0.14682540882387887,0.11593770048963566,0.0,0.0,0.10068198252102731,0.09988408346483271,0.0
FB104338,432,7,100812.52,14401.788571428571,0.0,0.018471614438365393,0.0,0.15650000615002976,0.0,0.5640058397508563,0.0,0.09080945501610314,0.17021308464464532
FB104339,18,9,167367.76,18596.41777777778,0.03407830755457323,0.349898988909214,0.020362643319119526,0.0,0.0,0.0,0.0,0.5753228698286934,0.020337190388399772
FB104340,31,5,28400.61,5680.122,0.4632777253728001,0.20739695379782336,0.11939144969069326,0.0,0.0,0.0,0.14771196815843038,0.0,0.06222190298025289
FB104341,223,3,9221.11,3073.7033333333334,0.09537355047277389,0.0,0.35534225272228614,0.54928419680494,0.0,0.0,0.0,0.0,0.0
FB104342,145,2,11275.84,5637.92,0.0,0.8076161066492606,0.0,0.0,0.0,0.19238389335073927,0.0,0.0,0.0
FB104343,133,15,209027.28,13935.152,0.06266272995563066,0.0406600994855791,0.10228129074826979,0.588286514564032,0.0,0.006028304056771919,0.011412816547199006,0.013939807282570963,0.1747284373599465
FB104344,35,4,34871.86,8717.965,0.24923190216982977,0.0,0.0,0.5765278938376099,0.0,0.0,0.17424020399256018,0.0,0.0
FB104345,14,8,69793.7,8724.2125,0.05227420239935696,0.05907023126729203,0.0,0.03663124322109303,0.0,0.15458773499613862,0.0,0.677846711092835,0.01958987702328434
FB104346,44,5,57843.51,11568.702000000001,0.0,0.5273013342378428,0.4287462845875017,0.0,0.0,0.04395238117465555,0.0,0.0,0.0
FB104347,7,7,58279.64,8325.662857142857,0.5129479180036115,0.016831435472147733,0.0,0.0,0.10195035521839188,0.0,0.04217973892769413,0.1188982979304608,0.20719225444769393
FB104348,152,9,104561.75,11617.972222222223,0.0,0.04319820584487157,0.019519948738424903,0.08107419778264997,0.0,0.35948078527759914,0.014491532515475304,0.48223532984097917,0.0
FB104349,43,8,90826.95,11353.36875,0.010862855132755199,0.0,0.0,0.0,0.0,0.047464436491591974,0.12878116021731434,0.0,0.8128915481583384
FB104350,51,9,87211.56,9690.173333333332,0.02592351289209825,0.0,0.0,0.33258194211868247,0.0,0.040750905040570315,0.0,0.32757962361870374,0.27316401632994525
FB104351,439,5,63353.26,12670.652,0.026518445933169026,0.03884519912629594,0.0,0.0,0.0,0.0,0.5549581821045989,0.0,0.37967817283593613
FB104352,8,8,86584.02,10823.0025,0.0,0.38817301391180503,0.0,0.0,0.0,0.12890126838647595,0.05114153858876038,0.17330784595125062,0.25847633316170815
FB104353,32,4,16314.79,4078.6975,0.37022480828744964,0.5188463964292522,0.05293601695149003,0.0,0.0,0.0,0.0,0.05799277833180813,0.0
FB104354,247,4,26498.059999999998,6624.514999999999,0.0,0.16140464622693132,0.5932343726295434,0.0,0.0,0.0,0.08665087179967136,0.15871010934385385,0.0
FB104355,117,3,2866.19,955.3966666666666,0.28746524131338114,0.7125347586866189,0.0,0.0,0.0,0.0,0.0,0.0,0.0
FB104356,195,4,67832.81,16958.2025,0.04331502704959444,0.0,0.0,0.0,0.0,0.14383024969774952,0.0,0.8128547232526561,0.0
FB104357,248,4,21249.86,5312.465,0.0,0.1063470535805883,0.10450845323216247,0.2302678700000847,0.0,0.0,0.0,0.0,0.5588766231871645
FB104358,25,6,45127.75,7521.291666666667,0.0,0.27167341602450823,0.1274109611048634,0.0,0.0,0.0,0.0,0.3855343995656775,0.21538122330495094
FB104359,262,8,73658.64,9207.33,0.0,0.01579828245539152,0.5886397033667741,0.13109975964801956,0.0,0.0,0.0,0.013232935063693819,0.251229319466121
FB104360,132,8,87008.42,10876.0525,0.5337482280450558,0.0,0.1814204878102602,0.0,0.0,0.0,0.13025727854844393,0.10762808932744669,0.0469459162687933
FB104361,206,6,26791.45,4465.241666666667,0.0,0.46670598269223956,0.3494256563194602,0.0,0.0,0.0,0.0,0.1838683609883004,0.0
FB104362,134,7,65533.740000000005,9361.962857142858,0.0,0.04320369934632145,0.5040637082516578,0.07728858447572197,0.0,0.01582131585958622,0.250407042235038,0.0,0.10921564983167449
FB104363,45,8,59707.75,7463.46875,0.0,0.0,0.07244704414418564,0.0,0.0,0.0,0.030083196904924402,0.11972499382408482,0.7777447651268051
FB104364,265,5,72205.95000000001,14441.190000000002,0.0,0.0,0.6530669563934828,0.0,0.0,0.0,0.025230469234183605,0.3094084351774334,0.012294139194900142
FB104365,16,3,5479.6,1826.5333333333335,0.13101321264325863,0.0,0.32768815241988464,0.0,0.0,0.0,0.5412986349368567,0.0,0.0
FB104366,223,5,54717.78,10943.556,0.16671838660121077,0.0,0.0,0.8135450670696069,0.019736546329182217,0.0,0.0,0.0,0.0
FB104367,67,9,144212.88999999998,16023.654444444443,0.05409031051246528,0.0,0.04461702417862925,0.5282302434962644,0.023069366406844767,0.0023339799930505514,0.3321996390197852,0.015459436392960432,0.0
FB104368,199,6,24757.23,4126.205,0.45052455383740425,0.0,0.36643073558713957,0.0,0.0,0.05933700983510676,0.0,0.0,0.12370770074034938
FB104369,18,5,19250.055,3850.011,0.4085936377844115,0.5209374726461821,0.0,0.0,0.0,0.0,0.0,0.07046888956940642,0.0
FB104370,28,8,79720.77,9965.09625,0.0,0.0,0.0,0.4078150524637431,0.3007247672093483,0.2914601803269085,0.0,0.0,0.0
FB104371,145,5,138331.91,27666.382,0.04290882703781072,0.0,0.0,0.05554278835591875,0.0,0.0,0.6515404146447483,0.25000796996152225,0.0
FB104372,306,6,51714.55,8619.091666666667,0.0,0.0,0.8513865053452075,0.0,0.0,0.0167627872619988,0.0,0.010162903863612854,0.12168780352918086
FB104373,112,8,99480.81,12435.10125,0.6510032437411799,0.16774129603488352,0.008677955074953652,0.04955448191465268,0.0,0.08140836408549548,0.04161465914883483,0.0,0.0
FB104374,64,2,4912.02,2456.01,0.46630714044323923,0.0,0.0,0.0,0.5336928595567607,0.0,0.0,0.0,0.0
FB104375,15,6,14665.630000000001,2444.271666666667,0.035732525639880455,0.0,0.0,0.18001886042399814,0.0,0.0,0.5121109696617193,0.0,0.2721376442744021
FB104376,163,7,55989.270000000004,7998.467142857144,0.0,0.017680709178740855,0.0,0.8212955803853131,0.0,0.08459424457579104,0.0,0.07642946586015499,0.0
FB104377,64,5,33711.14,6742.228,0.28814688556957724,0.1536560318043234,0.42753908648595085,0.0,0.0,0.057413958709198194,0.0,0.0,0.0732440374309501
FB104378,25,9,116782.37,12975.818888888889,0.0,0.11095047993973747,0.46348905232870347,0.0,0.0,0.09149899937807393,0.0,0.0,0.3340614683534852
FB104379,557,2,13031.91,6515.955,0.0,0.0,0.0,0.4701912459493658,0.0,0.5298087540506342,0.0,0.0,0.0
FB104380,63,9,58416.35,6490.705555555555,0.0046651322788910975,0.05222715900599746,0.22404703477707866,0.0,0.0,0.279521572299536,0.29448022685429676,0.1450588747842,0.0
FB104381,141,4,48123.450000000004,12030.862500000001,0.0,0.3691077842507135,0.0,0.0,0.0,0.2625875742491446,0.0,0.2118518102920717,0.15645283120807005
FB104382,114,4,68639.71,17159.9275,0.0,0.0,0.051949665871257315,0.9260317387704581,0.0,0.0,0.0,0.02201859535828458,0.0
FB104383,295,7,26952.72,3850.3885714285716,0.2383833616792665,0.0,0.06400764004523476,0.0,0.20549948205598545,0.011600684457820955,0.0,0.0,0.48050883176169235
FB104384,138,6,24457.03,4076.1716666666666,0.0,0.6640855410489336,0.09669898593574117,0.07790806978606969,0.0,0.0,0.06304444979623447,0.09826295343302109,0.0
FB104385,18,4,20217.760000000002,5054.4400000000005,0.0,0.0,0.0,0.0,0.0,0.0,0.10748322267155214,0.18320773419013778,0.70930904313831
FB104386,6,9,104619.93,11624.436666666666,0.12432612027173025,0.0,0.04785273704541764,0.011155522661886698,0.0,0.3783506641612167,0.0,0.389646791008176,0.048668164851572736
FB104387,54,10,142725.41,14272.541000000001,0.0,0.032748408289736214,0.030141444330060076,0.177451373234801,0.6971287733557746,0.0052927506041145714,0.02156273364357475,0.0,0.03567451654193882
FB104388,50,3,46833.82,15611.273333333333,0.0,0.2068319432410168,0.793168056758983,0.0,0.0,0.0,0.0,0.0,0.0
FB104389,129,7,54561.909999999996,7794.558571428571,0.48461774890211873,0.2498294139629643,0.09773393196829071,0.0,0.0,0.0,0.025315829302896473,0.0,0.14250307586372984
FB104390,35,7,51415.38,7345.0542857142855,0.0,0.0,0.0,0.19179805731281185,0.22025957991558165,0.40479366290786917,0.0,0.11005675733603446,0.07309194252770279
FB104391,376,6,57457.47,9576.245,0.5439727854359059,0.1094211074730579,0.051164974719562134,0.0,0.05622349887664737,0.0,0.0,0.0,0.2392176334948267
FB104392,39,8,87364.1,10920.5125,0.22343868934722613,0.1277911636473105,0.0,0.17434907473435884,0.0,0.41803521125954485,0.0,0.056385861011559665,0.0
FB104393,58,8,98057.79,12257.22375,0.19822208923941687,0.0,0.0,0.4161367495637011,0.0,0.014069356447866098,0.20986369364432952,0.0,0.1617081111046863
FB104394,59,8,140868.53,17608.56625,0.0,0.2794787451817663,0.0,0.16505815741812596,0.0,0.26780218406481565,0.03572274091310528,0.1960542216206842,0.05588395080150265
FB104395,5,5,25438.79,5087.758,0.0,0.16699025386034477,0.0,0.0,0.0,0.0,0.0,0.5381305478759013,0.2948791982637539
FB104396,55,5,74156.14,14831.228,0.4748382264772682,0.4895314130428041,0.0,0.02886113004263707,0.0,0.0,0.006769230437290831,0.0,0.0
FB104397,22,7,61247.32000000001,8749.617142857143,0.16711163851740776,0.5323160262359234,0.0218138524265225,0.004529667583822443,0.0,0.0797045487051515,0.1945242665311723,0.0,0.0
FB104398,139,4,28614.58,7153.645,0.0,0.0,0.0,0.0,0.0,0.0,0.010818610652331783,0.9891813893476682,0.0
FB104399,83,4,30836.440000000002,7709.110000000001,0.0,0.0,0.16571465448021885,0.0,0.09565468646834718,0.37735451952300586,0.0,0.0,0.361276139528428
FB104400,59,8,81443.74,10180.4675,0.427340763083817,0.0,0.06943811765029455,0.0,0.0,0.30662663576107874,0.03749545391702296,0.06048469778033278,0.09861433180745383
FB104401,52,5,55671.58,11134.316,0.3551702682050698,0.0,0.02332572562158286,0.07495799472549548,0.0,0.04495956464680902,0.0,0.5015864468010428,0.0
FB104402,79,5,38526.58,7705.316000000001,0.0,0.0,0.0,0.08695061954629764,0.0,0.0952630625401995,0.592078248315838,0.2257080695976648,0.0
FB104403,245,2,9806.369999999999,4903.1849999999995,0.0,0.0,0.0,0.5021919425842591,0.0,0.497808057415741,0.0,0.0,0.0
FB104404,4,6,47306.479999999996,7884.413333333333,0.0,0.45102467991700085,0.025657584330941556,0.07030537888255478,0.0,0.0,0.1272489519406221,0.0,0.32576340492888084
FB104405,43,5,79707.74,15941.548,0.095203176002732,0.0,0.0,0.0,0.0,0.25667770783615246,0.0,0.6481191161611157,0.0
FB104406,124,9,36053.590000000004,4005.954444444445,0.20072009472565702,0.0,0.4758555250669906,0.0,0.0,0.04045921640535659,0.20269215908873434,0.08027300471326157,0.0
FB104407,23,5,36297.69,7259.5380000000005,0.0,0.0,0.15118648046197983,0.8040776148564827,0.0,0.04473590468153759,0.0,0.0,0.0
FB104408,271,5,109163.09999999999,21832.62,0.0,0.0,0.0,0.12476624427118686,0.0,0.18284273715202298,0.0,0.6923910185767901,0.0
FB104409,121,1,4926.1,4926.1,0.0,0.0,0.0,0.0,0.0,0.0,0.0,1.0,0.0
FB104410,209,5,22555.22,4511.044,0.0,0.0,0.0,0.17114752150499973,0.0,0.28224552897289407,0.01140179523853015,0.5352051542835761,0.0
FB104411,16,10,103880.68,10388.068,0.1894259837344153,0.23125657244446227,0.08945792422614099,0.3215876137892051,0.0,0.011349367370332963,0.0,0.01838185887885986,0.13854067955658358
FB104412,87,7,38692.13,5527.447142857142,0.23436755743351428,0.0,0.0,0.0,0.0,0.44583510910358254,0.10949694421061855,0.0,0.21030038925228464
FB104413,213,4,20045.09,5011.2725,0.3821763833437516,0.0,0.05163658531839967,0.4418353821309857,0.0,0.12435164920686315,0.0,0.0,0.0
FB104414,66,12,128206.31,10683.859166666667,0.4655057149683194,0.09325492637608868,0.21185057116143505,0.13400689872440755,0.0,0.0,0.0,0.0,0.09538188876974932
FB104415,18,6,170307.45,28384.575,0.003134859925387879,0.024651358469638292,0.0,0.15040757171808983,0.0,0.033112585503452724,0.7040504100084876,0.08464321437494367,0.0
FB104416,253,5,17126.86,3425.3720000000003,0.08562048151266491,0.0,0.0,0.0,0.0,0.48624207823267074,0.0,0.2952128995040538,0.13292454075061044
FB104417,36,6,48395.83,8065.971666666667,0.18746263882652703,0.0,0.0,0.3180094235391769,0.0,0.0,0.0,0.0469253239380335,0.4476026136962627
FB104418,15,5,37540.030000000006,7508.006000000001,0.10896901254474224,0.0,0.0,0.4432865397283913,0.0,0.4477444477268665,0.0,0.0,0.0
FB104419,227,9,79580.62,8842.29111111111,0.07478994257647151,0.04162043472393153,0.0,0.31229512914073804,0.0,0.0,0.0,0.2031494602580377,0.36814503330082127
FB104420,364,5,23932.559999999998,4786.512,0.7412107187864567,0.06931644587958832,0.0,0.0,0.0,0.07859125810193311,0.11088157723202201,0.0,0.0
FB104421,137,5,55969.39,11193.878,0.0,0.044777511421868275,0.0,0.0724331639133462,0.0,0.0,0.3987817269403865,0.0,0.484007597724399
FB104422,84,5,16385.93,3277.186,0.09340147309307437,0.0,0.4699794274722277,0.0,0.0,0.17306066851255927,0.0,0.0,0.26355843092213865
FB104423,34,5,619640.6441500111,123928.12883000223,0.0,0.20876956865450913,0.0,0.0,0.020725383528732766,0.0,0.0,0.7705050478167581,0.0
FB104424,22,3,472571.7541500111,157523.9180500037,0.0007562872661376805,0.0,0.0,0.0,0.004335532079536057,0.9949081806543263,0.0,0.0,0.0
FB104425,7,8,62076.17,7759.52125,0.0,0.16571254315464373,0.3589712445210457,0.019382316918070176,0.0,0.0,0.333712437478021,0.0,0.1222214579282195
FB104426,205,3,33300.89,11100.296666666667,0.23412197091429088,0.7658780290857092,0.0,0.0,0.0,0.0,0.0,0.0,0.0
FB104427,651,1,29832.52,29832.52,0.0,0.0,0.0,0.0,0.0,1.0,0.0,0.0,0.0
FB104428,56,6,499477.9791500111,83246.32985833519,0.9463659738401515,0.01249387412558138,0.04093994300769475,0.0,0.0,0.0,0.00020020902657245362,0.0,0.0
FB104429,271,6,28626.58,4771.096666666667,0.0,0.10009927836297594,0.2520744706493056,0.0,0.0,0.2917379582192494,0.0,0.20758749386060088,0.14850079890786813
FB104430,52,7,43579.58,6225.654285714286,0.07910677431953222,0.13279866396142415,0.22097275834232452,0.0,0.0,0.0,0.0,0.0,0.5671218033767191
FB104431,411,4,122021.03,30505.2575,0.5965748691024817,0.0,0.0,0.0,0.0,0.24810641247660342,0.0,0.13209141080025305,0.02322730762066178
FB104432,303,3,16506.260000000002,5502.086666666667,0.0,0.0,0.0,0.0,0.0,0.6333300214585253,0.0,0.0,0.36666997854147454
FB104433,122,7,83909.39,11987.055714285714,0.15835557855920535,0.07873052110139282,0.057443273035353966,0.5891370441377299,0.0,0.09076290508130258,0.0,0.025570678085015276,0.0
FB104434,46,4,19151.78,4787.945,0.0,0.0,0.0,0.3687584130561233,0.0,0.39105242436995413,0.0,0.24018916257392264,0.0
FB104435,62,6,163566.01,27261.001666666667,0.19508399086093745,0.6756832302750432,0.0,0.0,0.0,0.11934655617019699,0.0,0.009886222693822513,0.0
FB104436,261,3,14433.44,4811.1466666666665,0.0,0.0,0.0,0.0,0.0,0.0,1.0,0.0,0.0
FB104437,413,4,94535.76000000001,23633.940000000002,0.02925972140066362,0.10608377189753378,0.0,0.0,0.0,0.749175232737326,0.0,0.11548127396447651,0.0
FB104438,235,5,83232.01000000001,16646.402000000002,0.0,0.0,0.1041124682679176,0.19557283309630516,0.0,0.0,0.08421627688674105,0.6160984217490363,0.0
FB104439,85,3,22936.31,7645.436666666667,0.984108603345525,0.015891396654474935,0.0,0.0,0.0,0.0,0.0,0.0,0.0
FB104440,89,5,72379.69,14475.938,0.42818475735389305,0.32209712420708075,0.15756187958251824,0.0,0.0,0.0031874963819270297,0.0,0.0,0.08896874247458092
FB104441,70,6,81334.59,13555.765,0.059482933398938884,0.03689893807788298,0.0,0.03470909486357527,0.0,0.0,0.0,0.7324407733536248,0.13646826030597806
FB104442,112,7,73905.51000000001,10557.930000000002,0.0,0.05924632683002931,0.0,0.051421470469522494,0.0,0.11679602779278568,0.17826871095267455,0.5942674639549879,0.0
FB104443,11,11,99690.58,9062.78,0.09874724372152315,0.29777868681273595,0.02105454697926324,0.029136955567918253,0.0,0.0331985228694627,0.1260484190181259,0.3940356250309709,0.0
FB104444,440,4,13436.14,3359.035,0.054136083726427385,0.0,0.4969381087127702,0.0,0.0,0.44892580756080247,0.0,0.0,0.0
FB104445,12,7,488949.2441500111,69849.89202143016,0.9644767014003789,0.0021555816122227995,0.0,0.012440268745223425,0.0,0.01880919156749614,0.0,0.0,0.0021182566746789735
FB104446,86,6,130123.91,21687.318333333333,0.038648623454367446,0.0,0.6174838275302363,0.0,0.06374308918322542,0.07527724920039676,0.0,0.0,0.20484721063177394
FB104447,286,3,52409.58,17469.86,0.0,0.0,0.0,0.15372742922190943,0.0,0.0,0.8055477643591114,0.0,0.040724806418979125
FB104448,201,3,47457.83,15819.276666666667,0.5428385579365934,0.0,0.0,0.3680153517343714,0.0,0.0,0.08914609032903528,0.0,0.0
FB104449,80,8,73959.66,9244.9575,0.0,0.0,0.07940909950099824,0.04952781016029549,0.0,0.039510322248642024,0.6977694326880356,0.1337833354020286,0.0
FB104450,44,4,65947.52,16486.88,0.0,0.0,0.10097680701260638,0.18107443615772054,0.0,0.017005491639412673,0.0,0.7009432651902604,0.0
FB104451,346,3,59347.53,19782.51,0.784582104764933,0.0,0.0,0.05683100880525273,0.0,0.0,0.0,0.0,0.15858688642981436
FB104452,28,4,70935.68,17733.92,0.0,0.0,0.1602099253859271,0.08280614212762887,0.0,0.08274510091395473,0.0,0.6742388315724893,0.0
FB104453,48,4,109637.7,27409.425,0.0,0.8255407583340402,0.0,0.0,0.0,0.0,0.0,0.025774619496760694,0.14868462216919912
FB104454,235,4,492159.5641500111,123039.89103750278,0.03459140335797864,0.0,0.0,0.0,0.0,0.0,0.9654085966420214,0.0,0.0
FB104455,133,7,29452.91,4207.558571428572,0.0,0.0,0.0,0.08673981620152305,0.0,0.050135962796205885,0.31628725311013417,0.34349814670265183,0.2033388211894852
FB104456,55,4,44374.54,11093.635,0.0,0.4535359690489186,0.0,0.0,0.0,0.0,0.5464640309510814,0.0,0.0
FB104457,13,8,35261.270000000004,4407.6587500000005,0.029091975416654023,0.38505306246768767,0.07894610715949822,0.0,0.0,0.0,0.0347089029975381,0.06325183409446115,0.4089481178641609
FB104458,239,6,18188.65,3031.441666666667,0.12223831895165391,0.04535245881360078,0.0953996035989477,0.0,0.0,0.0673628883946857,0.0,0.2423797258180239,0.42726700442308796
FB104459,83,10,95255.8,9525.58,0.6876677325685155,0.01676737794444013,0.013291579095446157,0.0060884481574875245,0.10721499373266512,0.0,0.09718809773263151,0.06736723643074753,0.004414534338066554
FB104460,150,5,65755.95999999999,13151.192,0.0,0.037169254315502345,0.04730035117729252,0.0,0.0,0.0,0.0,0.9155303945072051,0.0
FB104461,63,7,124024.39,17717.77,0.0,0.43156092120267636,0.13420400616362635,0.07304780938652469,0.0,0.025590127877266722,0.0,0.3355971353699058,0.0
FB104462,37,5,19194.36,3838.8720000000003,0.0,0.0,0.0,0.016722620603135504,0.0,0.20277414823937864,0.0,0.20292523428757198,0.5775779968699138
FB104463,50,11,606302.2841500111,55118.38946818283,0.0022751027598944514,0.7754638510213545,0.030426819232361065,0.05761564967378058,0.0,0.0,0.009303181181162135,0.10296248526841191,0.02195291086303548
FB104464,17,9,65593.94,7288.2155555555555,0.03535280850639556,0.6680461640206397,0.012499172941890669,0.12597078327662586,0.0,0.12398508154869184,0.03414598970575635,0.0,0.0
FB104465,19,7,54222.03,7746.004285714285,0.1768629835511507,0.0,0.0,0.0,0.0,0.2077194453988536,0.0,0.4388428467174689,0.17657472433252683
FB104466,49,8,47323.74,5915.4675,0.10573762766848098,0.40059090849539786,0.0,0.0,0.0,0.19439165205455022,0.07145377774453161,0.006395944192069351,0.22143008984496998
FB104467,23,4,504426.2541500111,126106.56353750278,0.0,0.0,0.9778595584426525,0.010233805154925214,0.0,0.0,0.0,0.0,0.01190663640242221
FB104468,116,4,48365.13,12091.2825,0.04700369873915361,0.055280943109219396,0.6237646833576174,0.27395067479400964,0.0,0.0,0.0,0.0,0.0
FB104469,147,3,26098.63,8699.543333333333,0.6011871121204447,0.0,0.0,0.0,0.0,0.0,0.0,0.3988128878795554,0.0
FB104470,156,9,66937.06,7437.451111111111,0.022101657885781063,0.0,0.0,0.6698066810821988,0.0,0.0,0.0,0.2652057021924775,0.0428859588395427
FB104471,307,4,124760.5,31190.125,0.0,0.7352288584928723,0.0012291550610970619,0.0,0.0,0.25055478296415934,0.012987203481871264,0.0,0.0
FB104472,2,5,120792.05,24158.41,0.07610368397589079,0.7913195446223489,0.0,0.0,0.0,0.0,0.06059935235804012,0.07197741904372017,0.0
FB104473,27,6,130994.23999999999,21832.373333333333,0.0,0.16333069301367756,0.0,0.24387988357350676,0.0,0.05680005471996326,0.0,0.5330390099595219,0.0029503587333305653
FB104474,129,4,14353.0,3588.25,0.08176687800459834,0.0,0.0,0.0,0.0,0.0,0.0,0.05446178499268446,0.8637713370027171
FB104475,91,9,133399.56,14822.173333333332,0.09617183145131813,0.0,0.0,0.5720875691044258,0.0,0.0,0.07058554016220144,0.16295855848400098,0.0981965007980536
FB104476,21,7,79333.27,11333.324285714287,0.44201606715568387,0.33366732519660414,0.023833128270144416,0.0,0.0,0.0,0.0,0.20048347937756755,0.0
FB104477,69,5,55505.765,11101.153,0.0,0.09125079169704263,0.0,0.30644636642698286,0.0,0.0,0.2777628594074868,0.0,0.32453998246848775
FB104478,18,8,68201.4,8525.175,0.07336946162395491,0.055260155949877855,0.039571328447803124,0.04088391147395801,0.0,0.16687721952921786,0.14941672751585744,0.47462119545933074,0.0
FB104479,4,3,44679.380000000005,14893.126666666669,0.0,0.5155861607748361,0.0,0.0,0.0,0.0,0.0,0.0,0.4844138392251638
FB104480,167,2,5441.849999999999,2720.9249999999997,0.0,0.0,0.0,0.8508099267712267,0.1491900732287733,0.0,0.0,0.0,0.0
FB104481,576,1,5835.95,5835.95,1.0,0.0,0.0,0.0,0.0,0.0,0.0,0.0,0.0
FB104482,2,6,23088.75,3848.125,0.0,0.10675762005305614,0.0,0.0,0.0,0.012640355151318283,0.42738086730550595,0.2151649612906719,0.2380561961994478
FB104483,263,7,47579.95,6797.135714285714,0.0,0.0,0.0,0.15572315649764237,0.10546017807921193,0.5917400081336781,0.0,0.05007508414783958,0.09700157314162793
FB104484,65,6,98116.28,16352.713333333333,0.0,0.0,0.02820235337091867,0.04907462859374612,0.0,0.35714175058410286,0.0,0.034183419917673194,0.5313978475335591
FB104485,14,6,30633.57,5105.595,0.50280362360639,0.0,0.0,0.0,0.07406025481195956,0.33808367748192586,0.01936339773653544,0.0,0.06568904636318915
FB104486,229,7,32321.59,4617.37,0.0,0.4302022270562803,0.2365223988052568,0.1424769016623254,0.0,0.057126521312843834,0.13367195116329364,0.0,0.0
FB104487,20,14,129781.0,9270.07142857143,0.0,0.1284990098704741,0.30562840477419656,0.13237345990553318,0.0,0.11013376380209737,0.05478413635277891,0.09701196631248027,0.17156925898243966
FB104488,190,5,127507.25,25501.45,0.04658464518684232,0.0,0.0,0.3910214517213727,0.0,0.5044681772997222,0.02672004925210135,0.0,0.031205676539961452
FB104489,201,4,56458.3,14114.575,0.0,0.0,0.0,0.12517326947499305,0.0,0.0,0.3924351246849445,0.4545007554248003,0.02789085041526224
FB104490,9,4,33036.15,8259.0375,0.033558692523190506,0.0,0.0,0.0,0.07044343847573037,0.09069398219828884,0.0,0.8053038868027902,0.0
FB104491,21,8,154201.41999999998,19275.177499999998,0.00954991205658158,0.010560667988660547,0.008515356084269522,0.6092108620011412,0.0,0.21293150218720425,0.0,0.0,0.14923169968214303
FB104492,187,6,56838.43,9473.071666666667,0.5229644801941221,0.30359846322285816,0.0,0.06657872147418568,0.0,0.0,0.0,0.0,0.10685833510883391
FB104493,67,10,165976.43,16597.643,0.12164847743742889,0.5802957685015878,0.0,0.1711460476647196,0.0,0.006189312542750798,0.09494052860397104,0.0,0.025779865249541754
FB104494,133,7,49883.229999999996,7126.175714285714,0.10078477275829975,0.2830672753147701,0.1629826296332455,0.4245344577726824,0.0,0.0,0.02863086452100235,0.0,0.0
FB104495,144,11,283082.14999999997,25734.740909090906,0.01308390514908835,0.0,0.0030555087984177037,0.14410248049903535,0.0,0.5105052367307511,0.002722990481738252,0.30792372461492185,0.01860615372604737
FB104496,56,10,86620.06,8662.006,0.5388954937228166,0.10568752780822362,0.1770707616688328,0.10277503848415712,0.0,0.0,0.05823766457792802,0.014391008272217773,0.002942505465823967
FB104497,33,8,85245.2,10655.65,0.2806779736571678,0.2649434806886487,0.0,0.0,0.0,0.36593861003317485,0.08843993562100856,0.0,0.0
FB104498,13,7,49407.409999999996,7058.201428571428,0.0,0.15294649122469683,0.0,0.1321459675785474,0.0,0.0,0.1607147591828837,0.455131527841674,0.09906125417219805
FB104499,61,6,80300.01999999999,13383.336666666664,0.040095880424438256,0.03691742542529877,0.0,0.8926596780424215,0.0,0.0,0.0,0.026452919937006245,0.003874096170835325
FB104500,23,8,37800.66,4725.0825,0.31141070023645095,0.0,0.0,0.0029922757962427115,0.0,0.39369894599723926,0.1693068322087498,0.0,0.1225912457613174
FB104501,40,7,28683.79,4097.684285714286,0.5645237257698512,0.022205224623384843,0.0,0.2110317360432495,0.0,0.0,0.0,0.08685393387693886,0.11538537968657558
FB104502,179,5,18060.739999999998,3612.1479999999997,0.23568746352585776,0.32445459045421177,0.0,0.0,0.0,0.0,0.41657484687781343,0.0232830991421171,0.0
FB104503,92,4,93942.07,23485.5175,0.0,0.14607331944037424,0.0,0.0,0.0,0.027839177910386686,0.12700156596506762,0.6990859366841714,0.0
FB104504,89,5,28071.230000000003,5614.246000000001,0.053376357216979795,0.1107984936890902,0.038465361154463126,0.0,0.0,0.112487055251943,0.0,0.0,0.6848727326875238
FB104505,215,4,31613.23,7903.3075,0.0,0.0,0.3669773699175946,0.1788131108399869,0.0,0.0,0.4542095192424184,0.0,0.0
FB104506,4,8,79767.95,9970.99375,0.03647605335225489,0.14758834845323218,0.0,0.794951230412716,0.0,0.01863643230144438,0.0,0.0,0.0023479354803526984
FB104507,53,3,18165.81,6055.27,0.0,0.0,0.0,0.5622485317197526,0.0,0.0,0.3457379549824643,0.09201351329778303,0.0
FB104508,404,2,14351.55,7175.775,0.29431385460107096,0.0,0.0,0.0,0.0,0.0,0.7056861453989292,0.0,0.0
FB104509,78,4,16583.41,4145.8525,0.19949937919884994,0.0,0.34085510760452764,0.0,0.0,0.0,0.0,0.0,0.4596455131966224
FB104510,108,11,235239.16,21385.37818181818,0.002495715424251643,0.3363914834587915,0.0,0.028867217515995212,0.005435489567298235,0.04607493922355445,0.5807351548101091,0.0,0.0
FB104511,55,9,70539.97,7837.774444444444,0.0,0.20232203104140817,0.0,0.12857802462915705,0.0,0.6489815632186972,0.010054016184015956,0.010064364926721688,0.0
FB104512,12,5,25636.5,5127.3,0.47718526319895466,0.0,0.0,0.30145495679987516,0.0,0.05305092348799563,0.0,0.1683088565131746,0.0
FB104513,76,9,161022.13999999998,17891.348888888886,0.022257808770893242,0.5635386537528317,0.025279939764805012,0.02883870503770475,0.0,0.0,0.24692424284014605,0.10610758247282018,0.0070530673607989555
FB104514,119,9,77600.53,8622.281111111111,0.0111317538681759,0.0,0.06229132713397705,0.0,0.08209196509353738,0.011579817818254592,0.6435965063640674,0.06918844497582685,0.12012018474616087
FB104515,21,9,66043.38,7338.153333333334,0.020430510976270442,0.011942756412527645,0.15614585443688678,0.38580702562467273,0.0,0.0,0.42567385254964235,0.0,0.0
FB104516,37,7,172426.19,24632.312857142857,0.0,0.0,0.022689186602104932,0.16030314188349226,0.0,0.7799269936892997,0.016608033849150175,0.0,0.020472643975952838
FB104517,61,9,141797.55000000002,15755.283333333335,0.0948081260924466,0.4784967018118438,0.15596059311320967,0.0,0.0,0.04630989745591515,0.22442468152658496,0.0,0.0
FB104518,45,8,91171.12,11396.39,0.45885319824962123,0.005271515804566183,0.14527012501327177,0.0538711162043419,0.0,0.0,0.11432863827931476,0.22240540644888424,0.0
FB104519,99,8,88632.84,11079.105,0.0,0.25696152802956557,0.27578017357900303,0.017081817529484556,0.0,0.0,0.39269992928129127,0.05747655158065566,0.0
FB104520,97,5,21561.89,4312.378,0.0,0.0,0.059332924896657945,0.06280386366872293,0.05063053377973824,0.0,0.0,0.180812071669042,0.6464206059858388
FB104521,38,3,23874.57,7958.19,0.0,0.0,0.0,0.0,0.0,0.0,0.0,0.9483450382561863,0.0516549617438136
FB104522,545,3,12338.28,4112.76,0.0,0.2854076905370927,0.0,0.7145923094629073,0.0,0.0,0.0,0.0,0.0
FB104523,34,6,84107.59999999999,14017.933333333332,0.18253677432241555,0.7360734345053241,0.0,0.0,0.0,0.04314913277753734,0.038240658394722946,0.0,0.0
FB104524,19,13,113121.0,8701.615384615385,0.01654900504769229,0.456985528770078,0.0,0.3403432607561814,0.0,0.03778564545928695,0.028926459278118113,0.017600622342447463,0.10180947834619565
FB104525,12,5,18972.15,3794.4300000000003,0.5107802752982661,0.0,0.17391544975134604,0.11951676536396769,0.0,0.0,0.0,0.0,0.19578750958642008
FB104526,75,8,152126.68,19015.835,0.0,0.0,0.3131223267345347,0.0,0.0,0.47520073401983143,0.01865826559811862,0.11049442477808628,0.08252424886942908
FB104527,28,6,29807.760000000002,4967.96,0.0,0.03652035577312753,0.0,0.0,0.19046986422327605,0.31180538222261583,0.36278875031199925,0.05667584548453154,0.04173980198444969
FB104528,512,4,37617.880000000005,9404.470000000001,0.0,0.19125027779343226,0.0,0.16440027986691433,0.3504256486543101,0.0,0.0,0.0,0.2939237936853432
FB104529,93,9,228741.75,25415.75,0.0,0.0,0.04783184530152453,0.011263706778495837,0.0,0.0,0.16580567386583342,0.0304159603570402,0.744682813697106
FB104530,164,5,98593.05,19718.61,0.7250691605544205,0.0,0.025167189776561332,0.0,0.08744084902536234,0.0,0.0,0.015010185809243149,0.1473126148344128
FB104531,200,4,90568.95,22642.2375,0.0,0.0,0.04442847134696825,0.005151323936073014,0.0,0.8856889695640725,0.0,0.0,0.06473123515288629
FB104532,11,6,20731.46,3455.2433333333333,0.031120818311879624,0.0,0.0,0.0,0.0,0.5661752717850069,0.3841287589007238,0.0,0.018575151002389604
FB104533,74,11,153885.53,13989.593636363636,0.3955974937994495,0.0,0.331655029553461,0.009270787188373073,0.0,0.029546052835507017,0.03676628985194384,0.10659904150832115,0.09056530526294448
FB104534,40,2,16887.739999999998,8443.869999999999,0.0,0.0,0.0,0.0,0.0,0.0,0.02151560836441111,0.978484391635589,0.0
FB104535,50,10,47984.21,4798.421,0.3272757850968058,0.10116973896204606,0.11374137450632198,0.0,0.0,0.16852356223015863,0.22193321511388853,0.005648107992191597,0.06170821609858743
FB104536,94,6,60686.43,10114.405,0.0,0.0,0.0,0.12219453344017765,0.488960711645091,0.11606202572799222,0.21218005409116997,0.0,0.060602675095569145
FB104537,168,6,122124.44,20354.073333333334,0.12021917971537883,0.0,0.8314668218744748,0.04831399841014625,0.0,0.0,0.0,0.0,0.0
FB104538,223,4,83562.75,20890.6875,0.0,0.6837307293022309,0.0,0.0,0.0,0.0,0.2574771653637536,0.0,0.05879210533401545
FB104539,349,3,17614.36,5871.453333333334,0.0,0.0,0.4586939292713445,0.0,0.0,0.0,0.12976684932066793,0.0,0.41153922140798754
FB104540,96,6,109973.05,18328.841666666667,0.0,0.06603299626590332,0.20324597708256706,0.6366572537544426,0.0,0.01857555100999745,0.0,0.0754882218870896,0.0
FB104541,12,5,23467.75,4693.55,0.0,0.1595551341734934,0.0,0.11428236622599099,0.0,0.11595998764261592,0.0,0.6102025119578997,0.0
FB104542,47,7,38983.89,5569.127142857143,0.044638695625295474,0.040969487652463624,0.0,0.0,0.0,0.027049891634723985,0.24648951143664732,0.09738663842936147,0.5434657752215082
FB104543,87,3,81186.14,27062.046666666665,0.0,0.0,0.9807246655648366,0.0,0.0,0.0,0.01162119544050253,0.007654138994660911,0.0
FB104544,2,3,14757.59,4919.196666666667,0.0,0.0,0.3793342950983189,0.0,0.0,0.3761908279061825,0.0,0.24447487699549858,0.0
FB104545,8,8,273175.57,34146.94625,0.0,0.0431843887065011,0.15765659425548192,0.035723948521458194,0.0,0.008402398501447255,0.0,0.7550326700151115,0.0
FB104546,32,8,62222.77,7777.84625,0.31845769643492244,0.0,0.023524185760293217,0.0,0.07532194404074263,0.0,0.1799927904206129,0.051704705528217404,0.3509986778152114
FB104547,20,7,111772.09,15967.441428571428,0.0,0.012859113576564597,0.33709086051804166,0.07424402639335097,0.0,0.0,0.0,0.4805531506121072,0.09525284889993559
FB104548,50,5,17975.8,3595.16,0.0,0.0,0.2293071796526441,0.0,0.0,0.208780694044215,0.0,0.38437009757562945,0.17754202872751143
FB104549,294,5,25442.620000000003,5088.524,0.417427136041807,0.0,0.2273075650227846,0.0,0.0,0.19724147906151174,0.0,0.03405859931092002,0.1239652205629766
FB104550,29,9,94860.36,10540.04,0.052750168774396373,0.0,0.3349634135902499,0.0,0.02758823601344123,0.028871385265668396,0.5558267963562441,0.0,0.0
FB104551,27,9,70751.73000000001,7861.303333333334,0.005912081584436168,0.0,0.25176500984498895,0.0,0.0,0.352785013172116,0.007898888126127799,0.3816390072723309,0.0
FB104552,92,9,34085.35,3787.261111111111,0.0,0.40185035506456585,0.2033548137249581,0.18827560814250113,0.0,0.0,0.1908558955680373,0.0,0.01566332749993766
FB104553,50,5,190280.07,38056.014,0.012726766392297417,0.0,0.0,0.0,0.0,0.7262344395816125,0.03408570324784934,0.22229984464479124,0.004653246133449499
FB104554,17,3,55367.51,18455.836666666666,0.024870722920355276,0.0,0.0,0.0,0.0,0.915098403377721,0.0,0.06003087370192375,0.0
FB104555,84,7,132912.59,18987.512857142858,0.00826219698224224,0.0,0.08005253678376142,0.2004761926616583,0.0,0.0,0.5214955182199068,0.0,0.18971355535243126
FB104556,110,9,112967.99,12551.99888888889,0.03932467949549248,0.0,0.0,0.5204607074977611,0.0,0.0,0.0,0.4236068996182016,0.016607713388544845
FB104557,34,3,21333.020000000004,7111.006666666668,0.02940136933261207,0.7865853029716373,0.0,0.0,0.0,0.0,0.1840133276957505,0.0,0.0
FB104558,33,5,29181.68,5836.336,0.5286923165492871,0.24236301679683966,0.0,0.0,0.0,0.0,0.11225364680854563,0.0,0.1166910198453276
FB104559,342,5,79280.48000000001,15856.096000000001,0.0,0.12840865746524238,0.2838842549893744,0.0,0.0,0.0,0.0,0.44770087163952593,0.1400062159058573
FB104560,20,6,18787.46,3131.2433333333333,0.0,0.0,0.058598661021766654,0.0,0.0,0.2782292018186599,0.06129301140228642,0.2892807223541661,0.31259840340312106
FB104561,46,7,60949.87,8707.124285714286,0.0,0.11193034538055617,0.2638604479386092,0.0,0.0,0.16024562480609064,0.036869479787241546,0.0,0.4270941020875024
FB104562,107,4,31190.989999999998,7797.7474999999995,0.0,0.7171272857963149,0.1545327673151766,0.0,0.0,0.12833994688850853,0.0,0.0,0.0
FB104563,44,9,84689.73000000001,9409.970000000001,0.51953359634043,0.021838185102255016,0.2333291179461783,0.07714760691762743,0.033695230814881565,0.0,0.03292677872511814,0.0,0.08152948415350951
FB104564,114,4,20497.329999999998,5124.3324999999995,0.6528835706894508,0.1029607270800636,0.0,0.0,0.2441557022304856,0.0,0.0,0.0,0.0
FB104565,5,9,190578.88999999998,21175.43222222222,0.08807654404955344,0.17453806137710215,0.0,0.0,0.0,0.04551647876635235,0.6651521057762484,0.0,0.0267168100307437
FB104566,141,7,75853.53,10836.218571428572,0.0030535164283059736,0.0,0.21054168474426965,0.033307612710970734,0.0,0.1126754417361987,0.02658188748763571,0.6138398568926192,0.0
FB104567,177,7,48510.68,6930.097142857143,0.19983599487782894,0.5916579606799987,0.1975546415758344,0.010951402866337884,0.0,0.0,0.0,0.0,0.0
FB104568,87,8,152136.32,19017.04,0.0,0.24451386756298563,0.0,0.05593253471623345,0.02123950414996235,0.001166848258193704,0.6534624999474156,0.0,0.023684745365209304
FB104569,31,8,314275.0,39284.375,0.023518510858324716,0.17372119958634955,0.0,0.05278867234110254,0.0,0.04160340466152255,0.013373733195449844,0.0,0.6949944793572509
FB104570,156,3,15548.6,5182.866666666667,0.0,0.06873030369293699,0.0,0.0,0.0,0.0,0.0,0.0,0.931269696307063
FB104571,468,2,20965.91,10482.955,0.0,0.0,0.0,0.3957867795864811,0.0,0.0,0.0,0.0,0.6042132204135189
FB104572,136,5,23194.54,4638.908,0.0,0.051759595146099034,0.26719219264533806,0.0,0.0,0.0,0.19416595457379193,0.48688225763477094,0.0
FB104573,11,8,55139.29,6892.41125,0.0,0.11678514540176341,0.08572000110991634,0.0,0.0,0.12277833102312342,0.42563805228540297,0.2418244776093417,0.007253992570452031
FB104574,224,6,77423.99,12903.998333333335,0.8943957809459316,0.0,0.0,0.0,0.0,0.0,0.10560421905406837,0.0,0.0
FB104575,3,5,34299.89,6859.978,0.0,0.0,0.0814098820725081,0.10845486676487884,0.0,0.7007200314636577,0.0,0.07373988662937403,0.035675333069581275
FB104576,83,4,39742.44,9935.61,0.7351687515914976,0.18869223932903967,0.0,0.0,0.0,0.07613900907946265,0.0,0.0,0.0
FB104577,103,8,85082.51,10635.31375,0.008174653051490842,0.058002520141918715,0.0,0.40025088587536967,0.0,0.19693342380237727,0.0,0.3366385171288435,0.0
FB104578,204,9,113823.85,12647.094444444445,0.0,0.0,0.038338538012903274,0.0,0.008513681447253806,0.0,0.07758514581961513,0.7839337713493263,0.09162886337090162
FB104579,162,8,56972.97,7121.62125,0.03867290050000904,0.04313642065702385,0.010428805098277306,0.8593002962632982,0.0,0.0,0.04125096515066706,0.0,0.007210612330724552
FB104580,137,5,105216.02,21043.204,0.0,0.13405686700561378,0.0,0.0,0.0,0.020354504950862044,0.0,0.0,0.8455886280435242
FB104581,142,4,76034.95999999999,19008.739999999998,0.8267294412991077,0.0,0.0,0.0,0.14847933108664754,0.018897228327600882,0.0,0.005893999286643934,0.0
FB104582,224,5,32077.49,6415.4980000000005,0.0,0.2799115516831273,0.29613008997898527,0.0,0.0,0.0,0.0,0.4239583583378874,0.0
FB104583,170,3,13164.46,4388.153333333333,0.0,0.0,0.5578846378810829,0.44211536211891717,0.0,0.0,0.0,0.0,0.0
FB104584,41,5,38083.6,7616.719999999999,0.22548629856421132,0.1450910628196914,0.0,0.33033484229432086,0.0,0.0,0.162800785640013,0.0,0.13628701068176327
FB104585,65,4,22917.84,5729.46,0.0,0.0,0.6336975910469748,0.0,0.0,0.15111459020570872,0.1327175684968566,0.0,0.0824702502504599
FB104586,56,7,43718.1,6245.442857142857,0.0,0.10826271041056221,0.43385051042931866,0.057358165153563394,0.0,0.0,0.28082533321438946,0.07926373744513142,0.04043954334703475
FB104587,40,5,36112.39,7222.478,0.0,0.33424511642679977,0.0,0.0,0.0,0.2989724579292592,0.03448927085689981,0.3322931547870413,0.0
FB104588,56,12,248329.90000000002,20694.158333333336,0.053954437222420666,0.5470194285907578,0.01892027500514437,0.019656916062060995,0.0,0.009297148671988354,0.004416544282424308,0.3080296009461607,0.038705649219042904
FB104589,21,7,45592.7,6513.242857142856,0.10832238494320363,0.0,0.0,0.14377411296106615,0.0,0.5235500420023381,0.0,0.22435346009339213,0.0
FB104590,32,4,40652.59,10163.1475,0.0,0.19405110473896006,0.0,0.0,0.0,0.10516353324597523,0.0,0.0,0.7007853620150647
FB104591,128,3,39114.46000000001,13038.153333333335,0.1279296710219187,0.0,0.0,0.5541648791776749,0.0,0.0,0.31790544980040625,0.0,0.0
FB104592,299,2,9718.66,4859.33,0.0,0.0,0.1432038984798316,0.0,0.0,0.0,0.8567961015201684,0.0,0.0
FB104593,40,5,35706.1,7141.219999999999,0.4669574666513564,0.0,0.0,0.0,0.0,0.0,0.26465449881112746,0.268388034537516,0.0
FB104594,47,6,29468.67,4911.445,0.0,0.0,0.0,0.0,0.0,0.23944514631980335,0.6989239758699662,0.0,0.06163087781023032
FB104595,343,3,39569.56,13189.853333333333,0.0,0.19254295473591318,0.517815209469097,0.0,0.0,0.0,0.0,0.0,0.2896418357949899
FB104596,83,9,506188.77415001113,56243.197127779014,0.0,0.029727545865212205,0.0022634046002380608,0.0,0.0,0.0102196458400062,0.013810954246741556,0.9391142364787677,0.004864212969034184
FB104597,227,6,47790.28,7965.046666666666,0.5480407312951504,0.0,0.15437448786657038,0.07257145176801642,0.0,0.1959373328635028,0.0,0.029075996206760036,0.0
FB104598,43,12,131737.29,10978.1075,0.12479230444166567,0.0,0.048755139869660284,0.0,0.0,0.0,0.3118067025669042,0.08055866338225114,0.4340871897395187
FB104599,316,2,10981.44,5490.72,0.2515990616895416,0.0,0.0,0.0,0.0,0.0,0.0,0.7484009383104584,0.0
FB104600,27,6,48896.329999999994,8149.388333333332,0.0,0.0,0.19023738591423936,0.502799085330126,0.0,0.0,0.28576950458245026,0.0,0.021194024173184365
FB104601,24,9,57402.48,6378.053333333333,0.0,0.022150610914371642,0.5303249964113048,0.0,0.0,0.1390265716742552,0.2800361587164875,0.028461662283580776,0.0
FB104602,316,2,4082.16,2041.08,0.5165427126815216,0.0,0.0,0.0,0.0,0.4834572873184785,0.0,0.0,0.0
FB104603,431,4,82183.11,20545.7775,0.0,0.06751241222192736,0.0,0.0,0.0,0.0,0.8395947780511104,0.0,0.09289280972696215
FB104604,113,5,107232.18000000001,21446.436,0.0,0.029881794811967826,0.08789861401679981,0.0,0.0,0.6751819276638785,0.0,0.20703766350735386,0.0
FB104605,23,3,42577.46,14192.486666666666,0.4256982450338747,0.03173885901131725,0.0,0.0,0.0,0.542562895954808,0.0,0.0,0.0
FB104606,71,7,71044.95,10149.278571428571,0.0,0.0,0.19964233911066162,0.0,0.0,0.06827649255858438,0.0,0.38455414494626283,0.34752702338449104
FB104607,62,4,22194.16,5548.54,0.14365040172730123,0.0,0.0,0.0,0.0,0.13059877012691626,0.0,0.7257508281457825,0.0
FB104608,192,5,79221.92000000001,15844.384000000002,0.02090532519282542,0.0,0.0,0.0,0.0,0.01068807723922874,0.882982891603738,0.0854237059642079,0.0
FB104609,17,11,122644.19,11149.471818181819,0.1642654250478559,0.1315762287638738,0.0,0.3233401435485856,0.0,0.11625189909118404,0.025346002937440413,0.0,0.23922030061106037
FB104610,99,4,31800.45,7950.1125,0.0,0.0,0.0,0.04169186285099739,0.8003430769061444,0.0,0.039710444349057954,0.0,0.11825461589380025
FB104611,12,11,105262.14,9569.285454545454,0.031853903027242274,0.0,0.23190503252166447,0.058863899213905405,0.0,0.0,0.002095150260103015,0.028502555619712842,0.646779459357372
FB104612,169,5,171713.34,34342.668,0.005404297650957113,0.0,0.2727358864488921,0.6920848432626143,0.0,0.0,0.0,0.029774972637536493,0.0
FB104613,108,5,42646.729999999996,8529.346,0.0,0.08401183396710603,0.17264535874145567,0.0,0.0,0.027436804650673097,0.6924148697918926,0.0,0.023491132848872585
FB104614,254,4,27367.769999999997,6841.942499999999,0.023991359179063552,0.9534372000349316,0.0,0.0,0.0,0.022571440786004857,0.0,0.0,0.0
FB104615,379,3,8709.44,2903.146666666667,0.0,0.0,0.0,0.0,0.0,0.8127158577359738,0.12200095528529961,0.06528318697872654,0.0
FB104616,106,6,80524.31,13420.718333333332,0.16052717496120117,0.3289052709672396,0.04312399572253398,0.19865988295956838,0.0,0.0,0.0,0.2687836753894569,0.0
FB104617,156,6,210529.01,35088.168333333335,0.880906626597446,0.0,0.05634871887727017,0.0,0.0,0.0,0.0627446545252837,0.0,0.0
FB104618,48,10,93629.86,9362.986,0.0035018742952301752,0.012941597904770978,0.027833001138739287,0.15546824485265703,0.0,0.06269217961022264,0.40681882895050786,0.06284896719913925,0.26789530604873274
FB104619,212,2,14381.77,7190.885,0.6441877460145725,0.0,0.0,0.0,0.0,0.0,0.0,0.3558122539854274,0.0
FB104620,153,9,58575.43,6508.381111111111,0.0,0.08693440235948759,0.03778393090754946,0.05686018864906327,0.0,0.7242546917709354,0.051868163835929154,0.04229862247703516,0.0
FB104621,262,7,62658.4,8951.2,0.022855036196264188,0.1762606450212581,0.0,0.0,0.4928304904051173,0.035698804948737915,0.1419618119837085,0.012199800824789652,0.11819341062012437
FB104622,77,8,44599.83,5574.97875,0.03029652803609341,0.0,0.32475191048934493,0.0,0.0,0.04410263447192512,0.0399073270010222,0.06849577677762449,0.49244582322398983
FB104623,191,6,18971.02,3161.8366666666666,0.4065211042948665,0.18080261367074618,0.0,0.12178470108618301,0.0,0.0,0.031634566828773567,0.25925701411943053,0.0
FB104624,60,5,99677.7,19935.54,0.0,0.07480991234749597,0.15503638226002403,0.06476082413619094,0.0,0.0,0.0,0.705392881256289,0.0
FB104625,281,2,5856.3,2928.15,0.0,0.0,0.0,0.0,0.0,0.0,0.0,0.7830985434489354,0.21690145655106466
FB104626,314,6,62673.31,10445.551666666666,0.0,0.05617510867066061,0.0,0.0,0.0,0.1709871395016475,0.7654127410854796,0.007425010742212275,0.0
FB104627,382,3,2881.16,960.3866666666667,0.5473698093823322,0.0,0.0,0.0,0.0,0.0,0.1549341237557095,0.0,0.29769606686195843
FB104628,3,5,21150.09,4230.018,0.2831907571078894,0.0,0.21162746825190812,0.2780286041335994,0.0,0.0,0.0,0.0,0.22715317050660302
FB104629,28,8,109712.16,13714.02,0.2720217157332423,0.0,0.0,0.0,0.0,0.022352581518766925,0.12822252337389037,0.1306822324890878,0.44672094688501257
FB104630,77,8,45697.63,5712.20375,0.008905057001862022,0.1235350717312911,0.509939793376593,0.03329472447477035,0.0,0.03604213172543083,0.03817397094772748,0.0,0.2501092507423251
FB104631,78,10,103100.1,10310.01,0.0,0.6682896524833631,0.0,0.09199729195219015,0.0,0.04914728501718233,0.0,0.07576161419824036,0.1148041563490239
FB104632,130,3,83052.23,27684.076666666664,0.8904544766588445,0.0,0.01945847811672245,0.0,0.0,0.0,0.0,0.0,0.09008704522443285
FB104633,31,5,14582.77,2916.554,0.0,0.0,0.4648815005653933,0.06712442149193877,0.0,0.0,0.3450791584863506,0.12291491945631729,0.0
FB104634,3,3,96387.37000000001,32129.123333333337,0.0,0.0,0.0,0.0,0.0,0.9113182567384087,0.0,0.05227292745927189,0.036408815802319326
FB104635,47,13,151210.04,11631.541538461539,0.05199271159507662,0.4364630152865511,0.3538953498061372,0.0,0.0,0.021309365436316265,0.0,0.11070263588317282,0.025636921992745983
FB104636,4,9,80663.72,8962.635555555556,0.05941717044539974,0.0,0.0,0.5274372419223909,0.0,0.06318119223859252,0.23511313388472535,0.02961566860541517,0.0852355929034763
FB104637,197,5,51117.990000000005,10223.598000000002,0.0,0.3888022592437614,0.0,0.5295219941159658,0.0,0.0,0.0,0.08167574664027284,0.0
FB104638,137,8,49864.450000000004,6233.056250000001,0.05402024889475368,0.4485869191377826,0.016792925621359506,0.0,0.0,0.06880051820485336,0.13058601869668673,0.1342601793462076,0.14695319009835664
FB104639,33,10,152509.83,15250.982999999998,0.22169626705373682,0.3813059787687128,0.0,0.11572473721857798,0.0,0.1597645214082266,0.05034770545610077,0.027142381576321997,0.04401840851832305
FB104640,61,5,29159.15,5831.83,0.09047211595674085,0.6824629661701387,0.08259774376139221,0.0,0.0,0.1444671741117282,0.0,0.0,0.0
FB104641,46,2,5270.389999999999,2635.1949999999997,0.05996330442339182,0.0,0.0,0.0,0.0,0.0,0.0,0.0,0.9400366955766082
FB104642,236,5,61775.83,12355.166000000001,0.5462204231007499,0.19098019403381547,0.09815149387713609,0.11068697903370946,0.0,0.053960909954589034,0.0,0.0,0.0
FB104643,143,4,142619.09,35654.7725,0.0,0.0,0.0,0.001994753998220014,0.0,0.0847547828274602,0.0,0.9132504631743198,0.0
FB104644,177,6,99525.62,16587.603333333333,0.02184131081022153,0.0,0.15037384343850357,0.0,0.0,0.09790303240512344,0.7138748796541031,0.0,0.01600693369204834
FB104645,76,5,24982.800000000003,4996.56,0.46251901308099974,0.0,0.015623949277102646,0.0,0.0,0.0,0.0,0.4356457242582898,0.08621131338360793
FB104646,149,5,28108.760000000002,5621.752,0.0,0.0,0.0875951126979632,0.0,0.0,0.10881234177530422,0.4889852843028295,0.31460726122390315,0.0
FB104647,176,4,32444.390000000003,8111.097500000001,0.1756201919653906,0.31174634505379817,0.0,0.27209973742764154,0.0,0.24053372555316957,0.0,0.0,0.0
FB104648,133,5,19558.9,3911.78,0.0,0.0,0.31595079477884747,0.2056235268854588,0.12776638768028875,0.0,0.35065929065540496,0.0,0.0
FB104649,43,6,71293.09,11882.181666666665,0.03589857025414385,0.0,0.2106723105984044,0.1476265091048796,0.0,0.0,0.0,0.039765705203688044,0.5660369048388841
FB104650,3,10,71905.67,7190.567,0.08783020866087471,0.3531439175797958,0.25164455042279693,0.0,0.0,0.0,0.25289187904097127,0.0,0.05448944429556111
FB104651,158,5,16135.925,3227.185,0.0,0.3138924480623206,0.3035394624107388,0.0,0.19301899333319905,0.0,0.0,0.18954909619374163,0.0
FB104652,123,5,17130.199999999997,3426.0399999999995,0.0,0.0,0.2785910263744732,0.03621148614727207,0.0,0.5055177405984752,0.0,0.17967974687977958,0.0
FB104653,392,1,1227.93,1227.93,0.0,0.0,0.0,0.0,0.0,0.0,0.0,1.0,0.0
FB104654,3,7,495570.1741500111,70795.7391642873,0.0,0.013080286785051378,0.01140601330516911,0.013807449190694694,0.0,0.0,0.012969767623776307,0.9487364830953086,0.0
FB104655,46,9,75177.28,8353.031111111111,0.0,0.0,0.1660443155166029,0.09148189452983667,0.0,0.1960286405680014,0.089672039211847,0.2766236022372717,0.18014950793644036
FB104656,12,8,152275.39,19034.42375,0.0,0.0,0.37369978169157864,0.31136344487444756,0.0,0.0059584152107572995,0.09540386007220207,0.2135744981510144,0.0
FB104657,63,9,63221.42,7024.602222222222,0.3805267265429977,0.11614164945994569,0.0,0.09502554672134855,0.0,0.025459250994362352,0.21995187706951222,0.0,0.1628949492118336
FB104658,270,3,17579.4,5859.8,0.0608632831609725,0.48672252750378286,0.0,0.45241418933524463,0.0,0.0,0.0,0.0,0.0
FB104659,59,8,35855.83,4481.97875,0.0,0.055240667975054544,0.3243773746138354,0.0,0.0,0.13603506040719182,0.0,0.05308481214909821,0.43126208485482
FB104660,237,5,84279.95000000001,16855.99,0.0,0.0,0.0,0.11066309365394734,0.7089339753998429,0.12195367937451314,0.0,0.05844925157169647,0.0
FB104661,50,9,138777.76,15419.751111111113,0.06920806330927953,0.018389906278931153,0.0,0.4894021203397433,0.0,0.05294760486118238,0.07224039356161968,0.22095463999418927,0.07685727165505482
FB104662,53,3,19057.73,6352.576666666667,0.5419464962511276,0.0,0.0,0.0,0.0,0.0,0.0,0.36860003788488976,0.08945346586398276
FB104663,170,7,78148.32,11164.045714285716,0.6088510923843277,0.15787134003648445,0.0,0.0,0.0,0.01215176474683013,0.0,0.21879203545258552,0.0023337673797722072
FB104664,175,7,56137.03,8019.575714285714,0.10178611159158225,0.0,0.4004233925449921,0.4977904958634256,0.0,0.0,0.0,0.0,0.0
FB104665,11,7,58844.22,8406.317142857142,0.5628930080133614,0.0,0.07008912685052161,0.0,0.0,0.0225288057178768,0.03098180246080244,0.2634280818065054,0.050079175150932416
FB104666,71,7,68928.45,9846.921428571428,0.09911132485932875,0.04132836296188293,0.06873156149601506,0.09413152334050742,0.0,0.6229146310413188,0.057573324222436446,0.0,0.016209272078510393
FB104667,10,6,84482.55,14080.425000000001,0.0,0.0,0.0,0.10449270293096029,0.0,0.18780541070315704,0.5557959602308405,0.15190592613504209,0.0
FB104668,5,6,56027.54,9337.923333333334,0.0017848365286071816,0.0,0.0,0.0,0.0,0.13597848486654956,0.0,0.536782982083454,0.32545369652138934
FB104669,444,3,38173.020000000004,12724.340000000002,0.5591257909382071,0.0,0.0,0.4408742090617928,0.0,0.0,0.0,0.0,0.0
FB104670,724,1,666.23,666.23,0.0,0.0,1.0,0.0,0.0,0.0,0.0,0.0,0.0
FB104671,19,5,8566.6,1713.3200000000002,0.0,0.17527840683585086,0.0,0.0,0.0,0.21300282492470757,0.42099549412835896,0.19072327411108256,0.0
FB104672,138,9,60737.11,6748.567777777778,0.0,0.0,0.0,0.13092292339889072,0.0,0.07347254421555455,0.0,0.08110527484761788,0.7144992575379369
FB104673,168,9,279254.24,31028.248888888887,0.02544802900754524,0.0,0.06305694767606752,0.056864239554608016,0.0,0.0,0.07851415255145276,0.024683922435698738,0.7514327087746278
FB104674,279,4,51385.54,12846.385,0.0,0.021527456946059148,0.0,0.8926365277079895,0.0,0.0,0.08583601534595141,0.0,0.0
FB104675,83,6,106626.15000000001,17771.025,0.0,0.0,0.0,0.08252769137777176,0.0,0.0069817769843513984,0.04235583860056842,0.8374887398635324,0.030645953173775844
FB104676,191,4,184512.22,46128.055,0.0,0.17610502979152273,0.0,0.769874483110116,0.0,0.0,0.05402048709836129,0.0,0.0
FB104677,11,6,31555.870000000003,5259.311666666667,0.10352305292169096,0.0,0.19056581231954628,0.3955371853160759,0.0,0.03396230241790196,0.049154404552940546,0.0,0.2272572424718444
FB104678,361,1,6895.68,6895.68,0.0,1.0,0.0,0.0,0.0,0.0,0.0,0.0,0.0
FB104679,57,7,74505.28,10643.611428571428,0.030021496463069466,0.07709547564951102,0.2412799468708795,0.08572882351425296,0.0,0.31068227647758656,0.25519198102470053,0.0,0.0
FB104680,105,6,23015.04,3835.84,0.0,0.297957335724813,0.057314260587859066,0.08716126498150774,0.0,0.2817965990934624,0.0,0.27577053961235787,0.0
FB104681,52,5,48236.98,9647.396,0.027733494095194183,0.9459279996384518,0.0,0.0,0.0,0.019629338320931368,0.0,0.0067091679454227855,0.0
FB104682,65,6,75428.08,12571.346666666666,0.09683290360831139,0.0,0.2269371035296139,0.0,0.0,0.554611359589161,0.12161863327291374,0.0,0.0
FB104683,229,6,76054.17,12675.695,0.14929661319030899,0.0,0.5871320402286949,0.0,0.0,0.03548352444054022,0.11407434990086673,0.11401347223958927,0.0
FB104684,94,5,59015.780000000006,11803.156,0.0751336337501597,0.8294866220526104,0.0,0.09537974419722996,0.0,0.0,0.0,0.0,0.0
FB104685,2,8,115295.65,14411.95625,0.07868111242705166,0.2496220802779636,0.5961021946621576,0.0,0.0,0.006766777410943082,0.05793176065185459,0.0,0.010896074570029309
FB104686,17,9,208685.31000000003,23187.256666666668,0.0,0.02802875775012625,0.09592941640214157,0.8551793607321952,0.0,0.010748336813932901,0.0,0.010114128301603978,0.0
FB104687,528,1,2176.62,2176.62,0.0,0.0,0.0,1.0,0.0,0.0,0.0,0.0,0.0
FB104688,364,2,57897.06,28948.53,0.9116335095426262,0.0,0.08836649045737383,0.0,0.0,0.0,0.0,0.0,0.0
FB104689,261,6,219496.71,36582.784999999996,0.6546238437924651,0.0,0.036521139656261824,0.011751064514816646,0.0,0.2971039520364565,0.0,0.0,0.0
FB104690,227,6,74086.01,12347.668333333333,0.1387418488321884,0.08522378246581236,0.6087064210908375,0.0,0.0,0.0,0.0,0.0,0.16732794761116165
FB104691,228,6,81914.02,13652.336666666668,0.1635177958547267,0.0,0.0,0.0,0.27990702934613637,0.0,0.02327513653950813,0.20456241800854114,0.32873762025108766
FB104692,29,7,31969.89,4567.127142857143,0.0839077019032596,0.1247173512326755,0.6446831690693963,0.03455407572562809,0.0,0.1121377020690406,0.0,0.0,0.0
FB104693,52,8,92247.76,11530.97,0.010265940332860116,0.0,0.15038273016060227,0.10251067342990225,0.0,0.13415426022268725,0.0,0.0,0.6026863958539481
FB104694,266,6,22902.45,3817.0750000000003,0.04673735779359851,0.0,0.26011278269355464,0.0,0.0,0.4142792583326238,0.0,0.0,0.27887060118022305
FB104695,172,4,17064.08,4266.02,0.11361585271517713,0.0,0.48000829813268564,0.036736231897646986,0.0,0.3696396172544901,0.0,0.0,0.0
FB104696,116,5,96927.79000000001,19385.558,0.15996289608996553,0.0,0.0,0.38754736902595216,0.0,0.2825424989056286,0.0,0.16994723597845365,0.0
FB104697,14,11,571692.9641500111,51972.087650001005,0.0,0.0,0.11161975745997778,0.004876586165696554,0.0,0.00022690501394024805,0.040869140369320996,0.8395610830432884,0.0028465279477761585
FB104698,85,6,80422.68,13403.779999999999,0.0,0.37439923663324826,0.47512007806753026,0.0,0.08990685214668301,0.06057383315253857,0.0,0.0,0.0
FB104699,29,9,71802.0,7978.0,0.0,0.40084955850811954,0.0,0.18264198768836523,0.0,0.17710732291579623,0.19609342358151582,0.01833862566502326,0.024969081641179912
FB104700,79,4,17585.32,4396.33,0.0,0.0,0.0,0.6603439687193636,0.0,0.33965603128063643,0.0,0.0,0.0
FB104701,45,1,7777.65,7777.65,0.0,0.0,0.0,0.0,0.0,1.0,0.0,0.0,0.0
FB104702,71,10,85447.12,8544.712,0.0,0.04513540070162693,0.002346831584259364,0.055309061323541395,0.0,0.3549498215972639,0.08996991355589282,0.03847642846242214,0.41381254277499346
FB104703,57,5,38066.94,7613.388000000001,0.0990313379536154,0.0,0.752730584596503,0.0,0.0,0.0,0.045044335058189604,0.021426466114691647,0.08176727627700048
FB104704,6,5,61631.22,12326.244,0.08651151153587419,0.1296959560430574,0.0,0.0,0.0,0.0,0.6647002931306568,0.11909223929041159,0.0
FB104705,7,8,33563.75,4195.46875,0.07461204424416223,0.058096905143197645,0.0,0.12236713716435144,0.0,0.3736572939555324,0.14992990950057725,0.0,0.22133670999217908
FB104706,226,6,65963.28,10993.88,0.0,0.4529009169950312,0.007658503337008105,0.0,0.11601439467534058,0.0,0.011040384892928308,0.41238580009969183,0.0
FB104707,91,7,113542.78000000001,16220.397142857144,0.41747242757311387,0.4603885865750337,0.0,0.0,0.0,0.1221389858518525,0.0,0.0,0.0
FB104708,84,6,44806.96,7467.826666666667,0.0,0.008451365591417048,0.08085060892325657,0.19406337765382878,0.0,0.5647725264110754,0.0,0.15186212142042219,0.0
FB104709,45,7,113259.90999999999,16179.98714285714,0.791694254392397,0.0,0.0,0.011509279850213548,0.0,0.0,0.022259862293727763,0.1745366034636616,0.0
FB104710,90,6,11980.55,1996.7583333333332,0.0,0.44994178063611434,0.14696153348552446,0.09581279657444776,0.0,0.0,0.0,0.3072838893039134,0.0
FB104711,59,5,45954.520000000004,9190.904,0.6116880341694353,0.0,0.0,0.0,0.0,0.0,0.2626540327262693,0.0,0.1256579331042953
FB104712,57,8,105752.51999999999,13219.064999999999,0.6055495415144717,0.0,0.0,0.0,0.0,0.05166288235968277,0.0,0.13775567712239858,0.2050318990034469
FB104713,141,6,20267.14,3377.8566666666666,0.30985328961067027,0.0,0.18928472394230267,0.0,0.24758254001304575,0.0,0.0,0.2532794464339813,0.0
FB104714,4,11,101735.45,9248.677272727273,0.12163095558136323,0.0,0.0,0.17764574688567258,0.0,0.5906284387595474,0.04361006905655796,0.06101747227736252,0.0054673174394962625
FB104715,6,9,592216.8941500111,65801.87712777901,0.09404203181325092,0.8604682662445818,0.0,0.014939543412888358,0.0,0.0,0.021952531460047938,0.0,0.008597627069230923
FB104716,138,6,63682.92,10613.82,0.0,0.0,0.2861841134169099,0.0,0.0,0.0,0.18791726258783362,0.3162369125033839,0.20966171149187254
FB104717,277,5,13829.98,2765.996,0.0,0.0,0.6064802696750103,0.0,0.0,0.0,0.26981600841071357,0.12370372191427609,0.0
FB104718,156,6,41704.25,6950.708333333333,0.3045804684174874,0.18062044036279276,0.35665765479537453,0.0,0.11383827787335823,0.0,0.0,0.015809419903247274,0.028493738647739738
FB104719,171,5,38839.65,7767.93,0.0,0.13332354951705283,0.0,0.027288350950639362,0.0,0.7503682448219796,0.0,0.08901985471032825,0.0
FB104720,134,9,173083.79,19231.532222222224,0.2619279367524827,0.0,0.0,0.1037889221168545,0.046941773114628466,0.0,0.44255293924405054,0.14478842877198378,0.0
FB104721,48,4,45584.69,11396.1725,0.0,0.14868149810824643,0.0,0.0,0.0,0.0,0.0,0.10827385247108184,0.7430446494206716
FB104722,155,6,92189.86,15364.976666666667,0.011785786419460882,0.022452469284582922,0.07890943754551748,0.0045864046219399835,0.0,0.0,0.5604820313210152,0.3217838708074836,0.0
FB104723,3,6,99569.78,16594.963333333333,0.12689834204715528,0.0,0.13969650229216132,0.26668724185189524,0.0,0.0,0.04278958937139361,0.0,0.42392832443739453
FB104724,3,8,62570.759999999995,7821.344999999999,0.14399633311150448,0.0,0.0,0.0869671392835887,0.0,0.4284865646509648,0.022498528066464275,0.25273754066595966,0.06531389422151816
FB104725,60,5,138499.16,27699.832000000002,0.0,0.12799680517917944,0.24114745533474716,0.0,0.0,0.0,0.4006539101031371,0.0,0.23020182938293635
FB104726,5,11,170815.07,15528.642727272729,0.0,0.19135255454919756,0.037642814536211586,0.47873896606429395,0.0,0.1757616585000375,0.0,0.11650400635025937,0.0
FB104727,14,7,52792.97,7541.852857142857,0.03457884638807023,0.2745062458126527,0.1196146002015041,0.0,0.0,0.0282177721768637,0.0,0.0335419659094762,0.509540569511433
FB104728,28,10,151119.62,15111.962,0.0,0.0,0.12875747040655608,0.09951322005706473,0.29521712667091143,0.4593824415386963,0.0,0.004740549241719904,0.012389192085051565
FB104729,55,6,27679.96,4613.326666666667,0.0,0.4856813376897943,0.0,0.37571008050589666,0.0,0.059113886002725435,0.0,0.07949469580158353,0.0
FB104730,33,5,12873.83,2574.766,0.060626091846793066,0.0,0.0,0.39343458784215735,0.0,0.0,0.2531725213087325,0.2927667990023171,0.0
FB104731,29,9,525628.6641500111,58403.184905556795,0.056639357840468654,0.0011832878273596084,0.0,0.021515436222048278,0.0,0.0,0.0,0.8953115692634761,0.025350348846647306
FB104732,236,3,14188.82,4729.606666666667,0.0,0.15738306638607016,0.0,0.0,0.0,0.0,0.0,0.5627486993280625,0.2798682342858673
FB104733,394,4,70184.04000000001,17546.010000000002,0.8314314764439322,0.06661827959746973,0.0,0.061732268475852906,0.0,0.040217975482745076,0.0,0.0,0.0
FB104734,126,3,12773.72,4257.906666666667,0.0,0.0,0.0,0.2934141346451934,0.0,0.36580964668084165,0.34077621867396496,0.0,0.0
FB104735,85,6,41258.66,6876.443333333334,0.0,0.0,0.12226645266714914,0.0,0.0,0.0,0.0,0.3610793467359337,0.516654200596917
FB104736,265,5,461373.59,92274.71800000001,0.012374483767048739,0.03730226517733709,0.004381373454861169,0.0,0.0,0.00595268142678041,0.0,0.9399891961739727,0.0
FB104737,47,3,22032.07,7344.0233333333335,0.17686944531312765,0.0,0.0,0.0,0.0,0.150259598848406,0.0,0.0,0.6728709558384663
FB104738,315,3,108085.04999999999,36028.35,0.0,0.0,0.9259262960048592,0.0,0.0,0.0,0.0,0.07407370399514088,0.0
FB104739,162,6,37984.18,6330.696666666667,0.23262026454171186,0.05976593413363143,0.0,0.004082489078347881,0.0,0.24331498007854854,0.0,0.0,0.4602163321677604
FB104740,97,4,479461.0041500111,119865.25103750278,0.01679590191964898,0.0,0.0,0.9806126047383581,0.0,0.0,0.0,0.0025914933419929334,0.0
FB104741,240,2,26397.120000000003,13198.560000000001,0.0,0.0,0.5320466778193984,0.0,0.0,0.0,0.0,0.4679533221806015,0.0
FB104742,5,8,38425.17,4803.14625,0.0,0.5251651456584318,0.044457317950707835,0.0,0.12125281423608536,0.04000632918475052,0.03774114727403939,0.20932659504173956,0.022050650654245642
FB104743,17,6,157232.91,26205.485,0.18105579805143845,0.0,0.006771864745109659,0.0,0.0,0.4587893844870008,0.013027170965671245,0.3035050995367318,0.036850682214047935
FB104744,96,4,48333.34,12083.335,0.0,0.0,0.7191377628775499,0.0,0.0,0.05825709541281442,0.2226051417096356,0.0,0.0
FB104745,136,6,36521.75,6086.958333333333,0.4989169467509087,0.23077508607884342,0.05679684023903565,0.21351112693121221,0.0,0.0,0.0,0.0,0.0
FB104746,136,5,64663.61,12932.722,0.32263014700230935,0.1926534877963046,0.0,0.0,0.0,0.0,0.07685110682809079,0.0,0.4078652583732953
FB104747,117,6,69689.65,11614.941666666666,0.0,0.14787174279107443,0.057803992414942544,0.0,0.0,0.7943242647939831,0.0,0.0,0.0
FB104748,56,9,77166.75,8574.083333333334,0.0331470484373127,0.2773368063317426,0.0,0.0,0.0,0.10983668484159304,0.0026743383646453947,0.2508489731652558,0.3261561488594505
FB104749,192,9,69430.75,7714.527777777777,0.11870748911685386,0.050046269124271306,0.11251369170000323,0.021827504383864497,0.0,0.09072766749603021,0.05346521534046514,0.0,0.5527121628385118
FB104750,181,5,21888.21,4377.642,0.3864587373750526,0.0,0.0,0.0,0.0,0.0,0.06530958904359928,0.030836235580707607,0.5173954380006406
FB104751,185,7,95112.44,13587.49142857143,0.09757335633488112,0.187315455265368,0.026126866264812466,0.633342704697724,0.0,0.0,0.0,0.0,0.05564161743721431
FB104752,250,6,24186.260000000002,4031.0433333333335,0.0,0.0,0.19928794282373546,0.2847199194914799,0.0,0.02775542808189443,0.0,0.280557638923918,0.20767907067897232
FB104753,66,5,41201.0,8240.2,0.02867843013519089,0.0,0.0,0.7540025727530885,0.0,0.0,0.13840173782189752,0.0,0.07891725928982306
FB104754,89,7,154918.83000000002,22131.26142857143,0.03510212412525966,0.038058704677798046,0.0,0.0,0.853034715018181,0.04909822776224169,0.0006454993237426335,0.024060729092777167,0.0
FB104755,72,11,405018.91,36819.90090909091,0.029524028890404157,0.0,0.10495828454034405,0.009990990297218469,0.0,0.3547136107793091,0.016773685949626402,0.4785287679530816,0.005510631590016377
FB104756,109,6,57182.06,9530.343333333332,0.09993676338348076,0.7611757953456031,0.0,0.0,0.0,0.0553374607350627,0.0,0.04321652630213042,0.04033345423372295
FB104757,357,5,49231.19,9846.238000000001,0.017512881569590334,0.0,0.018529716628828186,0.8331740508405342,0.0,0.0,0.0,0.0,0.13078335096104723
FB104758,19,4,64422.219999999994,16105.554999999998,0.9443910812139041,0.0,0.03831752460564073,0.00863708205026154,0.0,0.0,0.00865431213019359,0.0,0.0
FB104759,391,3,491346.1941500111,163782.06471667037,0.0,0.956892532694507,0.0,0.03586294187234543,0.0,0.0,0.0,0.007244525433147531,0.0
FB104760,126,2,25214.659999999996,12607.329999999998,0.19845201164719256,0.0,0.0,0.0,0.0,0.0,0.0,0.0,0.8015479883528075
FB104761,106,5,43969.02,8793.804,0.0,0.3537713599256931,0.15081709803857352,0.13724845357026377,0.0,0.0,0.0,0.290036939645232,0.06812614882023751
FB104762,87,8,68352.20999999999,8544.026249999999,0.1977549811483784,0.0,0.0,0.757488602051053,0.0,0.0,0.0,0.009795586711826875,0.034960830088741825
FB104763,45,10,54476.189999999995,5447.619,0.04105683602322409,0.22672932890497666,0.34691394534015685,0.3623865765942882,0.0,0.014534790336842572,0.0,0.0,0.008378522800511563
FB104764,6,8,158041.34000000003,19755.167500000003,0.061321234051799366,0.005280074188183928,0.008822122110581953,0.2512505905100526,0.561505616188777,0.0,0.09183926180327248,0.019981101147332717,0.0
FB104765,238,4,43671.43,10917.8575,0.0,0.0,0.1157564567956671,0.0,0.0,0.21030957768041944,0.0,0.6739339655239135,0.0
FB104766,60,6,240071.72999999998,40011.954999999994,0.0,0.0,0.10523875510040269,0.003922077789000812,0.0,0.003048505544572033,0.00821525299959308,0.0037562940042961323,0.8758191145621352
FB104767,90,6,16670.559999999998,2778.4266666666663,0.13077125183557123,0.20870624622088282,0.07511145396435394,0.0,0.0,0.5854110479791921,0.0,0.0,0.0
FB104768,315,5,40018.28,8003.656,0.1949264186266876,0.0,0.1955706242247293,0.22879294162567707,0.0,0.0,0.12020431662730133,0.0,0.2605056988956047
FB104769,213,3,37521.01,12507.003333333334,0.0,0.6353515003993763,0.0,0.0,0.0,0.0,0.0,0.0,0.3646484996006238
FB104770,298,2,12221.82,6110.91,0.0,0.0,0.0,0.0,0.0,0.0,0.5405455161342583,0.4594544838657418,0.0
FB104771,290,7,116519.87,16645.695714285714,0.30480440803787373,0.18750398537176532,0.0,0.31527232222281054,0.0,0.0,0.10179027834480076,0.09062900602274959,0.0
FB104772,292,3,51110.78999999999,17036.929999999997,0.7150317966128091,0.0,0.0,0.0,0.0,0.0,0.09185555535338039,0.19311264803381048,0.0
FB104773,67,2,2811.44,1405.72,0.0,0.0,0.0,0.61722462510315,0.0,0.0,0.0,0.38277537489685004,0.0
FB104774,145,8,67053.95,8381.74375,0.05443870197057742,0.0,0.7937951455507095,0.0,0.0,0.0,0.0,0.029047058376128476,0.12271909410258455
FB104775,501,2,65109.15,32554.575,0.0,0.0,0.0,0.0,0.0,0.0,0.0,0.11172392820363958,0.8882760717963604
FB104776,3,9,125092.5,13899.166666666666,0.06442488558466734,0.2626684253652298,0.01578264084577413,0.0,0.0,0.0,0.0,0.22257137718088615,0.43455267102344264
FB104777,285,8,55057.09,6882.13625,0.0240207028740531,0.06973452465431791,0.0,0.5331607609483174,0.0,0.0,0.3730840115233116,0.0,0.0
FB104778,145,7,49117.630000000005,7016.804285714286,0.06862708970282157,0.0,0.0,0.0,0.0,0.6380684491495212,0.16943773549334523,0.1238667256543119,0.0
FB104779,27,5,28284.75,5656.95,0.0,0.05231016713953632,0.2528199824994034,0.0,0.0,0.49982799918684095,0.0,0.0,0.19504185117421932
FB104780,18,6,51311.46,8551.91,0.059916634607551596,0.3084082970938655,0.3602957312070246,0.09653379576414313,0.0,0.17484554132741495,0.0,0.0,0.0
FB104781,228,6,41716.909999999996,6952.818333333333,0.32654671690688497,0.0,0.0,0.06967773979424649,0.0,0.25098694989633696,0.0,0.35278859340253144,0.0
FB104782,81,8,27908.88,3488.61,0.09888573099314626,0.0,0.24830340737428372,0.0,0.0,0.13787511358392024,0.04715094263904535,0.4677848054096044,0.0
FB104783,42,7,77555.17,11079.31,0.15039152128736227,0.09158151545538486,0.0,0.0,0.0,0.08358926941943393,0.3752924531014502,0.29914524073636867,0.0
FB104784,68,7,46005.665,6572.237857142857,0.0,0.21482908680920054,0.40575916031210507,0.0,0.0,0.04349638245637792,0.0,0.0,0.33591537042231645
FB104785,57,3,15782.34,5260.78,0.09962337650817306,0.0,0.453842079184709,0.0,0.0,0.0,0.0,0.0,0.4465345443071179
FB104786,551,5,109262.84,21852.568,0.0803773725815657,0.0629031791595386,0.04553542631694362,0.0,0.0,0.8111840219419522,0.0,0.0,0.0
FB104787,14,5,25973.839999999997,5194.767999999999,0.0,0.0,0.12471779297939772,0.5566238954270911,0.0,0.18794641069630055,0.0,0.05968967237805421,0.07102222851915618
FB104788,67,6,103003.62000000001,17167.27,0.03364338068895054,0.0,0.0,0.06331748340495218,0.0,0.07663973363266262,0.0,0.8263994022734348,0.0
FB104789,198,5,14503.6,2900.7200000000003,0.0,0.0,0.3347789514327477,0.0,0.0,0.0,0.06534791362144571,0.352659339750131,0.24721379519567555
FB104790,356,2,5527.51,2763.755,0.0,0.0,0.28270414707526537,0.0,0.0,0.0,0.0,0.0,0.7172958529247346
FB104791,97,4,29179.379999999997,7294.844999999999,0.0,0.0,0.12680975401122302,0.3117256089745567,0.0,0.41121470024380236,0.0,0.150249936770418,0.0
FB104792,15,8,52831.2,6603.9,0.03869190932630718,0.0,0.05015445418616271,0.0,0.0,0.09240164902557578,0.5813227789639456,0.1513675631066491,0.08606164539135965
FB104793,234,5,56065.81,11213.162,0.0,0.142918652205328,0.260793699404325,0.0,0.0,0.0,0.0,0.06583762902917126,0.5304500193611758
FB104794,141,3,16670.37,5556.79,0.0,0.8301057505022384,0.08406592055245325,0.0,0.0,0.08582832894530835,0.0,0.0,0.0
FB104795,42,5,22287.520000000004,4457.504000000001,0.0,0.9113894233185209,0.0,0.0,0.0,0.0,0.0,0.0208870255640825,0.06772355111739664
FB104796,12,8,94470.56,11808.82,0.007296876402553345,0.11020703169325977,0.0,0.3831108866084841,0.0,0.031111702947457912,0.173118270919533,0.23737246820596805,0.05778276322274368
FB104797,75,5,34323.340000000004,6864.668000000001,0.0,0.0,0.0,0.0,0.0,0.040530146541682716,0.052082343967690785,0.4610137008810914,0.44637380860953507
FB104798,89,7,72236.13,10319.447142857143,0.0,0.29195002556200067,0.6405851199392881,0.0,0.0,0.0,0.0,0.0,0.06746485449871138
FB104799,95,8,106740.63,13342.57875,0.0,0.3255232801230422,0.502688901124155,0.04244194548973526,0.0,0.06671320939364889,0.019899920021082883,0.01779210034641917,0.02494064350191675
FB104800,262,2,61863.61,30931.805,0.0,0.0,0.0,0.0,0.0,0.24762893727023041,0.0,0.7523710627297695,0.0
FB104801,297,4,16511.309999999998,4127.827499999999,0.07640762604541979,0.32387072860966215,0.0,0.2960891655477367,0.0,0.3036324797971815,0.0,0.0,0.0
FB104802,19,13,103560.92,7966.224615384615,0.007835581221178799,0.05393762434709926,0.23020836431348815,0.27187253647418347,0.04288084733121335,0.05100872027788088,0.0,0.25114734399810273,0.09110898203685328
FB104803,19,4,21376.42,5344.105,0.0,0.0,0.0,0.0,0.0,0.0,0.0,0.8547446204743356,0.14525537952566428
FB104804,329,4,19959.559999999998,4989.889999999999,0.4629781418027252,0.0,0.0,0.0,0.0,0.09474908264510842,0.0,0.44227277555216654,0.0
FB104805,281,4,32075.269999999997,8018.817499999999,0.0,0.0,0.0,0.03632019309580247,0.0,0.0,0.0,0.0,0.9636798069041975
FB104806,82,9,95489.37,10609.93,0.0,0.009855651995609564,0.33102438522738187,0.0,0.0,0.0,0.18614354665864902,0.02019994476872138,0.45277647134963817
FB104807,250,5,505902.21415001113,101180.44283000223,0.0,0.9422994223319524,0.02200522094710377,0.0,0.0,0.0,0.035695356720943906,0.0,0.0
FB104808,129,4,14198.08,3549.52,0.21619190763821589,0.0,0.0,0.0,0.0,0.21494807748653338,0.5688600148752507,0.0,0.0
FB104809,51,8,61291.04,7661.38,0.0,0.10691562747181316,0.28081739190589683,0.2585390947844905,0.0,0.0,0.14115260566634208,0.13237872941950407,0.0801965507519533
FB104810,70,6,92242.48999999999,15373.748333333331,0.6714291862676299,0.0,0.0,0.04194531175383492,0.0,0.12049761449414471,0.1661278874843903,0.0,0.0
FB104811,32,10,67165.19,6716.519,0.00465419661583627,0.643371960981574,0.05123859546887309,0.07301847876854069,0.0,0.0,0.10389399627991823,0.061163677196476335,0.06265909468878152
FB104812,36,13,132740.18,10210.783076923077,0.0,0.16260193409410778,0.03723092736502241,0.02246418529792562,0.0,0.0998246348618783,0.12955029893736772,0.17477631867005153,0.3735517007736467
FB104813,61,9,131966.77,14662.974444444444,0.169069531670738,0.29585819217974335,0.0,0.0027897174417468875,0.0,0.10216518900932407,0.0,0.39404669827108746,0.03607067142736008
FB104814,39,7,111424.965,15917.852142857142,0.07718539557091178,0.045456105819732584,0.0,0.7717041688099252,0.0,0.030501423087725448,0.04629393421842224,0.0,0.028858972493282814
FB104815,7,9,48279.93,5364.4366666666665,0.13976739402894744,0.42691611193305373,0.0,0.14209051255873817,0.0,0.1092588576661151,0.18196712381314556,0.0,0.0
FB104816,130,2,7565.34,3782.67,0.351793838743533,0.0,0.0,0.6482061612564669,0.0,0.0,0.0,0.0,0.0
FB104817,205,4,48730.32,12182.58,0.0,0.040974284593247076,0.0,0.9590257154067529,0.0,0.0,0.0,0.0,0.0
FB104818,55,8,107464.95,13433.11875,0.13076458882640338,0.0,0.0,0.002780906704930305,0.0,0.0,0.02802588192708413,0.5803864422772261,0.25804218026435594
FB104819,170,8,70559.89,8819.98625,0.023941222130590054,0.0,0.0,0.15939934146722737,0.0,0.0,0.0,0.8166594364021826,0.0
FB104820,37,11,47298.700000000004,4299.881818181819,0.07854084784571247,0.14239545695759082,0.017419717666658913,0.257263096025895,0.08237900830255378,0.2049290995312768,0.2170727736703123,0.0,0.0
FB104821,58,6,43933.13,7322.188333333333,0.055333640011535706,0.7652573354095189,0.05000326632771214,0.0,0.023355950281712223,0.0,0.0,0.0,0.10604980796952095
FB104822,31,6,48695.21,8115.868333333333,0.7243020412069278,0.11050327126631142,0.0,0.0,0.0,0.0,0.05045752960096076,0.0,0.11473715792580011
FB104823,17,9,33637.850000000006,3737.5388888888897,0.03495259060849608,0.2834283403963095,0.14359360066115995,0.2152155979053358,0.16019186719721978,0.08732068191040747,0.032714040879544916,0.0,0.04258328044152643
FB104824,182,5,95091.93999999999,19018.388,0.0,0.05996659653804518,0.30528623140930766,0.0,0.0,0.0,0.0,0.0,0.6347471720526471
FB104825,258,6,58276.14,9712.69,0.40343251972419586,0.03879306350763795,0.0,0.18841416058098562,0.0,0.0,0.0,0.36936025618718055,0.0
FB104826,371,4,134722.75,33680.6875,0.0,0.893213210092579,0.0,0.0,0.029166937284163214,0.07761985262325777,0.0,0.0,0.0
FB104827,8,6,65706.39,10951.065,0.22541445360184906,0.060087763153629355,0.0,0.0,0.0,0.018566230772988745,0.0,0.044667040755092466,0.6512645117164403
FB104828,68,8,64463.38,8057.9225,0.0,0.3913409442694442,0.0,0.05029289497385959,0.0,0.08276435396344407,0.0,0.15201095567747147,0.3235908511157808
FB104829,78,9,106047.12,11783.013333333332,0.19592743301279658,0.0,0.6879455095055859,0.015951022526590065,0.0,0.0,0.01955706104984275,0.008731118770599334,0.07188785513458545
FB104830,51,8,101276.12,12659.515,0.0,0.032799143569086184,0.0,0.43063448718217084,0.0,0.09842221443712498,0.32497996566219167,0.0,0.11316418914942636
FB104831,26,6,65702.15,10950.358333333332,0.14471474677769297,0.07865054644330514,0.028017500188350003,0.0,0.0,0.0,0.0,0.7486172065906519,0.0
FB104832,62,6,120286.06,20047.676666666666,0.6322806649415569,0.17884956910218858,0.016374549137281577,0.018784554087148585,0.0,0.0,0.0,0.0,0.15371066273182446
FB104833,85,5,43911.09,8782.217999999999,0.0,0.0,0.5738891929123144,0.0382420477378266,0.0,0.0,0.0,0.2173020528527076,0.17056670649715142
FB104834,76,3,54629.83,18209.943333333333,0.2691943211245578,0.0,0.0,0.0,0.0,0.0813949082396925,0.0,0.6494107706357497,0.0
FB104835,126,3,9112.48,3037.4933333333333,0.07513871086685514,0.0,0.6268425280494443,0.0,0.0,0.2980187610837006,0.0,0.0,0.0
FB104836,208,5,70841.15,14168.23,0.0,0.007019648890510671,0.0,0.12894031223377939,0.0,0.7660780492693865,0.09796198960632345,0.0,0.0
FB104837,115,4,22454.5,5613.625,0.3038313033022334,0.0,0.0,0.18888997751007594,0.0,0.28317174731122935,0.22410697187646125,0.0,0.0
FB104838,323,7,79378.29,11339.755714285713,0.0,0.677724728008124,0.028209476419812012,0.0,0.0,0.06594914050176691,0.12485239981864057,0.10326425525165633,0.0
FB104839,12,6,52590.11,8765.018333333333,0.0,0.49291016885113953,0.005509210762251686,0.0,0.0,0.0,0.0439732869925543,0.0,0.45760733339405446
FB104840,8,7,37512.16,5358.88,0.0,0.0,0.24154620794963552,0.4609313353323296,0.0,0.1662023727772541,0.0,0.1313200839407808,0.0
FB104841,64,7,209150.11,29878.58714285714,0.861029716886116,0.0,0.0,0.06997347503188021,0.0,0.05469497481975984,0.014301833262244042,0.0,0.0
FB104842,5,5,39648.490000000005,7929.698000000001,0.02599317149278572,0.0,0.1800409044581521,0.465698441479108,0.0,0.0,0.0,0.3282674825699541,0.0
FB104843,240,10,106481.0,10648.1,0.0539372282379016,0.3707378781191011,0.2927147566232473,0.023562607413529172,0.0,0.11564156985753327,0.0,0.0,0.14340595974868756
FB104844,59,10,496573.9441500111,49657.39441500111,0.0,0.004924503246310624,0.009066625530879457,0.9468187159010054,0.0,0.01652615908804287,0.02266399623376161,0.0,0.0
FB104845,14,8,139268.63999999998,17408.579999999998,0.019028188973483195,0.0,0.0,0.07760469262857742,0.0,0.0,0.1157272735628064,0.787639844835133,0.0
FB104846,42,4,26584.13,6646.0325,0.0,0.0,0.0,0.0,0.4339284377559093,0.0,0.356963722341111,0.2091078399029797,0.0
FB104847,134,8,88845.75,11105.71875,0.0,0.03954190267964421,0.06229977235827262,0.057009029694723726,0.0,0.6491405610285242,0.10610524420132646,0.04579431205206777,0.040109177985441065
FB104848,60,7,81877.96,11696.85142857143,0.04036336518398846,0.0,0.11261125704646278,0.2664386118071334,0.0,0.43887940051266544,0.0,0.04815520562554318,0.09355215982420664
FB104849,138,5,53068.1,10613.619999999999,0.3601397072817757,0.0,0.4432779767883154,0.0,0.0,0.07450144248616401,0.0,0.0,0.12208087344374494
FB104850,224,5,66581.92,13316.384,0.0,0.0,0.2534697106962371,0.0,0.0,0.6362434426643149,0.11028684663944804,0.0,0.0
FB104851,2,11,354933.95,32266.72272727273,0.0642780156702395,0.0,0.002596173175318957,0.0,0.0,0.0,0.1073203901740028,0.7800898730594805,0.04571554792095825
FB104852,26,9,561163.2941500111,62351.47712777901,0.0,0.026616815739211878,0.8449688158385792,0.031065324802480504,0.0,0.07482663324158044,0.02252241037814813,0.0,0.0
FB104853,58,3,26029.239999999998,8676.413333333332,0.0,0.0,0.07403865806300915,0.0,0.0,0.8595441126978737,0.06641722923911725,0.0,0.0
FB104854,81,5,16887.76,3377.5519999999997,0.0,0.3548457581112001,0.0,0.0,0.0,0.0,0.16962581183058026,0.0,0.4755284300582197
FB104855,127,6,61611.829999999994,10268.638333333332,0.5819186023203661,0.2849657281726577,0.017167644590332733,0.0,0.0,0.0,0.06002353768748631,0.0,0.055924487229157126
FB104856,92,6,43495.920000000006,7249.320000000001,0.0,0.1424970434008523,0.0,0.0816878916459291,0.05710995422099361,0.42980651978392465,0.17320796985096534,0.1156906210973351,0.0
FB104857,111,7,118778.10500000001,16968.300714285717,0.05652371706048013,0.11027137535154312,0.0,0.0,0.0,0.25336841331152743,0.0495912104339432,0.5137227100903824,0.01652257375212376
FB104858,150,4,32070.47,8017.6175,0.0,0.0,0.5039935492058581,0.0,0.0,0.2554724018700069,0.24053404892413485,0.0,0.0
FB104859,73,4,33081.32,8270.33,0.0,0.0,0.652721838185417,0.0,0.0,0.0,0.28888629595191484,0.0,0.05839186586266812
FB104860,13,6,65429.090000000004,10904.848333333333,0.018227213614005637,0.028775426954585494,0.0,0.3201207597415767,0.0067861252540727685,0.0,0.6260904744357594,0.0,0.0
FB104861,39,5,50592.41,10118.482,0.2159367383368375,0.0,0.04622136008148258,0.0,0.0,0.0,0.73784190158168,0.0,0.0
FB104862,38,4,16092.810000000001,4023.2025000000003,0.0,0.3411082340498645,0.31805321755492044,0.2300511843487868,0.11078736404642818,0.0,0.0,0.0,0.0
FB104863,17,8,204651.9,25581.4875,0.054331672464316236,0.017769148490681005,0.0,0.1012523216251596,0.0,0.0,0.0,0.7936705693912444,0.0329762880285988
FB104864,334,4,136164.18,34041.045,0.8813671113798064,0.0,0.0,0.0,0.0,0.04754613144220455,0.0,0.0,0.0710867571779891
FB104865,18,6,47297.299999999996,7882.883333333332,0.2521902941605546,0.12134667306590438,0.02987527829284124,0.0,0.0,0.0,0.40072625710135673,0.19586149737934297,0.0
FB104866,32,7,72822.23,10403.175714285713,0.0,0.055503518637097495,0.42182805992071376,0.0,0.006836236682123028,0.1663880658419826,0.1027953964057404,0.2466487225123427,0.0
FB104867,145,3,14272.369999999999,4757.456666666666,0.05517163582502416,0.0,0.0,0.0,0.0,0.8783026224796583,0.0,0.0,0.06652574169531761
FB104868,48,4,30931.69,7732.9225,0.0,0.0,0.12137713781561887,0.2748456356571529,0.0,0.0,0.17818457381410457,0.42559265271312363,0.0
FB104869,137,6,289867.82,48311.30333333334,0.09315314821769452,0.0884754644375495,0.0,0.029341235601799468,0.0,0.0,0.7868698912490528,0.0,0.002160260493903739
FB104870,319,3,38343.29,12781.096666666666,0.7649382721201023,0.0,0.041321441117859216,0.0,0.0,0.0,0.0,0.0,0.19374028676203842
FB104871,49,7,84859.35,12122.764285714287,0.8218080859681344,0.009525173124705763,0.0,0.031162741642494312,0.0,0.025314122721892162,0.11218987654277342,0.0,0.0
FB104872,112,3,28511.21,9503.736666666666,0.0,0.0,0.0,0.0,0.0,0.6893015063197949,0.0,0.022394349450619598,0.2883041442295855
FB104873,390,2,21348.43,10674.215,0.0,0.0,0.0,0.48493027356110024,0.0,0.5150697264388997,0.0,0.0,0.0
FB104874,136,5,60515.49,12103.098,0.0,0.0,0.0,0.0,0.0,0.029683143935544436,0.5515619224102788,0.4187549336541768,0.0
FB104875,17,9,35075.36,3897.262222222222,0.0,0.0418316447785568,0.10099340391659559,0.0,0.0,0.6610133153301918,0.0,0.15325943910483028,0.042902196869825424
FB104876,280,1,1884.08,1884.08,0.0,0.0,0.0,0.0,0.0,0.0,1.0,0.0,0.0
FB104877,24,8,16585.93,2073.24125,0.23982254838890552,0.1656542623778106,0.16254500049138035,0.0,0.0,0.0,0.37702920487425184,0.05494898386765168,0.0
FB104878,232,9,105053.58,11672.62,0.05285217314821638,0.2067087099744721,0.0,0.14641976027851694,0.044013921277123544,0.0,0.04968597928790242,0.1429810388184772,0.3573384172152915
FB104879,19,6,20265.1,3377.5166666666664,0.4688775283615675,0.08343112049780164,0.030469625119047036,0.21143344962521776,0.0,0.0,0.0,0.20578827639636615,0.0
FB104880,299,4,27472.49,6868.1225,0.0,0.0,0.0,0.0,0.0,0.2625939621781644,0.7374060378218356,0.0,0.0
FB104881,147,9,47337.75,5259.75,0.0,0.1531209235757931,0.20337299512545484,0.04003041969675365,0.06447982846670997,0.5225438471410238,0.0,0.016451985994264617,0.0
FB104882,52,9,47149.159999999996,5238.795555555555,0.0,0.3177297326187784,0.257905124926934,0.03024359288691464,0.0,0.10353715739580514,0.0,0.08679051758292194,0.2037938745886459
FB104883,151,7,107005.42,15286.488571428572,0.0,0.3903043415931642,0.0,0.008281636575044516,0.21442437214862575,0.016692145126854324,0.3702975045563112,0.0,0.0
FB104884,88,7,49402.84,7057.5485714285705,0.0,0.0,0.01555517860916498,0.287944174869299,0.0,0.019030282469590817,0.0,0.547992180206644,0.12947818384530121
FB104885,134,9,94469.06,10496.562222222223,0.10060203838166697,0.007271269556402911,0.0,0.0,0.0,0.22311156689819925,0.2703806939541899,0.0,0.398634431209541
FB104886,114,2,21687.269999999997,10843.634999999998,0.0,0.0,0.0,0.0,0.0,0.23268719391606232,0.0,0.0,0.7673128060839377
FB104887,147,7,42780.4,6111.4857142857145,0.11561556226683249,0.021386195547493714,0.0,0.45205935428373745,0.0,0.0,0.0,0.03513150882179691,0.37580737908013956
FB104888,93,10,42242.33,4224.233,0.2579585453737992,0.06459752575201226,0.05906113606896211,0.09827227806799482,0.0,0.25184500949639854,0.12113631042605841,0.14712919481477466,0.0
FB104889,71,4,13632.36,3408.09,0.0,0.07551737190038996,0.0,0.0,0.0,0.16735913664251822,0.38362543242696057,0.0,0.3734980590301312
FB104890,148,3,17161.350000000002,5720.450000000001,0.1226675057614931,0.0,0.0,0.0,0.0,0.0,0.8773324942385068,0.0,0.0
FB104891,275,2,29301.1,14650.55,0.0,0.0,0.0,0.0,0.0,0.0,0.09798744757022775,0.9020125524297723,0.0
FB104892,8,8,523934.1241500111,65491.76551875139,0.9327894703229567,0.006227042388760069,0.0151178929466563,0.0,0.0,0.005445169284646868,0.0,0.03869045566155183,0.0017299693954282032
FB104893,50,6,50529.89,8421.648333333333,0.33583469111054864,0.6295418414724434,0.0,0.03462346741700804,0.0,0.0,0.0,0.0,0.0
FB104894,206,4,21912.99,5478.2475,0.06053669535741128,0.0,0.4496086567830314,0.0,0.0,0.2384202247160246,0.25143442314353265,0.0,0.0
FB104895,431,4,28185.97,7046.4925,0.0,0.0,0.0,0.0,0.0,0.4545875128654433,0.0,0.13359802767121373,0.4118144594633429
FB104896,56,8,57878.61,7234.82625,0.05256605160351985,0.0,0.49723671663849567,0.0,0.0,0.07522813695767747,0.37496909480030705,0.0,0.0
FB104897,119,5,62848.79,12569.758,0.0,0.06221010778409576,0.028256391252719424,0.7608802015122328,0.0,0.08481436158118556,0.06383893786976647,0.0,0.0
FB104898,101,7,166810.05,23830.007142857143,0.0,0.1725411628376108,0.10817231935366005,0.026581372045629145,0.0,0.6927051457631,0.0,0.0,0.0
FB104899,348,2,35038.96,17519.48,0.0,0.0,0.10978693431540207,0.0,0.0,0.0,0.0,0.0,0.8902130656845979
FB104900,2,9,133041.6,14782.400000000001,0.022599472646149775,0.14358095512982405,0.03325974732715181,0.010826914288463158,0.0,0.0,0.031130638837777055,0.7050248193046386,0.053577452465995594
FB104901,119,7,83401.66,11914.522857142858,0.3477267718652122,0.39083059018249755,0.0,0.0,0.0,0.1888373684648483,0.0,0.07260526948744185,0.0
FB104902,34,6,22829.85,3804.975,0.35115605227366803,0.0,0.0,0.22185910113294657,0.0,0.0,0.28724498846904384,0.1397398581243416,0.0
FB104903,5,7,102149.97,14592.852857142858,0.0,0.0,0.024340193149346982,0.0,0.0,0.0,0.4155274837574597,0.04578816812183107,0.5143441549713622
FB104904,4,3,71681.99,23893.99666666667,0.7116840645746582,0.2648432332863527,0.0,0.0,0.0,0.0,0.023472702138989162,0.0,0.0
FB104905,159,4,9816.839999999998,2454.2099999999996,0.17501151083240638,0.19280644280644285,0.0,0.0,0.0,0.11957208225864943,0.5126099641025014,0.0,0.0
FB104906,110,8,72442.5,9055.3125,0.11595720744038375,0.0,0.09605024674742037,0.04033392000552162,0.0,0.06738710011388342,0.5928167857266107,0.002354557062497843,0.08510018290368224
FB104907,311,8,92143.27,11517.90875,0.0,0.4199934515022095,0.1727971017308155,0.0,0.0,0.0,0.04156896103209708,0.0,0.36564048573487784
FB104908,72,6,154275.3,25712.55,0.1538724604651555,0.026293774829801015,0.0,0.0,0.7563724718085137,0.027141545017251627,0.0,0.0,0.03631974787927815
FB104909,235,3,35533.38,11844.46,0.9513108519369675,0.04868914806303257,0.0,0.0,0.0,0.0,0.0,0.0,0.0
FB104910,66,6,25784.475,4297.412499999999,0.03009601708004526,0.1964339006320664,0.0,0.043372223014042366,0.0,0.0,0.4419213499596172,0.049462321804108866,0.23871418751011997
FB104911,17,9,91952.35,10216.927777777779,0.4866073569626007,0.05108167436721302,0.12159993735886031,0.0,0.0,0.3341044573629712,0.0,0.0066065739483547724,0.0
FB104912,33,6,23023.91,3837.318333333333,0.07420807325949415,0.0,0.10421079651544851,0.35782497412472514,0.0,0.0,0.31642670597652617,0.03305433351676583,0.11427511660704025
FB104913,632,2,57256.03999999999,28628.019999999997,0.0,0.0,0.0,0.0,0.0,0.0,0.33154598187370277,0.6684540181262973,0.0
FB104914,135,2,71763.88,35881.94,0.0,0.9103765013820323,0.0,0.0,0.0,0.0,0.0,0.0,0.08962349861796769
FB104915,252,2,60987.409999999996,30493.704999999998,0.9534582629431222,0.0,0.0,0.04654173705687781,0.0,0.0,0.0,0.0,0.0
FB104916,230,3,45348.32,15116.106666666667,0.0,0.0,0.0,0.7519652326701408,0.0,0.0,0.24803476732985916,0.0,0.0
FB104917,123,1,4963.37,4963.37,0.0,1.0,0.0,0.0,0.0,0.0,0.0,0.0,0.0
FB104918,125,4,26193.52,6548.38,0.11148444348067767,0.0,0.0,0.0,0.0,0.8633070316627929,0.0,0.0,0.0252085248565294
FB104919,40,5,28667.61,5733.522,0.3844370005033555,0.0,0.0,0.0,0.0,0.5663122946070496,0.0,0.04925070488959491,0.0
FB104920,170,11,52526.229999999996,4775.111818181817,0.003334143722098464,0.032966386508226454,0.03925943285859274,0.011459607894950768,0.0,0.10802298204154381,0.11492848430203348,0.6755491494440016,0.014479813228552667
FB104921,60,8,45387.55,5673.44375,0.1609994370702979,0.0,0.0,0.06939700424455605,0.16331196550595922,0.2561629786141794,0.005805997459655786,0.08486115685909461,0.25946146024625694
FB104922,93,5,79117.28,15823.456,0.0,0.10943829211519909,0.0,0.0,0.0,0.15923689489830792,0.6546277880129348,0.0,0.07669702497355824
FB104923,72,5,26292.31,5258.462,0.0,0.0743662310386573,0.0,0.5224565661974927,0.0,0.0,0.2635797311076889,0.0,0.13959747165616107
FB104924,38,8,77700.08,9712.51,0.06625630243881345,0.03136882227148286,0.6048876654953251,0.1850555366223561,0.026026871529604603,0.0,0.00905520303196599,0.07734959861045188,0.0
FB104925,27,7,154299.98,22042.854285714286,0.15185491274853047,0.0,0.0,0.7324400819753832,0.0,0.0,0.11570500527608622,0.0,0.0
FB104926,60,7,34674.15,4953.45,0.09487846133214513,0.020749463216834442,0.1425038537354196,0.20620346857817712,0.0,0.0,0.04218589352586869,0.03109348030160797,0.462385379309947
FB104927,58,7,80552.45999999999,11507.494285714285,0.0,0.3897848681467953,0.22159906724139772,0.0,0.0,0.02180355509937251,0.10750683467643324,0.2593056748360013,0.0
FB104928,26,6,149778.01,24963.001666666667,0.0,0.00974281872218759,0.0,0.1748418876709605,0.0,0.0,0.0,0.7233230031564714,0.09209229045038053
FB104929,45,6,62594.28,10432.38,0.02314732272661336,0.6219873445305226,0.2543654148589935,0.0,0.0,0.0,0.0,0.08290342184621342,0.017596496037657117
FB104930,18,4,28675.88,7168.97,0.1250528318572961,0.0,0.23758224682206788,0.0,0.0,0.5666323056171249,0.0707326157035111,0.0,0.0
FB104931,48,4,80180.77,20045.1925,0.0,0.0,0.14677234952969398,0.0,0.0,0.8024097299140431,0.04163043083771833,0.009187489718544734,0.0
FB104932,100,2,9727.7,4863.85,0.0,0.0,0.0,0.0,0.0,0.0,0.4035938608304121,0.0,0.5964061391695878
FB104933,22,7,47542.759999999995,6791.822857142856,0.3883787983701409,0.0,0.21187074540897502,0.05474293036416061,0.0,0.0,0.10584597949298694,0.03237106974858002,0.20679047661515657
FB104934,65,9,63363.79,7040.421111111111,0.018614890302489796,0.0,0.03548967004656761,0.11306599557886295,0.24496025253539916,0.3173143525663474,0.24562829969608826,0.0,0.0249265392742448
FB104935,29,4,27962.440000000002,6990.610000000001,0.0,0.0,0.676653396484713,0.0,0.0,0.0,0.17496649076403917,0.09091695860590135,0.0574631541453464
FB104936,21,6,123966.99,20661.165,0.0,0.0,0.0,0.0,0.0,0.0,0.0065831234589143455,0.33909244711031544,0.6543244294307703
FB104937,187,5,28143.2,5628.64,0.26261832343159275,0.053940916455840135,0.0,0.0,0.0,0.41103819039768047,0.0,0.27240256971488674,0.0
FB104938,34,6,17805.7,2967.616666666667,0.37569823146520503,0.0,0.025866436028912095,0.0,0.0,0.25712945854417407,0.0,0.0538973474786164,0.28740852648309256
FB104939,257,6,16490.44,2748.4066666666663,0.1457165484971899,0.038307043353603666,0.0,0.0,0.0,0.0,0.8159764081492065,0.0,0.0
FB104940,24,11,155351.91,14122.90090909091,0.44095099957251893,0.0,0.031026525518739998,0.0,0.0,0.018425135551922083,0.2863122184979895,0.029141901119851054,0.1941432197389784
FB104941,68,3,18182.48,6060.826666666667,0.0,0.0,0.0,0.18861728433085037,0.0,0.40750216692112406,0.0,0.4038805487480256,0.0
FB104942,46,6,329221.54,54870.25666666666,0.014366921435335002,0.0,0.09313224159026776,0.052190631269144784,0.0,0.7846112681448486,0.05569893756040386,0.0,0.0
FB104943,79,4,46186.850000000006,11546.712500000001,0.1869315616890955,0.0,0.5857299209623519,0.2273385173485527,0.0,0.0,0.0,0.0,0.0
FB104944,210,4,8740.869999999999,2185.2174999999997,0.0,0.0,0.0,0.22910534077271485,0.0,0.4824794328253367,0.28841522640194855,0.0,0.0
FB104945,71,13,138454.7,10650.361538461539,0.018843997350758045,0.013859623400289046,0.0026032341263965758,0.03717735837064397,0.002686438235755088,0.148549236681745,0.02842214818276302,0.6380000101116104,0.10985795354003872
FB104946,24,8,663080.4241500112,82885.0530187514,0.0,0.001684516627725544,0.10020944304784281,0.7266024400699433,0.0,0.005984538006964676,0.007670924694421797,0.0,0.15784813755310173
FB104947,36,5,121743.68,24348.735999999997,0.2561688623179454,0.06392200400053621,0.0,0.026402438303162842,0.0,0.0,0.0,0.6535066953783556,0.0
FB104948,74,3,43032.79,14344.263333333334,0.0,0.02591698098124709,0.0,0.0,0.0,0.0,0.9740830190187529,0.0,0.0
FB104949,78,8,78680.08,9835.01,0.12418340194875246,0.011541930308154237,0.20309892923342224,0.0,0.0,0.0,0.0,0.661175738509671,0.0
FB104950,97,7,132553.17,18936.167142857146,0.8781358454120711,0.0,0.03636299305403257,0.02955719580301248,0.0,0.0,0.0,0.037163200246361515,0.01878076548452217
FB104951,276,5,24578.23,4915.646,0.6929835875081322,0.0,0.058869169993119926,0.0,0.0,0.0,0.0,0.12017626981275704,0.1279709726859908
FB104952,146,4,13338.099999999999,3334.5249999999996,0.3063554779166448,0.5812132162751816,0.0,0.0,0.0,0.0,0.0,0.11243130580817358,0.0
FB104953,102,10,61807.42,6180.742,0.04154242322361943,0.0,0.1337138809547462,0.5682113895063085,0.0,0.22454148709006136,0.03199081922526454,0.0,0.0
FB104954,310,5,134406.93,26881.386,0.0,0.0,0.8230745989064701,0.0,0.0,0.03578877964104976,0.0,0.1315281139149596,0.009608507537520574
FB104955,76,6,20257.64,3376.273333333333,0.0,0.06144002953947252,0.16491259593911234,0.599867013136772,0.0,0.0,0.019965800557221868,0.15381456082742118,0.0
FB104956,299,6,104683.45,17447.241666666665,0.19390218797718262,0.7391184566423823,0.0,0.0,0.0,0.0,0.06697935538043501,0.0,0.0
FB104957,177,6,63829.009999999995,10638.168333333333,0.029827189862415227,0.0,0.0,0.021851506078505684,0.0,0.03420685985886355,0.0392241709529883,0.0,0.8748902732472272
FB104958,97,5,86771.42000000001,17354.284000000003,0.19981452418319304,0.0,0.35360825027411097,0.0,0.0,0.0,0.4198730411464973,0.0,0.02670418439619865
FB104959,17,10,112613.4,11261.34,0.11605341815450027,0.0,0.10586084782095205,0.44052945741803373,0.0,0.18746401405161375,0.039339723336654434,0.11075253921824581,0.0
FB104960,18,11,88597.06,8054.278181818182,0.21468613066844427,0.28215146191081286,0.4540615681829622,0.00873776172708214,0.0,0.0,0.04036307751069844,0.0,0.0
FB104961,22,8,53860.505,6732.563125,0.400743550399314,0.30110866951581683,0.0,0.13819012651292445,0.0,0.0,0.03125536977419725,0.12870228379774754,0.0
FB104962,82,5,32600.260000000002,6520.052000000001,0.0,0.0,0.6031258646403433,0.0,0.0,0.0,0.14414179518813655,0.2527323401715201,0.0
FB104963,97,2,26243.989999999998,13121.994999999999,0.0,0.0,0.0,0.0,0.0,0.6595837751805271,0.0,0.0,0.3404162248194729
FB104964,3,2,5734.9,2867.45,0.0,0.0,0.0,0.2689515074369213,0.0,0.0,0.0,0.7310484925630787,0.0
FB104965,139,9,104696.13,11632.903333333334,0.007431888838680093,0.026945599612898774,0.18976900101274036,0.0,0.0,0.3619735514579192,0.41387995907776154,0.0,0.0
FB104966,50,3,17202.17,5734.056666666666,0.1744210178134503,0.0,0.28019895164389147,0.0,0.0,0.0,0.0,0.0,0.5453800305426583
FB104967,152,7,58429.159999999996,8347.022857142856,0.03676229471722681,0.017162492152890785,0.22038105630818586,0.0,0.0,0.0,0.0,0.0,0.7256941568216966
FB104968,119,4,24631.670000000002,6157.9175000000005,0.07208565233295183,0.0,0.0,0.1663435731316634,0.0,0.0,0.5697928723468607,0.0,0.19177790218852397
FB104969,92,7,34678.29,4954.041428571429,0.4009321105510104,0.0,0.265787326883765,0.013030054250079805,0.0,0.19540006153705963,0.0,0.12485044677808509,0.0
FB104970,345,7,54076.86,7725.265714285714,0.37079260889038307,0.01524163939992078,0.0,0.29497293296985067,0.0,0.21085155462059,0.0,0.0,0.10814126411925544
FB104971,17,6,98779.65,16463.274999999998,0.3328035683463143,0.0,0.0,0.4235836024930237,0.0,0.1117135968795192,0.0,0.0,0.13189923228114292
FB104972,42,5,19132.96,3826.5919999999996,0.3466766250491298,0.0,0.5765631663893093,0.0,0.0,0.0,0.07676020856156078,0.0,0.0
FB104973,128,8,74313.12,9289.14,0.7324716012461865,0.16551962829712977,0.0730983976988182,0.0,0.0,0.0,0.0,0.02891037275786564,0.0
FB104974,77,7,329649.10000000003,47092.728571428575,0.013593060014421395,0.18423229427897728,0.04092748926055008,0.7467464646498353,0.0,0.0,0.0,0.0075812128715048825,0.0069194789247111555
FB104975,90,7,41412.479999999996,5916.068571428571,0.0,0.12060446512742053,0.14858829995209175,0.0,0.0,0.45885129313675493,0.011356479978982183,0.062161213238134984,0.19843824856661568
FB104976,72,6,64136.21,10689.368333333334,0.2018918797976993,0.0,0.0,0.013622413921870344,0.0,0.0,0.0,0.5956312354596568,0.18885447082077345
FB104977,179,7,56717.47,8102.495714285715,0.0,0.10103271531681508,0.3687389441031132,0.17544735334633227,0.0,0.0,0.30262739152504514,0.0,0.052153595708694336
FB104978,53,8,57935.64,7241.955,0.1049119333108256,0.25349163312945194,0.46252859207216834,0.0,0.0,0.08322787147945547,0.09583997000809864,0.0,0.0
FB104979,449,4,25672.339999999997,6418.084999999999,0.0,0.0,0.0,0.33628800491112226,0.0,0.5184326789065586,0.10702686237405708,0.0,0.03825245380826212
FB104980,329,1,7444.04,7444.04,0.0,0.0,0.0,0.0,0.0,0.0,0.0,0.0,1.0
FB104981,28,7,18380.98,2625.8542857142857,0.0,0.0893695548333114,0.0,0.15506354938637656,0.0,0.012407390683195347,0.08962090160589914,0.04046900654916114,0.6130695969420564
FB104982,44,5,29979.67,5995.933999999999,0.0,0.14082176354843132,0.7577288208976283,0.0,0.0,0.0,0.0,0.0,0.1014494155539404
FB104983,94,5,23359.22,4671.844,0.0,0.024331719980376056,0.0,0.0,0.5155047985335127,0.4212983138991799,0.03886516758693141,0.0,0.0
FB104984,24,6,62300.520000000004,10383.42,0.0,0.0,0.0,0.0,0.08364874001051677,0.39300683204570364,0.3162018551370037,0.008784838393002177,0.19835773441377377
FB104985,19,5,49813.64,9962.728,0.0,0.40466145417198984,0.0,0.5701004785034782,0.0,0.025238067324531998,0.0,0.0,0.0
FB104986,30,6,36234.42,6039.07,0.23523489543919845,0.050077246993328446,0.21270272851062608,0.1451619758229882,0.0,0.0,0.0,0.3568231532338589,0.0
FB104987,108,8,73877.09,9234.63625,0.03794126162792823,0.0,0.03651605660157973,0.6251499619164751,0.0,0.0,0.16703337936023196,0.13335934049378503,0.0
FB104988,344,6,32357.010000000002,5392.835,0.0,0.0941854639844658,0.0,0.0,0.15507582437314202,0.18448799811849115,0.566250713523901,0.0,0.0
FB104989,217,4,213283.44999999998,53320.862499999996,0.016836280545912026,0.0,0.0,0.0,0.0,0.004501802648072319,0.0,0.7188757496186413,0.25978616718737435
FB104990,145,2,6537.23,3268.615,0.0,0.0,0.705682682114596,0.0,0.0,0.0,0.0,0.2943173178854041,0.0
FB104991,109,3,15246.470000000001,5082.156666666667,0.0,0.0,0.0,0.13047610364891019,0.0,0.7879883015543926,0.0,0.0815355947966972,0.0
FB104992,149,4,495870.71415001113,123967.67853750278,0.0015730309892106832,0.010170594584608394,0.9481614677647132,0.0,0.0,0.040094906661467644,0.0,0.0,0.0
FB104993,156,7,124853.32,17836.18857142857,0.0,0.23292596464395182,0.0,0.39331833546757106,0.0,0.2690922436023327,0.1046634562861444,0.0,0.0
FB104994,206,7,21852.71,3121.815714285714,0.1974125863565663,0.00755695746660254,0.5390164423542894,0.0,0.0,0.04537240461251717,0.0,0.0,0.21064160921002476
FB104995,168,3,9237.45,3079.15,0.0,0.0,0.0,0.5483125754401919,0.0,0.0,0.13323265619840974,0.3184547683613984,0.0
FB104996,221,7,53947.67,7706.8099999999995,0.10983699574050186,0.0,0.19483121328502234,0.0,0.0,0.10001043603922097,0.0,0.23276315733376435,0.36255819760149044
FB104997,19,7,84811.31,12115.901428571427,0.14594704409117132,0.0,0.5815397734099379,0.013434882682510153,0.0,0.0,0.0,0.2398756722422988,0.019202627574081806
FB104998,30,4,4104.02,1026.005,0.4099151563588871,0.0,0.4349223444330193,0.0,0.0,0.0,0.10592784635552457,0.04923465285256894,0.0
FB104999,19,14,150919.33,10779.952142857142,0.07514782897591714,0.19126807679307883,0.34467407190318167,0.005896660156124467,0.0,0.10643547118848196,0.1312889475456855,0.0,0.14528894343753052
FB105000,135,8,141912.41,17739.05125,0.0,0.0,0.0,0.027822161571352356,0.0,0.006530859422371869,0.6275654821167508,0.03999762952373228,0.29808386736579273
FB105001,110,3,18452.510000000002,6150.836666666667,0.0,0.006043080318070551,0.0,0.0,0.0,0.5621468298892671,0.0,0.4318100897926624,0.0
FB105002,47,6,48319.450000000004,8053.241666666668,0.35612015451334816,0.0,0.0,0.005462396612544224,0.0,0.6384174488741078,0.0,0.0,0.0
FB105003,548,3,7196.5599999999995,2398.853333333333,0.0,0.9545213268561646,0.0,0.0,0.0,0.0,0.0,0.0,0.045478673143835385
FB105004,86,7,238713.43000000002,34101.91857142858,0.0,0.8943097587764542,0.0,0.0006918756100149036,0.0,0.0,0.07853441676909423,0.01208101278591657,0.014382936058520044
FB105005,34,8,65872.34,8234.0425,0.09317856326342742,0.015843675812943644,0.07270396041798424,0.7456343588219273,0.0,0.0,0.0,0.016980571815119975,0.055658869868597353
FB105006,202,4,75098.22,18774.555,0.6542786233814863,0.0,0.0,0.14373443205444816,0.0,0.01619878606976304,0.0,0.18578815849430252,0.0
FB105007,47,6,34327.8,5721.3,0.42238739447328405,0.0,0.0,0.0,0.0,0.5247455415144576,0.05286706401225828,0.0,0.0
FB105008,197,3,6763.77,2254.59,0.10856519367157663,0.0,0.0,0.0,0.4419547086905675,0.44948009763785574,0.0,0.0,0.0
FB105009,166,4,89311.3,22327.825,0.0,0.5904695150557656,0.06303043399883329,0.0,0.34650005094540104,0.0,0.0,0.0,0.0
FB105010,256,4,481644.4391500111,120411.10978750278,0.001141153006915158,0.986683143251235,0.0,0.0,0.0,0.0,0.012175703741849927,0.0,0.0
FB105011,207,5,66920.51,13384.101999999999,0.0,0.0,0.0,0.8925153140644027,0.0,0.0327316692595439,0.043223519964208285,0.03152949671184514,0.0
FB105012,70,3,11507.17,3835.7233333333334,0.0,0.4308366001371319,0.3054956170804811,0.263667782782387,0.0,0.0,0.0,0.0,0.0
FB105013,38,8,44169.840000000004,5521.2300000000005,0.07053478119911688,0.054232254407079586,0.045323913330906344,0.52968428230666,0.0,0.0663581756239099,0.0,0.23386659313232744,0.0
FB105014,75,10,135338.02,13533.802,0.021708312268791875,0.8836225770112494,0.08824076190859007,0.0,0.0,0.0,0.0007388906679734195,0.0,0.00568945814339533
FB105015,281,5,55459.38,11091.876,0.0,0.85397979566306,0.0,0.07638617669364496,0.0,0.06963402764329496,0.0,0.0,0.0
FB105016,15,8,51044.83,6380.60375,0.391020011233263,0.0,0.3322632282250719,0.0,0.0,0.12329906868139241,0.09981970750025027,0.0,0.053597984360022354
FB105017,83,9,55148.369999999995,6127.596666666666,0.0,0.058578521903729884,0.06841725331138526,0.46870505873519014,0.30459123270551786,0.0,0.0,0.05698155720649586,0.042726376137680946
FB105018,146,2,40086.68,20043.34,0.0,0.0,0.0,0.9336325682246572,0.0,0.0,0.0,0.0,0.06636743177534282
FB105019,150,5,63814.31,12762.862,0.5631479835792317,0.12835741701195233,0.08389184181416363,0.0,0.0,0.0,0.0,0.0,0.22460275759465234
FB105020,137,4,114230.31,28557.5775,0.2363195022406925,0.0,0.0,0.0,0.5210276501919675,0.18619357681862198,0.05645927074871809,0.0,0.0
FB105021,70,7,20139.81,2877.1157142857146,0.2482227985268977,0.29201864367141495,0.359894656404405,0.0,0.0,0.0,0.0,0.029924810611420858,0.06993909078586143
FB105022,82,5,163258.51,32651.702,0.1662465864719701,0.0438180527312175,0.022637839828380156,0.7648783515174797,0.0,0.0,0.0,0.0,0.0024191694509523576
FB105023,358,4,32311.53,8077.8825,0.7324103810621162,0.03127428506171017,0.0,0.0,0.0,0.040176989452371956,0.0,0.0,0.19613834442380165
FB105024,10,11,33658.8,3059.890909090909,0.04071089878427038,0.0,0.20557120277609423,0.15822816024338357,0.11659447157949779,0.10072403056555788,0.3624558807800634,0.015715355271132662,0.0
FB105025,45,9,155687.68,17298.63111111111,0.0,0.0,0.2788284211056392,0.5190973364109479,0.0,0.13726526080933316,0.0,0.0,0.0648089816740798
FB105026,4,8,80681.16,10085.145,0.7994570231761665,0.0,0.09632248718288135,0.0,0.0,0.0,0.029970193785017463,0.0,0.07425029585593464
FB105027,2,8,136819.84,17102.48,0.07642539269158627,0.0,0.506642457702041,0.02171907232167499,0.0,0.0,0.38425487122335483,0.0,0.010958206061343153
FB105028,366,3,10115.23,3371.7433333333333,0.10908600199896593,0.0,0.0,0.0,0.0,0.6092031520785983,0.0,0.0,0.2817108459224358
FB105029,126,6,40765.04,6794.173333333333,0.0,0.08951493730902754,0.0,0.7768843106740482,0.0,0.05135061807862815,0.0,0.0,0.08225013393829614
FB105030,208,4,24292.809999999998,6073.202499999999,0.20598275786127665,0.08386843679261478,0.0,0.0,0.0,0.17483033045580154,0.535318474890307,0.0,0.0
FB105031,9,5,43109.19,8621.838,0.23872195232617455,0.0,0.06818406933649182,0.042709454758950466,0.0,0.0,0.0,0.6503845235783832,0.0
FB105032,221,8,275848.4,34481.05,0.0,0.0,0.03555007025598119,0.7186524192273728,0.0,0.0,0.14931810371203896,0.0,0.09647940680460718
FB105033,19,7,40709.02,5815.574285714285,0.15022051623939855,0.2644470439229439,0.0,0.0,0.0,0.2498885996273062,0.23751443783220524,0.0,0.09792940237814618
FB105034,309,2,2712.17,1356.085,0.0,0.0,0.0,0.0,0.0,0.0,0.7642072583945696,0.0,0.23579274160543032
FB105035,200,2,42678.66,21339.33,1.0,0.0,0.0,0.0,0.0,0.0,0.0,0.0,0.0
FB105036,257,3,117628.73999999999,39209.579999999994,0.4555266850601307,0.0,0.0,0.0,0.0,0.003122111143926221,0.5413512037959431,0.0,0.0
FB105037,219,3,47654.68,15884.893333333333,0.0,0.0,0.0,0.8601845610966226,0.0,0.0,0.07548744425521271,0.06432799464816467,0.0
FB105038,160,3,15345.53,5115.176666666667,0.0,0.0,0.0,0.8044479402145119,0.0,0.0,0.0,0.0,0.195552059785488
FB105039,48,9,215881.45,23986.82777777778,0.02410535967773053,0.18702408196720932,0.0,0.09666388659146027,0.0,0.012487131247265571,0.4995396315894673,0.027829070075265847,0.15235083885160122
FB105040,238,3,41233.73,13744.576666666668,0.0,0.0,0.0,0.9288817674268129,0.0,0.0,0.0,0.02754856279070557,0.043569669782481474
FB105041,122,8,107875.13,13484.39125,0.017695366856104826,0.0,0.0,0.0,0.0,0.3214840158245927,0.038344611960143174,0.6147966635127113,0.007679341846447831
FB105042,109,3,18848.97,6282.990000000001,0.0,0.0,0.9675902715108571,0.025948367470477168,0.0,0.0,0.0,0.0,0.006461361018665741
FB105043,13,6,34723.71,5787.285,0.11595851940936033,0.6661670080760379,0.16810617298669983,0.04976829952790182,0.0,0.0,0.0,0.0,0.0
FB105044,11,8,181259.02,22657.3775,0.04974235213232423,0.0,0.4349214731493087,0.1108073959574536,0.0,0.0,0.1756115088782892,0.22891726988262434,0.0
FB105045,19,5,54749.14,10949.828,0.0,0.0,0.3786567241056207,0.0,0.08149443078009992,0.0,0.3160164707610019,0.032773482834616216,0.1910588915186613
FB105046,37,10,74618.6,7461.860000000001,0.0,0.18004518980522283,0.15524654710755764,0.13034524903978364,0.0,0.01427861149900963,0.33144202651885724,0.0,0.18864237602956901
FB105047,205,7,22397.829999999998,3199.6899999999996,0.027557580354882594,0.0,0.07512379547482947,0.23734129600947948,0.0,0.43476176040268183,0.18917636217437137,0.0,0.03603920558375521
FB105048,243,5,53380.979999999996,10676.196,0.0,0.21701868343368744,0.0,0.0,0.09399958562019656,0.10247376500019295,0.0,0.5865079659459231,0.0
FB105049,123,9,81897.22,9099.691111111111,0.0,0.2660903508080006,0.044351200199469525,0.0573837549064547,0.0,0.056750766387430485,0.47462270392084127,0.038629882674894214,0.06217134110290923
FB105050,89,5,38927.88,7785.575999999999,0.04927137054470986,0.0,0.0,0.13412649237513063,0.0,0.0,0.0,0.0,0.8166021370801596
FB105051,113,5,49121.74,9824.348,0.0,0.0,0.2297019608833075,0.32210056077003785,0.0,0.013427048797538524,0.14304990010533014,0.0,0.291720529443786
FB105052,100,9,81814.11,9090.456666666667,0.4961431469461687,0.0,0.0,0.025634575747386364,0.0,0.07233947787245991,0.1285830769289063,0.06722642341278297,0.21007329909229597
FB105053,190,4,12858.91,3214.7275,0.0,0.8474155274436169,0.0,0.0,0.0,0.0,0.0,0.0,0.15258447255638308
FB105054,92,8,70810.03,8851.25375,0.0,0.0,0.03657264373422805,0.0,0.0,0.6288593579186452,0.06297441195830591,0.045979644409132436,0.22561394197968848
FB105055,20,6,88223.81,14703.968333333332,0.08599628603661529,0.2968615841913878,0.0,0.006293199080837702,0.022755535042070844,0.0,0.0,0.5880933956490884,0.0
FB105056,118,8,89150.39,11143.79875,0.0,0.08144630662860813,0.2314426218438304,0.12523467367893734,0.0,0.11651109995144159,0.0,0.009314373162024304,0.4360509247351582
FB105057,34,8,110525.31,13815.66375,0.17204638466971955,0.0,0.0,0.02109824437497619,0.6190781098012753,0.005678156433128304,0.1509079685006086,0.0,0.031191136220291984
FB105058,32,8,62352.159999999996,7794.0199999999995,0.33297370933099985,0.009693810126224976,0.0,0.0,0.054657288536596,0.11433140407645861,0.0,0.0,0.48834378792972044
FB105059,2,5,26132.75,5226.55,0.0,0.0,0.06853507571916465,0.770863762902871,0.0,0.0,0.003955190326314682,0.0,0.15664597105164976
FB105060,48,10,92666.69,9266.669,0.0,0.08480123763997613,0.28572359711995754,0.08104120261552451,0.0,0.10441616075852067,0.18760236283393744,0.2102330405888027,0.04618239844328096
FB105061,381,4,51614.35999999999,12903.589999999998,0.8850515631696295,0.0,0.0,0.06117754826370026,0.0,0.0,0.0,0.0,0.053770888566670214
FB105062,284,6,64251.04,10708.506666666666,0.28943873904609174,0.3110204908745446,0.0,0.0,0.0,0.1472382392565163,0.025488614659000073,0.0,0.22681391616384733
FB105063,51,11,113876.12,10352.374545454544,0.33985650371649473,0.0,0.32112527191829154,0.028756950974444858,0.0,0.0960817772857031,0.0,0.1372915585813777,0.07688793752368803
FB105064,70,10,74416.36,7441.636,0.6354915773897031,0.09015087542578003,0.014831281723534987,0.07076374066132769,0.0,0.0,0.03969731924539174,0.03397075589292462,0.1150944496613379
FB105065,283,7,27786.54,3969.5057142857145,0.0,0.23520236776511214,0.047082148407106464,0.0,0.0,0.0,0.4581297275587389,0.25958575626904246,0.0
FB105066,26,8,73523.66,9190.4575,0.13656012227900513,0.007147087073739256,0.1293544146197292,0.1716767092389035,0.0,0.44987735920654653,0.0,0.10538430758207629,0.0
FB105067,323,7,43741.28,6248.754285714285,0.13749460463891316,0.1640477827809337,0.0,0.0,0.05552420962532418,0.0,0.35516770428300226,0.0,0.2877656986718267
FB105068,28,4,16654.12,4163.53,0.0,0.0,0.09758306052796546,0.26387044166848805,0.0,0.0,0.0,0.0,0.6385464978035466
FB105069,38,7,26306.09,3758.0128571428572,0.0,0.0,0.06675678521589488,0.08671452123823799,0.0,0.45917314203669185,0.0,0.19285154122106327,0.194504010288112
FB105070,8,9,39628.32,4403.1466666666665,0.0,0.0,0.1272809445366344,0.089187227719974,0.04174691230917687,0.40852526677890966,0.0,0.08471466870157503,0.24854497995373007
FB105071,105,6,32749.739999999998,5458.29,0.21577728556012962,0.0,0.19668950043572864,0.0,0.3514430954261011,0.23609011857804063,0.0,0.0,0.0
FB105072,80,10,63236.81,6323.681,0.3194239241353256,0.10616205972439155,0.0,0.0,0.1486581944914679,0.2573145293065859,0.08000925410374117,0.03066520907680195,0.05776682916168605
FB105073,414,2,5955.27,2977.635,0.9489947559052738,0.0,0.0,0.0,0.0,0.0,0.0,0.05100524409472618,0.0
FB105074,22,6,250083.46,41680.57666666667,0.09811380568710941,0.0,0.8513028410595408,0.025359134106669828,0.025224219146680073,0.0,0.0,0.0,0.0
FB105075,32,6,31746.24,5291.04,0.0,0.0,0.0,0.21542866178797868,0.0,0.7606875648895743,0.0,0.023883773322447004,0.0
FB105076,221,8,72285.37000000001,9035.671250000001,0.02300410165985178,0.6591986732585031,0.12010770644184295,0.03069583789914889,0.0,0.04224326443926344,0.0,0.09154452692156104,0.03320588937982887
FB105077,240,5,39251.1,7850.219999999999,0.0,0.32617939369852056,0.0,0.0,0.0,0.0,0.28627732725961824,0.20417899116203114,0.1833642878798301
FB105078,43,3,172076.0,57358.666666666664,0.0,0.0,0.7611618703363631,0.238838129663637,0.0,0.0,0.0,0.0,0.0
FB105079,188,7,120715.825,17245.117857142857,0.0,0.04195758923902479,0.0,0.0,0.0,0.4955828285148199,0.2672956921762329,0.004433055898015029,0.19073083417190745
FB105080,93,6,34805.64,5800.94,0.1517958009104272,0.0,0.0,0.27144307646691745,0.0,0.10824021624081615,0.0,0.056159863746220444,0.41236104263561885
FB105081,197,4,21040.72,5260.18,0.298120976848701,0.11892843971118859,0.0,0.4576516392975145,0.0,0.12529894414259587,0.0,0.0,0.0
FB105082,233,5,24066.11,4813.222,0.5577228725373564,0.0,0.08468630784119244,0.11638316287925218,0.0,0.0,0.15127330507506198,0.0,0.0899343516671369
FB105083,504,6,18886.25,3147.7083333333335,0.1209562512409822,0.1297277119597591,0.3966944205440466,0.0,0.0,0.0,0.09179164736249917,0.260829968892713,0.0
FB105084,466,3,7531.73,2510.5766666666664,0.44509428776655563,0.0,0.0,0.277869759006231,0.0,0.0,0.0,0.2770359532272134,0.0
FB105085,45,6,560390.8941500111,93398.48235833518,0.0039020084423689,0.0,0.0,0.14077436093899534,0.0,0.006391984661765634,0.004066697056983139,0.844864948899887,0.0
FB105086,242,6,98308.47,16384.745,0.2945919105444322,0.5621510537189726,0.12743774773424912,0.015819288002346086,0.0,0.0,0.0,0.0,0.0
FB105087,20,7,54549.59,7792.7985714285705,0.7718683128507474,0.03326826104467513,0.0,0.0,0.0,0.0,0.0,0.0,0.1948634261045775
FB105088,225,3,3892.25,1297.4166666666667,0.0,0.24239193268674933,0.0,0.0,0.0,0.0,0.0,0.0,0.7576080673132507
FB105089,58,8,58285.19,7285.64875,0.0,0.3153042822713626,0.07718615998335084,0.0,0.0,0.0,0.08799061991562522,0.13281538586388755,0.3867035519657738
FB105090,191,3,17197.61,5732.536666666667,0.0,0.5681522025444233,0.28027324727098707,0.0,0.0,0.0,0.0,0.1515745501845896,0.0
FB105091,118,6,34473.909999999996,5745.651666666666,0.17225664277710304,0.0,0.0,0.0,0.0,0.6216208141171106,0.14597154775887036,0.0,0.06015099534691596
FB105092,435,4,55433.7,13858.425,0.0,0.0,0.8260736699877512,0.0,0.0,0.11960937119477864,0.0,0.054316958817470236,0.0
FB105093,82,6,518354.3341500111,86392.38902500186,0.0,0.0,0.022470652279004872,0.0,0.0,0.0,0.00970805039809638,0.9070349627171166,0.06078633460578218
FB105094,78,4,15482.65,3870.6625,0.0,0.0,0.0,0.0,0.3039305286885643,0.06603972834107856,0.0,0.3011674358071777,0.32886230716317943
FB105095,431,1,843.97,843.97,0.0,0.0,0.0,0.0,0.0,0.0,0.0,1.0,0.0
FB105096,22,10,126686.89,12668.689,0.024067210111480355,0.07597329131688368,0.013021789389572986,0.2704184308257942,0.0,0.4624271698515923,0.1152080534931436,0.03888405501153276,0.0
FB105097,55,6,21836.149999999998,3639.358333333333,0.14833384090144094,0.0,0.17687641823306763,0.02127618650723685,0.0,0.0,0.0,0.15248017622154086,0.5010333781367136
FB105098,160,5,25779.82,5155.964,0.0,0.0,0.2447937960777073,0.0,0.0,0.16201897453124187,0.21942589203493276,0.0,0.3737613373561181
FB105099,128,10,123012.85,12301.285,0.009105065039953144,0.05707119215594143,0.10196162433436833,0.0,0.14291027319503613,0.12505937387842003,0.16892446602123276,0.0,0.3949680053750482
FB105100,55,5,28855.35,5771.07,0.0,0.0,0.0,0.2079953977338691,0.0,0.2448811052369838,0.5471234970291471,0.0,0.0
FB105101,212,7,27398.41,3914.058571428571,0.11876127118325479,0.0,0.03158467954892273,0.329699424163665,0.0,0.021383722632079744,0.4985709024720778,0.0,0.0
FB105102,54,5,124973.01,24994.602,0.0,0.2273779754524597,0.0,0.0,0.0,0.6039696091180007,0.0,0.03538932126224694,0.1332630941672926
FB105103,248,5,68526.64,13705.328,0.0,0.0,0.08512835300256952,0.0,0.0,0.0,0.04986192231225695,0.009205179182869611,0.8558045455023039
FB105104,315,2,14074.04,7037.02,0.0,0.0,0.0,0.44564460524483374,0.0,0.0,0.0,0.5543553947551663,0.0
FB105105,442,3,29121.09,9707.03,0.0,0.0,0.0,0.0757468212899998,0.0,0.0,0.0,0.8754864601565395,0.04876671855346075
FB105106,407,8,41492.170000000006,5186.521250000001,0.03556863861302024,0.0,0.0,0.3913993893305653,0.0,0.0,0.3438195688487732,0.0,0.22921240320764136
FB105107,15,10,89259.22,8925.922,0.1729579308445671,0.006139309754219228,0.05516662592391016,0.04714034023600027,0.0,0.0,0.28621614663448774,0.43237964660681555,0.0
FB105108,187,4,16256.740000000002,4064.1850000000004,0.0,0.0,0.0,0.16135276814416666,0.0,0.019975099558706112,0.8186721322971273,0.0,0.0
FB105109,16,11,231339.72,21030.883636363636,0.1673960701603685,0.0051863553738199395,0.002208397243672639,0.017151270002401665,0.0,0.004970612050537626,0.0,0.774821029436709,0.02826626573249073
FB105110,119,7,103758.74,14822.677142857143,0.023781611071992587,0.0,0.5445484399675632,0.0,0.0,0.3332227241772597,0.07169179193964768,0.0,0.026755432843536844
FB105111,342,2,6669.2699999999995,3334.6349999999998,0.0,0.0,0.0,0.0,0.0,0.7319676666261825,0.0,0.26803233337381754,0.0
FB105112,99,4,77009.515,19252.37875,0.0,0.06577037915379677,0.0,0.054462490771432594,0.0,0.0,0.0,0.0,0.8797671300747707
FB105113,2,12,80297.87,6691.489166666666,0.014603376154311438,0.0,0.007379523267553671,0.08680566495723983,0.0,0.2560719232029442,0.17912243500356856,0.18992284602318837,0.26609423139119376
FB105114,179,5,21691.09,4338.218,0.0,0.42991062228776883,0.0,0.0,0.0,0.14821246880631633,0.0,0.35061954009687846,0.07125736880903634
FB105115,22,5,499016.3141500111,99803.26283000222,0.9421846356884296,0.007596905937749322,0.0,0.031093372220563617,0.0,0.0061549490726202786,0.0,0.012970137080637281,0.0
FB105116,170,3,53125.89,17708.63,0.0,0.5390593926991153,0.0,0.46094060730088476,0.0,0.0,0.0,0.0,0.0
FB105117,132,5,66188.48,13237.696,0.0,0.0,0.0,0.11495293440792115,0.0,0.1077324936303115,0.0,0.7487612648001586,0.028553307161608792
FB105118,72,8,45805.81,5725.72625,0.1311586892579784,0.10031172901428882,0.0,0.018264058642342533,0.0,0.0,0.11109769699520651,0.04367022436673426,0.5954976017234496
FB105119,142,6,62531.060000000005,10421.843333333334,0.0,0.09079647778240126,0.0,0.3671658532575651,0.0,0.0,0.5420376689600336,0.0,0.0
FB105120,9,6,215802.4,35967.066666666666,0.013109817129003202,0.0,0.09294289590847925,0.0,0.0,0.0,0.8052291818812025,0.0,0.08871810508131515
FB105121,2,6,41342.75,6890.458333333333,0.0,0.0,0.336181071651015,0.299848461943146,0.0,0.0,0.36397046640583897,0.0,0.0
FB105122,41,5,117442.17,23488.434,0.02418594615545677,0.0,0.0,0.025842335849209874,0.0,0.8147589575362922,0.056276037815036976,0.0789367226440043,0.0
FB105123,243,7,88286.18,12612.311428571427,0.0,0.08709958908631,0.0,0.3586369916559987,0.0,0.05860815362041942,0.21386121814308875,0.28179404749418313,0.0
FB105124,9,7,97646.75,13949.535714285714,0.018094611443801253,0.0,0.0271705919551854,0.0,0.1600074759272582,0.051860814620046235,0.6262938602667267,0.10306456692107008,0.013508078865912076
FB105125,26,10,138726.04,13872.604000000001,0.24435203369172798,0.0,0.0,0.24965889605152716,0.16613434651490086,0.15949356011315538,0.03286153053889522,0.0,0.14749963308979339
FB105126,73,6,275793.77,45965.628333333334,0.0,0.0,0.028805509276007214,0.0,0.0,0.7849294420247418,0.0,0.015619279579810666,0.1706457691194402
FB105127,131,10,137614.15,13761.414999999999,0.9035895654625632,0.0,0.007886107642273706,0.037350083548821106,0.0,0.0,0.0,0.05117424334634192,0.0
FB105128,75,3,50449.84,16816.61333333333,0.0,0.0,0.0,0.49903290079809964,0.0,0.0,0.2764837311674328,0.0,0.22448336803446747
FB105129,32,7,53968.5,7709.785714285715,0.00460212901970594,0.07717650110712732,0.0,0.0,0.0,0.8263720503627116,0.0,0.0,0.09184931951045518
FB105130,86,7,51519.86,7359.9800000000005,0.4205789767285858,0.22152564079172576,0.0,0.0,0.0,0.14437015162696482,0.0,0.11608591327693825,0.09743931757578535
FB105131,36,4,74747.61,18686.9025,0.0,0.0,0.0,0.22186756205315464,0.0,0.0,0.0,0.0,0.7781324379468455
FB105132,112,8,53331.14,6666.3925,0.0,0.055284023555468714,0.02040177652305951,0.0,0.0,0.06270539125921554,0.19589755628700228,0.03156711069742743,0.6341441416778265
FB105133,53,5,53802.5,10760.5,0.0,0.0,0.23981023186654893,0.2041347521025975,0.5560550160308536,0.0,0.0,0.0,0.0
FB105134,228,2,12867.710000000001,6433.8550000000005,0.0,0.0,0.0,0.0,0.0,0.0,0.9297971433922586,0.07020285660774139,0.0
FB105135,219,8,63456.48,7932.06,0.42532756307945224,0.0,0.1723634843911922,0.1408618946402322,0.0,0.0,0.0,0.0,0.26144705788912337
FB105136,240,5,26634.27,5326.854,0.853310790947152,0.0,0.0,0.09125799205309551,0.0,0.0,0.05543121699975257,0.0,0.0
FB105137,60,8,241110.15,30138.76875,0.5889729237860787,0.0,0.08457138780760579,0.0,0.0,0.02024672125997184,0.01798800257890429,0.049044098724172334,0.23917686584326708
FB105138,263,4,30341.53,7585.3825,0.20601334210898398,0.2288358563328876,0.0,0.4324874190589598,0.0,0.0,0.0,0.13266338249916865,0.0
FB105139,40,10,102009.33,10200.933,0.04739223363196288,0.0,0.032371254668568064,0.0,0.0,0.07366404622008595,0.8465724654793831,0.0,0.0
FB105140,283,2,5680.23,2840.115,0.0,0.33384211554813803,0.0,0.0,0.0,0.666157884451862,0.0,0.0,0.0
FB105141,470,2,32368.86,16184.43,0.0,0.0,0.0,0.5089020744011374,0.0,0.0,0.4910979255988626,0.0,0.0
FB105142,30,3,10340.32,3446.773333333333,0.0,0.0,0.0,0.0,0.0,0.507591641264487,0.0,0.0,0.49240835873551303
FB105143,134,6,59506.65,9917.775,0.0,0.20617561230551545,0.0,0.35247153049281055,0.0,0.15535322522776868,0.28599963197390543,0.0,0.0
FB105144,2,7,69215.99,9887.998571428572,0.02634015637138182,0.10994800478906681,0.1706020530805093,0.0,0.0,0.0,0.3678196324288651,0.3252901533301771,0.0
FB105145,145,5,14795.869999999999,2959.174,0.0,0.0,0.23875378737444977,0.16718584307648013,0.0,0.0,0.0,0.058286535364260435,0.5357738341848097
FB105146,100,5,21907.87,4381.574,0.3027058312834611,0.11795030735530199,0.0,0.0,0.23072439264976466,0.0,0.2915687376271632,0.0,0.05705073108430896
FB105147,9,5,16852.74,3370.5480000000002,0.0,0.5381095299636736,0.0,0.0,0.0,0.0,0.40116681323037084,0.016586026960601064,0.04413762984535452
FB105148,322,5,47676.11,9535.222,0.3082552246817116,0.0,0.0,0.0,0.0,0.03073656806312428,0.03666763081132249,0.6243405764438416,0.0
FB105149,188,6,74736.53,12456.088333333333,0.0,0.10979650781217698,0.16624908863175744,0.7239544035560656,0.0,0.0,0.0,0.0,0.0
FB105150,156,4,36566.32,9141.58,0.0,0.0,0.0,0.9404665276680837,0.007327507936264847,0.0,0.03867001109217444,0.013535953303477078,0.0
FB105151,78,3,44250.18,14750.06,0.0,0.0,0.0,0.0,0.0,0.1887761812494322,0.0,0.0,0.8112238187505678
FB105152,45,6,56715.06,9452.51,0.041236666239972235,0.0,0.0,0.4525053839315342,0.0,0.12119655696388226,0.0,0.3850613928646113,0.0
FB105153,21,4,12259.8,3064.95,0.373681462992871,0.08205761921075384,0.0,0.0,0.4192417494575768,0.12501916833879836,0.0,0.0,0.0
FB105154,74,6,37292.1,6215.349999999999,0.03767017679347637,0.04060109245657927,0.033044532219960794,0.0,0.0,0.822266109980398,0.0,0.06641808854958557,0.0
FB105155,90,6,39624.76,6604.126666666667,0.0,0.09374012612316136,0.31587017814114204,0.0,0.0,0.008479798994366149,0.0,0.2778002945632983,0.3041096021780321
FB105156,76,7,164079.08000000002,23439.868571428575,0.006414467950454134,0.4176651892489889,0.0,0.0006094622178525135,0.0,0.07134681642534807,0.012861724968228735,0.4163909865901247,0.07471135259900286
FB105157,93,5,25021.33,5004.2660000000005,0.0,0.26047855969287004,0.0,0.0,0.0,0.06320647223788663,0.0,0.6763149680692434,0.0
FB105158,230,3,27711.98,9237.326666666666,0.0,0.6175552955797456,0.06984813066406659,0.31259657375618777,0.0,0.0,0.0,0.0,0.0
FB105159,111,3,25102.43,8367.476666666667,0.0,0.0,0.0,0.39944499397070327,0.0,0.0,0.0,0.11633216385824001,0.48422284217105677
FB105160,110,5,16644.55,3328.91,0.0,0.1045891898549375,0.6700811977494135,0.039847277337026234,0.0,0.1854823350586228,0.0,0.0,0.0
FB105161,15,5,49708.05,9941.61,0.0,0.010549196759880945,0.035174182048984017,0.0,0.0,0.06884659526978024,0.810136185185297,0.0,0.07529384073605784
FB105162,33,6,33972.57,5662.095,0.0,0.09199421768797593,0.23901253275804568,0.0,0.0,0.3437358433583329,0.0,0.029727806874781625,0.29552959932086387
FB105163,26,4,32858.759999999995,8214.689999999999,0.0,0.0,0.37343344666688577,0.0,0.0,0.12288321287839224,0.425532795516325,0.0,0.07815054493839693
FB105164,66,7,66852.23,9550.31857142857,0.0,0.12385645175935044,0.022188788616325887,0.07576426395948199,0.0,0.0,0.2729760847169945,0.1170040251462068,0.38821038580164047
FB105165,49,11,587244.5641500112,53385.869468182835,0.017584751959257114,0.9656087408331616,0.008273776032363308,0.0,0.0,0.0,0.004158522954630833,0.004374208220586985,0.0
FB105166,15,4,15854.92,3963.73,0.0,0.0,0.2433225774712203,0.0,0.0,0.0,0.0,0.22530230363823975,0.53137511889054
FB105167,26,6,42490.26,7081.71,0.0,0.04735085170107221,0.0,0.05098486100108591,0.006541499157689316,0.027856266353747897,0.0,0.8672665217864047,0.0
FB105168,52,6,27968.51,4661.418333333333,0.0,0.13865665350066914,0.0,0.251179987779113,0.2630039998555518,0.0,0.29794758462284904,0.04921177424181695,0.0
FB105169,194,4,24169.940000000002,6042.485000000001,0.0,0.0,0.43000768723463934,0.11329734372530505,0.0,0.19088876513553613,0.2658062039045194,0.0,0.0
FB105170,90,8,84497.11,10562.13875,0.1123489312238016,0.19029242538590962,0.0,0.0,0.0,0.0,0.10299784217472052,0.4924892697513559,0.1018715314642122
FB105171,315,4,45474.14,11368.535,0.03734584095488117,0.0,0.08469736865831877,0.0,0.0,0.0,0.8779567903868001,0.0,0.0
FB105172,40,7,62708.899999999994,8958.414285714285,0.08227444589205042,0.10891532142965353,0.0,0.0,0.0,0.041957840115198965,0.687537813611784,0.0,0.07931457895131314
FB105173,13,6,31728.73,5288.121666666667,0.0,0.18132872005907583,0.0,0.15068204746928102,0.0,0.5150417303182321,0.15294750215341113,0.0,0.0
FB105174,136,5,49117.54,9823.508,0.5035803910374991,0.0867429435594698,0.0,0.0,0.09634725191856107,0.0,0.0,0.004423267126163077,0.308906146358307
FB105175,53,7,255802.59000000003,36543.22714285715,0.057088749570518425,0.0,0.03443686789879649,0.0,0.0,0.0,0.6737027564889003,0.23477162604178478,0.0
FB105176,6,6,81953.95,13658.991666666667,0.03588856912937082,0.04081072358318299,0.04051250732881087,0.17609230549595226,0.0,0.0,0.706695894462683,0.0,0.0
FB105177,78,13,111648.56,8588.350769230768,0.01599554889019617,0.2783617630178123,0.034637706030422606,0.14750042454645182,0.0,0.1733600505013231,0.1767734398007462,0.17337106721304782,0.0
FB105178,111,5,150038.30000000002,30007.660000000003,0.008296215033094884,0.013398778845134875,0.0,0.9136115911737205,0.0,0.010820103933462324,0.0,0.0,0.053873311014587616
FB105179,19,7,121845.01000000001,17406.43,0.12118510228691351,0.0,0.5727172577687014,0.11751929767168962,0.0,0.0,0.17703646624510924,0.0,0.011541876027586192
FB105180,88,3,29263.88,9754.626666666667,0.37046932942589983,0.0,0.0,0.0,0.0,0.0,0.0,0.0,0.6295306705741002
FB105181,305,3,23432.68,7810.893333333333,0.0,0.0,0.0,0.7827111538244879,0.0,0.0,0.0,0.0,0.21728884617551214
FB105182,252,6,18912.98,3152.1633333333334,0.19740834072684474,0.0,0.38848452226989083,0.0,0.0,0.23478796043775227,0.059993189862200466,0.10449754612969506,0.014828440573616637
FB105183,52,3,55546.619999999995,18515.539999999997,0.9238826772898153,0.0,0.0,0.0,0.0,0.0,0.0,0.0,0.07611732271018472
FB105184,68,4,17562.239999999998,4390.5599999999995,0.0,0.0,0.4831035221019642,0.0,0.0,0.3322508973798331,0.0,0.1846455805182027,0.0
FB105185,8,6,45697.0,7616.166666666667,0.36763507451255006,0.04637678622229031,0.07159069523163446,0.0,0.0,0.0,0.24318489178720704,0.27121255224631813,0.0
FB105186,100,8,48219.13,6027.39125,0.0359079477377547,0.029042830096685693,0.0,0.07620295098646532,0.054416162216116296,0.0,0.054416162216116296,0.2444905165232139,0.5055234302236477
FB105187,284,5,43428.41,8685.682,0.0,0.0,0.08988378805487007,0.20665066945808053,0.0,0.2750674040334426,0.19083406461346386,0.2375640738401429,0.0
FB105188,110,2,4835.74,2417.87,0.0,0.0,0.3887905470517439,0.0,0.0,0.0,0.6112094529482561,0.0,0.0
FB105189,180,3,9534.15,3178.0499999999997,0.5125417577864833,0.0,0.0,0.0,0.0,0.24631456396217807,0.0,0.0,0.24114367825133862
FB105190,64,4,50077.64,12519.41,0.0,0.1332958182534161,0.3936908768064949,0.0,0.0,0.0,0.41592555080471044,0.0,0.05708775413537859
FB105191,10,3,32671.730000000003,10890.576666666668,0.0,0.39147330123014606,0.0,0.0,0.0,0.07274729559775378,0.0,0.5357794031721002,0.0
FB105192,63,6,51031.13,8505.188333333334,0.0,0.02891666322105742,0.0,0.0,0.0,0.259926049060642,0.05277523738941308,0.10450660214657209,0.5538754481823153
FB105193,373,3,10074.400000000001,3358.1333333333337,0.0,0.1791024775669022,0.0,0.6878176367823393,0.0,0.13307988565075834,0.0,0.0,0.0
FB105194,8,5,58409.659999999996,11681.931999999999,0.2909361225523312,0.0,0.6184737250653403,0.0766931360326357,0.0,0.0,0.0,0.0,0.013897016349692842
FB105195,73,10,294245.34,29424.534000000003,0.12363645249233174,0.17805461252164606,0.2312848183084225,0.0,0.0,0.0,0.38692949223936735,0.0,0.08009462443823241
FB105196,80,8,98591.58,12323.9475,0.25258952133640616,0.2813604366620354,0.3822159052527609,0.03497398053667463,0.0,0.0,0.04886015621212278,0.0,0.0
FB105197,49,6,90367.39,15061.231666666667,0.005987115484911094,0.0,0.0,0.0,0.0,0.6755768867508511,0.07967332020986774,0.0,0.23876267755437
FB105198,10,6,150705.49,25117.581666666665,0.0,0.022967842777326823,0.03198310824642154,0.0,0.0,0.7577850017275415,0.0,0.18726404724871004,0.0
FB105199,113,11,102622.16,9329.287272727273,0.1606024468789197,0.39103113791407235,0.16210261019647218,0.012495059546593055,0.0,0.0,0.0,0.2737687454639427,0.0
FB105200,34,6,36922.29,6153.715,0.31985150433518617,0.0,0.0,0.4107732754387662,0.0,0.11021959905520488,0.025737569365280433,0.13341805180556246,0.0
FB105201,137,4,24524.73,6131.1825,0.2248599678773222,0.4880330996508422,0.0,0.1867947170060588,0.0,0.0,0.0,0.0,0.1003122154657768
FB105202,24,13,116016.47,8924.343846153846,0.0,0.04420501675322479,0.2777019504213497,0.06451437455388878,0.0,0.0,0.3601495546278904,0.1943107732893442,0.059118330354302286
FB105203,2,7,54157.72,7736.817142857143,0.25244434219165796,0.008936491418028677,0.5434244646931222,0.0,0.0,0.18825220116356448,0.0,0.0069425005336266,0.0
FB105204,44,3,17524.42,5841.473333333332,0.0,0.4121853961500581,0.20472517778049149,0.0,0.0,0.38308942606945057,0.0,0.0,0.0
FB105205,107,3,63868.71000000001,21289.570000000003,0.0,0.16600272653072212,0.0,0.1523072878722617,0.6816899855970161,0.0,0.0,0.0,0.0
FB105206,9,9,213625.98,23736.22,0.07357574205159878,0.006909740098091065,0.0,0.03579470998798929,0.7512267936699459,0.0,0.0092387171260724,0.0,0.1232542970663025
FB105207,74,8,103728.56,12966.07,0.0,0.0,0.0,0.6935316560839175,0.0,0.30646834391608246,0.0,0.0,0.0
FB105208,153,5,80529.92000000001,16105.984000000002,0.0,0.15843502638522428,0.4849632285739264,0.3469873060844963,0.0,0.0,0.0,0.009614438956353118,0.0
FB105209,205,6,42217.87,7036.311666666667,0.1657163187057992,0.628904063610978,0.0390765806043744,0.0,0.0,0.0,0.045698657937977435,0.0,0.12060437914087088
FB105210,243,4,10191.8,2547.95,0.0,0.1239996860220962,0.0,0.4234531682332856,0.0,0.12604937302537336,0.3264977727192449,0.0,0.0
FB105211,29,7,360745.58999999997,51535.08428571428,0.0,0.025550638054923965,0.02589839005377723,0.0,0.0,0.34237790682347635,0.0,0.0,0.6061730650678224
FB105212,143,9,56397.78,6266.42,0.07133755974082669,0.2021180620939335,0.21499161846441472,0.0,0.0,0.08307880203795256,0.0,0.1479717818680097,0.28050217579486286
FB105213,282,4,23453.870000000003,5863.467500000001,0.6438762558162043,0.0,0.0,0.0,0.0,0.277775053754455,0.07834869042934064,0.0,0.0
FB105214,3,6,65639.6,10939.933333333334,0.0,0.0,0.0387491697085296,0.826627980670205,0.0,0.048156905282786606,0.0,0.0,0.0864659443384786
FB105215,13,6,42105.42,7017.57,0.0,0.0,0.0,0.0,0.0,0.7698146699403545,0.03701328712550546,0.0,0.1931720429341401
FB105216,25,7,75588.105,10798.300714285713,0.08822049448124149,0.0670071699773397,0.0,0.674659458654242,0.0,0.0,0.0,0.15321961041356974,0.016893266473607196
FB105217,269,4,12803.9,3200.975,0.0,0.0,0.0,0.27644389600043734,0.0,0.0,0.6524629214536195,0.0,0.07109318254594302
FB105218,147,6,19098.66,3183.11,0.0,0.1793387598920553,0.0,0.27708697887705214,0.0,0.19948415229131264,0.29742662574232964,0.0,0.0466634831972505
FB105219,403,3,50441.31,16813.77,0.0,0.0,0.0,0.8660750484077436,0.0,0.13392495159225645,0.0,0.0,0.0
FB105220,90,4,56440.56,14110.14,0.0,0.0,0.4075705485558612,0.43193441028933804,0.0,0.0,0.16049504115480073,0.0,0.0
FB105221,73,3,17658.88,5886.293333333334,0.2978654365395767,0.7021345634604232,0.0,0.0,0.0,0.0,0.0,0.0,0.0
FB105222,225,7,634477.194150011,90639.5991642873,0.0,0.0,0.020423287266234318,0.00315412440108422,0.010581404756390144,0.7410282173812045,0.002454619353318758,0.22235834684176808,0.0
FB105223,47,7,60552.399999999994,8650.342857142856,0.07558527820532299,0.0,0.0,0.0,0.5592856765380066,0.18411194271407905,0.0,0.1810171025425912,0.0
FB105224,253,5,37398.95,7479.789999999999,0.2902121583627348,0.0,0.0,0.34768115147617784,0.0,0.3521296720897245,0.009977018071362967,0.0,0.0
FB105225,139,4,10537.67,2634.4175,0.0,0.676619214684081,0.0,0.0,0.0,0.0,0.0,0.323380785315919,0.0
FB105226,51,5,149941.5,29988.3,0.0,0.0,0.0,0.0,0.06856934204339692,0.0,0.023119816728524124,0.10170859968721134,0.8066022415408676
FB105227,88,5,125058.19,25011.638,0.6194188481378148,0.0,0.05000208303030773,0.3305790688318774,0.0,0.0,0.0,0.0,0.0
FB105228,14,3,11653.37,3884.456666666667,0.2036483866898588,0.0,0.0,0.0,0.0,0.2520438293815437,0.5443077839285975,0.0,0.0
FB105229,86,2,4176.57,2088.285,0.0,0.0,0.0,0.0,0.0,0.3396279722355905,0.0,0.6603720277644096,0.0
FB105230,30,8,106271.09,13283.88625,0.2116904042294099,0.558457808233641,0.05617209722794789,0.0,0.051665321208242056,0.0,0.1220143691007592,0.0,0.0
FB105231,54,11,147555.15,13414.104545454546,0.024970934596318734,0.3126490671454029,0.0,0.13019355813741507,0.013848381435686929,0.21910329798722716,0.0,0.2992347606979492,0.0
FB105232,446,5,9830.18,1966.036,0.0,0.3502702900658991,0.07586229346766793,0.0,0.0,0.4235751532525345,0.15029226321389844,0.0,0.0
FB105233,189,8,62040.520000000004,7755.0650000000005,0.0,0.18004926457740847,0.0,0.5181578104116471,0.28080631819333557,0.0,0.0,0.0,0.02098660681760888
FB105234,75,4,54512.53,13628.1325,0.0,0.11717067617298263,0.0,0.0,0.0,0.7763389444591913,0.0,0.0,0.10649037936782609
FB105235,132,5,54441.3,10888.26,0.0,0.12762039113687584,0.0,0.01416204242000099,0.0,0.0,0.0,0.8582175664431232,0.0
FB105236,181,8,76181.86,9522.7325,0.0,0.05036212032628239,0.5182962190736744,0.0,0.0,0.1115762991347284,0.05766412109129391,0.03128513795803883,0.23081610241598197
FB105237,63,4,19329.72,4832.43,0.0,0.0,0.17933524127612815,0.0,0.32592401752327504,0.0,0.4947407412005967,0.0,0.0
FB105238,21,7,40468.520000000004,5781.217142857144,0.0,0.3328354978141034,0.18911860379376363,0.0,0.0,0.2886749997281838,0.020064484690816464,0.0,0.16930641397313267
FB105239,44,9,106740.53,11860.058888888889,0.37065705032568225,0.25914270802290373,0.04578017366037063,0.06604688959292221,0.0,0.014530656724301445,0.18656399776167495,0.05727852391214471,0.0
FB105240,20,7,90199.64,12885.662857142857,0.0,0.013478989494858293,0.03165722169179389,0.5296638656207497,0.0,0.15053496887570725,0.1080221606205967,0.0,0.16664279369629414
FB105241,202,8,520182.3841500111,65022.79801875139,0.0,0.0,0.9412338231138861,0.004143489025530765,0.0,0.0012136896966082823,0.04838012736844707,0.0050288707955277725,0.0
FB105242,134,6,210630.40999999997,35105.06833333333,0.04704444149351464,0.012813439426908966,0.0,0.032170236007231824,0.0,0.9079718830723447,0.0,0.0,0.0
FB105243,114,3,65456.61,21818.87,0.0,0.026932344953397375,0.0,0.0,0.0,0.09016644766662985,0.0,0.8829012073799728,0.0
FB105244,13,4,37826.21000000001,9456.552500000002,0.0,0.022621616069915546,0.023219878491659622,0.0,0.0,0.9541585054384247,0.0,0.0,0.0
FB105245,116,8,98079.83,12259.97875,0.004033652994708494,0.12137419079947427,0.0,0.0,0.051160264042056355,0.6149932152207034,0.18231964716904586,0.026119029774011638,0.0
FB105246,18,6,20574.199999999997,3429.033333333333,0.05084912171554667,0.010339162640588699,0.0,0.0764399101787676,0.7754114376257644,0.0,0.0,0.0,0.08696036783933277
FB105247,57,5,57065.47,11413.094000000001,0.15662518857726046,0.0,0.10078599194924706,0.0,0.0,0.21633748044132467,0.5262513390321678,0.0,0.0
FB105248,40,5,58921.439999999995,11784.287999999999,0.0,0.5392464949940123,0.06818112388291936,0.0,0.0,0.10146815827990625,0.0,0.0,0.291104222843162
FB105249,48,2,3353.46,1676.73,0.0,0.0,0.0,0.0,0.0,0.0,0.5369528785194992,0.4630471214805007,0.0
FB105250,56,7,104261.0,14894.42857142857,0.0,0.0,0.0,0.7645140560708222,0.014461399756380621,0.0,0.0,0.0,0.22102454417279713
FB105251,358,1,45933.97,45933.97,0.0,1.0,0.0,0.0,0.0,0.0,0.0,0.0,0.0
FB105252,34,7,48310.71,6901.53,0.228386003848836,0.0,0.0,0.0,0.10412556553194934,0.6621595915274274,0.0,0.0,0.005328839091787308
FB105253,38,9,179807.29,19978.58777777778,0.013298960236817986,0.0534513923211901,0.0120080782041707,0.0,0.0,0.6923564667483727,0.0193113416035579,0.01084633442837607,0.19872742645751462
FB105254,34,8,94953.4,11869.175,0.3069542533495378,0.0,0.12118618185341443,0.0,0.0,0.030878409830506336,0.0,0.46582018126786406,0.07516097369867746
FB105255,129,6,60273.07,10045.511666666667,0.5023983347786997,0.0,0.0,0.0,0.006037024495350909,0.07471429611931166,0.385497868285123,0.031352476321514736,0.0
FB105256,350,3,11260.77,3753.59,0.06235186403771679,0.9256160990767062,0.012032036885577099,0.0,0.0,0.0,0.0,0.0,0.0
FB105257,106,6,99216.10999999999,16536.01833333333,0.5143917656114516,0.25709957788105176,0.026045971768092903,0.0,0.0,0.0,0.18654047210679797,0.0,0.015922212632605733
FB105258,298,4,13556.17,3389.0425,0.0,0.0,0.0,0.4200235022133833,0.0,0.3601083491871229,0.07672963676318607,0.0,0.14313851183630777
FB105259,102,6,69493.33,11582.221666666666,0.0,0.38137257201518476,0.0,0.3961213256006008,0.046116656087713745,0.030595166471372143,0.0,0.0,0.14579427982512852
FB105260,323,4,165584.34,41396.085,0.0,0.0,0.0,0.0,0.0,0.9458823219635385,0.0,0.050237359402465244,0.003880318633996428
FB105261,264,1,67999.12,67999.12,0.0,0.0,0.0,0.0,0.0,0.0,0.0,1.0,0.0
FB105262,44,6,77777.07,12962.845000000001,0.0,0.2729958842625468,0.08438438218359215,0.27168637234598836,0.0,0.0,0.014211900756868314,0.35672146045100434,0.0
FB105263,87,6,85651.61,14275.268333333333,0.03946160498325717,0.0,0.0,0.03943475201458559,0.0,0.12924240419999108,0.791861238802166,0.0,0.0
FB105264,16,7,116830.49,16690.07,0.10958603357736496,0.0,0.2132234487760858,0.0,0.0,0.0,0.6771905176465494,0.0,0.0
FB105265,52,5,21357.69,4271.538,0.3812977901636366,0.48324139923371856,0.0,0.022976267564516574,0.0,0.0,0.007886152481846117,0.0,0.10459839055628206
FB105266,132,8,32027.13,4003.39125,0.0,0.0,0.12193755731468915,0.2507046369749647,0.0,0.020748659027518233,0.0060055334336857535,0.3284939986817426,0.27210961456739957
FB105267,22,8,86998.45,10874.80625,0.3974478855657773,0.0,0.0,0.13027898772909172,0.0,0.05008330608188997,0.422189820623241,0.0,0.0
FB105268,101,5,53956.54,10791.308,0.1301186102741206,0.0,0.29628790133689076,0.0,0.0,0.26241082174653896,0.0,0.31118266664244965,0.0
FB105269,28,6,28446.85,4741.141666666666,0.13840513097232207,0.0,0.0,0.0,0.0,0.3480881011430088,0.18070296008169623,0.1965591972397647,0.13624461056320825
FB105270,15,4,67706.01,16926.5025,0.0,0.0,0.0,0.10440978577824923,0.0,0.5010764923232074,0.0,0.39451372189854345,0.0
FB105271,35,8,101257.72,12657.215,0.07156096345049048,0.25536808452728343,0.0,0.0,0.0,0.048210546316863535,0.3697103786259457,0.16740866770454635,0.08774135937487036
FB105272,245,3,6056.849999999999,2018.9499999999998,0.0,0.0,0.0,0.0,0.0,0.8059783550855643,0.10788115934850624,0.0,0.0861404855659295
FB105273,173,5,42344.35,8468.869999999999,0.21007973909151986,0.0,0.056097212497062766,0.5201853375952163,0.0,0.21363771081620095,0.0,0.0,0.0
FB105274,11,6,79177.98,13196.33,0.0,0.3680211341587649,0.08786319125595274,0.0,0.0,0.1114500521483372,0.0,0.0,0.4326656224369452
FB105275,99,6,198198.35,33033.058333333334,0.0,0.0,0.27640325966386703,0.46400507370520494,0.0,0.028420670505077364,0.0,0.0,0.23117099612585068
FB105276,65,4,51893.159999999996,12973.289999999999,0.10116709022923254,0.6820633008280861,0.0,0.0,0.0,0.061220399759814206,0.0,0.0,0.15554920918286727
FB105277,179,8,620605.7841500111,77575.72301875139,0.0,0.005491634282248638,0.7760377947647307,0.006832372672464599,0.0,0.0026231466763231115,0.0,0.029311779658829137,0.17970327194540375
FB105278,165,7,111785.67,15969.381428571429,0.30596515635680316,0.10155496675021046,0.3538837312510628,0.0,0.0,0.0,0.0,0.2226238837231999,0.01597226191872357
FB105279,93,6,24895.92,4149.32,0.2242965915700243,0.39935780641968643,0.006073685969427922,0.0,0.0,0.0,0.0,0.27262941076288805,0.09764250527797326
FB105280,221,3,12642.0,4214.0,0.7237944945420027,0.27620550545799716,0.0,0.0,0.0,0.0,0.0,0.0,0.0
FB105281,126,7,215147.0,30735.285714285714,0.0,0.0016738787898506603,0.0,0.4704896652056501,0.0,0.0,0.4652339098383895,0.0,0.06260254616610968
FB105282,202,8,111864.25,13983.03125,0.0,0.0,0.21412086524515203,0.5196636995286698,0.0,0.06916159541587236,0.18970529011726267,0.00734854969304313,0.0
FB105283,427,3,12068.55,4022.85,0.525812131531957,0.024941687278090575,0.0,0.0,0.0,0.0,0.0,0.4492461811899524,0.0
FB105284,113,7,52728.729999999996,7532.675714285714,0.0,0.01775028528090853,0.019169435713699154,0.0,0.0,0.2050000066377476,0.0,0.0728970714826623,0.6851832008849824
FB105285,290,2,7767.74,3883.87,0.0,0.0,0.8551921150810918,0.0,0.0,0.0,0.1448078849189082,0.0,0.0
FB105286,178,5,23052.53,4610.505999999999,0.9388487944707155,0.0,0.0,0.0,0.0,0.0,0.0,0.0,0.061151205529284644
FB105287,128,3,18728.0,6242.666666666667,0.0,0.0,0.6416360529688168,0.3583639470311833,0.0,0.0,0.0,0.0,0.0
FB105288,118,9,130742.67,14526.963333333333,0.028283115221679346,0.0,0.14976067109536617,0.0239341142413567,0.0,0.04084634343171972,0.17573971833373142,0.5660689046659365,0.015367133010210055
FB105289,105,3,9708.86,3236.286666666667,0.0,0.0,0.13843025854734747,0.0,0.0,0.0,0.0,0.0,0.8615697414526525
FB105290,165,6,60762.53,10127.088333333333,0.0,0.42797082346636983,0.0,0.047143692008874555,0.36925996991896154,0.15562551460579407,0.0,0.0,0.0
FB105291,79,8,79533.53,9941.69125,0.012714385995441169,0.05035536584381455,0.0,0.16088962730561565,0.0,0.671414056436323,0.016492666677815005,0.0,0.08813389774099051
FB105292,87,8,191170.11000000002,23896.263750000002,0.0047947872185667515,0.0,0.025554831767372,0.0,0.3441319356880634,0.13319059135342862,0.1643281996333004,0.24594101033890703,0.08205864400036177
FB105293,133,9,123483.51,13720.39,0.0,0.4595093709273408,0.0,0.0,0.17275011052082986,0.20541293327343868,0.0,0.0060731185888706915,0.1562544666895199
FB105294,137,5,47870.530000000006,9574.106000000002,0.0,0.03790766469475061,0.0,0.6108311313870977,0.0,0.1324303282207237,0.04818914685089136,0.0,0.1706417288465367
FB105295,90,10,110080.8,11008.08,0.04042585082957246,0.0,0.10272699689682488,0.0,0.0,0.5192707538462656,0.1060594581434728,0.13241927747618112,0.09909766280768308
FB105296,50,6,25475.39,4245.8983333333335,0.1020628143474938,0.0,0.6465129680055928,0.0,0.0,0.1995372789189881,0.0,0.05188693872792526,0.0
FB105297,99,6,41731.549999999996,6955.258333333332,0.04201497428204799,0.0,0.4786867489944658,0.41498818040547253,0.0,0.0,0.05639114770479409,0.0,0.007918948613219495
FB105298,29,4,43926.27,10981.5675,0.3811694004521668,0.0,0.0,0.5465390072956342,0.0,0.07229159225219897,0.0,0.0,0.0
FB105299,82,7,327210.72,46744.388571428564,0.42318304852603844,0.0,0.42797023887236946,0.00252757611364322,0.0,0.14033546944916717,0.005983667038781614,0.0,0.0
FB105300,50,6,38286.3,6381.05,0.1821267659711176,0.0,0.0,0.04083862896127335,0.0,0.02900097423882694,0.46792873691111436,0.2801048939176677,0.0
FB105301,49,5,64080.33,12816.066,0.0,0.0,0.0,0.004400414292498182,0.0,0.34780126756525753,0.0,0.19096093918367774,0.4568373789585665
FB105302,50,5,57576.95,11515.39,0.4785845724721438,0.3370635297632126,0.0,0.0,0.0,0.0,0.1554450174939798,0.010395479440991577,0.01851140082967229
FB105303,306,3,11066.44,3688.8133333333335,0.0,0.0,0.0,0.0,0.0,0.0,0.23810186473698858,0.33606742547738927,0.4258307097856221
FB105304,34,13,71446.3,5495.869230769231,0.0,0.038393730676046206,0.11524865528375856,0.011705574676365326,0.0,0.05768892160965648,0.32617770269419133,0.03502812601912205,0.41575728904086
FB105305,132,6,22562.71,3760.4516666666664,0.016040183116301187,0.0,0.3262458277396642,0.022487990139482356,0.0,0.07496927452420386,0.3345896835974047,0.0,0.22566704088294354
FB105306,247,4,46380.130000000005,11595.032500000001,0.11587440569916473,0.0,0.0,0.00849113618267133,0.0,0.0,0.0,0.638065913139959,0.2375685449782051
FB105307,66,6,82683.09999999999,13780.516666666665,0.03291494876220171,0.0,0.020194937054851595,0.07019173204681488,0.0,0.05904096484045711,0.4412445832340587,0.0,0.37641283406161596
FB105308,119,6,59516.74,9919.456666666667,0.0,0.1320100865739622,0.6637984540147864,0.0,0.0,0.09878044395576774,0.04447639437240682,0.06093462108307679,0.0
FB105309,417,3,15388.32,5129.44,0.0,0.2019375734323175,0.0,0.15451784210362146,0.0,0.0,0.0,0.643544584464061,0.0
FB105310,113,7,87908.35,12558.335714285715,0.7932917635241703,0.04261369938123056,0.0,0.0,0.0,0.04335697348431633,0.0,0.0,0.12073756361028275
FB105311,79,8,42641.42,5330.1775,0.2978425671565347,0.25291395080182605,0.06173457638136816,0.1836343630207437,0.0,0.20387454263952748,0.0,0.0,0.0
FB105312,97,7,128385.40000000001,18340.77142857143,0.0,0.2651102851258788,0.3204663458617569,0.0,0.13287593449099355,0.054298619624972934,0.0694305583033585,0.0,0.1578182565930394
FB105313,380,4,29646.16,7411.54,0.5177783564549338,0.0,0.0,0.0,0.0,0.23560757953137942,0.0,0.24661406401368677,0.0
FB105314,47,5,49886.12,9977.224,0.4082283809604755,0.0,0.08551998030714755,0.0,0.0,0.0,0.006495193452607658,0.2774390952834175,0.22231734999635164
FB105315,406,2,59137.96000000001,29568.980000000003,0.0,0.0,0.0,0.0,0.0,0.8256549600290575,0.0,0.0,0.1743450399709425
FB105316,7,8,203054.58000000002,25381.822500000002,0.07339859066463805,0.0,0.0,0.07903643444043469,0.008493036699787812,0.8231397193798831,0.0,0.0,0.015932218815256468
FB105317,30,4,47177.11,11794.2775,0.0,0.6054455222034584,0.0,0.0,0.0,0.2693566859012771,0.04761228485593967,0.07758550703932479,0.0
FB105318,271,6,80233.11,13372.185,0.008264418517492343,0.36193224966600446,0.0,0.015302036777584715,0.0,0.6145012950389185,0.0,0.0,0.0
FB105319,253,3,57235.56,19078.52,0.0,0.0,0.604871866371186,0.0727004330874023,0.0,0.3224277005414117,0.0,0.0,0.0
FB105320,53,6,49980.84,8330.14,0.2621338496912017,0.0,0.18329323796878966,0.0,0.0,0.05257394633623605,0.0,0.5019989660037727,0.0
FB105321,19,8,101459.06,12682.3825,0.19162192119658905,0.016682393864086657,0.6820444620716967,0.0,0.0,0.05697145232766793,0.024689071631454104,0.0,0.027990698908505557
FB105322,106,5,85219.51000000001,17043.902000000002,0.03257387891575532,0.0,0.010489382067557064,0.0,0.0,0.07489153598747517,0.8820452030292124,0.0,0.0
FB105323,235,5,20046.81,4009.362,0.13730763148850111,0.0,0.0,0.0,0.0,0.0,0.0,0.733020365833766,0.12967200267773274
FB105324,21,9,47951.24,5327.915555555555,0.5345505142307061,0.0073059633077267655,0.0,0.0,0.0,0.3355721353608374,0.0,0.0,0.12257138710072983
FB105325,117,8,21969.800000000003,2746.2250000000004,0.30566823548689565,0.0,0.16892825606059228,0.08914054747881182,0.0,0.038081821409389253,0.11189450973609229,0.20179837777312495,0.08448825205509382
FB105326,91,8,66180.4,8272.55,0.052987591492345165,0.27660168267341995,0.37972919474648087,0.16427129482444958,0.0,0.0,0.0,0.0322742080736895,0.09413602818961506
FB105327,80,7,76992.06,10998.865714285714,0.0,0.011108288309210066,0.0,0.24593458078664215,0.0,0.0,0.41790114461153527,0.3250559862926125,0.0
FB105328,141,5,73306.31999999999,14661.264,0.0,0.03288324935694494,0.0,0.0,0.0,0.6026502216998479,0.20571214050848546,0.1587543884347216,0.0
FB105329,32,8,87618.76,10952.345,0.0,0.0,0.706365737200572,0.0,0.0,0.1570209393513444,0.027801694522953755,0.03451829265787372,0.074293336267256
FB105330,235,4,71702.84999999999,17925.712499999998,0.32218189374620393,0.0,0.0,0.05367834054015983,0.0,0.0,0.0,0.6241397657136362,0.0
FB105331,44,5,55139.409999999996,11027.882,0.5427011279228414,0.06455346547959073,0.16289510533391635,0.0,0.0,0.0,0.0,0.0,0.2298503012636515
FB105332,55,9,93860.56,10428.951111111111,0.2674940358335812,0.0,0.0,0.0,0.0,0.0,0.00976725474469788,0.6891395065190321,0.03359920290268884
FB105333,27,6,26977.260000000002,4496.21,0.0,0.23345217416446293,0.0,0.013523241426297555,0.0,0.0,0.6231833774074905,0.043057745671724997,0.08678346133002386
FB105334,25,3,8054.0199999999995,2684.673333333333,0.0,0.18212147474180593,0.5984626310836079,0.0,0.0,0.0,0.2194158941745861,0.0,0.0
FB105335,147,3,9134.42,3044.806666666667,0.0,0.9498216635538983,0.0,0.0,0.0,0.0,0.0,0.0,0.05017833644610167
FB105336,1,8,118539.26,14817.4075,0.0,0.010570759426033197,0.037792626679127236,0.10283301920393294,0.0,0.6018313257565467,0.24697226893435978,0.0,0.0
FB105337,147,2,10531.52,5265.76,0.0,0.8550446659171705,0.0,0.0,0.0,0.0,0.14495533408282943,0.0,0.0
FB105338,42,6,112296.26999999999,18716.045,0.0,0.1884217525657798,0.0,0.31400918302985487,0.0,0.2899684023342895,0.16602314573760998,0.0415775163324659,0.0
FB105339,158,3,6346.52,2115.5066666666667,0.0,0.43821495874904665,0.05391458626144722,0.0,0.0,0.0,0.0,0.507870454989506,0.0
FB105340,5,6,31795.295,5299.215833333333,0.0,0.45436801262576737,0.2760339226291185,0.1600887804311927,0.0,0.0,0.10950928431392129,0.0,0.0
FB105341,53,4,31445.82,7861.455,0.0,0.0,0.1532804678014439,0.5790375318563803,0.0,0.2676820003421758,0.0,0.0,0.0
FB105342,143,7,56777.1,8111.0142857142855,0.34863510112351637,0.015522631483467806,0.0,0.4436115969290435,0.0,0.0,0.19223067046397224,0.0,0.0
FB105343,337,1,3926.22,3926.22,0.0,0.0,0.0,0.0,0.0,0.0,0.0,0.0,1.0
FB105344,157,13,638642.3241500111,49126.332626923926,0.004486235709187064,0.151161904479923,0.005772902704040016,0.007930902491846558,0.0,0.055419424397069046,0.0,0.7454019349306272,0.02982669528730712
FB105345,499,6,40978.6,6829.766666666666,0.20475833727848192,0.0,0.0,0.0,0.0,0.0,0.03670427979481974,0.05199030713591972,0.7065470757907787
FB105346,125,5,23755.73,4751.146,0.12514538597635183,0.027664062523020765,0.0,0.0,0.0,0.10540656927823311,0.0,0.6437625785442082,0.09802140367818629
FB105347,187,1,9881.62,9881.62,0.0,0.0,0.0,1.0,0.0,0.0,0.0,0.0,0.0
FB105348,217,6,80040.25,13340.041666666666,0.46525579317905674,0.0,0.0,0.02500167103426089,0.0,0.19877711526388286,0.0,0.0,0.31096542052279946
FB105349,50,4,26635.21,6658.8025,0.06835350650511109,0.0,0.0,0.0,0.0,0.0,0.28705236414505464,0.0,0.6445941293498344
FB105350,132,8,74720.06,9340.0075,0.0030892641146166105,0.23027336969483164,0.0,0.0,0.0,0.4058198026072249,0.32553734566058967,0.035280217922737216,0.0
FB105351,156,7,23091.309999999998,3298.758571428571,0.2167005683090305,0.01575008087458009,0.1626330424735539,0.24170131534330444,0.0,0.09825860897454497,0.0,0.14444308270080822,0.12051330132417779
FB105352,138,6,19434.81,3239.135,0.0,0.0,0.0,0.43368574223262285,0.0,0.048703846345809404,0.5176104114215678,0.0,0.0
FB105353,248,3,13213.669999999998,4404.556666666666,0.0,0.0,0.0,0.0,0.0,0.3452697093237534,0.0,0.6547302906762467,0.0
FB105354,43,6,14233.16,2372.193333333333,0.0,0.3871859797824236,0.0,0.35864418021015715,0.0,0.0,0.10252607291704724,0.0,0.15164376709037206
FB105355,3,7,52544.729999999996,7506.389999999999,0.44603654828942885,0.16726625105885976,0.3072207241335145,0.0,0.0,0.027645398501429164,0.0,0.0,0.05183107801676781
FB105356,149,6,40558.76,6759.793333333334,0.5044560040790201,0.0,0.11191885550741688,0.38362514041356294,0.0,0.0,0.0,0.0,0.0
FB105357,72,8,50060.270000000004,6257.5337500000005,0.25395708013560453,0.0,0.11528463589988629,0.0033062146888141034,0.0,0.0,0.17655178447898903,0.0,0.4509002847967061
FB105358,424,3,37679.88,12559.96,0.0,0.0,0.34869325486174585,0.0,0.0,0.5830289268437161,0.0,0.0,0.06827781829453809
FB105359,181,7,25631.79,3661.684285714286,0.09468749548900018,0.0,0.0,0.2223461568622402,0.0,0.4997044685525279,0.0,0.0,0.18326187909623165
FB105360,36,7,57761.78,8251.682857142858,0.1382088640620147,0.0,0.24194770313518732,0.04366520560827592,0.0,0.24521751234120556,0.0,0.017749626136867667,0.31321108871644887
FB105361,37,9,141781.35,15753.483333333334,0.05812259510859504,0.5047714667690779,0.0,0.07781834493746888,0.0,0.0,0.1391061659379037,0.14481523839348406,0.07536618885347052
FB105362,56,8,155877.36,19484.67,0.0025443720627549766,0.058285500857853896,0.18224198818866322,0.006617702532298469,0.0,0.7328215592052624,0.0,0.01748887715316708,0.0
FB105363,34,5,23566.36,4713.272,0.0,0.07439799782401696,0.045857315257850605,0.0,0.19958237080312788,0.6801623161150047,0.0,0.0,0.0
FB105364,165,5,25294.879999999997,5058.976,0.06812445838841695,0.0,0.0,0.0,0.0,0.10805388284111252,0.0,0.47508270448406953,0.34873895428640106
FB105365,50,6,22955.81,3825.9683333333337,0.08363155122820758,0.40738967607764653,0.37680177697933553,0.0,0.0,0.1321769957148103,0.0,0.0,0.0
FB105366,90,4,12523.18,3130.795,0.0864700499393924,0.0,0.0,0.0,0.0,0.525005629560543,0.2127367010615515,0.0,0.17578761943851326
FB105367,316,7,63994.65,9142.092857142858,0.0,0.0,0.03899888506304824,0.03402690693675174,0.4028207045432704,0.22646111823410237,0.2976923852228272,0.0,0.0
FB105368,94,8,154549.29,19318.66125,0.050161860982991247,0.05902550571406701,0.0,0.14353498485822874,0.0,0.6538789016759637,0.051511462783167754,0.04188728398558156,0.0
FB105369,194,5,69031.3,13806.26,0.07248740788598794,0.0,0.0,0.333729482133467,0.0,0.0,0.08829487493354463,0.05129861381721045,0.45418962122978995
FB105370,2,7,23664.54,3380.6485714285714,0.5454414072701181,0.0,0.0,0.03615620671265953,0.0,0.032777734111882166,0.2675040376867668,0.09685799935261788,0.02126261486595556
FB105371,57,5,55795.340000000004,11159.068000000001,0.08180629421740238,0.0,0.0,0.7888637294799172,0.06376679486136297,0.0,0.0,0.0,0.0655631814413175
FB105372,27,6,88008.91,14668.151666666667,0.0,0.0,0.0,0.16844680839701345,0.2541760828534293,0.07825094072861487,0.38897073034991575,0.04952544009464497,0.06062999757638176
FB105373,281,6,45479.369999999995,7579.8949999999995,0.12946397454494202,0.0,0.0,0.48010471561061646,0.0,0.24827784553743817,0.0,0.1421534643070034,0.0
FB105374,368,7,68565.25,9795.035714285714,0.02634599888427447,0.0,0.06623034262983071,0.07743149773391039,0.0,0.19405777708095576,0.024603133511509112,0.6113312501595196,0.0
FB105375,377,3,22883.29,7627.763333333333,0.0,0.0,0.0,0.0,0.0,0.2898896968049612,0.0,0.7101103031950388,0.0
FB105376,6,7,23622.47,3374.6385714285716,0.0,0.23181360797579592,0.06877815910021264,0.07238785783197099,0.0,0.014408738798271306,0.0,0.0,0.6126116362937492
FB105377,26,8,525967.6041500111,65745.95051875139,0.0,0.0,0.024537556872645513,0.0,0.0038631086476962765,0.0,0.8939058231729331,0.00987621663200089,0.06781729467472422
FB105378,66,3,27593.34,9197.78,0.0,0.08996554965799718,0.0,0.4713901977796091,0.0,0.0,0.43864425256239364,0.0,0.0
FB105379,11,4,9505.46,2376.365,0.0,0.0,0.0,0.0,0.0,0.0,0.7394676322871276,0.17181283178299633,0.08871953592987611
FB105380,14,3,472045.2241500111,157348.4080500037,0.0,0.0,0.0,0.9992566390209077,0.0,0.0,0.0,0.0007433609790923073,0.0
FB105381,216,8,124181.36,15522.67,0.0,0.0,0.025425071846531554,0.25950158703367393,0.0,0.0,0.18613767798967573,0.2600250955537932,0.2689105675763254
FB105382,22,6,61999.66,10333.276666666667,0.0,0.0,0.19483187488447518,0.0,0.25613414654209393,0.4792182731324655,0.0,0.06981570544096533,0.0
FB105383,83,6,66157.5,11026.25,0.1303657181725428,0.42123266447492724,0.3104239126327325,0.0,0.0,0.0,0.041041151796848425,0.09693655292294902,0.0
FB105384,78,7,153718.24,21959.74857142857,0.019120892875172133,0.0,0.5208059238773486,0.12548556371709696,0.0,0.0,0.33458761953038235,0.0,0.0
FB105385,253,6,55280.03999999999,9213.339999999998,0.0,0.04399291317444778,0.5878997193200295,0.0,0.0,0.0,0.36810736750552286,0.0,0.0
FB105386,113,6,100734.38,16789.063333333335,0.0,0.611062082280151,0.013070909852227214,0.05028084751204107,0.0,0.20249273386107106,0.04440926722336505,0.0,0.07868415927114457
FB105387,82,6,67671.39,11278.565,0.16125101021273539,0.44694146226344694,0.0,0.2953784457508557,0.0,0.006483242031824675,0.054001698502129186,0.03594414123900809,0.0
FB105388,74,7,36176.03,5168.004285714285,0.14976049057898283,0.06560974214141242,0.0,0.12883696746160372,0.0,0.08483849665095922,0.036162066429069196,0.5347922367379726,0.0
FB105389,11,6,38597.44,6432.906666666667,0.26174015686014407,0.03687576170854854,0.0,0.4667682623510782,0.0,0.21194851264747092,0.0,0.022667306432758234,0.0
FB105390,259,5,21222.78,4244.556,0.3326420949564572,0.12855573115303462,0.0,0.0,0.0,0.0,0.09197192827706833,0.0,0.4468302456134399
FB105391,108,3,18281.97,6093.990000000001,0.0,0.0,0.0,0.0,0.0,0.0,0.4666242204751457,0.0,0.5333757795248543
FB105392,135,7,153240.19,21891.455714285716,0.10528014876515096,0.015144003671621655,0.0,0.0,0.0,0.5528653416574334,0.31767240695799187,0.0,0.00903809894780214
FB105393,64,5,93012.15,18602.43,0.7302457797180262,0.1641402762972365,0.0,0.02771455127098987,0.0,0.023308030187454008,0.0,0.05459136252629362,0.0
FB105394,258,2,9001.01,4500.505,0.0,0.0,0.0,0.0,0.0,0.9520820441261593,0.0,0.0,0.047917955873840824
FB105395,335,6,40173.29,6695.548333333333,0.005490712859215663,0.0,0.0,0.0,0.0,0.5759212153149518,0.014761051434921063,0.04486961361641031,0.35895740677450116
FB105396,391,2,387400.7,193700.35,0.9840183045616593,0.0,0.015981695438340715,0.0,0.0,0.0,0.0,0.0,0.0
FB105397,16,6,43849.98,7308.330000000001,0.22701469875242816,0.0,0.0,0.0,0.5282036616664363,0.10098522279827721,0.0,0.0,0.1437964167828583
FB105398,285,2,6446.96,3223.48,0.0,0.2814365220196806,0.0,0.0,0.0,0.0,0.0,0.0,0.7185634779803194
FB105399,137,7,144610.27,20658.609999999997,0.3168218965361173,0.0,0.3827562177983624,0.03502524405770074,0.0,0.0,0.1875373719999278,0.0778592696078916,0.0
FB105400,36,9,29843.059999999998,3315.8955555555553,0.3232848776231392,0.35404948420168714,0.0,0.0,0.0,0.15571794581386764,0.1218021878453483,0.045145504515957814,0.0
FB105401,226,7,51648.58,7378.368571428572,0.1693732915793619,0.0,0.013085161295818782,0.6477101596984853,0.0,0.0,0.030931924943531842,0.13168900287287666,0.007210459609925384
FB105402,65,7,34373.48,4910.497142857143,0.0,0.0,0.014008764896658704,0.20570887789074604,0.0,0.1420190798254934,0.5581643173749065,0.0,0.08009896001219546
FB105403,39,6,281912.03,46985.33833333334,0.03250311808261606,0.015850370060475957,0.0,0.6250205072837792,0.0,0.0,0.3266260045731287,0.0,0.0
FB105404,99,3,19474.48,6491.493333333333,0.0,0.08984886887865555,0.0,0.5678010401304682,0.0,0.0,0.34235009099087627,0.0,0.0
FB105405,313,6,45362.21,7560.368333333333,0.06070647792512755,0.0,0.4406562202326562,0.0,0.0,0.014144372595603256,0.0,0.0,0.484492929246613
FB105406,348,1,5091.66,5091.66,0.0,0.0,0.0,0.0,0.0,0.0,0.0,0.0,1.0
FB105407,211,2,45591.53,22795.765,0.0,0.024906161297942844,0.0,0.9750938387020571,0.0,0.0,0.0,0.0,0.0
FB105408,16,4,67964.2,16991.05,0.0,0.915525085265478,0.0,0.0,0.0,0.034028944650271765,0.0,0.05044597008425024,0.0
FB105409,72,5,80969.59,16193.918,0.04146260342926276,0.8000369027433633,0.1376405635745469,0.0,0.0,0.020859930252827015,0.0,0.0,0.0
FB105410,101,6,52009.69,8668.281666666668,0.0,0.08862406216995333,0.2607189160327623,0.0,0.0,0.49220693297729706,0.09582848888351382,0.06262159993647337,0.0
FB105411,5,3,28076.4,9358.800000000001,0.0,0.0,0.0,0.4345393284039264,0.0,0.5654606715960736,0.0,0.0,0.0
FB105412,39,7,80950.2,11564.314285714285,0.1860086818809589,0.10140530844889821,0.15272154979234145,0.131612892864996,0.0,0.0,0.2442843871911372,0.1839671798216681,0.0
FB105413,28,7,87936.28,12562.325714285715,0.06612185550719225,0.0,0.0,0.0,0.0,0.061193855368910303,0.19536578076761943,0.677318508356278,0.0
FB105414,225,8,136218.18,17027.2725,0.1125296931731139,0.6075511359790596,0.19292094491352035,0.0,0.0,0.01818384300832679,0.0688143829259795,0.0,0.0
FB105415,60,5,40668.28999999999,8133.6579999999985,0.0,0.03983004940704417,0.0,0.0,0.0,0.0,0.7932630066324402,0.0927007257988964,0.0742062181616193
FB105416,64,2,15000.66,7500.33,0.0,0.0,0.028978058298768188,0.9710219417012318,0.0,0.0,0.0,0.0,0.0
FB105417,6,8,44593.64,5574.205,0.0,0.253052228972562,0.18049345153255036,0.0,0.29297922304615637,0.0,0.0,0.09480858705411803,0.1786665093946132
FB105418,509,5,31620.03,6324.005999999999,0.0,0.6514237968781181,0.0,0.0,0.0944164189597543,0.0900258475403091,0.11631962398517649,0.0,0.047814312636642035
FB105419,28,8,52211.7,6526.4625,0.10682011886224735,0.09607003794168738,0.007006858615980709,0.0,0.0,0.04544594410831288,0.0,0.43865340527123226,0.3060036352005393
FB105420,4,4,22879.04,5719.76,0.0,0.9251686259563339,0.0,0.0,0.0,0.0,0.020892484999370603,0.05393888904429556,0.0
FB105421,148,4,22064.010000000002,5516.0025000000005,0.3539927692201009,0.0,0.0,0.0,0.0,0.0,0.0,0.17258694135834782,0.47342028942155123
FB105422,34,8,50663.2,6332.9,0.009506703090211436,0.0,0.31869048934927124,0.058541505471426995,0.25773283172006506,0.24742436324590633,0.10384638159453015,0.004257725528588799,0.0
FB105423,172,4,19905.75,4976.4375,0.0,0.10004295241324743,0.6581505343933285,0.0,0.0,0.0,0.0,0.0,0.24180651319342403
FB105424,86,9,119402.2,13266.91111111111,0.0,0.4685723546132316,0.0,0.15283210862111418,0.0,0.006018984574823579,0.37257655219083063,0.0,0.0
FB105425,7,7,46126.07,6589.438571428572,0.0,0.021811092945919736,0.5543136451902363,0.060133022388423725,0.0,0.0,0.013846182863617038,0.0,0.3498960566118033
FB105426,228,3,47018.76,15672.92,0.05215428905398611,0.0,0.0,0.0,0.0,0.0,0.0,0.0,0.9478457109460138
FB105427,306,6,99945.07,16657.51166666667,0.28723767965743585,0.0,0.0,0.0,0.0,0.3312554586234218,0.33871925848868784,0.03796085189594644,0.004826751334508045
FB105428,197,5,42162.785,8432.557,0.0,0.12012833118115894,0.0,0.0,0.0,0.7108726332949781,0.01933007983225017,0.1496689556916129,0.0
FB105429,46,3,6511.589999999999,2170.5299999999997,0.8807142341578632,0.0,0.0,0.0,0.0,0.0,0.11928576584213688,0.0,0.0
FB105430,113,6,40154.79,6692.465,0.023915702211367556,0.0,0.0,0.4675384929170342,0.0,0.07847905567430434,0.0,0.4300667491972937,0.0
FB105431,46,4,39309.42,9827.355,0.0,0.5873637921902689,0.0,0.0,0.0,0.36164893809168386,0.0,0.05098726971804723,0.0
FB105432,17,6,18978.27,3163.045,0.0,0.10312214970068401,0.12727345537817727,0.0,0.0,0.017113256371629238,0.0,0.3096836539895365,0.4428074845599731
FB105433,397,4,17999.085,4499.77125,0.22411583699949195,0.7758841630005081,0.0,0.0,0.0,0.0,0.0,0.0,0.0
FB105434,121,6,43150.61,7191.768333333333,0.0,0.7123007067571002,0.2033062800270958,0.0,0.0,0.0,0.06352146586108516,0.0,0.02087154735471874
FB105435,123,4,492432.0841500111,123108.02103750278,0.0,0.03613087077928896,0.9547824345393041,0.004729342532625364,0.0,0.0,0.0,0.0043573521487814924,0.0
FB105436,19,7,31759.77,4537.11,0.0,0.06140378220623134,0.0,0.0,0.0,0.3432452439044741,0.370273462307819,0.10089682639389391,0.12418068518758164
FB105437,134,7,43530.58,6218.654285714286,0.16080167091731834,0.09589718308370805,0.04725712361287169,0.0,0.0759799203226789,0.20858463176920683,0.0,0.4114794702942161,0.0
FB105438,59,7,44492.8,6356.114285714286,0.10837955804085155,0.05313016937571921,0.4754272601409666,0.029666372986191025,0.0,0.0,0.1230502463319908,0.0,0.21034639312428077
FB105439,71,4,26217.36,6554.34,0.0,0.0,0.0,0.04344144490520784,0.0,0.8717201121699514,0.0,0.0,0.08483844292484063
FB105440,183,6,45980.41,7663.401666666668,0.15794509009380298,0.009388128553007682,0.3005738748306072,0.18473497735231156,0.0,0.0,0.0,0.0,0.34735792917027053
FB105441,186,7,81307.51,11615.358571428571,0.009704146640328795,0.034710938755841865,0.0,0.0,0.0,0.0067745279618082015,0.799694886733095,0.0,0.14911549990892597
FB105442,30,10,147187.74,14718.774,0.021324805992673033,0.12289569769873498,0.0,0.32634382456038796,0.0,0.5211001948939498,0.0,0.0,0.008335476854254302
FB105443,37,5,40501.04,8100.2080000000005,0.0,0.3207236159861574,0.0,0.28308112581800365,0.0,0.056711630121103064,0.33948362807473587,0.0,0.0
FB105444,82,9,42082.46,4675.828888888889,0.018507948442177572,0.5472636343027475,0.11462827981063846,0.0,0.0,0.12464813131171515,0.0,0.19495200613272132,0.0
FB105445,15,5,16495.23,3299.046,0.1626949124080113,0.0,0.0,0.0,0.0,0.22139794352670442,0.19615670712078584,0.0,0.4197504369444985
FB105446,168,9,108300.13,12033.347777777779,0.09143793271531624,0.0,0.09667633824631605,0.013065542949948444,0.0,0.0,0.022666177778364622,0.7293367053206676,0.04681730298938699
FB105447,241,6,156519.64,26086.60666666667,0.5082675886553278,0.0,0.06196423656481704,0.2846256865911524,0.008075919418163751,0.0,0.0,0.0,0.13706656877053894
FB105448,295,7,530400.8141500112,75771.54487857303,0.8864343560698913,0.07297709386443858,0.0,0.005832400549681426,0.0,0.0,0.013296962998260612,0.012730033250081617,0.008729153267646627
FB105449,82,2,196280.25,98140.125,0.0,0.0,0.0,0.41956029707522785,0.0,0.0,0.0,0.5804397029247721,0.0
FB105450,9,6,45003.67,7500.611666666667,0.010269384696848058,0.0,0.05466509731317468,0.0,0.0,0.0,0.2104641688111214,0.0,0.7246013491788559
FB105451,91,4,25895.78,6473.945,0.23296035106878418,0.5157122125689978,0.18613187167947828,0.0,0.0,0.0,0.0,0.0,0.06519556468273982
FB105452,98,5,21914.47,4382.894,0.0,0.4289179706376654,0.0,0.0,0.0,0.22276103414775714,0.0872405310281289,0.14485543113750868,0.11622503304893982
FB105453,5,7,135288.62,19326.945714285714,0.02660260707811197,0.3460011640299088,0.0,0.0,0.0,0.4762311863333369,0.13759161709240586,0.013573425466236555,0.0
FB105454,259,4,46585.1,11646.275,0.0,0.22384668059100443,0.025176290273070143,0.45331382781189694,0.0,0.0,0.0,0.2976632013240285,0.0
FB105455,231,5,69916.51,13983.302,0.21327251603376654,0.6246510302073143,0.0913666886404942,0.0,0.0,0.0,0.0707097651184248,0.0,0.0
FB105456,52,5,17622.03,3524.406,0.04297234768071556,0.05197017596724101,0.0,0.11384499969640276,0.0,0.7912124766556408,0.0,0.0,0.0
FB105457,356,1,5032.209999999999,5032.209999999999,0.0,0.0,0.0,0.0,0.0,0.0,1.0,0.0,0.0
FB105458,168,2,154026.15,77013.075,0.0,0.0012808214708995842,0.0,0.9987191785291004,0.0,0.0,0.0,0.0,0.0
FB105459,20,7,324339.77,46334.25285714286,0.03238107371168204,0.0,0.8986634602349259,0.0,0.0,0.05906543622448768,0.007539223450765844,0.0023508063781385803,0.0
FB105460,143,10,62246.439999999995,6224.643999999999,0.23593863359896566,0.013815729863426728,0.03735571062377222,0.0,0.0,0.25188139273507043,0.16071135955726945,0.19602936328567544,0.10426781033582001
FB105461,237,5,27620.989999999998,5524.197999999999,0.0,0.08174109617359841,0.0,0.0,0.0,0.5157490734401627,0.40250983038623883,0.0,0.0
FB105462,100,5,34300.52,6860.103999999999,0.04980011964833187,0.026198728182546507,0.6695700240112978,0.0,0.0,0.0,0.0,0.0,0.25443112815782387
FB105463,13,3,10550.45,3516.816666666667,0.6867015151012515,0.0,0.0,0.0,0.0,0.0,0.0,0.3132984848987484,0.0
FB105464,106,7,117440.39,16777.198571428573,0.4348259572366884,0.0,0.30371663445599933,0.005783104092212227,0.0,0.0,0.0,0.0,0.2556743042151001
FB105465,69,4,57265.95,14316.4875,0.6238365031925603,0.0,0.0,0.014580566636893303,0.0,0.0,0.26359485872494914,0.0,0.09798807144559726
FB105466,65,6,18275.67,3045.9449999999997,0.0,0.0,0.5730695509384881,0.09467067418048147,0.0,0.0,0.0839460331686882,0.22977871673104183,0.018535024981300274
FB105467,30,6,17880.559999999998,2980.093333333333,0.0,0.08675343501545812,0.05593840461372574,0.5407861946158286,0.0,0.05991758647380171,0.13504163180571524,0.12156274747547056,0.0
FB105468,24,4,35218.19,8804.5475,0.0,0.227159317386839,0.0,0.3745527524270838,0.0,0.0,0.0,0.3031734453133451,0.09511448487273196
FB105469,13,10,135971.8,13597.179999999998,0.05423904074227156,0.0815150641530082,0.18615521747891844,0.0,0.0,0.08224881924046017,0.0,0.5389627113857433,0.05687914699959845
FB105470,170,4,14590.86,3647.715,0.0,0.5692378653485812,0.05667315017757692,0.0,0.0,0.0,0.18667234145211453,0.1874166430217273,0.0
FB105471,50,5,49185.84,9837.168,0.0,0.7481954155911539,0.06889706468365693,0.014778440299077947,0.0,0.0,0.16812907942611127,0.0,0.0
FB105472,29,6,482084.78415001114,80347.46402500186,0.0020443706841685376,0.0,0.9942478997654132,0.0,0.0018538647752091252,0.0,0.0018538647752091252,0.0,0.0
FB105473,46,4,11808.94,2952.235,0.7408234778057979,0.0,0.18303082241081756,0.0,0.0,0.0,0.07614569978338445,0.0,0.0
FB105474,28,3,24624.79,8208.263333333334,0.0,0.0,0.0,0.0,0.0,0.0,0.8619955743785023,0.13800442562149767,0.0
FB105475,27,4,24342.67,6085.6675,0.5924444606939173,0.1294167813144573,0.0,0.0,0.0,0.0,0.0,0.27813875799162546,0.0
FB105476,323,4,18493.04,4623.26,0.251547609262728,0.0,0.0,0.0,0.0,0.5129432478381055,0.06761787137214866,0.16789127152701774,0.0
FB105477,102,8,38569.61,4821.20125,0.0,0.10651779989478764,0.06830844283880495,0.031482558418402466,0.0,0.7271564322273416,0.0,0.06653476662066325,0.0
FB105478,55,4,116299.70999999999,29074.927499999998,0.0,0.0,0.45417894851156554,0.06196292320935281,0.0,0.23898339901277485,0.0,0.0,0.24487472926630688
FB105479,12,11,138701.925,12609.265909090907,0.0977132797544086,0.03651676067221129,0.09908946829685313,0.04035228782873778,0.0,0.5336125652185433,0.0,0.07192949917602082,0.12078613905322512
FB105480,95,5,26299.11,5259.822,0.0,0.0,0.0,0.0,0.0,0.7205057509550703,0.0,0.2794942490449297,0.0
FB105481,41,9,38089.29,4232.143333333333,0.21584308870026192,0.3443303878859385,0.2537970647391957,0.03157921820018173,0.0,0.05870049034781168,0.05711211734322168,0.0,0.03863763278338872
FB105482,53,6,41336.38,6889.3966666666665,0.0,0.014911078328581266,0.11660503411280813,0.20288762586370648,0.0,0.0,0.0,0.18165910996560417,0.48393715172929996
FB105483,267,2,8672.19,4336.095,0.0,1.0,0.0,0.0,0.0,0.0,0.0,0.0,0.0
FB105484,106,6,115658.33,19276.388333333332,0.003418084974943006,0.0,0.0,0.0,0.4366322771563449,0.0,0.13221555248117448,0.0,0.42773408538753754
FB105485,15,4,26996.81,6749.2025,0.2169374826136866,0.0,0.0974241030699553,0.0,0.47452606437575406,0.0,0.0,0.2111123499406041,0.0
FB105486,22,6,74153.47,12358.911666666667,0.23763554153298558,0.15897381471157046,0.0,0.5571461456894734,0.0,0.0,0.03179311770575268,0.0144513803602178,0.0
FB105487,30,9,85207.61,9467.512222222222,0.05349592600942569,0.2556208301113011,0.0,0.3661583748212161,0.0,0.23164128180569785,0.09308358725235927,0.0,0.0
FB105488,162,3,10627.04,3542.346666666667,0.0,0.0,0.0,0.0,0.47217193122449896,0.0,0.09671366627019376,0.4311144025053072,0.0
FB105489,122,6,45947.4,7657.900000000001,0.8357241106134407,0.009916339118209083,0.0,0.036428829487631514,0.0,0.012819876641550992,0.0,0.10511084413916784,0.0
FB105490,11,6,114865.36,19144.226666666666,0.8661190806349276,0.0011981854233513044,0.009394999502025676,0.0,0.0,0.03251101985838028,0.0,0.0,0.09077671458131502
FB105491,22,8,98983.43,12372.92875,0.0,0.0,0.44952372331409407,0.297948151523947,0.0,0.0,0.0,0.047483199965893286,0.20504492519606565
FB105492,58,7,32681.710000000003,4668.815714285714,0.08433034868738508,0.012863463998670817,0.0,0.07212535696571569,0.0,0.0,0.08143484536151872,0.5934505874998585,0.1557953974868512
FB105493,283,7,85150.43,12164.347142857141,0.0,0.03496247758232108,0.0,0.6030600197791133,0.0,0.0,0.0,0.11878378065736134,0.24319372198120434
FB105494,199,3,14774.970000000001,4924.990000000001,0.0,0.5926550104670263,0.0,0.0,0.0,0.0,0.4073449895329737,0.0,0.0
FB105495,17,5,20905.12,4181.023999999999,0.0,0.0,0.16690648032635064,0.0,0.07729541853861636,0.15904046472825795,0.0,0.5967576364067749,0.0
FB105496,577,3,24478.27,8159.423333333333,0.0,0.0,0.0,0.09674376498012319,0.0,0.3128554428070284,0.5904007922128484,0.0,0.0
FB105497,17,6,35999.08,5999.846666666667,0.40705873594547415,0.026377062969386994,0.2665937573960223,0.10631771700832354,0.0,0.0,0.0,0.0,0.19365272668079297
FB105498,318,3,4243.17,1414.39,0.0,0.0,0.0,0.21074573962391324,0.0,0.0,0.45289017409154003,0.0,0.33636408628454667
FB105499,2,8,64016.899999999994,8002.112499999999,0.05387624205483239,0.0,0.0,0.013836658757296899,0.13054068535027466,0.0,0.30953029590623726,0.0,0.4922161179313587
FB105500,118,4,35321.02,8830.255,0.7439111328042055,0.0,0.0,0.0,0.0,0.22133534082537823,0.03475352637041626,0.0,0.0
FB105501,179,7,37133.369999999995,5304.767142857142,0.0,0.2801587897893458,0.0,0.5044053367631325,0.0,0.0,0.0,0.19584890894631968,0.01958696450120202
FB105502,6,9,72977.02,8108.557777777778,0.0,0.29651292968663284,0.0,0.11660752932909567,0.0,0.0,0.16170926135377964,0.352059045436495,0.07311123419399697
FB105503,96,9,129850.20999999999,14427.80111111111,0.036477338003535,0.0,0.3927861187132466,0.03126725786581323,0.0,0.49823793122860566,0.013463975144899649,0.0,0.02776737904389989
FB105504,279,3,35999.44,11999.813333333334,0.06929080007911233,0.0,0.0,0.0,0.3800803568055503,0.0,0.5506288431153373,0.0,0.0
FB105505,373,1,1438.84,1438.84,0.0,0.0,0.0,0.0,0.0,0.0,1.0,0.0,0.0
FB105506,176,6,86783.13,14463.855000000001,0.0,0.0,0.027173368833320485,0.1094185010381626,0.0,0.2551787426888152,0.18215971237727885,0.0,0.4260696750624229
FB105507,41,10,68168.52,6816.852000000001,0.0,0.05691747451756324,0.0,0.24817584421665603,0.0,0.03996082062512139,0.273191789993387,0.00704504073141092,0.37470902991586147
FB105508,294,5,28927.36,5785.472,0.0,0.0,0.3592712919533618,0.12898722869975,0.0,0.0,0.1097901778800416,0.08433434644571783,0.31761695502112874
FB105509,55,5,39262.87,7852.5740000000005,0.0,0.0,0.09624207298141986,0.03564512731748851,0.0,0.1269199118658417,0.007637495679760548,0.7335553921554895,0.0
FB105510,140,4,12945.805,3236.45125,0.0,0.42498515928518926,0.0,0.39124720324460316,0.0,0.0,0.0,0.18376763747020752,0.0
FB105511,34,6,47898.51,7983.085,0.16897811643827754,0.0,0.0,0.0,0.0,0.7584490624029849,0.0,0.0725728211587375,0.0
FB105512,191,4,185385.41,46346.3525,0.019291162125433716,0.0,0.7211653279511048,0.0,0.0,0.25954350992346165,0.0,0.0,0.0
FB105513,99,4,10172.22,2543.055,0.886144814013067,0.0,0.0,0.0,0.0,0.0,0.0,0.0,0.11385518598693306
FB105514,292,4,28880.760000000002,7220.1900000000005,0.0,0.0,0.4465221829342441,0.0,0.0,0.0,0.0,0.33563521181575556,0.21784260525000035
FB105515,283,8,40933.880000000005,5116.735000000001,0.0,0.05813448419744231,0.46516724043750546,0.015079684603560666,0.015079684603560666,0.0,0.0,0.44653890615793085,0.0
FB105516,97,4,29426.32,7356.58,0.0,0.7107137419833672,0.05365094921825087,0.01784694790242205,0.0,0.0,0.0,0.21778836089595982,0.0
FB105517,58,7,29843.82,4263.402857142857,0.07820815163742444,0.37950001038741016,0.0,0.0,0.0,0.0,0.0,0.5199304244563866,0.022361413518778763
FB105518,107,7,114578.75,16368.392857142857,0.0,0.1629814428940794,0.0,0.10384168093996486,0.0,0.022423878773332753,0.04341651484241189,0.0,0.6673364825502112
FB105519,98,6,69191.3,11531.883333333333,0.024584304674142556,0.0,0.0,0.0,0.0,0.07055352334758849,0.8463277897654762,0.0,0.05853438221279265
FB105520,77,5,29490.62,5898.124,0.21904083400077717,0.37220919736512825,0.0,0.0,0.0,0.3914268333456536,0.0,0.017323135288440865,0.0
FB105521,95,4,19529.89,4882.4725,0.0,0.39294076925164445,0.23013544879157025,0.3072116637625711,0.0,0.0,0.0,0.0,0.06971211819421409
FB105522,171,6,90060.23,15010.038333333332,0.010074813266632785,0.0,0.22470251297381763,0.0,0.0,0.012201501150951977,0.7139070153385128,0.0,0.039114157270084694
FB105523,127,6,34443.259999999995,5740.543333333332,0.0,0.4937372362546403,0.0,0.0,0.0,0.0,0.034850069360449626,0.4028674986049521,0.06854519577995813
FB105524,55,7,141850.93,20264.41857142857,0.01274323686140091,0.0010826153906780872,0.23904136546725496,0.0,0.0,0.1709821007165762,0.5545101466729897,0.004811036487388557,0.01682949840371156
FB105525,76,5,51962.64,10392.528,0.0,0.3136243655056787,0.0,0.27724669108420974,0.0,0.0,0.1604165993105816,0.24871234409952997,0.0
FB105526,177,4,56178.990000000005,14044.747500000001,0.0,0.08613380197828405,0.0,0.0,0.0,0.0,0.0,0.7612527387907828,0.1526134592309331
FB105527,86,7,65602.73,9371.81857142857,0.0,0.0,0.0,0.16429605902071456,0.0,0.43427567724696825,0.0,0.32782904004147395,0.07359922369084335
FB105528,89,9,57048.29,6338.698888888889,0.0,0.01774040904644118,0.029066252467865383,0.0,0.0,0.13499282800588763,0.21064838227403485,0.3786902289271072,0.22886189927866374
FB105529,103,8,406557.68,50819.71,0.0,0.015799234194764197,0.003418801484699539,0.6939595385333762,0.0,0.0016453261933214495,0.007757349461458949,0.2737587197959217,0.00366103033645804
FB105530,407,3,18747.98,6249.326666666667,0.0,0.0,0.0,0.3431249659963367,0.0,0.0,0.0,0.0,0.6568750340036633
FB105531,99,5,69692.88,13938.576000000001,0.016634123887547765,0.3153708097584717,0.11067256798685891,0.5258649090122262,0.0,0.0,0.03145758935489536,0.0,0.0
FB105532,136,5,72403.45,14480.689999999999,0.058704108713051664,0.11110741269925674,0.0,0.0,0.0,0.40068021620516703,0.27896087824544274,0.15054738413708188,0.0
FB105533,56,7,57443.61,8206.23,0.0,0.1600529632451721,0.4822835821077401,0.0,0.0,0.0,0.0,0.0,0.3576634546470878
FB105534,100,5,44995.08,8999.016,0.0,0.0,0.0,0.626147347665567,0.0,0.0,0.0,0.12529369877773303,0.24855895355669996
FB105535,89,10,113247.77,11324.777,0.0,0.005505450570903074,0.013149486298935512,0.09524611389698887,0.0,0.1820922389906662,0.011983723829617132,0.6920229864128892,0.0
FB105536,31,9,55680.31,6186.701111111111,0.34029067007708835,0.18807905343917805,0.25154529491664107,0.020206604453172045,0.0,0.0,0.0,0.13570039390944483,0.0641779832044757
FB105537,27,5,74831.38,14966.276000000002,0.27397423380405383,0.0,0.031641805884109045,0.0,0.09071181100762808,0.603672149304209,0.0,0.0,0.0
FB105538,55,4,22159.899999999998,5539.974999999999,0.0,0.0,0.08344893253128398,0.0,0.0,0.0,0.13543292162870768,0.6544700111462596,0.1266481346937486
FB105539,82,5,41147.04,8229.408,0.0,0.0,0.6103809654351807,0.0,0.0,0.0,0.0,0.19239221095855255,0.1972268236062667
FB105540,1,10,53103.61,5310.361,0.0,0.2964148765027462,0.0,0.08780815466217834,0.0,0.08264748856057055,0.17568334808123215,0.07771599708569718,0.2797301351075755
FB105541,105,4,66768.99,16692.2475,0.7107450629401463,0.0,0.057743122967713,0.0,0.0,0.0,0.23151181409214064,0.0,0.0
FB105542,81,4,38086.869999999995,9521.717499999999,0.0,0.0,0.11079067405643994,0.0,0.0,0.3851038428728851,0.0,0.504105483070675,0.0
FB105543,155,4,230696.36,57674.09,0.5297124323938185,0.0,0.0,0.39498325851348504,0.0,0.07530430909269657,0.0,0.0,0.0
FB105544,3,10,213373.59,21337.359,0.19260157735547312,0.03156960521684057,0.37864718871721664,0.3064058677552363,0.0,0.02087859139455825,0.0,0.014931135573057567,0.05496603398761769
FB105545,141,3,28962.19,9654.063333333334,0.18664403486062345,0.0,0.0,0.49717580058690314,0.31618016455247344,0.0,0.0,0.0,0.0
FB105546,112,9,86549.20000000001,9616.577777777778,0.17643097798708712,0.16331531660604603,0.0,0.0,0.0,0.37201441492237947,0.014775757603767568,0.013610986583353746,0.2598525462973661
FB105547,279,6,62557.35,10426.225,0.0,0.06394500406427063,0.3013380522032983,0.0,0.0,0.6262752498307553,0.008441693901675824,0.0,0.0
FB105548,52,4,20498.02,5124.505,0.08424277076517633,0.0,0.24823665895535274,0.0,0.0,0.0,0.0,0.04131667351285636,0.6262038967666146
FB105549,72,11,188144.89,17104.08090909091,0.10660177908632014,0.08539955562970646,0.7284818631002946,0.0,0.0,0.003874354493497007,0.0,0.07564244769018177,0.0
FB105550,124,9,37765.229999999996,4196.136666666666,0.13761759163124385,0.0,0.1276314218131334,0.3938416368707406,0.0,0.0,0.047980377717810795,0.007257734164468214,0.28567123780260306
FB105551,162,5,87813.35,17562.670000000002,0.0,0.09061833992211892,0.6654361779843271,0.0,0.0,0.08981197050334602,0.0,0.1541335115902081,0.0
FB105552,62,7,49335.88,7047.982857142857,0.0,0.0,0.0,0.12053175092853313,0.0,0.7446823690993248,0.13478587997214198,0.0,0.0
FB105553,151,2,5669.76,2834.88,0.0,0.0,0.0,0.0,0.0,0.15257259566542497,0.0,0.847427404334575,0.0
FB105554,164,10,122185.31999999999,12218.532,0.0,0.03401071421673242,0.0420776407509511,0.020862980921112294,0.08089580646840391,0.0,0.5653898520706088,0.06330498622911493,0.19345801934307658
FB105555,20,4,18911.26,4727.815,0.635984064520291,0.0,0.2548761954518102,0.0,0.0,0.0,0.0,0.0,0.1091397400278987
FB105556,176,9,59879.73,6653.303333333333,0.0,0.18810071454898009,0.21728888891115575,0.22154876115840869,0.0,0.07554376080186066,0.14725467199000394,0.0,0.1502632025895908
FB105557,72,7,58022.56,8288.937142857143,0.0,0.46866012116666345,0.0,0.0,0.0,0.1879922223355881,0.30554511900198816,0.0,0.03780253749576027
FB105558,290,2,13804.89,6902.445,0.0,0.0,0.41043499803330563,0.0,0.0,0.0,0.0,0.5895650019666945,0.0
FB105559,50,9,132186.22,14687.357777777777,0.1785476579933975,0.0,0.45321199138609153,0.06473269301444584,0.0,0.0,0.24180863935741562,0.0,0.06169901824864952
FB105560,127,7,39401.8,5628.828571428572,0.5920607687973646,0.0,0.0421782761193651,0.0,0.0,0.0,0.20139866706597156,0.1250222071072895,0.039340080910009186
FB105561,155,5,10143.93,2028.786,0.5299366221967226,0.030729707322507155,0.18168205025074108,0.0,0.0,0.0,0.0,0.0,0.2576516202300292
FB105562,281,4,29829.760000000002,7457.4400000000005,0.08042237014310541,0.0,0.5515632710420735,0.3430667896758137,0.0,0.0,0.0,0.0,0.02494756913900749
FB105563,23,7,45151.78,6450.254285714285,0.0,0.0,0.007937893035446222,0.36214098314617943,0.0,0.0,0.0,0.48681845987024214,0.14310266394813229
FB105564,251,7,219341.68000000002,31334.52571428572,0.0,0.02309118814080388,0.0972546576646992,0.03260151011882466,0.0,0.015721772533154665,0.03742398617535892,0.024152044426759202,0.7697548409403995
FB105565,9,5,34971.36,6994.272,0.4599163429732215,0.14437013601987453,0.0,0.26129581463231627,0.0,0.0,0.0,0.13441770637458766,0.0
FB105566,289,5,19450.3,3890.06,0.14566973260052546,0.14026673110440457,0.0,0.0,0.0,0.0,0.0,0.71406353629507,0.0
FB105567,159,6,27561.55,4593.591666666666,0.0,0.07230979389765815,0.5298178077793158,0.0,0.0,0.05434636295854188,0.26721682924218704,0.07630920612229718,0.0
FB105568,58,2,39328.95,19664.475,0.0,0.0,0.6280968599466805,0.0,0.0,0.0,0.0,0.37190314005331954,0.0
FB105569,8,17,118351.98,6961.881176470588,0.14902589715862805,0.2500558081073084,0.03279632499599922,0.045745580259831733,0.0,0.0,0.0,0.08362716027226584,0.4387492292059668
FB105570,162,3,3319.99,1106.6633333333332,0.6647279058069452,0.0,0.0,0.0,0.0,0.3352720941930548,0.0,0.0,0.0
FB105571,5,9,47204.58,5244.953333333334,0.08459518123029587,0.0,0.06756060534804038,0.08483604768859293,0.0,0.02281304059902662,0.0,0.2916841967453158,0.44851092838872836
FB105572,69,11,147257.94,13387.085454545455,0.25772389590673345,0.03330570833735689,0.0,0.0686669934402179,0.0,0.008031417524922596,0.2770111411309978,0.0,0.3552608436597714
FB105573,77,8,30474.52,3809.315,0.0,0.45345587067491144,0.1887931294734093,0.0,0.0032814298633743865,0.26519662984027315,0.024429260903863298,0.0,0.06484367924416858
FB105574,64,6,121507.97,20251.328333333335,0.21666916170190317,0.0,0.0,0.0,0.0,0.4457213794288556,0.10006372421496303,0.23754573465427825,0.0
FB105575,720,1,2041.57,2041.57,0.0,0.0,0.0,0.0,0.0,0.0,0.0,1.0,0.0
FB105576,27,7,35529.43,5075.632857142858,0.20852403204892397,0.33595275803749175,0.0,0.0,0.0,0.0,0.0,0.3088614143260954,0.14666179558748907
FB105577,175,4,153289.3,38322.325,0.0,0.5940856928696263,0.0,0.04165241800960667,0.0,0.0,0.0,0.0,0.36426188912076707
FB105578,39,8,205251.57,25656.44625,0.24201227790851979,0.05253168100005276,0.3218663321308577,0.0,0.0,0.18439201220239143,0.109239213127578,0.08995848363060023,0.0
FB105579,205,4,22361.19,5590.2975,0.0,0.07755982575167063,0.0,0.0,0.2669822133795205,0.0,0.6554579608688088,0.0,0.0
FB105580,103,9,192890.16,21432.24,0.5666169803581479,0.015574252206540759,0.0,0.0,0.0,0.0709008173356277,0.04196911859060099,0.14093440536313517,0.1640044261459475
FB105581,29,8,32513.67,4064.20875,0.0,0.025809451839795383,0.1284241366785109,0.0,0.0,0.15014269382693493,0.0,0.4298948719107994,0.2657288457439594
FB105582,79,5,39765.73,7953.146000000001,0.0,0.36751770934420164,0.027238277783407976,0.0,0.0,0.45938978110046014,0.0,0.14585423177193024,0.0
FB105583,30,4,48092.229999999996,12023.057499999999,0.5971887766485355,0.0,0.0,0.0,0.0,0.008826789691390897,0.0,0.25778592508602743,0.13619850857404617
FB105584,192,9,149719.09,16635.454444444444,0.10620890094910408,0.0527002268047448,0.003605752613110326,0.8374851196330407,0.0,0.0,0.0,0.0,0.0
FB105585,136,4,76693.9,19173.475,0.2546326370154602,0.0,0.08945691899877305,0.0,0.0,0.0,0.03441903462987278,0.0,0.6214914093558941
FB105586,461,4,47514.78,11878.695,0.11829919027300559,0.0,0.4734644672668168,0.0,0.0,0.31800483975722926,0.09023150270294843,0.0,0.0
FB105587,143,5,110489.19999999998,22097.839999999997,0.8704803727423133,0.00886711099365368,0.04362444474211054,0.0,0.0,0.0,0.0,0.0,0.07702807152192251
FB105588,193,3,81432.54000000001,27144.180000000004,0.04354389535190723,0.0,0.0,0.0,0.0,0.0,0.9564561046480928,0.0,0.0
FB105589,101,7,55394.87,7913.552857142858,0.660470364855085,0.07746204657579303,0.0,0.02951085542758743,0.0,0.09894038924543014,0.10377404983530064,0.029842294060803826,0.0
FB105590,9,3,12055.25,4018.4166666666665,0.0,0.0,0.0,0.0,0.0,0.18824578503141784,0.0,0.0,0.8117542149685821
FB105591,230,4,16676.88,4169.22,0.0,0.30892828874465733,0.0,0.0,0.0,0.0,0.0,0.5641930624913054,0.12687864876403743
FB105592,22,7,28756.25,4108.035714285715,0.0608086937622256,0.0,0.0,0.0,0.0,0.0,0.6065147576613779,0.3326765485763964,0.0
FB105593,74,8,160618.8,20077.35,0.0,0.0,0.05822363260091596,0.07954031533045944,0.0,0.024457722259162686,0.8246603137366236,0.013118016072838296,0.0
FB105594,39,5,12398.19,2479.638,0.4539485199049215,0.21577423801377454,0.0,0.04982259507234523,0.0,0.0,0.2245174497245162,0.05593719728444231,0.0
FB105595,226,3,14694.6,4898.2,0.07462673363004096,0.0,0.09588896601472649,0.0,0.0,0.0,0.8294843003552326,0.0,0.0
FB105596,377,2,12525.75,6262.875,1.0,0.0,0.0,0.0,0.0,0.0,0.0,0.0,0.0
FB105597,276,7,64808.810000000005,9258.40142857143,0.0,0.5533206056398814,0.0,0.0,0.0,0.00669214571290539,0.0,0.35723738794154686,0.08274986070566641
FB105598,35,6,130424.64,21737.44,0.0,0.05320451718325617,0.08218976107582124,0.0,0.6477164897675776,0.13450012206282494,0.03858327690227858,0.04380583300824138,0.0
FB105599,19,4,30467.87,7616.9675,0.0,0.0,0.04132550125755427,0.0,0.0,0.0,0.0,0.0,0.9586744987424458
FB105600,95,8,41951.71,5243.96375,0.0,0.0,0.0,0.0,0.0,0.06513989537017681,0.3793876340201627,0.31982987105889127,0.23564259955076922
FB105601,507,2,5134.16,2567.08,0.0,0.37129734951774,0.62870265048226,0.0,0.0,0.0,0.0,0.0,0.0
FB105602,81,9,91563.03,10173.67,0.22969783765347218,0.45240988639192037,0.08171267377237297,0.15252957443631998,0.0,0.053315077056755325,0.03033495068915915,0.0,0.0
FB105603,396,4,17620.37,4405.0925,0.0,0.0,0.0,0.2639081926202458,0.0,0.0992731707676967,0.0,0.34785421645515957,0.28896442015689794
FB105604,39,3,46002.21,15334.07,0.09987107141156915,0.0,0.132834270353533,0.0,0.0,0.0,0.0,0.0,0.7672946582348978
FB105605,85,10,105152.82,10515.282000000001,0.0,0.12943162151999346,0.19749456077354843,0.0,0.0,0.15857872380407867,0.5144950939023794,0.0,0.0
FB105606,38,7,54478.36,7782.622857142857,0.0,0.1872833543447343,0.5760689198426678,0.03680415489746754,0.0,0.07536515416396529,0.026449951870797874,0.09802846488036718,0.0
FB105607,103,5,42246.12,8449.224,0.0,0.0,0.0,0.029005740645531478,0.0,0.06610405878693712,0.8279882270845229,0.07690197348300862,0.0
FB105608,88,10,124484.61000000002,12448.461000000001,0.7330105303780123,0.05514545131321856,0.15111137031316563,0.01325055362265263,0.0,0.007057739908571831,0.04042435446437916,0.0,0.0
FB105609,17,6,31419.67,5236.611666666667,0.26571539421006013,0.0,0.040612775372879474,0.1127637559528792,0.0,0.0,0.0,0.0,0.5809080744641811
FB105610,5,5,47411.66,9482.332,0.16771043241261752,0.0,0.5698003402538532,0.26248922733352936,0.0,0.0,0.0,0.0,0.0
FB105611,36,11,555871.9541500111,50533.81401363737,0.03940617949235237,0.0533961639517974,0.007865228614898115,0.00279411470286348,0.0,0.007906820927349557,0.0,0.04281529194325431,0.8458162003674848
FB105612,49,8,52058.54,6507.3175,0.1953662165708066,0.4528302176741798,0.0,0.2811822997725253,0.0,0.07062126598248816,0.0,0.0,0.0
FB105613,38,10,80788.57,8078.857000000001,0.0,0.01096912595432745,0.4736900281809667,0.049123656972762365,0.0,0.014045798805449832,0.40500729249199485,0.047164097594498834,0.0
FB105614,219,5,25451.79,5090.358,0.0,0.07206565825036275,0.0,0.0,0.0,0.0,0.7239396521816344,0.2039946895680029,0.0
FB105615,30,6,118529.97,19754.995,0.12124975649618405,0.7667277735749027,0.05802405923160194,0.0,0.0,0.0,0.0,0.006905932735830441,0.04709247796148097
FB105616,177,3,75197.51,25065.836666666666,0.49454390178610963,0.3875766631102545,0.0,0.11787943510363573,0.0,0.0,0.0,0.0,0.0
FB105617,184,9,145163.51,16129.27888888889,0.018003284709773137,0.1368339743231615,0.062147091924134375,0.1052369841429158,0.0,0.007620441252763866,0.0,0.6701582236472513,0.0
FB105618,31,7,124929.55,17847.07857142857,0.1648605153864718,0.0,0.17248513262074505,0.016027353016159904,0.0,0.4822912593537717,0.16433573962285142,0.0,0.0
FB105619,31,5,39169.02,7833.803999999999,0.04582933144612758,0.30925435458941786,0.12305720183961713,0.0,0.5218591121248375,0.0,0.0,0.0,0.0
FB105620,124,5,33756.09,6751.217999999999,0.0,0.05450364660125032,0.46439412858539014,0.0,0.0,0.0,0.2879252306768942,0.0,0.19317699413646547
FB105621,163,2,3190.5299999999997,1595.2649999999999,0.0,0.5024337649230692,0.4975662350769308,0.0,0.0,0.0,0.0,0.0,0.0
FB105622,120,2,11134.849999999999,5567.424999999999,0.0,0.0,0.42058851264273883,0.0,0.0,0.5794114873572612,0.0,0.0,0.0
FB105623,135,2,2741.4,1370.7,0.0,0.0,0.0,0.0,0.0,0.4286605384110309,0.0,0.0,0.5713394615889691
FB105624,183,3,151904.21,50634.736666666664,0.9707969910774692,0.0,0.02573582391166117,0.0,0.0,0.0,0.0034671850108696787,0.0,0.0
FB105625,17,6,25841.97,4306.995,0.22748110921884052,0.1091770480346506,0.5911062508005388,0.0,0.0,0.0,0.0,0.0,0.07223559194597007
FB105626,149,5,60131.21,12026.242,0.20263337458201822,0.2140874930007229,0.12156731920079439,0.0,0.0,0.0,0.12949082514720725,0.0,0.3322209880692572
FB105627,129,4,51187.18,12796.795,0.0,0.0,0.23174630835298995,0.05449880223915441,0.0,0.0,0.0,0.0,0.7137548894078556
FB105628,151,10,261196.58,26119.658,0.0,0.0,0.62295991777534,0.0,0.0,0.007982952916152272,0.0926861293513108,0.19918024960357444,0.07719075035362255
FB105629,266,7,54817.93,7831.132857142858,0.22648958105495778,0.008472957661845314,0.507559296748345,0.12297636922809747,0.0,0.0,0.0,0.13450179530675457,0.0
FB105630,174,4,29952.08,7488.02,0.0,0.0,0.0,0.0,0.25032819089692604,0.0,0.05673328863972051,0.0,0.6929385204633535
FB105631,2,5,54993.92,10998.784,0.0,0.0,0.0,0.0,0.0,0.3252168603365609,0.0,0.6005407506866214,0.07424238897681781
FB105632,49,3,29885.52,9961.84,0.9383858805200646,0.0,0.0,0.0,0.0,0.0,0.0,0.06161411947993543,0.0
FB105633,251,3,164440.68,54813.56,0.0,0.0,0.0,0.0,0.0,0.45862501906462566,0.0,0.08274996187074878,0.45862501906462566
FB105634,6,6,47393.03999999999,7898.839999999999,0.0,0.022947040324908467,0.2800609540979013,0.0,0.4843424266516771,0.0,0.0,0.1202001390921536,0.0924494398333595
FB105635,90,6,34016.79,5669.465,0.17367776324573836,0.0,0.0,0.012990643737989386,0.0,0.3487277900119323,0.0,0.4646038030043399,0.0
FB105636,86,6,32155.379999999997,5359.23,0.0,0.0,0.14989808859357284,0.19677795752996857,0.0,0.06394450944134387,0.0,0.5893794444351147,0.0
FB105637,105,5,19249.25,3849.85,0.0,0.16034442900372742,0.0,0.31334675376962734,0.0,0.03180747301842929,0.49450134420821584,0.0,0.0
FB105638,42,5,27246.54,5449.308,0.0,0.48128055892601407,0.0,0.3887767033905956,0.0,0.0,0.12994273768339024,0.0,0.0
FB105639,138,5,54919.62,10983.924,0.00590116974589409,0.0,0.0,0.0,0.0,0.2834067315105239,0.6933503909895953,0.0,0.017341707753986645
FB105640,101,7,51201.81,7314.544285714285,0.0,0.01844329331326373,0.0,0.0,0.0,0.0,0.8524647859128418,0.031900044158595174,0.09719187661529934
FB105641,22,7,17254.89,2464.9842857142858,0.0,0.022996379577035844,0.0,0.34932358305384736,0.0,0.13460010466598166,0.258981656794103,0.026062756702592713,0.20803551920643945
FB105642,26,5,19376.34,3875.268,0.0,0.0,0.18084633114406537,0.24622039043493252,0.0,0.0,0.0,0.4113738714328919,0.16155940698811022
FB105643,117,3,489297.9941500111,163099.33138333703,0.007836288000037191,0.0,0.9608980820915969,0.0,0.0,0.0,0.0,0.0,0.03126562990836583
FB105644,79,9,44196.86,4910.762222222223,0.017751261062437466,0.5210066959507983,0.07854449388485969,0.14681472846713545,0.0,0.0,0.174861969832246,0.003086870877252366,0.05793397992527071
FB105645,143,7,38722.6,5531.8,0.0,0.0,0.03942400561945737,0.6054229313114305,0.0,0.03137005263076343,0.0,0.32378301043834873,0.0
FB105646,271,5,54740.67,10948.134,0.08385209753552524,0.0,0.0,0.0,0.0,0.9161479024644748,0.0,0.0,0.0
FB105647,36,4,23982.120000000003,5995.530000000001,0.35946947142287666,0.0,0.0,0.07303482761323853,0.17317609952748128,0.0,0.0,0.0,0.39431960143640343
FB105648,41,10,76856.11,7685.611,0.0,0.2947470279200964,0.10060644495278255,0.010339841555863287,0.0,0.1750115898397668,0.013990819988157089,0.0,0.4053042757433339
FB105649,53,3,10517.56,3505.853333333333,0.0,0.0,0.3927137092633653,0.0,0.0,0.2900796382430906,0.0,0.0,0.31720665249354413
FB105650,52,4,82208.20999999999,20552.052499999998,0.0,0.0077439953989996875,0.0,0.0,0.0,0.010464283311849268,0.026867024595232037,0.0,0.954924696693919
FB105651,42,6,59260.04,9876.673333333334,0.416987906184336,0.0,0.0,0.0,0.0,0.13981006425240347,0.0,0.4432020295632606,0.0
FB105652,23,10,581300.5441500111,58130.05441500111,0.0061459945908428956,0.9378048750102836,0.0,0.0,0.0,0.027679485529343954,0.013122316978309083,0.0,0.015247327891220293
FB105653,260,4,258489.77,64622.4425,0.03771387161666011,0.0,0.0,0.0037479626369739893,0.0,0.0,0.005050141829597357,0.0,0.9534880239167686
FB105654,11,6,23343.190000000002,3890.531666666667,0.4468900780056196,0.18293600831762924,0.0,0.0,0.0,0.0,0.1709359346344694,0.06527771054427436,0.13396026849800732
FB105655,351,1,1989.51,1989.51,0.0,0.0,0.0,1.0,0.0,0.0,0.0,0.0,0.0
FB105656,260,2,11044.289999999999,5522.1449999999995,0.8954518579283955,0.0,0.0,0.0,0.0,0.10454814207160444,0.0,0.0,0.0
FB105657,112,11,232560.73,21141.884545454548,0.0,0.0014919113815991204,0.05126381397237617,0.0,0.0,0.06173209036624541,0.0,0.8685969036990897,0.016915280580689612
FB105658,126,7,51727.270000000004,7389.610000000001,0.0,0.2634689594096112,0.03537959764743045,0.521609201490819,0.0,0.09985545341944393,0.0,0.0,0.07968678803269531
FB105659,139,5,22564.48,4512.896,0.0,0.0,0.18564575828913404,0.0,0.650503800663698,0.0,0.15005176277051363,0.0,0.01379867827665428
FB105660,93,4,17335.57,4333.8925,0.0,0.0,0.08257184505614756,0.7087098953192771,0.09108786154709651,0.0,0.0,0.0,0.11763039807747885
FB105661,48,12,106920.47,8910.039166666667,0.013054656418925207,0.46610532108585007,0.0,0.23431378481594775,0.012978899176182073,0.02708592657701561,0.0,0.011854137940096971,0.23460727398598227
FB105662,155,5,70606.26000000001,14121.252000000002,0.07577770016426306,0.0,0.6011356500117696,0.14763138565900533,0.0,0.0,0.0,0.052023715744184726,0.12343154842077744
FB105663,102,5,82484.45,16496.89,0.3508147293217085,0.0,0.0,0.0,0.05135222457081305,0.14342097207413035,0.10760500918658002,0.3468070648467681,0.0
FB105664,41,11,69756.97,6341.5427272727275,0.03809110401440888,0.028498227488952,0.5073057215644544,0.13491210985798263,0.0,0.0652551279105156,0.11650563377394402,0.0,0.10943207538974242
FB105665,67,3,10793.11,3597.7033333333334,0.0,0.0,0.0,0.22102433867532156,0.0,0.0,0.0,0.0,0.7789756613246783
FB105666,350,1,1983.13,1983.13,0.0,0.0,0.0,0.0,0.0,1.0,0.0,0.0,0.0
FB105667,51,8,77615.67,9701.95875,0.0,0.0558273864027715,0.024432179738962504,0.029151201039686964,0.0,0.0,0.36555221387639897,0.5250370189421801,0.0
FB105668,260,3,36807.35,12269.116666666667,0.06768403593304055,0.0,0.0,0.0,0.0,0.0,0.28113243686383294,0.0,0.6511835272031266
FB105669,181,4,6203.6900000000005,1550.9225000000001,0.0,0.0,0.0,0.0,0.0,0.87760671471334,0.0,0.0,0.12239328528666002
FB105670,35,6,59573.99,9928.998333333333,0.7401827542523172,0.0899088679472367,0.0,0.0,0.0,0.0,0.0,0.0,0.16990837780044615
FB105671,95,5,120908.81,24181.762,0.0,0.013839603582236893,0.0,0.0,0.06551135521059218,0.005909577639545042,0.028688314772099734,0.0,0.8860511487955262
FB105672,187,5,20086.760000000002,4017.3520000000003,0.0,0.0,0.24375757961961017,0.0,0.0,0.46235679621800635,0.0,0.2938856241623836,0.0
FB105673,32,5,22244.55,4448.91,0.0,0.26717016078095535,0.0,0.0,0.0,0.062083072033374466,0.6163644578110145,0.05438230937465582,0.0
FB105674,64,9,93939.45999999999,10437.717777777776,0.01622555633170555,0.1154928929759656,0.0016848084926185441,0.0,0.06944068019977974,0.6806036568658155,0.0,0.0,0.11655240513411512
FB105675,219,9,86295.62,9588.402222222221,0.02227957803652144,0.0,0.0490927581260787,0.06439527290029322,0.0,0.06734374235911395,0.23376922258626798,0.0,0.5631194259917247
FB105676,36,4,16089.309999999998,4022.3274999999994,0.7361540053613237,0.027390236125725713,0.18310045614137585,0.0,0.0,0.0,0.05335530237157467,0.0,0.0
FB105677,132,7,42918.93,6131.2757142857145,0.07205981136994795,0.4551944794523069,0.3451621464002015,0.0,0.0,0.08859121138388118,0.0,0.0,0.038992351393662424
FB105678,169,5,55328.240000000005,11065.648000000001,0.0,0.0,0.0,0.021607410609844085,0.0,0.0,0.7770733354250922,0.05962325929760281,0.14169599466746094
FB105679,9,8,91203.68000000001,11400.460000000001,0.10631665301224688,0.07156213433493033,0.0,0.7434022399096176,0.0,0.01222187525766504,0.0,0.06649709748554004,0.0
FB105680,115,4,28753.79,7188.4475,0.0,0.0,0.0,0.0,0.0,0.7762441055596496,0.0,0.19981365934716777,0.023942235093182496
FB105681,431,6,102775.92000000001,17129.320000000003,0.47507207914071703,0.4815056873244239,0.0,0.0,0.0,0.014933069925328812,0.0,0.0,0.028489163609530327
FB105682,25,9,84318.09999999999,9368.677777777777,0.0,0.21597118530896683,0.45605202204508877,0.0050664092288607064,0.0,0.0,0.10533408603846622,0.05911423525909621,0.15846206211952119
FB105683,33,12,115764.1,9647.008333333333,0.069413401909573,0.1564670739892592,0.203337304051947,0.09892963362562314,0.06973189443013852,0.01890292413623913,0.12175337604663276,0.2614643918105872,0.0
FB105684,214,4,25553.98,6388.495,0.0,0.0,0.0,0.37624119608765444,0.0,0.4888968372050068,0.0,0.13486196670733874,0.0
FB105685,10,5,39287.35,7857.469999999999,0.1168729883792111,0.5815060063862795,0.0,0.0,0.0,0.0,0.0,0.30162100523450924,0.0
FB105686,91,4,91793.92,22948.48,0.014207041163510613,0.0,0.09428064516691302,0.0,0.0,0.8377380549822908,0.053774258687285616,0.0,0.0
FB105687,124,5,49535.9,9907.18,0.1399728277875238,0.0,0.0,0.0,0.0,0.0,0.0,0.051188935701178336,0.8088382365112978
FB105688,249,6,28883.75,4813.958333333333,0.08415804734496041,0.0,0.5424773445276323,0.13881473146665513,0.0,0.0,0.11745081577011296,0.04215276755961397,0.07494629333102523
FB105689,265,4,37390.55,9347.6375,0.13251369664260088,0.0,0.0,0.0,0.0,0.05453436764102159,0.0,0.0,0.8129519357163775
FB105690,36,12,130474.25,10872.854166666666,0.02067511405507217,0.0,0.08255728620781495,0.5217086130021824,0.0,0.0,0.105327986173517,0.0,0.26973100056141347
FB105691,270,6,78208.34,13034.723333333333,0.0,0.05041943097117264,0.0,0.0,0.0,0.17092780642064517,0.028256832966918874,0.0,0.7503959296412633
FB105692,367,4,30835.37,7708.8425,0.0,0.0,0.09849533182186561,0.0,0.0,0.12361615897587738,0.777888509202257,0.0,0.0
FB105693,7,8,528143.5841500111,66017.94801875138,0.00947450683899384,0.006222928950825787,0.8902228830568691,0.04105966758055058,0.0,0.0,0.005845815593819772,0.0,0.047174197978940784
FB105694,93,6,62945.04,10490.84,0.020611155382536894,0.0,0.0,0.09431116415209206,0.0,0.0,0.0,0.4396451253347365,0.4454325551306347
FB105695,260,6,14672.310000000001,2445.385,0.09662622995288403,0.0,0.28061157377400014,0.2933880213817729,0.02872213032576329,0.30065204456557965,0.0,0.0,0.0
FB105696,41,8,63773.42,7971.6775,0.039884014374640724,0.0,0.19834830874681017,0.38650726274363206,0.0,0.0,0.0,0.375260414134917,0.0
FB105697,15,8,110288.62999999999,13786.078749999999,0.0,0.06128954544090357,0.5920089858764227,0.0,0.0,0.023137108512455005,0.2015066285618019,0.0,0.12205773160841694
FB105698,51,6,119794.47,19965.745,0.18651144748167425,0.0,0.0,0.7248183492944207,0.03432420544955039,0.0543459977743547,0.0,0.0,0.0
FB105699,199,6,63408.49999999999,10568.083333333332,0.0,0.14785494058367565,0.05112279899382575,0.016811468493971627,0.0,0.7842107919285269,0.0,0.0,0.0
FB105700,134,5,48607.99,9721.598,0.0,0.0,0.13587622117269202,0.16715420654094112,0.0,0.0,0.06264278773921737,0.40581826156563977,0.22850852298150987
FB105701,149,8,45396.759999999995,5674.594999999999,0.2852589039394001,0.1477799296689896,0.0,0.04380114351773123,0.0,0.0,0.5089530618484668,0.0,0.014206961025412388
FB105702,81,5,128826.42000000001,25765.284000000003,0.12148245678176882,0.02015650205912731,0.0,0.0,0.0,0.0,0.8034506431211859,0.0,0.054910398037917994
FB105703,299,7,219195.24,31313.605714285713,0.0,0.015008446351298506,0.0,0.244550748456034,0.0,0.0,0.0,0.012827878926567931,0.7276129262660996
FB105704,26,9,171226.5,19025.166666666668,0.056521332854435495,0.07567158120968424,0.0,0.0,0.0,0.5179171448344736,0.017209894496471048,0.0,0.33268004660493555
FB105705,69,8,77338.87,9667.35875,0.021525786451237264,0.0,0.306627572913853,0.0,0.0,0.34314737207823187,0.19667510011459954,0.13202416844207837,0.0
FB105706,223,7,28715.89,4102.2699999999995,0.0,0.016794534315321588,0.04520598177524709,0.5048093581637205,0.0,0.16999960648964735,0.2159469896283904,0.0,0.04724352962767304
FB105707,257,4,15470.31,3867.5775,0.040473009267429035,0.0,0.0,0.0,0.0,0.12198139533079816,0.0,0.8375455954017729,0.0
FB105708,79,4,25935.53,6483.8825,0.0,0.0,0.5298021671429117,0.0,0.0,0.11972957560535682,0.2969736882184401,0.0534945690332914,0.0
FB105709,2,7,23183.25,3311.8928571428573,0.0,0.0,0.0,0.3621304174350016,0.0,0.24233660077857935,0.35728510886092335,0.03824787292549578,0.0
FB105710,60,3,18551.36,6183.786666666667,0.0,0.0,0.0,0.0,0.0,0.8086302028530522,0.0,0.0,0.1913697971469477
FB105711,130,8,67144.62000000001,8393.077500000001,0.0,0.22048304093462734,0.0,0.10805482256061616,0.0,0.0,0.09954676934652396,0.5487867829172315,0.023128584241000987
FB105712,532,2,7462.62,3731.31,0.0,0.0,0.7538920647172174,0.0,0.0,0.0,0.0,0.0,0.2461079352827827
FB105713,68,6,123694.46,20615.743333333336,0.0,0.03393232000851129,0.0,0.6785633730079746,0.0,0.0,0.0,0.28750430698351404,0.0
FB105714,158,3,18665.83,6221.943333333334,0.0,0.0,0.0,0.0,0.0,0.0,0.01840850366686078,0.0,0.9815914963331391
FB105715,19,6,23675.83,3945.971666666667,0.0,0.06312936019560877,0.27582475461261546,0.11172364390181885,0.0,0.16813391547413542,0.38118832581582146,0.0,0.0
FB105716,24,7,33881.03,4840.147142857143,0.19516762034684304,0.08105863369561078,0.0,0.4949787535975146,0.0,0.21769763197872083,0.0,0.011097360381310723,0.0
FB105717,40,6,124910.35,20818.391666666666,0.26043958727199146,0.0,0.04036350870844569,0.04578635797594035,0.0,0.0,0.0,0.6534105460436225,0.0
FB105718,81,10,79699.14,7969.914,0.06482052378482378,0.25219544401608346,0.014836922958014353,0.011920705794315974,0.0,0.4624867972226551,0.16437002958877597,0.029369576635331324,0.0
FB105719,10,6,37418.92,6236.486666666667,0.0,0.4504010270740043,0.0,0.0,0.0,0.30640729342268563,0.13933780023581654,0.10385387926749357,0.0
FB105720,85,5,55835.69,11167.138,0.11048291872098295,0.0,0.03094060447717222,0.5643850734180952,0.0,0.2702980835376083,0.0,0.0,0.02389331984614142
FB105721,94,9,131407.72999999998,14600.858888888886,0.012938279962677997,0.3462198913260278,0.1881891575175981,0.0,0.0,0.33350785376172315,0.0,0.064935144987285,0.054209672444688
FB105722,227,2,4695.75,2347.875,0.5307884789437257,0.0,0.0,0.0,0.0,0.0,0.0,0.46921152105627434,0.0
FB105723,115,4,15904.16,3976.04,0.0,0.0,0.0,0.07632405609601513,0.0,0.40242049878773856,0.0,0.426202955704671,0.09505248941157533
FB105724,59,4,19021.73,4755.4325,0.0,0.0,0.5924971072557543,0.0,0.0,0.2839773248805445,0.0,0.12352556786370116,0.0
FB105725,29,7,61502.98,8786.140000000001,0.2201031559771575,0.0,0.0,0.08121248759003222,0.0,0.19075140749277514,0.11607372520811185,0.3782993929725031,0.01355983075942011
FB105726,58,7,42799.03,6114.147142857143,0.48687809046139596,0.15988095991895143,0.0,0.10473274744778095,0.0,0.12491708340118923,0.0,0.12359111877068242,0.0
FB105727,583,3,37297.72,12432.573333333334,0.1341610157403723,0.0,0.0,0.0,0.0,0.0,0.7333391960688214,0.1324997881908063,0.0
FB105728,26,10,76083.95,7608.3949999999995,0.1129361711635634,0.10692294498379748,0.22971283693867098,0.11538583367451347,0.0,0.0,0.0,0.19402120946664833,0.24102100377280622
FB105729,102,9,89738.56999999999,9970.952222222222,0.23815612394982447,0.3969131667687595,0.024707882017732174,0.06538548586187634,0.0,0.23184947119170718,0.0,0.010070474713381326,0.03291739549671897
FB105730,91,5,50423.56,10084.712,0.5069150214701224,0.03564682858568495,0.0,0.0,0.0,0.0,0.0,0.2857977500993583,0.17164039984483442
FB105731,27,7,108373.87,15481.981428571427,0.0,0.1478595347753107,0.29440473058681027,0.4371384910403218,0.0,0.0,0.0,0.03950823201201544,0.0810890115855418
FB105732,121,9,85643.64,9515.96,0.22920896402815202,0.00861756926725674,0.08035774752217445,0.05914052695565018,0.0,0.0,0.5035910430710324,0.11908414915573415,0.0
FB105733,5,4,25070.58,6267.645,0.7562294131208771,0.043647973042506394,0.12593964718805867,0.0,0.0,0.07418296664855778,0.0,0.0,0.0
FB105734,212,4,27901.74,6975.435,0.5077952127716766,0.0,0.1713817847919162,0.0,0.0,0.0,0.0,0.0,0.3208230024364072
FB105735,28,13,156869.54,12066.887692307693,0.13803986420818215,0.043161534100246604,0.05861335476600492,0.16157037242539246,0.0,0.024938620971286077,0.45716217437751144,0.002122974288061277,0.11439110486331508
FB105736,646,2,17864.84,8932.42,0.0,0.0,0.2698053830876739,0.0,0.0,0.0,0.0,0.7301946169123261,0.0
FB105737,35,5,39382.61,7876.522,0.12705861800424095,0.0,0.0,0.0,0.0,0.0,0.0,0.5977224465316038,0.2752189354641554
FB105738,62,5,51834.01,10366.802,0.0,0.29070681585314356,0.3329553318371471,0.0,0.0,0.0,0.18329201232935674,0.19304583998035268,0.0
FB105739,150,2,33809.71,16904.855,0.0,0.0,0.0,0.7857795881715638,0.0,0.0,0.0,0.21422041182843626,0.0
FB105740,160,6,135264.84,22544.14,0.018229201320904973,0.912046914778445,0.0,0.0,0.0,0.00965601999751007,0.03304546843067275,0.0270223954724672,0.0
FB105741,130,11,94522.05,8592.913636363637,0.01658385530148785,0.06527513950448598,0.4825373550404376,0.0,0.048490167109156004,0.0,0.0,0.2758926620825511,0.11122082096188136
FB105742,139,4,64126.14,16031.535,0.4039454113408354,0.06516313004338012,0.0,0.0,0.0,0.0,0.0,0.0,0.5308914586157845
FB105743,1,7,25121.87,3588.8385714285714,0.0,0.10791991201291941,0.17514301284100267,0.0,0.0,0.6100783898650857,0.0,0.1068586852809922,0.0
FB105744,70,7,58308.740000000005,8329.820000000002,0.023854571373005146,0.0,0.5153217167786511,0.0,0.0,0.0,0.0,0.4381653590868196,0.02265835276152426
FB105745,56,11,101723.62,9247.601818181818,0.04919113181383045,0.4569268179799343,0.004115759938547213,0.2933755208475672,0.0,0.15907033194453757,0.0,0.020368622351426346,0.016951815124157006
FB105746,90,5,79152.37000000001,15830.474000000002,0.0,0.0,0.7920130502725314,0.0,0.14092174372037125,0.0,0.0,0.0,0.06706520600709745
FB105747,121,4,31013.16,7753.29,0.0,0.037925835355055726,0.0,0.05682716627393017,0.0,0.0,0.2443991518439269,0.0,0.6608478465270872
FB105748,122,5,82674.19,16534.838,0.9792786600025958,0.0,0.0,0.0,0.0,0.0,0.014438484368579847,0.006282855628824425,0.0
FB105749,199,7,77292.75,11041.82142857143,0.0,0.44930552994944545,0.0,0.1152399157747654,0.0,0.0,0.020687192524525264,0.0,0.4147673617512639
FB105750,79,6,45062.93,7510.488333333334,0.0,0.6178390974577108,0.0,0.0,0.0,0.0,0.38216090254228924,0.0,0.0
FB105751,241,9,79153.29999999999,8794.81111111111,0.0,0.1679967859836545,0.16017917130429177,0.0,0.0,0.20366668224824486,0.013361792875344428,0.05520565788160443,0.39958990970686
FB105752,3,5,24390.62,4878.124,0.0,0.0,0.3604373320563397,0.3573287599905209,0.0,0.06824590764810405,0.0,0.0,0.2139880003050353
FB105753,79,8,33305.19,4163.14875,0.0,0.0,0.0,0.0,0.0,0.21111874755856375,0.4826866323236709,0.28742036901756157,0.018774251100203903
FB105754,224,4,25053.370000000003,6263.342500000001,0.0,0.0,0.0,0.6176282871326292,0.0,0.0,0.0,0.16542325443642908,0.2169484584309416
FB105755,305,5,65427.39,13085.478,0.01305890392387653,0.026268814941265425,0.0,0.0,0.0,0.960672281134858,0.0,0.0,0.0
FB105756,53,7,112920.56,16131.50857142857,0.0,0.39186087989645113,0.3035913034791892,0.1985253172672895,0.0,0.10602249935707014,0.0,0.0,0.0
FB105757,21,8,126200.69,15775.08625,0.08944404345174342,0.09368110427922383,0.03953037023807081,0.0,0.0,0.06839812048571209,0.7089463615452498,0.0,0.0
FB105758,321,3,14722.199999999999,4907.4,0.0,0.0,0.0,0.6209432014237002,0.0,0.0,0.12092757875860943,0.25812921981769027,0.0
FB105759,121,6,21650.379999999997,3608.396666666666,0.0,0.0,0.5385184925160666,0.19247329608071542,0.0,0.18698932766999932,0.08201888373321854,0.0,0.0
FB105760,212,6,29113.559999999998,4852.259999999999,0.10076472956244444,0.005551365068373637,0.028712737294923737,0.0,0.0,0.6219555423658254,0.21360527534248647,0.0,0.029410350365946313
FB105761,190,5,201276.61,40255.322,0.9203010225579615,0.036074882223026315,0.0,0.020906800844867172,0.0,0.009221886239041886,0.01349540813510323,0.0,0.0
FB105762,49,3,58363.9,19454.633333333335,0.8778609722790971,0.0,0.0,0.0,0.0,0.10971456670990115,0.012424461011001663,0.0,0.0
FB105763,4,5,43830.119999999995,8766.024,0.0,0.005396517280810548,0.0,0.0,0.03784110105105804,0.4597762908246658,0.0,0.36282424049945566,0.13416185034401001
FB105764,5,5,18815.88,3763.1760000000004,0.0,0.0,0.0,0.45777024513336606,0.04795842660561185,0.0,0.0,0.2912879971598458,0.20298333110117622
FB105765,128,5,27003.29,5400.658,0.38297703724249893,0.5161097036694418,0.0,0.0,0.0,0.0,0.0,0.10091325908805926,0.0
FB105766,112,6,28714.34,4785.723333333333,0.0,0.2327638385559271,0.24561699833602302,0.20903388341852888,0.0,0.0447522039510572,0.26783307573846377,0.0,0.0
FB105767,41,9,503281.90415001113,55920.21157222346,0.944667273410054,0.011345987115598689,0.00563475455130754,0.00967435935973716,0.0,0.0016994650372826863,0.009588045904709673,0.017390114621310307,0.0
FB105768,204,3,28690.199999999997,9563.4,0.0,0.0,0.1919481216582666,0.0,0.0,0.2856536378275509,0.5223982405141826,0.0,0.0
FB105769,177,4,29183.98,7295.995,0.03427908050923828,0.0,0.0,0.0,0.0,0.0,0.0,0.5575171720923602,0.40820374739840143
FB105770,186,7,97617.77,13945.395714285714,0.08012127300183153,0.7897888878223709,0.05120440673865014,0.0,0.0,0.025763751825103154,0.0531216806120443,0.0,0.0
FB105771,319,5,54435.7,10887.14,0.0,0.03196560345508554,0.0,0.0,0.0,0.12519908809843538,0.8325168960810644,0.0,0.010318412365414609
FB105772,214,4,89191.13,22297.7825,0.9451030612573247,0.0,0.014066981772739061,0.0,0.0,0.0,0.0,0.0,0.04082995696993636
FB105773,69,7,94184.01999999999,13454.859999999999,0.5283816723898598,0.031674481509708335,0.04433406006666524,0.3469741469943627,0.0,0.04863563903940392,0.0,0.0,0.0
FB105774,224,3,11866.08,3955.36,0.0,0.0,0.0,0.469464220703046,0.2933588851583674,0.0,0.0,0.23717689413858664,0.0
FB105775,76,3,4369.45,1456.4833333333333,0.0,0.0,0.24631017633798305,0.0,0.0,0.0,0.5657783016169083,0.18791152204510866,0.0
FB105776,4,4,25417.22,6354.305,0.0,0.09391861108335216,0.12485354417202195,0.0,0.0,0.022568164417666448,0.0,0.7586596803269594,0.0
FB105777,11,7,56959.85,8137.121428571429,0.0,0.6649496092422995,0.0,0.06470434876496339,0.0,0.0,0.056025077313230275,0.09427131567235517,0.12004964900715152
FB105778,351,6,21342.81,3557.135,0.0,0.0,0.0671364267404339,0.8934774755526568,0.0,0.039386097706909255,0.0,0.0,0.0
FB105779,164,6,194990.03,32498.338333333333,0.0,0.03473993003642289,0.8553109099988343,0.0,0.0,0.0,0.0,0.08377684746240616,0.026172312502336658
FB105780,128,9,99998.32999999999,11110.925555555554,0.037583227639901594,0.0,0.0,0.31086569145704734,0.0,0.13851641322410085,0.11878518371256801,0.0,0.3942494839663823
FB105781,255,1,14175.53,14175.53,0.0,0.0,0.0,0.0,0.0,0.0,1.0,0.0,0.0
FB105782,43,3,31625.79,10541.93,0.0,0.0,0.0,0.33066051472548197,0.0,0.669339485274518,0.0,0.0,0.0
FB105783,3,7,32833.89,4690.555714285714,0.09099805109903214,0.0,0.13079717328650367,0.020797413891561433,0.0,0.396944742155133,0.00536732016827735,0.0,0.3550952993994924
FB105784,46,7,42989.86,6141.408571428571,0.0,0.28040984548449327,0.0,0.21250220400810793,0.0,0.2009459905196248,0.11972893142708535,0.0,0.18641302856068845
FB105785,80,4,19370.66,4842.665,0.4407490503679276,0.0,0.07205794743183763,0.0,0.0,0.0,0.3507505681272605,0.0,0.1364424340729743
FB105786,249,5,44711.33,8942.266,0.0,0.0,0.7759010971044699,0.03751465232637902,0.0,0.1289248161483901,0.0,0.040317297651400665,0.017342136769360247
FB105787,3,6,38219.49,6369.915,0.5057893237193902,0.029540687225287406,0.0,0.2629129797388714,0.0,0.14414425728862418,0.0,0.0,0.057612752027826626
FB105788,155,6,35100.46,5850.076666666667,0.0,0.0,0.04228178206211542,0.0,0.0,0.12833250618367964,0.621261658679117,0.2081240530750879,0.0
FB105789,117,5,27646.27,5529.254,0.704509143548117,0.0,0.0,0.18812266537221842,0.0,0.0,0.10736819107966464,0.0,0.0
FB105790,194,9,150036.58,16670.73111111111,0.006940840693649509,0.5742920159870345,0.02486786888904026,0.030080531027833344,0.0,0.0,0.0,0.31310657707607037,0.05071216632637187
FB105791,155,6,25949.48,4324.913333333333,0.07419763324737144,0.5224478486659463,0.0944936083497627,0.0,0.0,0.15217530370550778,0.04492922401527892,0.0,0.11175638201613289
FB105792,59,8,32414.01,4051.75125,0.26918792213613807,0.05318780366884566,0.1502945794118037,0.0356694528075977,0.0,0.1085305397264948,0.18908058583310117,0.19404911641601885,0.0
FB105793,214,9,173498.44,19277.604444444445,0.40820084607100793,0.0,0.019529224585535177,0.0,0.0,0.12415794631928678,0.2204843455652973,0.22762763745887282,0.0
FB105794,124,9,99317.83,11035.314444444444,0.0,0.010864816518846616,0.0,0.20332421680981153,0.0,0.6155794986660502,0.03346700184649625,0.03826815386522239,0.09849631229357309
FB105795,169,5,32395.53,6479.106,0.041799285271764346,0.1099287463424738,0.0,0.0,0.0,0.0,0.0,0.8482719683857619,0.0
FB105796,56,5,34158.545,6831.709,0.0,0.1482775393389853,0.0,0.0,0.0,0.035743032965836224,0.007514371586963087,0.06623496404779536,0.74223009206042
FB105797,53,4,36231.76,9057.94,0.12368871951017563,0.0,0.4607534936199622,0.0,0.0,0.0,0.0,0.0,0.4155577868698623
FB105798,325,5,89463.27,17892.654000000002,0.0,0.06896360931139674,0.0,0.03264535266819556,0.0,0.7734862586623538,0.0,0.12490477935805386,0.0
FB105799,7,2,5175.47,2587.735,0.0,0.0,0.0,0.9442369485283462,0.0,0.0,0.0,0.0,0.055763051471653786
FB105800,3,7,65617.70999999999,9373.95857142857,0.0,0.1177429081264799,0.6367320651696015,0.0,0.08673451115560114,0.0,0.1587905155483177,0.0,0.0
FB105801,78,7,31946.11,4563.7300000000005,0.0,0.1878782737553962,0.0,0.14201134347812613,0.0,0.30226810087362754,0.3372999091282163,0.0,0.030542372764633945
FB105802,35,5,65176.08,13035.216,0.011737895252368659,0.0,0.45502107521655183,0.0,0.08563371715512808,0.0,0.10093426913677533,0.0,0.3466730432391761
FB105803,90,9,98338.39,10926.487777777778,0.0,0.12681446177835531,0.0,0.11058417775601166,0.0,0.3445524174231447,0.0,0.336353178041658,0.0816957650008303
FB105804,104,5,84318.16,16863.632,0.16899965559020735,0.21663553853641968,0.13109916060786905,0.0,0.0,0.0,0.48326564526550386,0.0,0.0
FB105805,129,6,49353.88,8225.646666666666,0.19367575558395816,0.2926122525726447,0.0,0.0837581564002668,0.0,0.0,0.04999829800615473,0.0,0.3799555374369755
FB105806,10,3,14601.3,4867.099999999999,0.0,0.09010362091046689,0.0,0.0,0.0,0.7130906152191928,0.0,0.0,0.19680576387034032
FB105807,1,12,63898.145000000004,5324.845416666667,0.11385228788723054,0.6138385550942049,0.02338377741638666,0.0437849956364148,0.0,0.0,0.011319264432480786,0.07004146990495579,0.12377964962832648
FB105808,594,5,58301.36,11660.272,0.0,0.3358028011696468,0.0,0.19554621024277993,0.0,0.465515212681145,0.0,0.003135775906428255,0.0
FB105809,307,5,88444.48000000001,17688.896,0.0,0.11815536707321926,0.0,0.0,0.0,0.027143468987550153,0.0,0.3516132380449294,0.5030879258943011
FB105810,436,2,32444.340000000004,16222.170000000002,0.2509069378511013,0.0,0.0,0.0,0.0,0.0,0.0,0.0,0.7490930621488987
FB105811,144,7,120880.04,17268.577142857142,0.04418794037460609,0.6132786686701955,0.007281350998891131,0.031134834171133628,0.0,0.0,0.1813105786530183,0.12280662713215515,0.0
FB105812,11,4,113988.41,28497.1025,0.9699244861824109,0.0,0.0,0.0011294130692760783,0.0,0.0,0.0,0.02894610074831292,0.0
FB105813,60,5,15753.42,3150.684,0.28185308333047676,0.0,0.14171906798650705,0.5532950940176801,0.0,0.0,0.0,0.023132754665336163,0.0
FB105814,95,6,119874.48,19979.079999999998,0.022865000123462473,0.1750265778003792,0.050908750553078516,0.012976656916467957,0.0,0.15522061075885377,0.0,0.0,0.583002403847758
FB105815,12,12,138623.68,11551.973333333333,0.4886756000129272,0.0,0.07370861890262904,0.0,0.0,0.1948851018815833,0.06685899551938024,0.06132978146302277,0.11454190222045757
FB105816,95,5,44790.3,8958.060000000001,0.13360616026237823,0.0,0.0,0.12133966506140838,0.0,0.0,0.3721234285101908,0.0,0.3729307461660225
FB105817,135,3,357142.46,119047.48666666668,0.0,0.8742224041353134,0.0,0.0,0.0,0.0,0.1257775958646866,0.0,0.0
FB105818,29,9,42985.48,4776.164444444445,0.0,0.3616688705116239,0.0,0.0,0.0,0.18943931764865718,0.07440977744112663,0.3307958873554512,0.043686147043141076
FB105819,2,9,42485.92,4720.6577777777775,0.04742041598722589,0.4881883221547279,0.15546138579557653,0.0,0.0,0.03503137039282661,0.023083412104527808,0.11581319175858733,0.1350019018065279
FB105820,83,6,44727.119999999995,7454.5199999999995,0.32729873955667166,0.5754345461992635,0.0,0.022064242007980843,0.0,0.04591084782565925,0.02929162441042482,0.0,0.0
FB105821,57,10,34918.96,3491.8959999999997,0.14319670459830416,0.07293802564566641,0.03751944502356313,0.42429327792122096,0.0,0.25033592065743077,0.0,0.07171662615381443,0.0
FB105822,100,11,105555.31,9595.937272727273,0.026685062077881256,0.0,0.29859189461903907,0.5673895515062198,0.0,0.019523792786928486,0.008206313827319536,0.0598780866637595,0.019725298518852345
FB105823,24,7,40729.69,5818.527142857143,0.1972116654951216,0.7086049513266611,0.019671890456323136,0.0,0.016330593235548807,0.05818089948634521,0.0,0.0,0.0
FB105824,41,3,483178.22415001114,161059.40805000372,0.0,0.9730684882935453,0.022705162301755497,0.0,0.0,0.0042263494046991664,0.0,0.0,0.0
FB105825,40,4,36684.119999999995,9171.029999999999,0.0,0.0,0.0,0.0,0.0,0.00901807103455119,0.0,0.5571206287625273,0.43386130020292163
FB105826,4,12,107149.45,8929.120833333332,0.016468773288150336,0.03842194243647541,0.07654467661756546,0.08233201383674858,0.0,0.0,0.7211047746861976,0.010308592344617727,0.05481922679024485
FB105827,152,4,48108.97,12027.2425,0.5397644139959763,0.1860950255222675,0.0,0.0,0.0,0.0,0.0,0.26724579636604157,0.006894764115714804
FB105828,32,6,530100.7941500111,88350.13235833519,0.0,0.0053781847366808746,0.011038976105257505,0.002934706035470985,0.0,0.06873081572801722,0.8869360494052775,0.0,0.024981267989295883
FB105829,15,4,51675.990000000005,12918.997500000001,0.0,0.0,0.0,0.4952234103304068,0.0,0.20059818883005434,0.3041784008395388,0.0,0.0
FB105830,37,6,1057398.7583000222,176233.12638333705,0.021422627766669585,0.0,0.44578015668169263,0.0,0.0,0.44464351831270843,0.0,0.08815369723892934,0.0
FB105831,64,5,90553.18,18110.636,0.0,0.26095726290341215,0.0,0.030886932960278148,0.0,0.0,0.6031220549074037,0.10503374922890615,0.0
FB105832,176,4,60362.13,15090.5325,0.03935033439012175,0.0,0.01761153889036056,0.0975663052314423,0.0,0.0,0.0,0.0,0.8454718214880754
FB105833,476,5,176636.27,35327.254,0.7706455757925594,0.12252704385118642,0.0,0.06260362042291767,0.0,0.0,0.0,0.04422375993333646,0.0
FB105834,19,5,62720.5,12544.1,0.11073652155196466,0.0,0.14163088623336867,0.0,0.0,0.6315577841375627,0.0,0.0,0.11607480807710398
FB105835,255,5,15953.01,3190.602,0.421565585428706,0.0,0.0,0.0,0.0,0.18113258877164876,0.0,0.19054648621169298,0.2067553395879524
FB105836,34,4,21509.07,5377.2675,0.13491843208469728,0.38558524380645004,0.0,0.014975077955485756,0.46452124615336693,0.0,0.0,0.0,0.0
FB105837,180,10,127634.41,12763.441,0.04046479315413453,0.053217780377564326,0.05184315107501183,0.0,0.0,0.05232060852555357,0.26566832564979925,0.5028879751158014,0.033597366102135
FB105838,23,5,42572.130000000005,8514.426000000001,0.03456839016511507,0.5661741613586166,0.0,0.3169444422912361,0.0,0.04658799078176262,0.0,0.0,0.0357250154032697
FB105839,26,6,72240.61,12040.101666666667,0.005282070569448403,0.7467358041411888,0.06513123297270053,0.0,0.0,0.022697898038236387,0.16015299427842594,0.0,0.0
FB105840,6,5,27833.9,5566.780000000001,0.5106618188611729,0.19576451736910744,0.0,0.0,0.0,0.0,0.29357366376971966,0.0,0.0
FB105841,52,4,10585.89,2646.4725,0.5181803324992041,0.09353299533624476,0.0,0.0,0.0,0.0,0.0,0.0,0.3882866721645511
FB105842,107,6,112985.51,18830.91833333333,0.15029343143204824,0.0,0.19832932559228172,0.08961414609714113,0.0,0.06326377603641388,0.49849932084211507,0.0,0.0
FB105843,205,5,27111.2,5422.24,0.0,0.49507694237068073,0.05988189382985629,0.3525247868039777,0.0,0.0,0.02710282097435746,0.0654135560211278,0.0
FB105844,44,3,32138.780000000002,10712.926666666668,0.029685943274760276,0.6514410316757513,0.0,0.0,0.0,0.3188730250494885,0.0,0.0,0.0
FB105845,348,5,37537.130000000005,7507.426000000001,0.0,0.0,0.0,0.0,0.0,0.0,0.3179297404996066,0.5843696627845549,0.09770059671583842
FB105846,121,6,43589.17,7264.861666666667,0.08133969974651961,0.0,0.03018226775137035,0.49707530563211,0.0,0.01237715698647164,0.0,0.2681925349805927,0.11083303490293575
FB105847,278,4,21550.07,5387.5175,0.0,0.3572879345635536,0.16753170639352913,0.0,0.0,0.4751803590429173,0.0,0.0,0.0
FB105848,368,6,33236.25,5539.375,0.0,0.14920034600774756,0.14311482191883862,0.101920944751589,0.0,0.005614652675918613,0.6001492346459062,0.0,0.0
FB105849,36,4,37874.06,9468.515,0.0,0.0,0.18836691920538756,0.0,0.0,0.4247017615750728,0.13945983081824342,0.0,0.24747148840129632
FB105850,377,4,80811.76,20202.94,0.0,0.0,0.0,0.029923862566537344,0.0,0.0,0.9018231999897045,0.0,0.0682529374437582
FB105851,201,3,18683.69,6227.8966666666665,0.0,0.0,0.0,0.0,0.0,0.0,0.4944194642492997,0.0,0.5055805357507002
FB105852,309,5,85907.65,17181.53,0.024598857028448575,0.24481754535248026,0.1585987976623735,0.0,0.0,0.5719847999566977,0.0,0.0,0.0
FB105853,16,6,68490.64,11415.106666666667,0.8092396274877853,0.0,0.0,0.025226366697697677,0.0,0.012811823630206992,0.060018274029852846,0.00708841383289746,0.08561549432155986
FB105854,199,1,10650.87,10650.87,1.0,0.0,0.0,0.0,0.0,0.0,0.0,0.0,0.0
FB105855,31,10,595410.5841500111,59541.058415001105,0.03155719851171821,0.004808127494217884,0.012223027594293502,0.8456350584845438,0.0,0.0017896054056901667,0.10312487153323784,0.0,0.0008621109762984557
FB105856,3,4,18167.36,4541.84,0.0,0.0,0.24098548165501205,0.0,0.0,0.0,0.06994356912616913,0.642710333257006,0.04636061596181283
FB105857,184,6,38217.41,6369.568333333334,0.19318917739323516,0.031756207445768826,0.03434952813390546,0.28372854152073623,0.0,0.41012460028034337,0.04685194522601086,0.0,0.0
FB105858,98,4,36026.93,9006.7325,0.0,0.0,0.0,0.0,0.0,0.0,0.5862420139601127,0.30531272023455786,0.10844526580532951
FB105859,27,7,98471.65,14067.378571428571,0.15469122331148102,0.08566252317291323,0.0,0.0020230188079513245,0.0,0.4035246692829865,0.0,0.03747078473855166,0.3166277806861163
FB105860,215,2,6605.610000000001,3302.8050000000003,0.0,0.30519664345912034,0.6948033565408797,0.0,0.0,0.0,0.0,0.0,0.0
FB105861,11,8,81504.63,10188.07875,0.004589064449467471,0.0018037012130476511,0.0,0.0,0.0,0.0,0.025366902469221686,0.2647810314579675,0.7034593004102957
FB105862,79,9,58275.92,6475.102222222222,0.05056719825272601,0.009571878058724769,0.0,0.0,0.0,0.2504852776241027,0.0,0.08182401925186251,0.607551626812584
FB105863,116,8,44547.22,5568.4025,0.07302610578168514,0.0,0.1930255131521114,0.20802779612285568,0.0,0.3828290519587979,0.0,0.0,0.14309153298454988
FB105864,145,3,19618.73,6539.576666666667,0.0,0.0,0.0,1.0,0.0,0.0,0.0,0.0,0.0
FB105865,197,7,53841.53,7691.647142857143,0.16685447088892164,0.0,0.45531172683985766,0.0,0.0,0.04622936978202514,0.11603942161376171,0.16281000929951284,0.05275500157592104
FB105866,36,14,131007.36,9357.668571428572,0.030306388892959907,0.2680357805851519,0.03341560352029077,0.02856839493597917,0.0,0.13381950449196137,0.5027067181569035,0.0,0.0031476094167533796
FB105867,120,3,10701.45,3567.15,0.0,0.0,0.0,0.0,0.0,0.0,0.46708343261894414,0.5329165673810559,0.0
FB105868,222,3,80179.73999999999,26726.579999999998,0.0,0.0,0.0,0.7969647943482979,0.0,0.0,0.20303520565170202,0.0,0.0
FB105869,162,3,6768.110000000001,2256.036666666667,0.0,0.45832736170068156,0.0,0.0,0.0,0.3159611767539239,0.2257114615453945,0.0,0.0
FB105870,82,3,81506.02,27168.673333333336,0.0,0.0,0.169227745386169,0.0,0.0,0.0,0.19515871343000185,0.0,0.6356135411838291
FB105871,1,5,34600.91,6920.182000000001,0.0,0.0,0.04281737098821968,0.0,0.0,0.49565372702625454,0.21624864779567937,0.24528025418984647,0.0
FB105872,19,7,188332.4,26904.62857142857,0.0,0.0,0.0,0.0,0.04444954771457276,0.1102570773802065,0.06945623801321495,0.7132386142798586,0.06259852261214748
FB105873,62,6,47062.63,7843.7716666666665,0.010301379247186144,0.0,0.0,0.0,0.0,0.0,0.08466951379470293,0.0,0.9050291069581109
FB105874,333,2,2276.7,1138.35,0.0,0.0,0.6355470637325955,0.0,0.0,0.0,0.0,0.0,0.3644529362674046
FB105875,86,5,34902.21,6980.442,0.0,0.0,0.37752365824399087,0.24334590846826032,0.0,0.0,0.18854450764006062,0.0,0.19058592564768823
FB105876,64,7,257160.84,36737.26285714286,0.0,0.0,0.6222520116204319,0.007823858407057621,0.0,0.3292565073282542,0.009825990613500875,0.030841632030755534,0.0
FB105877,330,6,28261.41,4710.235,0.0,0.0,0.0,0.0816951454297574,0.0,0.0,0.17805941034081454,0.6357644576119875,0.10448098661744055
FB105878,316,3,19631.309999999998,6543.7699999999995,0.0,0.6656621488835947,0.0,0.0,0.0,0.0,0.0,0.07497360084477298,0.25936425027163246
FB105879,269,10,147482.07,14748.207,0.17490519356013925,0.19937515116244303,0.0,0.1655340205083913,0.0,0.0487923040407556,0.10398769152073878,0.2472812457812669,0.06012439342626532
FB105880,378,1,2179.51,2179.51,0.0,0.0,0.0,0.0,0.0,0.0,0.0,1.0,0.0
FB105881,24,9,143139.33500000002,15904.370555555557,0.041252252569148794,0.05079955834641819,0.0,0.058713979633900085,0.0,0.5577658999184257,0.2063697585293379,0.009385330733861521,0.07571322026890792
FB105882,143,8,186678.17,23334.77125,0.042522915239634064,0.002430868054898974,0.0470059246884625,0.2031460882651678,0.0,0.6640640949072941,0.0,0.040830108844542454,0.0
FB105883,112,6,46004.945,7667.490833333333,0.0,0.5679403594548369,0.10618728051951808,0.0,0.0,0.32587236002564507,0.0,0.0,0.0
FB105884,249,7,54975.96,7853.708571428571,0.04617891165520348,0.0,0.0,0.0,0.0,0.01600881548953397,0.0,0.4958187178541312,0.4419935550011314
FB105885,378,4,81982.78,20495.695,0.39027281094883587,0.3022859190673944,0.0,0.0,0.0,0.0,0.0,0.0,0.30744126998376975
FB105886,127,9,75534.19,8392.687777777777,0.0,0.0056911975888005156,0.08128597129326467,0.09053489552214698,0.0,0.0,0.005225183456657177,0.4631118702669612,0.3541508818721694
FB105887,69,4,31877.9,7969.475,0.1910511671095022,0.0,0.0,0.0,0.0,0.0,0.0,0.6655055696893458,0.1434432632011519
FB105888,167,10,226382.43999999997,22638.244,0.2663233067017035,0.0,0.0,0.0,0.0,0.6822812317068409,0.012442528669626496,0.010473957255695273,0.028478975666133822
FB105889,71,8,81804.2,10225.525,0.047455631862422715,0.29078384728412476,0.06532720813845744,0.0,0.0,0.25779654345375913,0.2696463017791263,0.06899046748210973,0.0
FB105890,134,4,43705.57,10926.3925,0.0,0.0,0.1640596381651126,0.0,0.0,0.0,0.7502155903698315,0.08572477146505583,0.0
FB105891,125,6,555803.0941500111,92633.84902500185,0.0,0.0,0.0,0.9539932212160401,0.0,0.02128881635338007,0.0,0.013301653189437993,0.01141630924114184
FB105892,20,7,34356.3,4908.042857142857,0.18210255469884706,0.15717379345272917,0.0,0.0,0.0,0.4225213425194215,0.0,0.09371963802854207,0.14448267130046016
FB105893,137,6,273813.97,45635.66166666666,0.008426998812368849,0.02799776797363553,0.0,0.2333237781841445,0.0,0.0,0.7177669203656775,0.0,0.012484534664173635
FB105894,57,6,82875.87,13812.644999999999,0.015520440388740415,0.41145076365412514,0.016351924872704204,0.0,0.0,0.0,0.16648271686318347,0.0,0.3901941542212468
FB105895,81,6,56478.520000000004,9413.086666666668,0.0,0.0,0.18732148080367542,0.0,0.23175270881744064,0.0,0.39764037726201035,0.18328543311687343,0.0
FB105896,112,4,130621.39,32655.3475,0.38236677775362826,0.2190837963062558,0.0,0.0,0.0,0.004868804412508549,0.0,0.3936806215276074,0.0
FB105897,109,4,24409.33,6102.3325,0.0,0.2473324749184021,0.0,0.3641312563679544,0.0,0.3885362687136435,0.0,0.0,0.0
FB105898,98,4,22691.75,5672.9375,0.0,0.0,0.0,0.0,0.48933334802295986,0.0,0.02010113807881719,0.0,0.4905655138982229
FB105899,335,5,44385.75,8877.15,0.021374202305920253,0.0,0.0,0.09526255611316695,0.0,0.0,0.826992672197721,0.0,0.056370569383191675
FB105900,151,10,127129.48,12712.948,0.1085994373610275,0.16655098408331412,0.250874620111716,0.01555437810333213,0.0,0.0,0.28375416937125836,0.17466641096935187,0.0
FB105901,153,8,124940.27,15617.53375,0.0,0.02803763750470525,0.6005249548444228,0.0,0.07958803034441977,0.07493940904721913,0.1819535847009135,0.0,0.03495638355831951
FB105902,6,6,49391.03999999999,8231.839999999998,0.0,0.0,0.49783887927850884,0.04708364108145932,0.22582294278476422,0.0,0.0,0.0,0.2292545368552677
FB105903,194,6,26545.600000000002,4424.266666666667,0.2331791332650232,0.0,0.0,0.34360798023024536,0.0,0.1962886504731481,0.19396472485082275,0.0,0.03295951118076065
FB105904,64,9,62181.32,6909.035555555555,0.0,0.23089522705532786,0.5806776054287687,0.0,0.06717306740995527,0.08911309698797003,0.0,0.0,0.0321410031179782
FB105905,26,9,116516.39,12946.265555555556,0.1412757466996703,0.04432080327926397,0.27129144663682075,0.22978861600501008,0.0,0.014648067967090294,0.0,0.0,0.2986753194121445
FB105906,57,5,98959.81000000001,19791.962000000003,0.0,0.0,0.8912719213992023,0.0,0.0,0.0,0.05085104751110576,0.045801724962891505,0.012075306126800363
FB105907,234,7,43305.73,6186.532857142857,0.0,0.035468747438272025,0.22513233237264443,0.4181809197073921,0.0,0.14703042761315882,0.0,0.15612229605643407,0.018065276812098536
FB105908,159,6,511838.46415001113,85306.41069166853,0.018489251322124957,0.05991738047848574,0.9185818125857255,0.0,0.0,0.0,0.0016125400058994025,0.0013990156077643514,0.0
FB105909,170,4,113706.84,28426.71,0.0,0.38481546052990306,0.031162241427164807,0.5840222980429322,0.0,0.0,0.0,0.0,0.0
FB105910,61,4,12226.97,3056.7425,0.13167612253894465,0.0,0.0,0.1861990337753344,0.0,0.682124843685721,0.0,0.0,0.0
FB105911,17,9,76232.24,8470.24888888889,0.0,0.09115736334128446,0.10473652617317815,0.2313775641382176,0.0,0.0,0.0,0.46362483904447777,0.10910370730284195
FB105912,32,4,21738.98,5434.745,0.15384438460314145,0.5359786889725277,0.0,0.0,0.0,0.0759589456359038,0.0,0.0,0.23421798078842707
FB105913,40,7,22039.489999999998,3148.4985714285713,0.049541073772578235,0.0,0.0,0.22981520897262145,0.0,0.2992601008462537,0.0,0.0,0.4213836164085467
FB105914,47,6,23264.42,3877.403333333333,0.0,0.011091615436791461,0.279586166343283,0.2974267142701172,0.0,0.0,0.0,0.25814956917043275,0.15374593477937554
FB105915,130,4,11942.25,2985.5625,0.19805229332830912,0.0,0.0,0.0,0.0,0.3802549770771839,0.0,0.4216927295945068,0.0
FB105916,29,4,54391.69,13597.9225,0.26071666462284954,0.7222868052086633,0.0,0.016996530168487133,0.0,0.0,0.0,0.0,0.0
FB105917,3,6,165877.63,27646.271666666667,0.36896234893155877,0.5835012231607118,0.0,0.013972167313941006,0.0,0.0,0.0,0.019029449600889523,0.014534810992898802
FB105918,24,6,39590.979999999996,6598.496666666666,0.39256365970228574,0.10512495522970132,0.0,0.0,0.0,0.20560339754156126,0.2967079875264517,0.0,0.0
FB105919,317,5,48188.76,9637.752,0.0,0.0,0.13869707375744883,0.019141600655422548,0.0,0.7154712011680732,0.0,0.03089371878421441,0.09579640563484099
FB105920,226,4,18683.0,4670.75,0.33420917411550605,0.0,0.0,0.6263795964245572,0.0,0.039411229459936845,0.0,0.0,0.0
FB105921,79,8,56218.72,7027.34,0.09749208092962629,0.0,0.035458117865365846,0.38865150256000136,0.0,0.14817982337555888,0.17596932125099968,0.08949154303050656,0.06475761098794139
FB105922,71,7,95220.66,13602.951428571429,0.0,0.029446340741599564,0.06832645352384661,0.30786102511786834,0.0,0.0,0.05659874653252771,0.09871733718291807,0.4390500969012397
FB105923,87,5,98661.26999999999,19732.253999999997,0.11828805771504869,0.0,0.0,0.0,0.0,0.0,0.14408156310982012,0.6751245954973011,0.06250578367783022
FB105924,1,5,38226.8,7645.360000000001,0.0,0.0,0.0,0.0,0.0,0.39966567957558574,0.4673867548421527,0.03146797534713866,0.10147959023512301
FB105925,411,5,8101.56,1620.3120000000001,0.0,0.0,0.0,0.7197181777336711,0.0,0.0635396145927451,0.17099546260226425,0.0457467450713196,0.0
FB105926,6,8,72719.68,9089.96,0.19023268529234455,0.3487475467438801,0.2438525582070768,0.21716720975669862,0.0,0.0,0.0,0.0,0.0
FB105927,19,6,54946.52,9157.753333333332,0.002136441033936271,0.23915327121717628,0.0,0.35276155796581843,0.0,0.2655997140492246,0.0,0.14034901573384448,0.0
FB105928,151,4,90504.63,22626.1575,0.0,0.0,0.8114769376992094,0.0,0.0,0.0,0.0,0.14122713942922036,0.047295922871570216
FB105929,18,5,552634.4041500111,110526.88083000222,0.0,0.006816133725502735,0.0,0.0,0.0,0.12157261563064532,0.014841783172394688,0.0,0.8567694674714573
FB105930,183,5,203744.99,40748.998,0.3692266003694128,0.0,0.0,0.0,0.0,0.5936039457951825,0.0,0.037169453835404744,0.0
FB105931,32,7,183734.95,26247.850000000002,0.09180017193244945,0.4072156658273236,0.0,0.4369951389215825,0.0,0.0,0.016358727612792234,0.026810903423654567,0.02081939228219781
FB105932,546,3,34854.42,11618.14,0.0,0.10759065851619394,0.0,0.0,0.0,0.7480313831072215,0.14437795837658465,0.0,0.0
FB105933,150,5,60731.63,12146.326,0.4289810762530168,0.018750690538027717,0.07836756563260365,0.0,0.0,0.47390066757635196,0.0,0.0,0.0
FB105934,417,2,26375.93,13187.965,0.0,0.0,0.0,0.6184672919589944,0.0,0.0,0.0,0.3815327080410056,0.0
FB105935,33,7,67150.09,9592.869999999999,0.0,0.0,0.09208103816391014,0.0,0.0,0.0,0.15421096233824855,0.47698208595103897,0.27672591354680237
FB105936,247,6,49485.05,8247.508333333333,0.0,0.0,0.03952587700729816,0.1704821961380255,0.0,0.0,0.0,0.10394998085280302,0.6860419460018733
FB105937,20,7,101563.69,14509.098571428573,0.2243794017330406,0.05882732303247352,0.03602064871806056,0.5499420117563669,0.0,0.0,0.0,0.13083061476005844,0.0
FB105938,35,10,80413.18000000001,8041.318000000001,0.2501716758372197,0.30706906504630216,0.0,0.011876038231543637,0.0,0.13073901566882445,0.09025958182477054,0.20988462339133956,0.0
FB105939,92,2,5220.780000000001,2610.3900000000003,0.05644367316761097,0.0,0.0,0.0,0.0,0.0,0.0,0.943556326832389,0.0
FB105940,115,4,160025.17,40006.2925,0.14290445684263298,0.6705133948615709,0.0,0.0,0.0,0.0,0.12991906210754223,0.0,0.05666308618825402
FB105941,22,4,20205.010000000002,5051.2525000000005,0.0,0.0,0.1812124814588065,0.0,0.0,0.0,0.0,0.16300660083810894,0.6557809177030846
FB105942,8,7,25518.67,3645.5242857142853,0.0,0.0,0.2637704080972872,0.1892806325721521,0.016291209534039196,0.4606176575816844,0.0,0.07004009221483722,0.0
FB105943,161,8,22721.17,2840.14625,0.0,0.1642670689933661,0.029969847503451625,0.03832417080634492,0.0,0.35383125076745603,0.06311206685219115,0.12256323067870184,0.22793236439848827
FB105944,104,5,49488.3,9897.66,0.0,0.04896510892473574,0.0,0.1143171214206186,0.0,0.0750462230466595,0.0,0.0020206796353885665,0.7596508669725975
FB105945,114,3,65275.01,21758.336666666666,0.0,0.012294597886695076,0.0,0.9877054021133049,0.0,0.0,0.0,0.0,0.0
FB105946,162,6,151691.32,25281.88666666667,0.0,0.13731128452175115,0.0,0.027553784883670336,0.0,0.8351349305945784,0.0,0.0,0.0
FB105947,362,5,17474.2,3494.84,0.0,0.0,0.09454853441073124,0.0,0.0,0.0,0.0,0.9054514655892688,0.0
FB105948,5,8,107648.03,13456.00375,0.16820298522880542,0.0,0.09179192596464607,0.18948307739584272,0.0,0.0,0.5450312467399543,0.0054907646707515224,0.0
FB105949,8,5,100321.71,20064.342,0.72853313604802,0.0,0.19858333754478466,0.0,0.0,0.0,0.0728835264071954,0.0,0.0
FB105950,10,7,36841.149999999994,5263.021428571427,0.02035929931611798,0.5491891539759208,0.0,0.1358632941696988,0.0,0.05925222203975717,0.05112598276655316,0.1842100477319519,0.0
FB105951,13,7,148011.84,21144.54857142857,0.23989932156778807,0.0,0.0,0.006987886914992745,0.0,0.01841487816109846,0.6515367959752408,0.03133323658431649,0.051827880796563294
FB105952,40,8,24484.5,3060.5625,0.20729645285793052,0.0,0.1272858338949131,0.1774837141865262,0.0,0.2600657558863771,0.22786824317425308,0.0,0.0
FB105953,57,6,39652.95,6608.825,0.0,0.0,0.0,0.025458887674183132,0.0,0.25784664192701934,0.6848234494533194,0.03187102094547821,0.0
FB105954,226,4,5435.92,1358.98,0.5488896083827577,0.0,0.0,0.0,0.0,0.0,0.25628412485834967,0.1948262667588927,0.0
FB105955,27,4,20466.23,5116.5575,0.6083059752577783,0.20769384493382514,0.0,0.0,0.0,0.0,0.0,0.0,0.18400017980839656
FB105956,219,5,21815.71,4363.142,0.0,0.2845110243948054,0.0,0.0,0.0,0.0,0.6517835083066286,0.0,0.06370546729856603
FB105957,18,1,2745.05,2745.05,0.0,0.0,0.0,0.0,0.0,0.0,1.0,0.0,0.0
FB105958,200,4,26350.1,6587.525,0.054918577159099966,0.0,0.0,0.09276511284587155,0.0,0.0,0.21504510419315298,0.6372712058018756,0.0
FB105959,143,5,179644.04,35928.808000000005,0.4366349142448589,0.0,0.0025652395704305023,0.003372391313399543,0.0,0.5574274548713111,0.0,0.0,0.0
FB105960,23,7,44016.76,6288.108571428572,0.008134855904887137,0.2427847937921828,0.18805995716177204,0.0,0.0,0.02419010395131309,0.0,0.3765949606468082,0.1602353285430368
FB105961,264,7,491901.7,70271.67142857143,0.047270176134784646,0.0,0.06912846611426632,0.840350826191493,0.0,0.03548948905848465,0.0,0.0,0.00776104250097123
FB105962,71,6,18924.54,3154.09,0.2979565157198008,0.0,0.12473962379006305,0.0,0.0,0.24145051874444504,0.0,0.0,0.33585334174569104
FB105963,137,6,533612.7041500112,88935.45069166854,0.040950543025034446,0.0,0.0,0.029051950748987202,0.0,0.8810987828690011,0.0,0.04889872335697737,0.0
FB105964,94,6,51578.4,8596.4,0.0,0.0,0.3267398756068432,0.04511714205946676,0.0,0.040103027623966614,0.2965283917298714,0.028426628200952337,0.26308493477889966
FB105965,9,5,85346.06,17069.212,0.0,0.9494068033134747,0.0033616080226784926,0.04539061322807403,0.0,0.0018409754357728992,0.0,0.0,0.0
FB105966,9,14,155452.05,11103.717857142856,0.0,0.2903744273555736,0.17350687880925342,0.41313002948497624,0.0,0.0,0.08907113158044556,0.004209400905295235,0.029708131864455957
FB105967,6,7,39483.61,5640.515714285714,0.0,0.3144828955609682,0.0,0.33968702456538297,0.0,0.17960794365054258,0.0,0.05641860002162923,0.10980353620147701
FB105968,192,4,67400.83,16850.2075,0.06018872467890974,0.22920177689206497,0.0,0.0,0.0,0.0,0.7106094984290252,0.0,0.0
FB105969,182,4,149112.16,37278.04,0.0,0.0,0.6654457959699598,0.12558948914696158,0.0,0.0,0.0,0.0,0.2089647148830786
FB105970,37,7,45606.380000000005,6515.197142857143,0.0,0.13383215243130456,0.0,0.11105924214989218,0.0,0.2686468428320774,0.11034004452885755,0.37612171805786826,0.0
FB105971,89,7,110750.04,15821.434285714286,0.0,0.0,0.0,0.0,0.15469917663235158,0.09359635445729862,0.484212556492079,0.2674919124182709,0.0
FB105972,49,6,78554.96,13092.493333333334,0.0,0.05561201991573796,0.02909033369757937,0.8354308881323342,0.0,0.04226467685808762,0.037602081396260645,0.0,0.0
FB105973,182,4,81724.84000000001,20431.210000000003,0.10527337832658956,0.0,0.013405226611639742,0.0,0.0,0.8813213950617708,0.0,0.0,0.0
FB105974,7,8,55749.07,6968.63375,0.0,0.0,0.12606129573103192,0.4792304158616457,0.0,0.35950841870545996,0.0,0.035199869701862285,0.0
FB105975,62,5,24366.63,4873.326,0.0,0.4742174030631236,0.06735112734095769,0.0,0.0,0.268870582431793,0.1895608871641257,0.0,0.0
FB105976,132,7,105691.15,15098.735714285713,0.0,0.0,0.04560485906341259,0.046331409961950454,0.0,0.05231431392316197,0.8124501436496812,0.027689262535226463,0.015610010866567351
FB105977,92,5,189675.05,37935.009999999995,0.190975354955752,0.0,0.0,0.7696099724238903,0.0,0.0,0.03587477636093941,0.0,0.0035398962594184106
FB105978,12,7,609056.1641500111,87008.0234500016,0.05320875463961004,0.0,0.0,0.0,0.0,0.11319701541189751,0.7736416637496771,0.027622345836493895,0.032330220362321305
FB105979,118,7,179557.40000000002,25651.057142857146,0.0,0.0,0.05577815227888129,0.0,0.0,0.6588909173333988,0.011937352623729237,0.025750261476274437,0.24764331628771638
FB105980,26,5,599492.7541500111,119898.55083000222,0.08292313736215835,0.0,0.0,0.0,0.0,0.0,0.0,0.9170768626378417,0.0
FB105981,410,4,16682.92,4170.73,0.0,0.0,0.0,0.0,0.2533902937855004,0.29261604083697573,0.2533902937855004,0.0,0.20060337159202343
FB105982,4,3,14612.890000000001,4870.963333333334,0.6089623613125125,0.0,0.0,0.39103763868748753,0.0,0.0,0.0,0.0,0.0
FB105983,56,7,59049.24999999999,8435.607142857141,0.7105368823482093,0.011815222039229963,0.15475234655816966,0.0,0.0,0.0,0.0,0.0,0.12289554905439104
FB105984,8,7,73992.46,10570.35142857143,0.0,0.07749573402479117,0.011280473713132391,0.09777901694307771,0.0,0.3769919259340749,0.0,0.0,0.4364528493849238
FB105985,28,1,2404.77,2404.77,0.0,0.0,0.0,0.0,0.0,0.0,0.0,1.0,0.0
FB105986,202,3,3714.44,1238.1466666666668,0.0,0.0,0.0,0.0,0.0,0.0,0.0,0.4453268864216409,0.5546731135783591
FB105987,66,4,62277.77,15569.4425,0.8227573016824462,0.06480048980559196,0.0,0.0,0.0,0.0,0.11244220851196181,0.0,0.0
FB105988,17,5,52982.44,10596.488000000001,0.8002925120096395,0.0,0.0,0.0,0.0,0.0,0.1695556112553518,0.03015187673500881,0.0
FB105989,236,5,38501.090000000004,7700.218000000001,0.020320983120218156,0.0,0.0,0.03680778907817935,0.0,0.7953816372471534,0.0,0.14176196050553375,0.005727630048915499
FB105990,6,8,158558.69,19819.83625,0.005971668913258554,0.0,0.459127090416804,0.2638536557031343,0.0,0.26322675849554505,0.007820826471258055,0.0,0.0
FB105991,46,9,81495.38,9055.042222222222,0.061401026659425345,0.0,0.0,0.05214847761922209,0.0,0.06336248754223858,0.12519507240778555,0.006328211488798506,0.6915647242825299
FB105992,139,8,46927.240000000005,5865.905000000001,0.0,0.0,0.19413053058308993,0.04232317945824216,0.0,0.0,0.5365840820811111,0.1753444268190501,0.05161778105850675
FB105993,23,4,64082.36,16020.59,0.3062075117083703,0.0,0.0,0.0,0.0,0.0,0.6937924882916298,0.0,0.0
FB105994,68,5,522534.6241500111,104506.92483000222,0.0,0.0,0.8997786604376944,0.0,0.0,0.0027015434667057364,0.0,0.0860640576175282,0.01145573847807167
FB105995,50,5,40958.05,8191.610000000001,0.0,0.3124067185815731,0.3811895341697175,0.30640374724870933,0.0,0.0,0.0,0.0,0.0
FB105996,70,7,95149.93000000001,13592.847142857145,0.0,0.44672360767895464,0.002203469829142281,0.0,0.0,0.2510568320964608,0.15418561001568787,0.14583048037975432,0.0
FB105997,369,4,478480.6441500111,119620.16103750278,0.9973738958610705,0.0,0.0,0.0,0.0,0.0,0.0026261041389295057,0.0,0.0
FB105998,229,6,69378.55,11563.091666666667,0.40375188008397406,0.0,0.019177685322048384,0.0,0.0,0.0,0.4076453024746121,0.06205044642760623,0.10737468569175919
FB105999,154,6,150518.19,25086.365,0.44280050138790533,0.0,0.09820879456496254,0.19957229089719986,0.0,0.0,0.0,0.08827451353221827,0.17114389961771398
