customer_id,age,gender,location,account_balance
FB101434,44.0,Female,Cross River,140347.75
FB101612,41.0,Female,Anambra,12250.71
FB101718,45.0,Male,Delta,8920.12
FB100561,46.0,Male,Delta,10328.83
FB105359,57.0,Male,Plateau,45321.37
FB104534,57.0,Female,Abuja FCT,80604.71
FB100263,18.0,Female,Delta,38288.06
FB101044,32.0,Male,Anambra,179461.2
FB101219,32.0,Female,Kwara,6202.86
FB104606,53.0,Male,Anambra,65263.02
FB101535,21.0,Female,Ogun,236278.42
FB101876,54.0,Female,Delta,22180.15
FB101737,28.0,Male,Kaduna,8839.25
FB102895,18.0,Female,Kwara,2304.85
FB103049,41.0,Female,Plateau,16483.72
FB103907,39.0,Female,Delta,42896.61
FB102845,38.0,Female,Imo,5318.18
FB104322,41.0,Male,Kwara,4157.46
FB100308,,,,80687.85
FB102781,29.0,Male,Imo,82592.89
FB104593,18.0,Male,Ogun,55874.75
FB104267,54.0,Female,Abuja FCT,79294.66
FB105646,53.0,Male,Kwara,273087.63
FB101451,,,,
FB104867,55.0,Male,Kaduna,31009.85
FB104366,41.0,Female,Delta,4589.47
FB101383,37.0,Female,Lagos,59887.02
FB103941,54.0,Female,Rivers,34106.14
FB104356,22.0,Male,Delta,25305.76
FB104447,23.0,Female,Lagos,344627.71
FB101747,44.0,Female,Kano,305183.78
FB104650,43.0,Female,Cross River,92182.35
FB102441,26.0,Female,Abuja FCT,61261.21
FB103624,18.0,Male,Kwara,7199.46
FB103711,23.0,Male,Kano,112656.48
FB105278,41.0,Female,Cross River,27105.27
FB103982,30.0,Female,Enugu,21887.32
FB101387,31.0,Female,Anambra,26546.07
FB102934,29.0,Male,Cross River,23737.33
FB105974,27.0,Female,Kwara,9692.42
FB100534,31.0,Male,Abuja FCT,53164.93
FB105441,31.0,Male,Plateau,47423.02
FB101832,53.0,Female,Enugu,9102.87
FB102603,53.0,Female,Anambra,20815.17
FB104518,38.0,Female,Ogun,159793.14
FB105995,31.0,Female,Abuja FCT,7359.78
FB100879,,,,
FB105890,36.0,Female,Lagos,18531.63
FB103289,41.0,Male,Imo,5052.39
FB102002,20.0,Female,Edo,69690.83
FB100808,41.0,Female,Delta,15883.4
FB101379,23.0,Male,Anambra,72040.4
FB105818,37.0,Male,Enugu,27530.33
FB105751,45.0,Female,Cross River,145104.88
FB100553,,,,
FB104793,43.0,Female,Kano,68809.67
FB103246,50.0,Female,Ogun,75350.07
FB104399,54.0,Male,Enugu,134119.27
FB101303,30.0,Female,Oyo,3209.52
FB103539,45.0,Male,Lagos,30573.07
FB102517,47.0,Male,Kwara,505750.17
FB104504,41.0,Female,Anambra,128399.27
FB105610,26.0,Female,Abuja FCT,26999.05
FB102364,58.0,Female,Kwara,37096.52
FB100535,37.0,Male,Edo,61374.2
FB103857,54.0,Male,Kwara,75682.55
FB101421,57.0,Male,Cross River,10051.15
FB101543,37.0,Male,Cross River,138810.9
FB104722,56.0,Male,Imo,5359.53
FB103381,41.0,Male,Enugu,227290.12
FB104773,46.0,Female,Enugu,82506.0
FB101512,18.0,Female,Edo,23685.71
FB105339,31.0,Female,Kaduna,88021.95
FB100576,29.0,Female,Plateau,8472.67
FB103567,32.0,Female,Oyo,64071.73
FB103745,34.0,Female,Imo,15496.6
FB102787,25.0,Male,Ogun,4217.2
FB102579,35.0,Female,Kano,10475.59
FB101397,37.0,Female,Enugu,14281.62
FB102450,,Female,Enugu,11854.46
FB102515,21.0,Male,Imo,144317.67
FB105626,26.0,Female,Kwara,76673.43
FB104696,35.0,Male,Imo,35087.93
FB104808,51.0,Male,Edo,10006.45
FB105337,18.0,Male,Imo,20716.37
FB100080,,Female,Imo,86317.97
FB103208,21.0,Female,Kaduna,184142.84
FB100586,39.0,Female,Delta,33899.23
FB101181,18.0,Male,Enugu,123495.16
FB102521,35.0,Male,Ogun,14852.06
FB100079,,,,
FB100476,21.0,Female,Edo,177751.37
FB103770,45.0,Female,Oyo,34755.08
FB101760,44.0,Female,Kaduna,2338.82
FB100023,,,,116172.85
FB104678,46.0,Male,Ogun,82644.27
FB102980,27.0,Female,Abuja FCT,367995.94
FB101951,59.0,Male,Ogun,12876.85
FB101973,44.0,Male,Edo,58163.01
FB101942,37.0,Female,Rivers,65507.51
FB101509,32.0,Female,Cross River,66630.31
FB100228,,,,
FB104647,63.0,Male,Kano,12156.97
FB104813,40.0,Female,Rivers,509783.82
FB101728,52.0,Male,Lagos,24006.24
FB101049,18.0,Male,Kano,89293.02
FB101261,,,,
FB104325,23.0,Male,Enugu,67347.42
FB105296,36.0,Female,Imo,91022.93
FB105617,36.0,Female,Kwara,44338.43
FB102770,59.0,Female,Ogun,227957.63
FB101916,51.0,Male,Ogun,7591.07
FB101617,21.0,Female,Ogun,44731.26
FB103044,41.0,Male,Enugu,34739.5
FB100346,23.0,Male,Oyo,71505.47
FB105071,30.0,Male,Abuja FCT,14651.79
FB100233,,,,
FB100963,18.0,Female,Kano,26513.13
FB104058,24.0,Male,Enugu,52726.5
FB100599,,Male,,162845.06
FB103680,28.0,Male,Enugu,75358.42
FB103669,38.0,Male,Edo,137549.9
FB100037,18.0,Female,Ogun,89688.04
FB100465,,,,
FB105704,33.0,Male,Cross River,195478.21
FB100932,54.0,Male,Cross River,5832.84
FB105290,23.0,Female,Oyo,791361.6
FB102228,22.0,Female,Kwara,8379.63
FB105054,37.0,Male,Kwara,154017.34
FB104741,19.0,Male,Plateau,49143.63
FB100506,,,,
FB100401,,Male,,21839.97
FB103780,18.0,Female,Delta,10493.91
FB104806,31.0,Male,Kano,4625.94
FB104611,50.0,Female,Kwara,6749.67
FB100167,,,,
FB102093,68.0,Male,Rivers,16520.42
FB105430,36.0,Male,Anambra,8344.22
FB101769,37.0,Male,Oyo,30442.77
FB105185,27.0,Female,Abuja FCT,28394.96
FB101840,23.0,Female,Imo,23555.56
FB105930,43.0,Female,Delta,11886.74
FB105034,40.0,Male,Lagos,24641.79
FB103194,48.0,Female,Ogun,83320.9
FB102337,48.0,Male,Anambra,12595.36
FB101783,40.0,Male,Cross River,118391.22
FB104909,23.0,Female,Kaduna,122920.01
FB100084,,,,
FB103803,26.0,Female,Enugu,18011.47
FB104305,32.0,Female,Enugu,68864.47
FB102029,50.0,Female,Anambra,27981.16
FB105314,,,,
FB103112,44.0,Female,Oyo,25321.6
FB104672,38.0,Male,Kaduna,30395.69
FB102086,31.0,Female,Rivers,12545.65
FB104048,52.0,Male,Rivers,130461.19
FB102318,44.0,Female,Ogun,9486.71
FB104668,56.0,Female,Kano,28753.97
FB101926,54.0,Female,Ogun,10744.27
FB101022,27.0,Female,Enugu,124633.63
FB101632,46.0,Male,Rivers,307226.08
FB100408,41.0,Male,Ogun,96625.11
FB104630,18.0,Male,Plateau,187790.21
FB103247,24.0,Female,Anambra,55246.94
FB101244,38.0,Male,Lagos,4395.6
FB104966,46.0,Female,Enugu,16406.25
FB105485,42.0,Male,Kano,29725.35
FB102522,48.0,Female,Oyo,117970.34
FB102985,50.0,Female,Plateau,36345.7
FB104880,19.0,Male,Kwara,14140.71
FB102304,46.0,Male,Imo,14432.21
FB103372,24.0,Female,Cross River,13168.62
FB102323,19.0,Male,Imo,34961.21
FB104814,26.0,Male,Rivers,342541.22
FB101873,18.0,Female,Delta,44193.12
FB105835,18.0,Female,Edo,36623.32
FB100093,,,,33519.69
FB103779,26.0,Female,Ogun,28711.34
FB105669,81.0,Male,Imo,64041.82
FB104827,43.0,Male,Plateau,152582.23
FB101756,60.0,Female,Rivers,5311.34
FB101533,60.0,Male,Kano,37058.08
FB103722,18.0,Female,Imo,189663.7
FB102480,33.0,Male,Rivers,11698.4
FB101186,40.0,Male,Kwara,63067.51
FB103765,54.0,Female,Edo,71562.78
FB102910,38.0,Female,Kwara,48798.41
FB102627,27.0,Female,Cross River,10433.6
FB105000,29.0,Male,Imo,25950.62
FB100807,35.0,Female,Kano,1217631.73
FB103852,28.0,Male,Kano,26116.81
FB103938,30.0,Female,Kaduna,52040.61
FB105801,23.0,Female,Rivers,40612.1
FB102991,63.0,Female,Enugu,55949.5
FB101183,31.0,Male,Cross River,5551.96
FB100185,38.0,Male,Abuja FCT,62805.51
FB103101,67.0,Female,Ogun,283284.85
FB103386,18.0,Female,Oyo,10046.75
FB102788,,,,
FB100254,,,,
FB105448,18.0,Male,Kano,17042.02
FB102623,30.0,Female,Kaduna,6537.66
FB103721,39.0,Male,Edo,86424.33
FB105917,19.0,Female,Ogun,37094.35
FB103759,18.0,Male,Edo,75891.1
FB101057,47.0,Male,Cross River,20649.89
FB103388,49.0,Male,Delta,51867.11
FB102881,25.0,Male,Kano,7744.21
FB100157,,Male,Edo,37164.31
FB102440,50.0,Male,Lagos,164605.31
FB105316,33.0,Female,Cross River,6758.45
FB101670,47.0,Female,Rivers,27807.21
FB102236,54.0,Male,Cross River,66081.39
FB102835,70.0,Female,Kaduna,38200.62
FB100881,38.0,Female,Anambra,6234.4
FB100323,,,,
FB105656,26.0,Female,Kwara,8608.0
FB100626,18.0,Female,Plateau,54800.92
FB104947,36.0,Female,Abuja FCT,15426.79
FB101215,45.0,Female,Kano,11829.71
FB103652,43.0,Male,Kwara,1275.22
FB101033,18.0,Male,Imo,31328.79
FB104161,61.0,Male,Cross River,220923.44
FB105384,48.0,Male,Cross River,330066.52
FB100156,,,,
FB105776,53.0,Male,Abuja FCT,126531.36
FB100472,62.0,Female,Edo,11191.47
FB100742,40.0,Female,Delta,101300.83
FB102792,53.0,Female,Cross River,16377.09
FB100031,,Male,,9741.72
FB102828,51.0,Female,Kaduna,34585.94
FB105498,42.0,Female,Rivers,132878.37
FB101869,33.0,Male,Enugu,8243.24
FB101242,30.0,Female,Anambra,93484.1
FB102850,37.0,Female,Kaduna,28598.95
FB102486,24.0,Female,Ogun,3661.08
FB103790,53.0,Male,Abuja FCT,75657.33
FB102899,44.0,Female,Ogun,17777.67
FB105331,50.0,Female,Abuja FCT,5504.92
FB102498,47.0,Male,Lagos,1114817.44
FB104073,46.0,Male,Plateau,226637.25
FB100177,,Male,Plateau,12054.79
FB100221,,,,
FB101323,33.0,Female,Enugu,7737.83
FB102656,27.0,Male,Plateau,44681.88
FB101038,,Male,Ogun,136526.35
FB104072,52.0,Male,Oyo,35323.1
FB101042,30.0,Female,Rivers,9482.62
FB100544,,,,
FB101172,18.0,Male,Edo,121402.65
FB105479,42.0,Female,Cross River,42059.87
FB101223,41.0,Female,Ogun,28061.43
FB100469,,,,19526.22
FB104617,53.0,Female,Plateau,8572.25
FB102245,,,,12665.97
FB104467,46.0,Female,Oyo,34418.79
FB104738,41.0,Female,Kano,208955.23
FB103787,28.0,Male,Kaduna,7791.97
FB102133,41.0,Male,Ogun,4043.7
FB101789,27.0,Male,Anambra,11238.96
FB103807,57.0,Female,Edo,11070.03
FB102358,69.0,Male,Anambra,133610.26
FB101562,36.0,Male,Edo,81929.83
FB102138,30.0,Male,Imo,12540.93
FB104381,22.0,Male,Anambra,68651.67
FB104237,44.0,Female,Edo,19245.81
FB105250,58.0,Female,Enugu,157534.22
FB105740,38.0,Male,Edo,52572.86
FB103358,51.0,Female,Kaduna,33217.3
FB100865,,Female,,24729.48
FB102462,43.0,Female,Imo,20923.8
FB102471,39.0,Male,Lagos,16301.48
FB105871,36.0,Female,Lagos,31962.61
FB103720,60.0,Female,Imo,783424.33
FB101883,25.0,Male,Enugu,152338.26
FB102997,49.0,Female,Delta,43853.78
FB104105,46.0,Female,Kaduna,73548.17
FB104871,19.0,Male,Anambra,44655.64
FB103245,39.0,Male,Abuja FCT,13395.67
FB101294,27.0,Male,Edo,33864.51
FB102611,,,,
FB101744,25.0,Female,Abuja FCT,6264.42
FB101483,,Female,,19391.95
FB100296,,Male,Imo,52419.21
FB103285,,Male,Plateau,8493.18
FB102240,22.0,Male,Delta,49730.99
FB104313,33.0,Male,Imo,104508.68
FB104834,,Female,,48808.19
FB105963,69.0,Male,Plateau,50582.79
FB103914,40.0,Male,Anambra,10252.96
FB101600,40.0,Male,Kano,57987.88
FB103126,72.0,Male,Enugu,50617.91
FB101354,33.0,Female,Enugu,202755.22
FB101615,32.0,Male,Kaduna,3911.25
FB105632,42.0,Female,Abuja FCT,163217.06
FB105608,52.0,Male,Ogun,31575.15
FB103477,25.0,Male,Lagos,5272.64
FB101657,,,,
FB100491,25.0,Male,Delta,34458.72
FB101554,43.0,Male,Rivers,4643.4
FB102488,55.0,Male,Kano,41250.03
FB105788,31.0,Male,Lagos,60801.88
FB105861,33.0,Male,Rivers,8686.32
FB104462,23.0,Female,Rivers,73654.54
FB100050,19.0,Female,Kano,22863.34
FB101163,23.0,Male,Kaduna,23722.76
FB100319,,,,
FB101101,47.0,Female,Anambra,8755.17
FB103370,18.0,Female,Enugu,23566.95
FB100747,58.0,Male,Rivers,329951.9
FB103693,33.0,Male,Ogun,51316.75
FB100810,39.0,Female,Edo,7464.35
FB104050,18.0,Male,Delta,17207.86
FB103467,49.0,Male,Plateau,61615.54
FB103149,,Female,,19065.35
FB102981,,,,
FB104934,42.0,Female,Abuja FCT,25780.82
FB105400,30.0,Male,Plateau,63818.47
FB103947,18.0,Male,Oyo,19849.32
FB103917,,,,
FB101485,18.0,Female,Enugu,33674.72
FB102585,,Male,Cross River,8946.84
FB102789,20.0,Female,Abuja FCT,36947.4
FB102885,62.0,Female,Abuja FCT,30313.06
FB104335,52.0,Female,Ogun,204146.15
FB104698,46.0,Female,Kwara,21533.44
FB103664,,Male,,21568.52
FB101108,32.0,Female,Cross River,33767.5
FB102767,35.0,Male,Delta,568633.02
FB104502,35.0,Male,Oyo,10185.51
FB103407,19.0,Male,Kwara,44195.67
FB101669,44.0,Male,Kwara,261973.05
FB100239,78.0,Female,Enugu,124434.21
FB102858,,,,
FB100199,36.0,Male,Anambra,141718.5
FB101738,50.0,Male,Kaduna,3582.4
FB104154,29.0,Female,Plateau,27130.9
FB104347,37.0,Female,Cross River,98350.15
FB101740,34.0,Male,Cross River,2072.58
FB102252,35.0,Female,Kwara,55124.3
FB102795,30.0,Male,Rivers,27464.6
FB102986,46.0,Male,Anambra,3397.84
FB103830,55.0,Female,Kano,42457.08
FB104153,19.0,Female,Kwara,297380.18
FB100101,52.0,Male,Oyo,115749.34
FB103379,,,,
FB104872,45.0,Female,Kwara,74314.57
FB100259,39.0,Male,Kaduna,82994.19
FB102115,18.0,Male,Delta,161317.58
FB105889,33.0,Male,Kano,14378.29
FB100501,38.0,Female,Cross River,17825.22
FB100893,33.0,Male,Enugu,15877.02
FB104906,43.0,Female,Kwara,124586.34
FB105874,41.0,Male,Rivers,5876.97
FB102807,31.0,Female,Edo,2188.77
FB103308,52.0,Female,Oyo,489896.07
FB101161,43.0,Female,Imo,229106.37
FB105231,29.0,Female,Kano,14324.72
FB101433,27.0,Male,Ogun,13693.15
FB103964,42.0,Male,Rivers,7093.5
FB104527,18.0,Female,Abuja FCT,16995.37
FB104317,23.0,Male,Edo,10051.4
FB105521,35.0,Female,Kwara,118482.83
FB102948,18.0,Male,Lagos,119332.08
FB105686,41.0,Female,Rivers,27444.78
FB105014,18.0,Male,Abuja FCT,33141.88
FB101128,49.0,Female,Kaduna,22860.41
FB101119,32.0,Female,Edo,77261.44
FB105876,25.0,Male,Rivers,27229.09
FB100710,,,,118155.65
FB100969,52.0,Female,Kaduna,40448.36
FB105512,39.0,Female,Oyo,210643.41
FB100672,50.0,Male,Kano,7091.22
FB102803,21.0,Female,Anambra,23946.14
FB105338,52.0,Female,Abuja FCT,44161.68
FB105853,28.0,Female,Abuja FCT,72014.09
FB104515,37.0,Female,Rivers,27902.97
FB104985,26.0,Female,Imo,78553.0
FB103410,63.0,Male,Delta,273016.14
FB103011,70.0,Female,Kwara,26832.43
FB105380,50.0,Male,Kano,58500.92
FB105804,21.0,Female,Delta,15935.54
FB103710,32.0,Male,Kaduna,35899.85
FB101726,36.0,Male,Cross River,19600.92
FB103979,39.0,Female,Ogun,23896.77
FB100088,38.0,Female,Oyo,179671.86
FB105926,54.0,Male,Ogun,58753.73
FB100324,34.0,Female,Plateau,78106.38
FB102851,38.0,Female,Enugu,18690.21
FB104406,39.0,Female,Abuja FCT,77202.05
FB100325,62.0,Female,Abuja FCT,125394.69
FB101129,18.0,Male,Abuja FCT,45199.57
FB103534,58.0,Female,Kano,3681.9
FB100132,34.0,Male,Lagos,9204.41
FB100712,24.0,Male,Kano,4175.58
FB103317,28.0,Female,Kwara,23553.44
FB103601,48.0,Female,Delta,14353.67
FB104730,42.0,Male,Imo,34729.1
FB104145,36.0,Female,Plateau,413229.62
FB105488,47.0,Male,Enugu,19016.85
FB102633,52.0,Female,Cross River,19876.71
FB102348,44.0,Female,Delta,147241.18
FB103898,20.0,Female,Edo,25544.85
FB105540,49.0,Female,Lagos,243669.91
FB105179,33.0,Female,Kaduna,41553.62
FB101569,44.0,Female,Edo,27054.13
FB104083,60.0,Female,Kaduna,80413.9
FB102941,46.0,Female,Oyo,6970.73
FB103661,32.0,Male,Edo,47545.99
FB105550,42.0,Female,Delta,12204.16
FB104853,58.0,Male,Plateau,108216.69
FB104172,18.0,Male,Ogun,52345.15
FB101297,49.0,Male,Enugu,3066.9
FB102944,18.0,Female,Ogun,24689.76
FB100371,29.0,Female,Ogun,37372.86
FB105911,47.0,Female,Delta,141706.3
FB103641,63.0,Female,Rivers,34785.0
FB103525,50.0,Male,Kaduna,56324.87
FB102534,37.0,Male,Oyo,49916.26
FB103647,,Male,Cross River,22905.68
FB105595,35.0,Female,Kwara,26685.56
FB100168,27.0,Male,Kano,25501.07
FB102405,47.0,Male,Cross River,4422.83
FB105955,41.0,Male,Ogun,8550.77
FB101158,48.0,Female,Kaduna,18416.85
FB104575,46.0,Male,Ogun,46883.17
FB103409,37.0,Male,Plateau,19970.92
FB100198,18.0,Male,Kwara,161016.1
FB105935,59.0,Female,Plateau,29337.03
FB102892,36.0,Male,Kaduna,69581.2
FB102273,36.0,Male,Delta,34093.78
FB105366,31.0,Male,Anambra,20089.23
FB105933,37.0,Male,Cross River,3143.77
FB102798,43.0,Female,Abuja FCT,26786.71
FB103557,51.0,Male,Enugu,22545.07
FB104405,39.0,Female,Kaduna,52253.5
FB100230,63.0,Male,Cross River,37751.86
FB105163,39.0,Female,Enugu,62813.37
FB102402,34.0,Male,Lagos,6276.18
FB100964,,,,
FB102022,50.0,Female,Oyo,23003.22
FB100625,,,,90842.44
FB101807,47.0,Male,Anambra,81479.06
FB105011,55.0,Male,Rivers,38998.19
FB101874,56.0,Male,Lagos,7175.69
FB105363,32.0,Male,Kano,7145.21
FB104664,40.0,Male,Delta,70787.55
FB100017,48.0,Male,Cross River,9481.26
FB103206,18.0,Male,Rivers,52293.01
FB101561,44.0,Female,Cross River,24493.61
FB101788,27.0,Female,Ogun,17995.72
FB101086,33.0,Male,Edo,42913.16
FB101027,,Female,Plateau,14747.32
FB101777,18.0,Female,Oyo,35048.61
FB100439,,,,
FB102922,47.0,Male,Delta,19936.25
FB101328,23.0,Female,Imo,96690.68
FB101566,18.0,Female,Kano,188044.15
FB105001,30.0,Female,Edo,41005.43
FB101545,,Female,Plateau,83757.71
FB105395,34.0,Male,Rivers,21020.27
FB101803,27.0,Male,Ogun,119393.89
FB103755,60.0,Male,Kaduna,511611.74
FB101221,21.0,Female,Enugu,77550.03
FB101092,18.0,Male,Enugu,196177.88
FB105057,34.0,Male,Enugu,41596.07
FB103973,52.0,Male,Abuja FCT,88091.57
FB100681,39.0,Male,Delta,12451.85
FB101954,45.0,Male,Lagos,16148.02
FB101448,18.0,Female,Ogun,242114.57
FB105830,26.0,Male,Cross River,18951.96
FB105096,52.0,Female,Plateau,35608.93
FB103782,42.0,Female,Delta,5468.8
FB102865,36.0,Male,Oyo,38076.21
FB100676,45.0,Female,Lagos,83706.4
FB102063,26.0,Male,Oyo,262655.23
FB100393,,,,
FB105516,18.0,Female,Lagos,107971.6
FB100279,43.0,Male,Plateau,22854.81
FB104088,58.0,Female,Ogun,195079.94
FB100696,64.0,Female,Enugu,42200.56
FB101536,40.0,Female,Cross River,218609.56
FB102908,27.0,Male,Delta,44080.18
FB101220,60.0,Male,Lagos,165976.17
FB105637,47.0,Female,Delta,85241.43
FB100014,30.0,Male,Abuja FCT,26347.72
FB100746,,,,
FB100565,,Female,,57763.53
FB105307,40.0,Male,Abuja FCT,50204.55
FB104404,44.0,Female,Imo,84460.4
FB104761,50.0,Female,Anambra,395926.13
FB103333,21.0,Male,Ogun,28668.37
FB100410,,Male,Oyo,171147.7
FB103700,,,,
FB102902,53.0,Male,Enugu,42210.37
FB100622,29.0,Female,Kano,9449.01
FB105839,23.0,Male,Kano,12660.97
FB101344,47.0,Female,Cross River,71233.3
FB100065,18.0,Female,Edo,39160.32
FB104864,31.0,Male,Lagos,55628.33
FB101225,26.0,Male,Kaduna,14544.9
FB102418,31.0,Female,Anambra,15762.02
FB105103,57.0,Female,Enugu,6916.68
FB101650,42.0,Male,Abuja FCT,12942.63
FB101630,34.0,Female,Kaduna,38200.47
FB100351,28.0,Male,Edo,7713.23
FB103753,40.0,Male,Enugu,15472.7
FB105280,32.0,Female,Rivers,71165.38
FB105017,18.0,Male,Kaduna,21062.79
FB101580,,,,59963.7
FB102118,,,,24784.34
FB100730,36.0,Female,Imo,9445.29
FB105701,29.0,Male,Enugu,11066.81
FB104174,45.0,Male,Kaduna,149121.27
FB103992,41.0,Female,Delta,14402.41
FB102505,58.0,Female,Ogun,81381.45
FB105149,52.0,Female,Enugu,59298.3
FB102746,,,,
FB103861,40.0,Female,Ogun,36819.18
FB103002,35.0,Female,Lagos,91205.45
FB103181,31.0,Female,Delta,76997.92
FB103634,40.0,Female,Ogun,14505.77
FB102191,29.0,Female,Delta,45148.32
FB104956,,Male,Delta,87155.59
FB100420,37.0,Female,Abuja FCT,76290.33
FB101362,63.0,Female,Edo,36463.43
FB100373,40.0,Male,Enugu,15820.77
FB103487,55.0,Male,Imo,37304.72
FB101084,34.0,Female,Anambra,60657.24
FB101176,46.0,Male,Lagos,8082.44
FB103414,35.0,Female,Kaduna,22486.24
FB104734,,Male,Kaduna,32738.4
FB100604,,Male,,248832.29
FB101090,35.0,Female,Kaduna,24509.35
FB100181,-1.0,Male,Kwara,56493.61
FB101971,30.0,Female,Abuja FCT,2619.31
FB100538,18.0,Female,Abuja FCT,22676.25
FB101188,33.0,Male,Anambra,8445.15
FB104959,35.0,Female,Plateau,40336.35
FB105942,38.0,Male,Plateau,83892.5
FB105489,52.0,Male,Delta,55283.9
FB102439,29.0,Male,Abuja FCT,105304.2
FB104957,46.0,Female,Ogun,49956.22
FB105203,39.0,Female,Edo,15914.33
FB100530,48.0,Female,Ogun,1582.25
FB105870,37.0,Female,Ogun,31915.55
FB101477,,Female,Oyo,248227.15
FB105640,65.0,Female,Anambra,25079.36
FB105119,18.0,Female,Ogun,91485.8
FB105749,34.0,Female,Plateau,22529.11
FB104725,35.0,Male,Delta,57376.09
FB102149,25.0,Female,Edo,15187.44
FB104392,22.0,Female,Ogun,46526.73
FB100787,,,,34919.28
FB101867,48.0,Female,Imo,31752.83
FB104098,46.0,Male,Kaduna,356852.49
FB101192,38.0,Male,Imo,15766.7
FB101272,69.0,Female,Delta,58469.22
FB101074,,,,
FB102091,26.0,Male,Kaduna,19083.92
FB105075,38.0,Female,Ogun,14184.61
FB104211,30.0,Male,Plateau,13965.65
FB100015,30.0,Female,Ogun,278592.66
FB105918,37.0,Male,Ogun,52992.73
FB100706,43.0,Male,Ogun,392975.51
FB102778,38.0,Female,Kwara,115122.33
FB103926,42.0,Female,Ogun,65870.99
FB100926,,,,
FB102842,30.0,Female,Kwara,7020.28
FB101839,53.0,Male,Cross River,33120.58
FB101732,40.0,Male,Cross River,8346.54
FB101370,43.0,Female,Rivers,60452.75
FB101891,24.0,Female,Anambra,10002.03
FB101345,24.0,Female,Enugu,27764.44
FB104436,18.0,Female,Enugu,26088.72
FB103090,50.0,Male,Lagos,25952.18
FB100805,34.0,Female,Imo,6506.07
FB100763,62.0,Male,Cross River,198306.26
FB105055,28.0,Male,Delta,282270.04
FB100683,37.0,Female,Anambra,13009.11
FB102127,41.0,Male,Plateau,113435.28
FB105242,45.0,Male,Enugu,39294.33
FB104792,52.0,Female,Edo,6426.75
FB105707,38.0,Male,Kaduna,17917.7
FB103543,39.0,Male,Abuja FCT,4560.82
FB105894,58.0,Male,Delta,76674.12
FB102699,18.0,Male,Abuja FCT,51156.25
FB104119,59.0,Female,Oyo,12564.33
FB102080,,,,
FB100008,24.0,Male,Anambra,51311.6
FB103347,44.0,Male,Rivers,11075.76
FB105089,57.0,Female,Lagos,124265.04
FB105743,18.0,Female,Edo,10813.39
FB101322,23.0,Male,Anambra,15317.66
FB102417,18.0,Male,Cross River,40226.34
FB104635,57.0,Male,Kano,148194.14
FB100549,49.0,Female,Cross River,53164.03
FB105344,53.0,Female,Enugu,20827.05
FB105374,18.0,Female,Cross River,30453.54
FB104272,38.0,Male,Delta,302221.19
FB100426,29.0,Female,Rivers,134311.66
FB100033,37.0,Male,Imo,109522.6
FB101472,42.0,Male,Rivers,10275.72
FB100044,31.0,Female,Kwara,63869.31
FB100691,66.0,Male,Delta,18652.09
FB104885,18.0,Male,Lagos,49620.87
FB103437,20.0,Female,Rivers,13511.82
FB101420,41.0,Male,Edo,6847.87
FB104292,34.0,Female,Kaduna,67007.66
FB104532,43.0,Female,Delta,24251.12
FB101888,18.0,Male,Ogun,9402.32
FB101407,61.0,Male,Kano,88926.63
FB103226,23.0,Male,Plateau,18379.01
FB100063,25.0,Male,Rivers,19478.62
FB105657,36.0,Male,Kaduna,14001.33
FB103378,42.0,Male,Kaduna,62393.46
FB103688,44.0,Male,Abuja FCT,70972.59
FB105095,27.0,Male,Edo,27108.13
FB100227,31.0,Male,Plateau,15181.61
FB100996,,,,
FB102142,27.0,Female,Abuja FCT,45413.27
FB105899,60.0,Female,Kaduna,7043.16
FB105591,47.0,Male,Kaduna,23636.94
FB101253,76.0,Male,Anambra,142792.46
FB101620,38.0,Male,Oyo,851916.13
FB103836,42.0,Female,Plateau,26397.39
FB104861,39.0,Male,Lagos,37286.18
FB102559,18.0,Female,Oyo,89189.69
FB105572,53.0,Female,Oyo,97551.22
FB103800,36.0,Male,Kano,20743.68
FB103580,41.0,Female,Kwara,34098.29
FB103082,58.0,Male,Lagos,18528.48
FB104384,38.0,Female,Ogun,85631.76
FB103231,35.0,Male,Lagos,70193.69
FB103481,44.0,Male,Edo,24925.25
FB105269,18.0,Female,Enugu,283616.97
FB102877,35.0,Female,Rivers,11539.15
FB103491,34.0,Female,Lagos,17345.83
FB103950,18.0,Male,Kano,10533.28
FB103750,60.0,Female,Plateau,41524.09
FB105825,57.0,Male,Imo,26092.69
FB102067,36.0,Female,Imo,23692.95
FB104479,50.0,Female,Cross River,26111.6
FB100994,29.0,Male,Lagos,58402.55
FB100473,18.0,Female,Lagos,16964.89
FB103856,34.0,Female,Ogun,52394.33
FB105602,55.0,Male,Enugu,34504.8
FB100705,55.0,Female,Abuja FCT,66960.15
FB100297,51.0,Female,Cross River,20722.64
FB100303,27.0,Female,Kwara,9236.14
FB103336,42.0,Female,Cross River,41635.74
FB103929,18.0,Male,Kano,66107.71
FB100800,35.0,Male,Edo,164779.59
FB103611,35.0,Male,Ogun,1120683.41
FB104896,40.0,Female,Anambra,12685.95
FB100655,37.0,Female,Anambra,89280.91
FB101197,36.0,Female,Edo,7371.6
FB103077,47.0,Female,Anambra,59476.35
FB102499,48.0,Female,Oyo,14287.32
FB100240,36.0,Male,Enugu,12694.26
FB101411,37.0,Male,Kwara,7741.04
FB105952,34.0,Female,Imo,620524.95
FB101831,42.0,Female,Delta,51206.21
FB102799,39.0,Male,Oyo,60167.85
FB105717,18.0,Female,Delta,9612.95
FB101611,55.0,Male,Cross River,78020.21
FB103838,35.0,Female,Cross River,691.46
FB104442,60.0,Male,Kaduna,58213.04
FB105087,29.0,Male,Plateau,29125.57
FB105772,40.0,Female,Anambra,151127.99
FB102446,30.0,Male,Edo,31684.3
FB101514,31.0,Female,Anambra,37717.71
FB105793,30.0,Male,Abuja FCT,12873.77
FB103213,27.0,Female,Lagos,189269.52
FB101559,51.0,Male,Abuja FCT,224346.68
FB100783,38.0,Female,Imo,64057.29
FB100333,34.0,Female,Rivers,189926.47
FB102570,30.0,Male,Lagos,65516.37
FB105502,52.0,Female,Lagos,28765.2
FB103984,32.0,Male,Enugu,126258.31
FB105777,43.0,Male,Oyo,63537.71
FB102915,34.0,Female,Oyo,31838.08
FB102431,29.0,Male,Kano,8220.52
FB102894,18.0,Female,Oyo,40299.05
FB102008,31.0,Male,Imo,78103.08
FB104326,45.0,Female,Edo,31209.72
FB104112,49.0,Female,Oyo,21424.9
FB102687,43.0,Female,Cross River,81931.84
FB100247,57.0,Female,Plateau,65696.51
FB102968,53.0,Male,Imo,6382.63
FB103024,20.0,Male,Kwara,14084.71
FB104950,50.0,Male,Enugu,54552.46
FB101786,42.0,Female,Imo,44956.79
FB104746,32.0,Male,Kwara,55921.36
FB105896,58.0,Female,Ogun,37073.94
FB101643,33.0,Female,Enugu,28772.24
FB100755,23.0,Male,Ogun,29347.85
FB101039,36.0,Female,Imo,22132.27
FB102328,33.0,Female,Oyo,12898.61
FB102287,28.0,Female,Imo,28461.56
FB105559,52.0,Male,Lagos,105610.06
FB105317,42.0,Male,Anambra,10649.42
FB105005,49.0,Female,Edo,92646.91
FB102182,30.0,Male,Lagos,365029.43
FB100598,37.0,Female,Cross River,66685.24
FB104582,50.0,Female,Imo,33851.36
FB100315,18.0,Female,Delta,195341.65
FB105040,62.0,Male,Abuja FCT,8617.87
FB104394,46.0,Female,Edo,16628.11
FB100149,48.0,Female,Anambra,72590.67
FB103428,39.0,Female,Plateau,26318.99
FB105022,27.0,Male,Ogun,41448.97
FB100290,42.0,Female,Edo,22998.48
FB100453,20.0,Female,Kano,82526.85
FB103483,30.0,Female,Cross River,33348.11
FB101315,41.0,Female,Enugu,60445.85
FB105090,19.0,Male,Kwara,46462.21
FB103678,41.0,Male,Lagos,28164.98
FB102879,31.0,Female,Imo,92829.68
FB104149,35.0,Male,Lagos,113088.19
FB101357,42.0,Male,Lagos,3604.62
FB105238,25.0,Male,Kaduna,129082.19
FB101032,41.0,Male,Enugu,19129.09
FB104677,18.0,Male,Cross River,61746.16
FB103757,22.0,Female,Abuja FCT,60802.99
FB102276,49.0,Male,Kano,12546.88
FB101268,50.0,Female,Enugu,99737.79
FB105295,34.0,Female,Kano,24148.46
FB105919,62.0,Female,Edo,40739.99
FB105525,56.0,Female,Oyo,5769.58
FB105137,28.0,Male,Edo,68052.52
FB100812,,Male,Kaduna,119139.8
FB101912,29.0,Male,Lagos,131780.07
FB102592,51.0,Male,Kano,4227.84
FB102018,44.0,Male,Oyo,28462.29
FB101321,26.0,Female,Kwara,17724.48
FB105154,35.0,Male,Imo,79639.48
FB105139,39.0,Male,Enugu,134404.19
FB104588,54.0,Female,Lagos,20195.24
FB101671,24.0,Female,Kano,140505.32
FB100349,50.0,Male,Oyo,29631.93
FB101212,18.0,Male,Rivers,63938.71
FB102288,22.0,Female,Imo,269035.41
FB105382,58.0,Male,Lagos,101334.77
FB100381,71.0,Female,Oyo,32673.97
FB103139,22.0,Male,Rivers,38654.4
FB103837,27.0,Female,Delta,16046.8
FB105679,29.0,Male,Edo,50085.76
FB100422,40.0,Female,Kano,62423.46
FB101073,18.0,Male,Kano,14598.2
FB100907,34.0,Female,Oyo,13625.37
FB101983,42.0,Male,Ogun,4543.19
FB103685,40.0,Male,Rivers,38717.0
FB101966,,Male,,83862.29
FB103307,47.0,Female,Imo,36247.09
FB100124,60.0,Female,Cross River,56697.19
FB100102,20.0,Male,Ogun,12944.06
FB101498,41.0,Male,Plateau,9265.6
FB102157,32.0,Female,Enugu,109811.11
FB101694,49.0,Female,Cross River,42317.94
FB105929,32.0,Female,Cross River,37464.62
FB100486,48.0,Male,Imo,17714.05
FB102351,46.0,Female,Imo,68581.38
FB102312,42.0,Female,Ogun,145462.15
FB101654,60.0,Female,Oyo,36302.97
FB100135,56.0,Female,Delta,7484.22
FB104351,19.0,Female,Abuja FCT,73277.27
FB104159,27.0,Female,Delta,21116.08
FB105576,22.0,Male,Oyo,2379.73
FB102663,31.0,Male,Ogun,46146.79
FB104387,56.0,Male,Kano,7982.24
FB103620,46.0,Male,Delta,22293.1
FB100811,,,,
FB104525,43.0,Female,Enugu,10493.4
FB104963,-1.0,Male,Kwara,28056.15
FB101149,46.0,Female,Edo,6950.8
FB101170,,,,57703.33
FB105805,46.0,Female,Abuja FCT,635856.29
FB103575,46.0,Female,Rivers,82057.96
FB104348,68.0,Female,Kaduna,7784.75
FB104251,62.0,Male,Imo,27187.77
FB102622,50.0,Male,Enugu,35787.89
FB103773,38.0,Male,Cross River,12346.57
FB100354,18.0,Female,Rivers,234709.07
FB102099,18.0,Male,Imo,68070.37
FB104851,45.0,Male,Rivers,36578.05
FB103560,32.0,Female,Rivers,14391.68
FB102232,30.0,Male,Plateau,10177.58
FB100144,41.0,Male,Kaduna,18306.85
FB100380,30.0,Male,Kaduna,41531.64
FB102164,60.0,Male,Cross River,23342.37
FB103159,50.0,Male,Kwara,32315.44
FB103442,40.0,Female,Plateau,14818.7
FB100121,44.0,Male,Plateau,94120.46
FB104589,24.0,Male,Anambra,21939.62
FB100611,46.0,Male,Rivers,57249.78
FB101599,33.0,Female,Delta,58749.89
FB103733,33.0,Male,Enugu,24246.78
FB100418,58.0,Male,Kaduna,12110.29
FB101564,38.0,Male,Ogun,23094.68
FB102317,29.0,Male,Lagos,1471.91
FB103571,38.0,Male,Kano,5716.1
FB102834,18.0,Female,Cross River,157514.74
FB103475,20.0,Female,Cross River,131700.33
FB104236,29.0,Female,Edo,18883.54
FB104815,64.0,Male,Lagos,32629.03
FB101103,57.0,Female,Imo,53700.34
FB102549,,,,39139.19
FB101905,25.0,Male,Edo,57653.76
FB100248,24.0,Male,Abuja FCT,29455.25
FB105681,26.0,Female,Oyo,40426.38
FB104766,18.0,Male,Abuja FCT,18832.34
FB104122,28.0,Male,Anambra,8229.12
FB105560,43.0,Female,Enugu,38563.94
FB100447,55.0,Male,Enugu,74130.39
FB105731,30.0,Female,Plateau,6898.14
FB104751,40.0,Female,Plateau,11763.7
FB101480,27.0,Male,Rivers,18593.2
FB101310,,,,86505.42
FB104256,41.0,Female,Kaduna,61548.94
FB105018,34.0,Female,Plateau,25739.4
FB102775,25.0,Female,Ogun,56799.58
FB103651,32.0,Male,Lagos,52727.52
FB102117,,,,
FB102815,28.0,Female,Imo,94024.14
FB105070,35.0,Male,Cross River,83131.6
FB105431,37.0,Male,Kano,25307.27
FB102641,51.0,Female,Cross River,70230.31
FB103458,23.0,Male,Edo,607163.42
FB105491,32.0,Male,Enugu,65571.59
FB103129,24.0,Male,Anambra,25223.02
FB100414,32.0,Male,Kaduna,26636.48
FB100752,35.0,Female,Delta,22058.41
FB104570,37.0,Female,Kano,29885.09
FB100794,,,,
FB104832,30.0,Female,Edo,147517.12
FB101056,38.0,Female,Delta,12059.33
FB100654,52.0,Female,Kano,61216.26
FB104812,22.0,Female,Delta,17190.35
FB101075,35.0,Female,Imo,225847.93
FB102890,21.0,Female,Rivers,17103.85
FB103471,54.0,Male,Delta,104436.62
FB104365,32.0,Male,Anambra,31448.9
FB103966,35.0,Male,Rivers,162135.06
FB103209,44.0,Female,Kaduna,28226.34
FB103337,50.0,Female,Plateau,85359.79
FB100589,25.0,Female,Kano,10786.51
FB102144,57.0,Female,Plateau,70697.6
FB104620,48.0,Female,Enugu,33794.34
FB105209,49.0,Male,Kwara,36692.77
FB101699,,,,23275.65
FB101501,32.0,Male,Delta,289658.07
FB101608,18.0,Male,Edo,20396.26
FB105706,43.0,Male,Cross River,47734.02
FB103612,37.0,Male,Ogun,10584.6
FB100701,53.0,Female,Kwara,80085.38
FB104222,40.0,Male,Kaduna,14238.45
FB101992,41.0,Female,Delta,3676.41
FB104818,37.0,Female,Kaduna,188446.29
FB104519,48.0,Female,Cross River,36017.89
FB102954,59.0,Female,Plateau,13473.59
FB100208,58.0,Male,Ogun,41243.22
FB102996,25.0,Female,Ogun,64258.69
FB102034,22.0,Male,Edo,115772.73
FB100425,29.0,Female,Delta,19711.85
FB101741,33.0,Male,Anambra,33839.95
FB102900,41.0,Male,Rivers,27943.59
FB105826,41.0,Female,Delta,230137.3
FB101175,51.0,Male,Plateau,71589.7
FB101330,22.0,Male,Lagos,13567.37
FB105414,30.0,Male,Abuja FCT,18866.89
FB100110,68.0,Female,Kano,4656.45
FB103161,32.0,Female,Abuja FCT,152768.57
FB102447,24.0,Male,Kwara,35924.35
FB102329,41.0,Female,Imo,15025.32
FB104148,63.0,Female,Cross River,54994.56
FB102245,,,,12665.97
FB101335,28.0,Male,Imo,68887.45
FB102338,,,,
FB103879,19.0,Male,Anambra,8708.77
FB101496,38.0,Male,Kwara,28755.09
FB104217,34.0,Male,Oyo,42852.61
FB101695,18.0,Male,Plateau,15016.32
FB102574,47.0,Male,Lagos,51955.12
FB104679,32.0,Male,Cross River,51018.9
FB104342,49.0,Female,Kaduna,52046.23
FB101870,,,,64434.72
FB104633,34.0,Male,Cross River,4365.22
FB103954,48.0,Male,Kano,85946.12
FB102577,26.0,Female,Edo,35883.98
FB100437,37.0,Female,Delta,261454.0
FB103563,38.0,Male,Edo,72214.34
FB101934,39.0,Female,Rivers,108632.95
FB102618,19.0,Male,Enugu,136330.06
FB102874,37.0,Male,Lagos,12406.3
FB101488,54.0,Male,Delta,14314.85
FB100107,33.0,Male,Oyo,83689.28
FB102963,46.0,Female,Imo,43622.2
FB100029,42.0,Male,Abuja FCT,106202.15
FB102464,21.0,Male,Anambra,31020.86
FB104540,36.0,Female,Enugu,212404.08
FB101002,18.0,Male,Rivers,45918.49
FB103340,33.0,Female,Kano,48769.26
FB101487,49.0,Female,Edo,40795.59
FB100751,27.0,Female,Plateau,36180.95
FB103053,68.0,Female,Ogun,14089.25
FB100584,45.0,Female,Plateau,92851.54
FB100196,20.0,Female,Anambra,272285.01
FB102225,31.0,Male,Ogun,21008.24
FB101835,51.0,Male,Delta,94802.11
FB102181,,Female,Cross River,135270.09
FB102135,,,,
FB101235,51.0,Male,Delta,489069.43
FB105721,30.0,Male,Lagos,58111.2
FB103960,55.0,Male,Cross River,131690.82
FB101780,41.0,Male,Edo,15796.75
FB104011,18.0,Female,Oyo,12762.17
FB102751,40.0,Male,Anambra,7940.89
FB103655,32.0,Female,Abuja FCT,15809.96
FB102753,24.0,Female,Oyo,2241.84
FB102542,50.0,Female,Kwara,468429.38
FB101860,,Male,,236449.49
FB105958,48.0,Female,Kwara,91596.23
FB101144,30.0,Female,Anambra,173616.97
FB100179,42.0,Male,Kwara,14618.54
FB103435,43.0,Female,Imo,75605.98
FB101371,38.0,Male,Anambra,67100.95
FB103014,18.0,Female,Kano,19037.64
FB102197,48.0,Male,Oyo,8157.81
FB105695,20.0,Male,Kano,57141.06
FB103590,42.0,Female,Enugu,24468.6
FB102244,49.0,Male,Imo,36368.5
FB100960,18.0,Female,Ogun,82677.38
FB102972,44.0,Male,Anambra,90849.86
FB101097,40.0,Male,Enugu,17532.64
FB101193,35.0,Female,Cross River,13139.04
FB100090,46.0,Male,Kano,14145.14
FB100977,30.0,Female,Ogun,164700.16
FB103937,74.0,Male,Delta,24596.83
FB103574,55.0,Female,Lagos,16130.86
FB102463,32.0,Male,Delta,47212.33
FB103217,39.0,Female,Oyo,25365.44
FB100624,41.0,Female,Anambra,6558.48
FB100069,48.0,Female,Anambra,9377.32
FB101351,64.0,Female,Cross River,111980.55
FB100889,32.0,Male,Imo,16955.32
FB104066,41.0,Male,Cross River,272615.42
FB104101,30.0,Female,Cross River,15038.48
FB101609,28.0,Male,Kaduna,80308.22
FB104874,29.0,Male,Kwara,129002.04
FB103934,,,,
FB100877,44.0,Male,Cross River,164558.99
FB101871,,,,
FB103532,41.0,Male,Imo,12925.13
FB100764,31.0,Male,Cross River,10598.0
FB100293,32.0,Male,Abuja FCT,14259.39
FB102377,31.0,Female,Kano,50235.07
FB105109,53.0,Female,Cross River,64431.18
FB100445,48.0,Male,Rivers,63449.62
FB100468,24.0,Female,Delta,79157.28
FB102519,59.0,Female,Anambra,55352.94
FB103651,32.0,Male,Lagos,52727.52
FB100432,30.0,Male,Cross River,23707.06
FB102662,40.0,Male,Plateau,35950.54
FB103844,34.0,Male,Kaduna,29269.39
FB103650,29.0,Female,Kano,20610.74
FB105190,68.0,Male,Kaduna,103246.85
FB104411,41.0,Male,Imo,17784.84
FB100577,59.0,Female,Delta,110282.31
FB102233,49.0,Male,Kwara,57494.74
FB100245,37.0,Female,Kano,184968.08
FB105621,33.0,Male,Anambra,46632.76
FB100367,51.0,Female,Kano,61074.96
FB105849,43.0,Male,Kaduna,7319.88
FB101194,,,,113411.07
FB102275,56.0,Female,Delta,91425.89
FB102925,41.0,Female,Oyo,21650.34
FB105875,46.0,Female,Kano,183863.17
FB103263,,,,
FB105962,31.0,Male,Delta,39390.33
FB105976,32.0,Male,Abuja FCT,1348.74
FB105406,36.0,Male,Enugu,46001.01
FB105690,44.0,Female,Lagos,35244.49
FB102407,41.0,Female,Kano,27652.53
FB105322,27.0,Female,Imo,46579.76
FB104087,31.0,Female,Edo,124655.22
FB100555,35.0,Female,Imo,46128.03
FB102223,26.0,Male,Cross River,40533.16
FB102213,,Male,,14346.25
FB101893,42.0,Male,Rivers,13714.74
FB102600,33.0,Female,Plateau,20719.35
FB104032,26.0,Female,Rivers,40108.39
FB105635,62.0,Male,Cross River,20970.62
FB105681,26.0,Female,Oyo,40426.38
FB103614,40.0,Male,Oyo,75243.84
FB105483,46.0,Male,Kano,11744.42
FB101454,,,,
FB105665,42.0,Female,Abuja FCT,52907.98
FB100151,47.0,Male,Imo,71069.06
FB103967,,Female,,92461.07
FB105696,44.0,Female,Oyo,2624.42
FB102131,47.0,Female,Abuja FCT,26345.84
FB101507,30.0,Female,Plateau,113802.15
FB103717,32.0,Male,Edo,50178.62
FB100915,47.0,Male,Imo,46935.88
FB104273,39.0,Female,Edo,132817.04
FB102640,29.0,Female,Cross River,74978.73
FB102864,,,,34277.5
FB101586,,Male,,85274.5
FB103799,50.0,Male,Kaduna,48059.94
FB102166,47.0,Female,Plateau,45223.24
FB101879,41.0,Male,Kaduna,35436.34
FB102840,25.0,Male,Anambra,24934.21
FB101862,29.0,Female,Cross River,68941.34
FB105349,44.0,Male,Ogun,3667.39
FB105647,18.0,Female,Anambra,9387.45
FB100748,64.0,Male,Cross River,137201.08
FB101319,24.0,Male,Kaduna,56258.91
FB102477,42.0,Male,Rivers,7877.54
FB101047,51.0,Female,Imo,33411.63
FB105792,45.0,Female,Ogun,119561.71
FB105061,47.0,Female,Cross River,6195.6
FB101046,46.0,Male,Rivers,10376.34
FB103318,42.0,Female,Abuja FCT,8575.12
FB101894,40.0,Male,Oyo,152299.74
FB103433,52.0,Male,Delta,14964.1
FB105800,18.0,Male,Edo,62001.64
FB104396,-1.0,Male,Oyo,26811.23
FB103994,42.0,Female,Delta,68776.99
FB100471,46.0,Female,Abuja FCT,32562.17
FB103066,62.0,Female,Rivers,37732.92
FB103050,30.0,Male,Anambra,46801.57
FB104230,28.0,Male,Lagos,3366.96
FB103834,37.0,Female,Rivers,34704.14
FB105752,62.0,Male,Cross River,41653.04
FB103392,46.0,Female,Edo,22849.43
FB100896,35.0,Female,Oyo,75998.9
FB102776,35.0,Female,Plateau,73316.79
FB100251,19.0,Female,Ogun,67458.38
FB101918,54.0,Female,Lagos,55146.27
FB102168,18.0,Male,Lagos,63169.53
FB102132,37.0,Male,Edo,62499.65
FB101539,41.0,Female,Kano,27628.93
FB104054,52.0,Male,Edo,57311.86
FB103275,37.0,Female,Ogun,129640.07
FB100292,40.0,Female,Kwara,47716.98
FB101199,40.0,Female,Kaduna,39193.99
FB105771,41.0,Female,Anambra,99218.8
FB105416,30.0,Male,Oyo,27558.96
FB105418,29.0,Male,Kaduna,17094.37
FB102918,18.0,Female,Abuja FCT,177878.04
FB103523,38.0,Female,Ogun,32788.66
FB104165,35.0,Female,Oyo,127738.17
FB101623,43.0,Male,Cross River,16212.34
FB101360,63.0,Male,Oyo,20820.19
FB101174,47.0,Male,Plateau,23594.91
FB101782,,,,
FB103971,19.0,Male,Kano,59239.21
FB104554,57.0,Female,Kano,57675.65
FB104152,48.0,Male,Kwara,87369.38
FB100613,38.0,Female,Imo,30893.4
FB103653,51.0,Male,Abuja FCT,176311.01
FB102942,18.0,Female,Cross River,228545.93
FB105545,,,,
FB103023,38.0,Female,Kano,196057.0
FB105505,40.0,Female,Kano,31500.94
FB100505,55.0,Female,Delta,45132.58
FB104610,41.0,Female,Edo,29511.81
FB100272,18.0,Male,Lagos,15114.58
FB102173,37.0,Male,Rivers,6371.6
FB102187,,,,
FB102678,18.0,Male,Kaduna,13420.75
FB103265,45.0,Female,Enugu,60237.27
FB105084,24.0,Female,Lagos,20651.85
FB100106,50.0,Male,Abuja FCT,74349.36
FB101142,31.0,Male,Anambra,60371.17
FB101374,43.0,Male,Cross River,29000.89
FB100952,36.0,Male,Imo,59426.09
FB103008,66.0,Male,Delta,44970.72
FB101672,25.0,Female,Kaduna,217796.28
FB103018,,,,5628.11
FB104706,45.0,Male,Delta,23269.47
FB102387,18.0,Female,Imo,85896.02
FB101024,33.0,Female,Cross River,43075.5
FB104372,64.0,Male,Kwara,16929.54
FB103908,30.0,Male,Ogun,13548.02
FB100416,24.0,Male,Kaduna,15606.19
FB104624,55.0,Female,Abuja FCT,5749.46
FB104772,56.0,Male,Lagos,31624.24
FB102868,45.0,Male,Ogun,171652.88
FB100564,37.0,Male,Lagos,52137.44
FB100478,42.0,Male,Delta,60019.73
FB101765,57.0,Female,Imo,280259.88
FB100142,65.0,Female,Abuja FCT,4241.63
FB104060,52.0,Female,Edo,9914.42
FB104830,37.0,Male,Plateau,49487.89
FB102042,55.0,Female,Edo,28374.59
FB103808,40.0,Male,Kwara,188063.2
FB100605,21.0,Male,Kaduna,16946.29
FB104714,18.0,Female,Anambra,337560.09
FB104981,46.0,Female,Plateau,28058.35
FB100497,24.0,Female,Enugu,26656.54
FB105181,41.0,Female,Plateau,9258.05
FB101302,29.0,Female,Edo,29644.21
FB105755,51.0,Male,Ogun,40274.62
FB102436,21.0,Female,Imo,46917.92
FB100721,40.0,Male,Kaduna,8720.96
FB101209,43.0,Male,Lagos,8441.21
FB101025,48.0,Female,Imo,13990.82
FB101438,,Male,Ogun,17421.19
FB102893,36.0,Female,Plateau,307573.74
FB104343,23.0,Male,Oyo,165736.23
FB102586,32.0,Male,Edo,12152.72
FB102215,18.0,Male,Plateau,3122.8
FB104901,67.0,Male,Oyo,11882.96
FB101720,39.0,Male,Delta,18480.39
FB105443,27.0,Female,Plateau,14340.27
FB104187,35.0,Male,Kwara,28957.26
FB102163,30.0,Female,Imo,97790.86
FB105886,45.0,Female,Kaduna,60706.13
FB100336,33.0,Male,Delta,24134.92
FB105332,46.0,Female,Lagos,36010.24
FB102303,33.0,Male,Anambra,62204.34
FB104541,36.0,Male,Anambra,50642.94
FB102716,39.0,Male,Plateau,24843.18
FB101844,54.0,Male,Ogun,30733.67
FB102077,,,,28599.82
FB102676,40.0,Male,Delta,130416.12
FB105474,28.0,Female,Anambra,423550.28
FB103227,18.0,Female,Lagos,12031.46
FB100724,54.0,Male,Rivers,37175.26
FB100765,39.0,Female,Kaduna,5191.18
FB100286,42.0,Male,Delta,28537.93
FB100307,69.0,Male,Abuja FCT,41862.4
FB102554,24.0,Female,Kwara,39703.35
FB104733,56.0,Female,Ogun,4695.55
FB102103,44.0,Male,Oyo,1571.7
FB105515,30.0,Female,Kwara,68248.77
FB104039,42.0,Female,Delta,157574.26
FB104010,18.0,Male,Kano,19500.89
FB105157,29.0,Male,Cross River,99403.57
FB101665,49.0,Male,Kwara,6632.24
FB100071,18.0,Male,Plateau,44493.45
FB101662,52.0,Male,Lagos,61247.88
FB100711,33.0,Male,Imo,14427.18
FB103820,18.0,Male,Kano,40068.06
FB101020,28.0,Male,Edo,23150.91
FB101425,30.0,Male,Edo,90822.95
FB104599,18.0,Male,Cross River,21937.54
FB104376,46.0,Male,Anambra,24027.16
FB100737,27.0,Male,Edo,74095.38
FB103484,37.0,Male,Kaduna,90133.18
FB104378,31.0,Male,Anambra,50185.94
FB102031,25.0,Male,Cross River,51553.38
FB105651,28.0,Male,Rivers,3317.27
FB102370,44.0,Male,Oyo,62654.17
FB102473,28.0,Male,Kaduna,8365.98
FB101095,18.0,Female,Cross River,60378.59
FB103497,29.0,Male,Delta,26169.41
FB105361,38.0,Female,Plateau,39277.85
FB103021,66.0,Male,Edo,24545.87
FB103393,50.0,Female,Anambra,10452.91
FB105937,,Male,Kano,6783.82
FB100978,18.0,Male,Lagos,1145696.59
FB102809,43.0,Female,Kaduna,30659.7
FB105180,39.0,Female,Anambra,16254.18
FB103622,47.0,Male,Lagos,18179.65
FB102988,59.0,Female,Kwara,72070.21
FB105358,38.0,Male,Ogun,82770.73
FB100344,47.0,Male,Cross River,59200.76
FB104486,29.0,Female,Imo,156609.55
FB100911,35.0,Female,Kano,17765.21
FB101684,43.0,Male,Abuja FCT,41947.4
FB100047,32.0,Male,Oyo,7259.99
FB105020,39.0,Male,Kwara,28612.39
FB105270,19.0,Male,Ogun,44468.28
FB100443,45.0,Male,Kaduna,24459.62
FB101770,42.0,Male,Lagos,179172.01
FB105841,63.0,Male,Cross River,39566.22
FB105275,29.0,Male,Abuja FCT,7696.23
FB104074,41.0,Female,Edo,19639.94
FB102913,36.0,Male,Abuja FCT,37714.99
FB103102,22.0,Female,Enugu,206969.85
FB101295,54.0,Male,Delta,21959.79
FB101544,18.0,Male,Lagos,42529.22
FB102921,18.0,Male,Kaduna,3511.01
FB101055,30.0,Female,Plateau,30361.41
FB100848,24.0,Male,Plateau,17231.26
FB102750,47.0,Female,Cross River,65285.68
FB102025,28.0,Male,Kano,44328.2
FB103464,37.0,Male,Anambra,11135.27
FB102820,48.0,Male,Edo,19623.81
FB105687,23.0,Male,Oyo,5712.92
FB104339,43.0,Male,Abuja FCT,6215.64
FB104919,25.0,Female,Ogun,9465.41
FB101112,29.0,Male,Rivers,155349.77
FB102210,55.0,Male,Anambra,10996.58
FB100776,26.0,Female,Edo,14624.18
FB105758,33.0,Female,Imo,86132.26
FB100183,40.0,Male,Kaduna,36822.03
FB103411,26.0,Female,Enugu,67027.04
FB105256,36.0,Male,Lagos,7682.63
FB101263,43.0,Female,Ogun,70794.43
FB104210,41.0,Male,Plateau,102548.08
FB100734,22.0,Female,Kwara,59222.86
FB101945,47.0,Female,Ogun,68928.74
FB101168,,,,
FB103252,51.0,Female,Enugu,27341.2
FB103905,45.0,Female,Rivers,29856.99
FB100785,48.0,Female,Imo,9138.78
FB100485,39.0,Female,Plateau,17168.7
FB105615,41.0,Male,Lagos,18994.86
FB100452,40.0,Female,Abuja FCT,38218.7
FB102154,35.0,Male,Anambra,21784.65
FB105891,,Female,,22352.77
FB100030,31.0,Male,Lagos,29607.27
FB100789,28.0,Male,Enugu,14894.13
FB105453,27.0,Female,Kano,52588.96
FB102410,35.0,Male,Cross River,29666.11
FB101109,65.0,Male,Oyo,27674.64
FB100100,42.0,Female,Kano,67296.46
FB104086,41.0,Male,Ogun,15327.74
FB103639,36.0,Male,Ogun,84708.02
FB103256,28.0,Female,Anambra,25935.93
FB101557,43.0,Male,Delta,47888.04
FB102254,46.0,Female,Kwara,33641.46
FB101616,24.0,Male,Delta,297319.02
FB103866,32.0,Female,Abuja FCT,36387.27
FB103207,42.0,Male,Enugu,17185.29
FB100861,47.0,Male,Edo,71460.79
FB102484,34.0,Male,Kaduna,179518.06
FB100903,41.0,Male,Cross River,63550.97
FB105471,46.0,Female,Abuja FCT,24788.18
FB100109,31.0,Male,Imo,39737.94
FB102758,44.0,Male,Kwara,72344.32
FB101419,66.0,Female,Lagos,30486.84
FB105106,46.0,Male,Edo,32101.59
FB102846,42.0,Female,Oyo,11477.3
FB102755,39.0,Male,Delta,80932.48
FB103816,50.0,Male,Abuja FCT,78808.0
FB103628,36.0,Male,Imo,74144.42
FB105949,18.0,Female,Anambra,113651.11
FB104458,60.0,Female,Cross River,20775.12
FB104241,62.0,Male,Lagos,8456.32
FB104307,37.0,Female,Lagos,12384.17
FB104842,27.0,Male,Delta,108133.19
FB104656,52.0,Male,Kaduna,33029.66
FB103785,23.0,Female,Kano,37525.49
FB105720,37.0,Female,Plateau,16564.35
FB104001,35.0,Female,Rivers,79714.35
FB101094,32.0,Female,Abuja FCT,69383.79
FB101121,63.0,Female,Abuja FCT,6498.55
FB105111,18.0,Male,Lagos,58302.42
FB101499,42.0,Male,Abuja FCT,30614.07
FB100809,32.0,Female,Cross River,128449.39
FB105299,41.0,Female,Enugu,53891.76
FB103176,20.0,Female,Anambra,81464.65
FB105997,43.0,Female,Anambra,9903.93
FB104618,44.0,Female,Rivers,5777.57
FB104951,23.0,Female,Oyo,34695.31
FB104657,,,,
FB105735,54.0,Female,Ogun,31665.93
FB103103,32.0,Male,Lagos,41860.85
FB101745,,,,
FB102333,29.0,Male,Cross River,226814.35
FB103666,68.0,Female,Lagos,168548.28
FB104604,41.0,Male,Imo,96301.33
FB101666,58.0,Male,Delta,68287.25
FB103690,50.0,Female,Enugu,56101.12
FB102926,45.0,Male,Anambra,12376.47
FB103784,53.0,Male,Oyo,19108.83
FB101595,32.0,Male,Imo,79503.35
FB104883,50.0,Female,Cross River,38944.63
FB102525,47.0,Male,Enugu,53438.25
FB101204,,Male,Cross River,10269.26
FB105710,40.0,Male,Cross River,71036.32
FB102598,51.0,Male,Kwara,25069.7
FB105912,23.0,Female,Kano,89689.92
FB102045,23.0,Female,Rivers,173261.05
FB102536,45.0,Male,Kaduna,6562.25
FB102518,66.0,Male,Anambra,17062.07
FB105927,30.0,Male,Edo,2813.09
FB100518,22.0,Female,Delta,7253.12
FB100829,24.0,Male,Ogun,127244.59
FB102431,29.0,Male,Kano,8220.52
FB104228,51.0,Female,Kwara,37261.79
FB100438,31.0,Female,Kaduna,46451.63
FB100627,53.0,Female,Edo,9598.81
FB102741,39.0,Male,Delta,37815.0
FB105858,42.0,Male,Lagos,16179.94
FB100925,29.0,Male,Enugu,255976.77
FB103107,26.0,Female,Cross River,5969.88
FB104994,25.0,Female,Rivers,15554.5
FB103396,49.0,Female,Kano,18620.39
FB102945,35.0,Female,Plateau,79781.14
FB104522,34.0,Male,Plateau,7094.8
FB101173,31.0,Male,Oyo,14058.0
FB105834,36.0,Male,Kano,5700.33
FB103910,45.0,Female,Ogun,92844.74
FB100944,31.0,Male,Kwara,35742.74
FB104836,24.0,Female,Rivers,6239.78
FB103221,20.0,Male,Edo,97919.56
FB100012,30.0,Female,Cross River,41028.2
FB101117,22.0,Female,Rivers,81132.63
FB104424,31.0,Male,Abuja FCT,75810.62
FB104128,52.0,Female,Imo,46723.58
FB104860,33.0,Male,Rivers,47169.6
FB100642,27.0,Male,Enugu,8397.12
FB103827,52.0,Male,Ogun,25164.59
FB101513,40.0,Female,Anambra,59524.34
FB101550,,Male,,93070.38
FB102754,35.0,Male,Cross River,31072.13
FB101350,43.0,Male,Cross River,120581.18
FB104558,58.0,Male,Delta,80996.45
FB105567,40.0,Male,Oyo,8287.22
FB102072,18.0,Male,Rivers,2010.62
FB103443,18.0,Female,Rivers,264641.64
FB104334,43.0,Male,Plateau,87415.1
FB102330,57.0,Male,Abuja FCT,26594.51
FB100653,38.0,Male,Imo,35953.05
FB100429,30.0,Male,Enugu,72854.89
FB101634,41.0,Male,Kaduna,73949.56
FB105780,40.0,Male,Ogun,10329.54
FB102589,36.0,Female,Edo,36948.03
FB102932,30.0,Female,Anambra,18773.4
FB102414,50.0,Male,Plateau,11433.63
FB102617,42.0,Male,Anambra,353291.45
FB102272,42.0,Male,Imo,69061.01
FB100838,53.0,Female,Abuja FCT,193580.29
FB101087,27.0,Female,Lagos,361671.85
FB102456,48.0,Male,Abuja FCT,43207.6
FB101964,22.0,Male,Ogun,43891.67
FB102995,44.0,Male,Enugu,50869.99
FB105108,49.0,Male,Abuja FCT,1782.07
FB104213,,,,
FB100856,18.0,Male,Kano,92241.36
FB105961,39.0,Female,Kaduna,18529.84
FB103133,38.0,Male,Cross River,105413.59
FB101743,57.0,Male,Kaduna,75464.67
FB103154,,,,37483.39
FB101837,,,,39346.47
FB102053,34.0,Female,Imo,161496.98
FB100693,54.0,Male,Ogun,202331.42
FB103305,46.0,Female,Kwara,104689.4
FB102742,18.0,Female,Oyo,82426.8
FB100188,49.0,Female,Kaduna,44430.27
FB100287,48.0,Male,Cross River,3189.92
FB105412,23.0,Female,Anambra,26738.47
FB101881,27.0,Female,Oyo,89824.04
FB102818,65.0,Female,Anambra,11983.63
FB102681,38.0,Male,Anambra,13091.15
FB103786,29.0,Male,Enugu,185742.82
FB103131,35.0,Female,Imo,50976.56
FB103412,47.0,Female,Oyo,18821.84
FB102399,18.0,Male,Edo,81887.25
FB102619,40.0,Male,Abuja FCT,91273.3
FB103817,62.0,Female,Rivers,22935.44
FB102526,42.0,Female,Anambra,26945.01
FB103065,41.0,Male,Oyo,19887.6
FB100210,64.0,Male,Kwara,250415.03
FB101520,45.0,Male,Edo,43160.04
FB101406,60.0,Male,Abuja FCT,25505.08
FB104663,27.0,Male,Oyo,118418.8
FB101400,40.0,Male,Kaduna,702455.29
FB100073,21.0,Female,Kano,8497.25
FB102582,48.0,Female,Rivers,105977.75
FB104323,18.0,Female,Lagos,28491.97
FB102673,34.0,Female,Abuja FCT,3224.82
FB105039,42.0,Male,Anambra,11570.66
FB103008,66.0,Male,Delta,44970.72
FB103218,20.0,Male,Edo,26654.67
FB103403,26.0,Female,Ogun,78016.98
FB100762,33.0,Male,Kaduna,120285.51
FB105745,27.0,Female,Rivers,44290.03
FB101231,44.0,Female,Abuja FCT,9307.46
FB103789,30.0,Male,Kaduna,7541.72
FB101652,,,,
FB105954,29.0,Male,Kano,34250.84
FB103670,30.0,Female,Imo,57133.64
FB100113,38.0,Male,Abuja FCT,11097.56
FB105158,53.0,Female,Edo,5793.05
FB102195,44.0,Male,Rivers,89493.19
FB102688,71.0,Male,Cross River,3058.33
FB103286,65.0,Female,Kwara,21660.79
FB101393,27.0,Male,Edo,8727.83
FB103033,27.0,Male,Ogun,121411.66
FB104333,25.0,Male,Ogun,17061.75
FB104428,40.0,Male,Oyo,42018.17
FB105182,25.0,Female,Abuja FCT,73893.3
FB102306,56.0,Female,Kwara,20668.96
FB104253,51.0,Male,Enugu,14443.59
FB104398,31.0,Female,Imo,97481.84
FB102503,51.0,Female,Kwara,62103.17
FB101755,53.0,Female,Rivers,13843.19
FB104382,37.0,Female,Enugu,22011.3
FB100252,29.0,Female,Abuja FCT,21251.06
FB100350,31.0,Male,Delta,115140.7
FB102836,29.0,Male,Cross River,811600.62
FB103264,,,,
FB100457,36.0,Male,Anambra,49361.38
FB105522,37.0,Male,Enugu,93466.25
FB100479,45.0,Female,Kwara,59425.54
FB101114,18.0,Female,Anambra,110003.24
FB100798,46.0,Male,Rivers,349145.85
FB104280,32.0,Male,Kaduna,79265.59
FB101864,22.0,Female,Kano,2841.94
FB102955,44.0,Female,Anambra,33012.08
FB100026,29.0,Female,Kano,71171.23
FB103162,31.0,Female,Imo,7677.13
FB103315,18.0,Female,Kwara,60050.09
FB103365,59.0,Female,Kaduna,13735.57
FB103942,,,,
FB101287,72.0,Female,Ogun,10687.57
FB101281,25.0,Male,Cross River,48094.45
FB101978,36.0,Female,Plateau,27904.63
FB102694,20.0,Male,Enugu,3308.45
FB104457,36.0,Female,Cross River,58508.0
FB105184,20.0,Female,Kwara,253041.42
FB103691,33.0,Male,Abuja FCT,15129.66
FB101103,57.0,Female,Imo,53700.34
FB104782,44.0,Female,Cross River,40689.29
FB102083,,,,27694.2
FB105472,49.0,Female,Rivers,137472.99
FB105885,18.0,Male,Abuja FCT,80808.28
FB105007,48.0,Male,Kaduna,38013.48
FB100607,34.0,Female,Abuja FCT,143274.3
FB103599,61.0,Female,Kwara,7135.83
FB104631,45.0,Male,Oyo,15629.05
FB104113,32.0,Female,Enugu,402038.72
FB102291,37.0,Male,Ogun,86025.85
FB104774,29.0,Male,Edo,3793.96
FB104923,41.0,Female,Plateau,47860.52
FB105983,39.0,Male,Delta,198491.57
FB104898,37.0,Female,Delta,54879.53
FB100203,24.0,Male,Lagos,31050.88
FB100339,50.0,Female,Kaduna,147076.86
FB102107,38.0,Female,Imo,67115.48
FB100837,58.0,Female,Kaduna,25474.86
FB104418,30.0,Male,Kano,8228.72
FB100387,46.0,Female,Cross River,6455.92
FB101471,46.0,Female,Rivers,29449.92
FB105588,41.0,Female,Lagos,101393.6
FB102650,35.0,Male,Edo,25746.78
FB102602,68.0,Male,Kwara,90215.79
FB103296,57.0,Male,Ogun,18315.5
FB103528,34.0,Male,Anambra,35237.89
FB105025,18.0,Female,Enugu,73171.2
FB103074,18.0,Male,Ogun,48211.89
FB102516,47.0,Female,Cross River,65662.18
FB105243,34.0,Female,Kwara,104655.75
FB102124,44.0,Female,Plateau,34089.02
FB101961,33.0,Male,Rivers,6168.9
FB103605,68.0,Male,Oyo,23967.61
FB100677,30.0,Male,Kaduna,2100.34
FB104987,57.0,Male,Kano,20011.24
FB105664,27.0,Male,Abuja FCT,21933.31
FB102313,29.0,Female,Abuja FCT,16215.68
FB100061,56.0,Female,Kano,7769.52
FB105099,54.0,Male,Plateau,50904.34
FB101820,31.0,Male,Enugu,29708.07
FB104196,58.0,Female,Cross River,24822.41
FB103995,53.0,Female,Plateau,35358.17
FB102873,,,,45365.56
FB100790,40.0,Female,Abuja FCT,128476.47
FB102960,54.0,Female,Kwara,43365.93
FB103550,35.0,Male,Plateau,31566.52
FB105514,42.0,Male,Kwara,47542.87
FB103204,,Female,,44364.23
FB104876,24.0,Male,Oyo,52587.9
FB105198,31.0,Male,Anambra,188791.97
FB101359,30.0,Female,Kaduna,41601.96
FB103460,41.0,Female,Kano,18143.52
FB104717,58.0,Male,Kwara,7616.98
FB102670,24.0,Male,Abuja FCT,58139.22
FB104108,57.0,Male,Ogun,3819.29
FB103806,27.0,Female,Delta,23606.4
FB100733,59.0,Male,Kaduna,56057.81
FB105843,52.0,Male,Plateau,1669.1
FB105346,51.0,Female,Kaduna,32944.24
FB102119,56.0,Female,Kaduna,33321.11
FB105493,59.0,Male,Kwara,29834.55
FB104025,23.0,Male,Plateau,9945.17
FB102345,36.0,Female,Enugu,47448.53
FB100527,30.0,Female,Imo,17347.68
FB101902,26.0,Female,Kwara,63893.69
FB104302,45.0,Male,Lagos,126950.75
FB102298,34.0,Female,Delta,150301.9
FB101468,30.0,Female,Rivers,28211.82
FB103815,51.0,Female,Rivers,14203.74
FB105208,54.0,Male,Kaduna,46126.66
FB102404,56.0,Female,Edo,22893.81
FB100803,39.0,Female,Delta,216890.15
FB100857,31.0,Female,Imo,32873.21
FB101578,21.0,Male,Ogun,40959.92
FB103303,27.0,Male,Kaduna,44648.7
FB103829,47.0,Male,Anambra,14422.14
FB105062,34.0,Male,Kwara,31573.73
FB105907,46.0,Male,Oyo,78775.8
FB104601,31.0,Female,Lagos,26607.93
FB105146,26.0,Female,Plateau,29980.61
FB100219,18.0,Male,Cross River,34162.97
FB101706,,Male,,14541.07
FB101288,57.0,Male,Kaduna,108721.48
FB101115,29.0,Female,Rivers,86654.84
FB100582,51.0,Male,Kano,531643.08
FB103250,53.0,Male,Kano,9593.33
FB100043,49.0,Female,Enugu,52136.8
FB103686,32.0,Male,Delta,4446.55
FB105217,41.0,Female,Abuja FCT,44238.71
FB103238,51.0,Female,Ogun,13339.23
FB104884,47.0,Male,Ogun,5160.8
FB101872,25.0,Male,Kaduna,29742.92
FB101729,38.0,Male,Lagos,10008.4
FB103944,45.0,Male,Imo,27039.31
FB103311,,,,
FB101730,60.0,Female,Oyo,292733.4
FB105324,33.0,Female,Rivers,6766.86
FB101224,27.0,Female,Edo,16990.42
FB105634,52.0,Male,Edo,141511.81
FB104416,31.0,Male,Plateau,102534.8
FB101071,40.0,Male,Kaduna,47493.52
FB100718,34.0,Male,Enugu,212794.06
FB105136,63.0,Male,Kano,102100.1
FB101505,36.0,Female,Rivers,156119.39
FB102339,49.0,Female,Kwara,47879.77
FB100670,40.0,Male,Rivers,36437.39
FB105478,18.0,Male,Kaduna,46483.93
FB103189,49.0,Female,Ogun,39319.55
FB102104,26.0,Female,Edo,10523.23
FB104865,21.0,Male,Enugu,129604.12
FB104817,37.0,Female,Anambra,7728.03
FB100897,40.0,Male,Ogun,15880.29
FB101258,39.0,Male,Enugu,3161.4
FB104013,23.0,Female,Kano,38789.15
FB100095,32.0,Male,Kaduna,93156.73
FB103771,48.0,Male,Plateau,160179.22
FB105573,28.0,Female,Abuja FCT,52928.43
FB102302,23.0,Female,Enugu,27472.93
FB100842,22.0,Female,Kaduna,134114.25
FB105189,35.0,Male,Abuja FCT,30905.98
FB101892,44.0,Female,Cross River,19818.93
FB105508,35.0,Male,Kaduna,15959.79
FB105047,36.0,Female,Kano,210878.11
FB105688,37.0,Female,Abuja FCT,106236.24
FB105285,18.0,Male,Kano,20456.51
FB105924,18.0,Male,Delta,28716.41
FB104634,,,,
FB100322,34.0,Female,Delta,26903.3
FB104414,44.0,Male,Oyo,9232.12
FB104490,34.0,Male,Rivers,163734.92
FB103240,47.0,Female,Imo,3903.21
FB100334,18.0,Male,Kaduna,120651.02
FB103482,40.0,Male,Plateau,65593.15
FB100332,28.0,Female,Rivers,40825.95
FB100833,25.0,Female,Plateau,20842.46
FB103395,36.0,Male,Abuja FCT,22042.32
FB102227,54.0,Male,Lagos,49891.24
FB102316,43.0,Male,Cross River,91266.64
FB105872,49.0,Female,Oyo,70960.8
FB102226,52.0,Female,Kaduna,50323.86
FB100731,35.0,Male,Edo,14248.79
FB104140,33.0,Female,Enugu,164708.66
FB100291,46.0,Female,Imo,441424.44
FB100184,39.0,Female,Edo,15516.97
FB104791,18.0,Female,Lagos,48836.67
FB104407,42.0,Female,Cross River,39038.8
FB102550,51.0,Female,Enugu,63060.73
FB100533,21.0,Female,Imo,130210.74
FB104336,37.0,Male,Oyo,134992.29
FB105982,27.0,Female,Kano,38219.74
FB104214,18.0,Female,Oyo,20205.2
FB105582,67.0,Male,Kano,44680.79
FB100657,38.0,Female,Kaduna,8578.21
FB101255,44.0,Male,Anambra,66303.06
FB102572,49.0,Male,Rivers,41598.85
FB105991,18.0,Male,Kano,26081.23
FB102552,43.0,Female,Ogun,45334.25
FB102669,33.0,Male,Anambra,84785.72
FB100898,33.0,Male,Imo,15129.04
FB100428,27.0,Female,Kano,60995.61
FB105947,32.0,Male,Ogun,27670.2
FB104825,-1.0,Male,Enugu,76473.04
FB104954,51.0,Male,Edo,172031.36
FB101436,18.0,Female,Cross River,19090.01
FB105509,20.0,Female,Delta,153086.84
FB101222,31.0,Male,Delta,48525.07
FB103100,30.0,Male,Kwara,10863.26
FB102095,43.0,Male,Plateau,48528.47
FB104437,44.0,Female,Anambra,25176.03
FB104930,45.0,Female,Lagos,61077.8
FB105405,28.0,Female,Ogun,46580.38
FB103470,32.0,Female,Anambra,104950.79
FB102927,20.0,Female,Ogun,5023.91
FB105623,40.0,Male,Oyo,32662.3
FB102523,18.0,Female,Rivers,35445.86
FB101825,-1.0,Female,Ogun,66561.21
FB104075,44.0,Male,Kwara,19955.78
FB102952,26.0,Male,Kano,23700.19
FB105497,20.0,Male,Edo,47360.79
FB104537,64.0,Male,Kwara,198211.01
FB105027,23.0,Female,Oyo,58506.65
FB105944,35.0,Male,Kano,16545.5
FB104961,18.0,Female,Ogun,114880.76
FB103116,35.0,Female,Anambra,2352.88
FB101410,34.0,Female,Edo,92011.95
FB104401,44.0,Female,Kano,73028.86
FB103135,33.0,Female,Enugu,82125.56
FB102375,52.0,Female,Oyo,27394.32
FB103319,32.0,Female,Cross River,34696.05
FB102259,42.0,Female,Imo,13526.24
FB100192,28.0,Male,Ogun,42848.81
FB101941,18.0,Male,Kwara,13638.48
FB101126,19.0,Female,Cross River,35835.78
FB101921,50.0,Male,Imo,8031.15
FB103734,32.0,Female,Delta,71932.35
FB104081,48.0,Female,Plateau,35446.04
FB102763,52.0,Male,Abuja FCT,36840.3
FB100304,18.0,Male,Rivers,188273.08
FB102177,43.0,Female,Lagos,79814.46
FB101292,52.0,Male,Oyo,18246.98
FB100070,40.0,Male,Plateau,152948.57
FB104173,33.0,Female,Delta,51414.46
FB101305,46.0,Male,Plateau,10389.45
FB102859,45.0,Female,Lagos,4467.4
FB103288,30.0,Female,Kwara,11984.21
FB105816,69.0,Female,Kwara,54458.12
FB105098,41.0,Male,Ogun,112812.53
FB101340,46.0,Female,Kwara,26049.4
FB100831,18.0,Female,Enugu,18608.91
FB102264,37.0,Male,Abuja FCT,19809.56
FB101456,28.0,Female,Anambra,83592.91
FB102689,45.0,Female,Cross River,19676.03
FB103339,29.0,Male,Rivers,19835.56
FB100238,45.0,Female,Ogun,51142.71
FB100092,35.0,Male,Cross River,79650.26
FB102263,19.0,Male,Kano,84140.76
FB104129,33.0,Male,Plateau,48810.15
FB103164,,,,
FB105446,37.0,Female,Rivers,64669.38
FB102677,30.0,Female,Edo,97187.91
FB101963,50.0,Male,Kaduna,60399.25
FB103541,27.0,Male,Lagos,17728.39
FB101001,27.0,Female,Oyo,25880.43
FB102389,23.0,Female,Cross River,1102.82
FB104764,40.0,Male,Ogun,30725.67
FB102344,19.0,Female,Anambra,21349.83
FB104053,37.0,Female,Delta,89379.14
FB101504,52.0,Female,Plateau,21628.41
FB100957,18.0,Female,Kwara,19991.43
FB105568,25.0,Female,Cross River,9895.2
FB104244,45.0,Female,Kano,16385.71
FB104769,21.0,Male,Oyo,26062.75
FB101532,18.0,Female,Kwara,51727.9
FB103398,58.0,Male,Imo,204769.05
FB104829,54.0,Male,Ogun,42137.52
FB100411,67.0,Male,Abuja FCT,24364.38
FB101405,36.0,Female,Lagos,18049.74
FB102680,,Male,,41171.92
FB105842,53.0,Female,Oyo,63428.84
FB102937,54.0,Male,Edo,12356.43
FB103904,59.0,Male,Imo,4380.64
FB103413,18.0,Male,Plateau,35827.52
FB105360,35.0,Male,Enugu,4120.69
FB102145,44.0,Male,Oyo,22621.58
FB101034,56.0,Male,Anambra,100592.9
FB102801,35.0,Male,Kano,105593.05
FB102715,29.0,Male,Kano,18417.68
FB102087,35.0,Female,Edo,62358.56
FB100931,48.0,Male,Abuja FCT,5306.11
FB105551,25.0,Female,Cross River,47116.99
FB103426,38.0,Male,Oyo,5440.64
FB100633,36.0,Male,Plateau,13436.12
FB103418,50.0,Male,Edo,5179.54
FB100498,61.0,Male,Oyo,73491.66
FB100937,55.0,Female,Abuja FCT,168594.58
FB100415,20.0,Male,Ogun,13219.96
FB105840,25.0,Male,Edo,26492.21
FB103375,49.0,Male,Delta,15631.53
FB104301,71.0,Male,Oyo,57581.45
FB103970,18.0,Male,Anambra,49852.86
FB102698,41.0,Female,Anambra,81337.28
FB100757,36.0,Female,Plateau,31763.65
FB101817,43.0,Male,Anambra,48703.21
FB105072,40.0,Male,Lagos,124209.78
FB101041,19.0,Male,Plateau,2905.04
FB102271,,Female,Edo,18817.93
FB103043,33.0,Female,Kaduna,6617.14
FB104294,28.0,Female,Anambra,28844.85
FB105750,45.0,Female,Kwara,57661.26
FB100596,30.0,Male,Kwara,51624.94
FB105903,19.0,Male,Rivers,46006.37
FB104937,42.0,Female,Lagos,35489.31
FB104412,49.0,Male,Abuja FCT,8080.28
FB101068,39.0,Female,Anambra,199570.37
FB101647,22.0,Female,Delta,11127.29
FB103121,,,,
FB104233,45.0,Male,Delta,169676.74
FB103034,49.0,Male,Rivers,21013.29
FB103320,23.0,Female,Rivers,262060.78
FB100652,44.0,Female,Delta,13516.75
FB104828,,,,
FB101700,44.0,Male,Plateau,67964.2
FB104689,32.0,Female,Imo,43168.24
FB104878,48.0,Female,Ogun,21051.42
FB102691,26.0,Female,Kwara,231648.71
FB105820,42.0,Male,Anambra,35079.83
FB102721,26.0,Female,Delta,20028.12
FB102706,28.0,Male,Kwara,95205.34
FB104925,29.0,Male,Kaduna,30579.83
FB102457,21.0,Male,Ogun,45822.76
FB100075,41.0,Male,Delta,53161.68
FB104492,35.0,Male,Kwara,227141.76
FB103705,51.0,Male,Delta,40423.94
FB103012,33.0,Male,Oyo,41284.25
FB105125,30.0,Male,Oyo,108425.29
FB104006,,,,
FB102004,31.0,Male,Kano,72886.56
FB105828,57.0,Female,Imo,120787.93
FB103269,31.0,Male,Abuja FCT,11783.1
FB103196,18.0,Male,Kano,17481.24
FB100108,27.0,Male,Kwara,27987.12
FB101010,38.0,Female,Imo,49272.17
FB101029,41.0,Female,Plateau,44933.95
FB102251,18.0,Male,Ogun,57199.41
FB100828,40.0,Female,Delta,154717.68
FB105399,38.0,Male,Rivers,139398.04
FB104283,53.0,Female,Kwara,64875.73
FB100096,40.0,Female,Oyo,9225.14
FB104293,62.0,Female,Edo,3444.13
FB105503,31.0,Female,Delta,16145.69
FB105169,31.0,Male,Imo,10508.99
FB101385,35.0,Female,Lagos,15974.74
FB101200,28.0,Female,Plateau,44112.7
FB100621,30.0,Female,Imo,11893.74
FB105533,34.0,Female,Kaduna,59787.03
FB101412,37.0,Male,Oyo,236692.25
FB100566,58.0,Male,Kaduna,59807.58
FB100543,51.0,Female,Imo,47224.5
FB101334,45.0,Male,Delta,72272.14
FB105286,22.0,Female,Abuja FCT,57141.84
FB100051,33.0,Male,Kwara,15025.36
FB105118,53.0,Female,Rivers,29632.75
FB101859,35.0,Female,Kwara,32306.68
FB102578,39.0,Male,Kwara,899856.79
FB104338,40.0,Female,Ogun,59292.95
FB101558,35.0,Female,Enugu,15813.66
FB100745,30.0,Female,Cross River,605626.79
FB104370,28.0,Male,Kaduna,193319.77
FB102916,23.0,Female,Anambra,89555.05
FB101467,49.0,Male,Plateau,183494.09
FB102057,59.0,Male,Imo,24102.16
FB100195,26.0,Female,Anambra,62386.93
FB103505,41.0,Female,Abuja FCT,37624.23
FB105041,41.0,Female,Rivers,203524.2
FB103891,39.0,Female,Kano,638926.74
FB100802,31.0,Male,Rivers,12725.19
FB101618,51.0,Male,Delta,9132.41
FB103361,42.0,Male,Kwara,2340.01
FB104421,37.0,Female,Enugu,26480.91
FB100620,33.0,Male,Imo,29029.32
FB103352,34.0,Female,Kwara,10103.66
FB104207,30.0,Female,Edo,50244.44
FB103731,22.0,Male,Lagos,10230.73
FB105513,40.0,Female,Kwara,7642.61
FB101886,27.0,Female,Enugu,15745.76
FB102024,,,,
FB100644,23.0,Female,Edo,3400.98
FB105377,30.0,Female,Kaduna,36176.72
FB104553,47.0,Female,Kaduna,59449.72
FB101897,38.0,Male,Edo,25382.82
FB101061,37.0,Female,Enugu,27195.86
FB104216,29.0,Male,Kano,82052.83
FB105274,32.0,Female,Kaduna,79519.29
FB100120,27.0,Female,Imo,32009.56
FB102998,52.0,Female,Lagos,9517.2
FB102970,20.0,Male,Anambra,84841.66
FB105259,18.0,Male,Ogun,372896.64
FB104888,43.0,Female,Oyo,43583.98
FB103148,25.0,Female,Rivers,10431.42
FB101230,38.0,Female,Plateau,82203.29
FB105644,27.0,Male,Edo,309854.91
FB103570,18.0,Female,Kano,56115.02
FB104160,18.0,Male,Oyo,8464.65
FB105766,29.0,Female,Delta,6454.14
FB103404,33.0,Female,Plateau,8644.7
FB100134,32.0,Male,Rivers,41932.42
FB103586,35.0,Male,Lagos,70545.3
FB102653,,,,
FB104369,57.0,Female,Anambra,7110.75
FB103007,44.0,Male,Kano,14080.69
FB104258,25.0,Female,Kwara,149833.05
FB101721,39.0,Male,Anambra,208457.32
FB103519,18.0,Female,Anambra,15354.28
FB100511,37.0,Female,Kano,383270.93
FB104185,32.0,Male,Imo,13262.15
FB100062,45.0,Male,Imo,404133.76
FB101553,21.0,Female,Plateau,68161.1
FB103881,24.0,Male,Oyo,70828.58
FB105291,31.0,Female,Plateau,3167.28
FB105714,36.0,Male,Delta,67510.68
FB104151,28.0,Female,Imo,42308.43
FB102284,56.0,Female,Rivers,36885.15
FB105863,44.0,Male,Abuja FCT,161412.32
FB102153,29.0,Male,Delta,81239.03
FB100679,18.0,Female,Anambra,44431.14
FB103793,24.0,Male,Anambra,89302.05
FB101211,35.0,Female,Edo,34619.6
FB100122,22.0,Male,Lagos,25135.81
FB104024,21.0,Female,Delta,39825.38
FB100237,59.0,Male,Edo,27613.51
FB104144,29.0,Female,Cross River,4461.05
FB103578,53.0,Female,Kaduna,15482.27
FB105319,32.0,Female,Lagos,35215.22
FB101210,51.0,Female,Cross River,131471.98
FB100567,34.0,Female,Ogun,104872.0
FB103153,27.0,Female,Cross River,93215.85
FB100548,39.0,Male,Kano,4031.84
FB104314,46.0,Female,Rivers,17104.82
FB100864,42.0,Male,Abuja FCT,274306.68
FB104602,23.0,Female,Kwara,5567.75
FB101392,31.0,Male,Oyo,24658.74
FB104561,46.0,Female,Kaduna,36883.49
FB103276,43.0,Female,Abuja FCT,15959.33
FB105200,37.0,Female,Rivers,33308.0
FB102114,41.0,Female,Kaduna,36658.91
FB103163,31.0,Female,Kwara,71749.51
FB100720,46.0,Female,Imo,132034.86
FB103951,43.0,Male,Cross River,9984.0
FB105888,19.0,Female,Plateau,33623.05
FB100690,46.0,Female,Enugu,21232.69
FB105537,29.0,Female,Plateau,45002.1
FB101773,46.0,Female,Enugu,182260.99
FB100602,38.0,Female,Plateau,37973.77
FB103167,36.0,Female,Abuja FCT,39835.1
FB102728,29.0,Male,Anambra,26761.91
FB102476,48.0,Female,Kwara,105506.3
FB105577,24.0,Male,Rivers,123510.08
FB104423,33.0,Male,Kwara,41506.58
FB100503,49.0,Female,Anambra,73034.63
FB104564,45.0,Male,Kano,108429.56
FB100318,48.0,Female,Imo,39365.68
FB102841,24.0,Female,Oyo,38277.13
FB101919,25.0,Male,Rivers,25813.72
FB100274,42.0,Male,Delta,18687.62
FB105227,25.0,Male,Kaduna,21163.64
FB102929,34.0,Male,Kano,18131.74
FB101361,24.0,Female,Oyo,185318.22
FB105133,32.0,Female,Kano,31660.02
FB101526,34.0,Male,Delta,15334.66
FB104839,41.0,Male,Kwara,36034.45
FB102229,18.0,Male,Abuja FCT,75226.36
FB105401,41.0,Male,Kano,38112.23
FB102357,39.0,Male,Abuja FCT,34832.9
FB102350,25.0,Female,Edo,7407.69
FB104743,35.0,Male,Abuja FCT,135224.98
FB103094,37.0,Male,Kwara,148217.0
FB105893,29.0,Female,Imo,123351.67
FB103659,42.0,Female,Enugu,4963.2
FB100945,45.0,Male,Ogun,36572.96
FB104781,45.0,Male,Kano,167662.44
FB105865,24.0,Male,Cross River,535173.64
FB100295,38.0,Female,Cross River,21473.54
FB101965,46.0,Female,Kano,195015.53
FB103132,30.0,Male,Abuja FCT,42345.57
FB100298,34.0,Female,Plateau,12374.09
FB100068,27.0,Female,Anambra,25482.12
FB105207,38.0,Female,Imo,29315.45
FB100736,36.0,Male,Rivers,36907.02
FB101598,47.0,Female,Enugu,4575.79
FB102432,37.0,Male,Cross River,5692.28
FB104634,,,,
FB103752,29.0,Male,Imo,3083.72
FB101503,44.0,Male,Imo,6620.76
FB104567,18.0,Female,Delta,20240.63
FB100150,27.0,Male,Lagos,19610.12
FB100756,28.0,Female,Kano,4660.18
FB102094,32.0,Male,Imo,33879.48
FB103604,21.0,Male,Rivers,129335.25
FB101703,46.0,Female,Imo,41722.49
FB105546,37.0,Female,Kwara,43467.58
FB104596,46.0,Female,Kaduna,53166.28
FB100169,43.0,Male,Anambra,19533.83
FB105454,30.0,Female,Abuja FCT,16871.22
FB100376,25.0,Female,Delta,115728.94
FB102543,37.0,Male,Lagos,63292.57
FB102445,27.0,Female,Anambra,9497.53
FB100859,47.0,Male,Plateau,22493.13
FB105141,51.0,Male,Abuja FCT,46939.44
FB104879,36.0,Female,Plateau,19806.63
FB105132,47.0,Male,Kano,56433.09
FB100378,44.0,Female,Ogun,44503.35
FB105676,58.0,Male,Imo,163858.61
FB102346,50.0,Male,Kaduna,64834.15
FB101294,27.0,Male,Edo,33864.51
FB104254,30.0,Male,Enugu,69765.39
FB101432,43.0,Male,Imo,25884.79
FB102780,24.0,Female,Delta,35281.47
FB104250,70.0,Male,Edo,22096.95
FB104015,32.0,Female,Abuja FCT,189500.75
FB101779,36.0,Female,Kaduna,8698.12
FB104264,51.0,Female,Plateau,22240.42
FB103326,28.0,Female,Kwara,52656.38
FB104645,29.0,Female,Enugu,52583.08
FB101818,33.0,Male,Plateau,54560.6
FB103646,29.0,Male,Rivers,12381.02
FB100841,26.0,Male,Kwara,51885.53
FB102646,18.0,Male,Delta,13226.35
FB101189,32.0,Male,Kwara,48354.21
FB100175,42.0,Female,Imo,184036.95
FB104665,56.0,Female,Kano,25830.68
FB102764,,,,
FB100927,51.0,Female,Ogun,17366.84
FB103353,32.0,Male,Kano,37632.97
FB100045,39.0,Male,Plateau,105399.11
FB101260,40.0,Male,Abuja FCT,968772.32
FB101096,64.0,Female,Ogun,8107.21
FB101443,31.0,Male,Abuja FCT,167237.72
FB105321,51.0,Male,Imo,28882.01
FB104796,54.0,Male,Kaduna,126766.38
FB101187,52.0,Male,Plateau,178679.53
FB105165,27.0,Female,Rivers,20214.04
FB105769,46.0,Male,Enugu,163874.32
FB101030,49.0,Female,Rivers,31222.4
FB102655,34.0,Male,Cross River,141082.02
FB100300,47.0,Female,Kano,13168.96
FB105159,52.0,Male,Anambra,350271.89
FB101472,42.0,Male,Rivers,10275.72
FB100283,18.0,Male,Cross River,11981.33
FB105741,33.0,Male,Rivers,21414.28
FB103551,39.0,Female,Kwara,26171.45
FB104822,35.0,Female,Lagos,26316.89
FB105742,30.0,Female,Anambra,35392.9
FB101813,27.0,Male,Kwara,84156.44
FB104002,54.0,Male,Plateau,68018.57
FB103038,21.0,Female,Kaduna,13562.03
FB104200,41.0,Female,Kwara,130808.54
FB105028,35.0,Male,Delta,5709.2
FB103106,31.0,Female,Oyo,8646.86
FB103017,19.0,Male,Abuja FCT,39193.68
FB101338,42.0,Male,Abuja FCT,6494.54
FB104328,33.0,Female,Rivers,222496.21
FB104622,34.0,Female,Ogun,15680.73
FB103936,75.0,Male,Kwara,13464.45
FB104586,46.0,Male,Abuja FCT,10235.84
FB102378,18.0,Male,Abuja FCT,148602.99
FB104597,24.0,Female,Kaduna,6749.85
FB102465,52.0,Male,Rivers,3260.45
FB105544,,Male,,212183.88
FB100257,30.0,Male,Edo,83360.54
FB100507,60.0,Male,Plateau,45148.03
FB102347,35.0,Female,Ogun,29201.77
FB100099,38.0,Female,Delta,10329.23
FB104121,35.0,Female,Kwara,158332.31
FB100744,18.0,Female,Kaduna,145632.63
FB102167,44.0,Male,Ogun,17852.0
FB105633,41.0,Male,Kaduna,88423.01
FB101375,60.0,Male,Enugu,204909.09
FB103980,29.0,Male,Delta,219869.76
FB103932,32.0,Male,Cross River,11856.8
FB105969,29.0,Female,Oyo,225202.81
FB105916,43.0,Female,Oyo,6222.32
FB104284,43.0,Female,Rivers,5461.71
FB101157,46.0,Female,Ogun,57742.3
FB101858,80.0,Male,Edo,459874.03
FB104427,36.0,Female,Edo,17509.85
FB104648,28.0,Male,Kaduna,16630.32
FB104977,41.0,Male,Oyo,78178.98
FB101437,37.0,Female,Delta,13351.02
FB105043,25.0,Female,Imo,7943.06
FB100366,43.0,Female,Plateau,5581.19
FB104852,45.0,Female,Delta,14915.25
FB103026,33.0,Female,Enugu,92952.34
FB100402,32.0,Female,Delta,25845.99
FB104709,39.0,Male,Edo,27587.47
FB104881,40.0,Male,Cross River,51936.93
FB100949,45.0,Male,Cross River,26238.2
FB102860,32.0,Male,Lagos,241438.63
FB100019,20.0,Male,Enugu,45095.93
FB100229,30.0,Female,Kaduna,9723.82
FB104246,36.0,Male,Oyo,19716.27
FB100668,30.0,Male,Cross River,26037.25
FB100218,59.0,Male,Kaduna,7957.65
FB105079,44.0,Male,Oyo,137764.34
FB104778,18.0,Male,Ogun,81417.5
FB101962,34.0,Female,Kano,25083.72
FB105123,20.0,Male,Oyo,72733.73
FB102584,28.0,Female,Edo,10500.01
FB104449,24.0,Male,Delta,72090.43
FB100585,47.0,Female,Abuja FCT,49479.34
FB105988,40.0,Female,Imo,7693.4
FB103006,40.0,Female,Kwara,121006.25
FB102759,21.0,Female,Cross River,6952.4
FB105107,18.0,Male,Kaduna,12562.23
FB104003,39.0,Female,Plateau,188680.98
FB105877,30.0,Female,Anambra,141347.26
FB103260,33.0,Female,Oyo,33442.43
FB100777,35.0,Female,Edo,54399.05
FB102380,21.0,Female,Abuja FCT,75790.19
FB101018,43.0,Female,Anambra,20746.65
FB101606,59.0,Female,Edo,193990.12
FB102576,44.0,Male,Anambra,20289.91
FB102886,47.0,Male,Anambra,14476.75
FB103529,63.0,Female,Plateau,77315.7
FB105367,25.0,Female,Edo,1037.09
FB104731,36.0,Female,Cross River,48282.45
FB101491,47.0,Female,Abuja FCT,49891.01
FB102098,52.0,Female,Anambra,6488.5
FB102366,24.0,Male,Anambra,61129.4
FB105350,30.0,Male,Imo,71261.24
FB102642,59.0,Male,Rivers,57377.6
FB104953,46.0,Male,Ogun,467367.02
FB105607,44.0,Male,Plateau,123395.35
FB102957,34.0,Female,Oyo,13590.6
FB101593,22.0,Female,Lagos,97058.33
FB100517,31.0,Female,Enugu,205127.18
FB100321,34.0,Male,Kaduna,6950.32
FB103742,33.0,Male,Lagos,18212.02
FB103835,47.0,Male,Abuja FCT,3958.45
FB104157,49.0,Male,Edo,84630.45
FB103796,28.0,Male,Delta,32461.65
FB100217,57.0,Female,Cross River,39399.34
FB105966,32.0,Male,Abuja FCT,98474.96
FB100568,53.0,Female,Rivers,9410.97
FB100360,42.0,Female,Enugu,5534.82
FB104434,38.0,Female,Abuja FCT,8081.03
FB103434,31.0,Male,Oyo,8479.59
FB103095,52.0,Female,Delta,11114.22
FB103660,46.0,Male,Rivers,31906.53
FB101052,22.0,Male,Cross River,221226.04
FB102876,56.0,Female,Kano,8171.7
FB100759,24.0,Female,Lagos,279149.24
FB104732,44.0,Male,Oyo,9186.39
FB102638,,,,
FB104037,18.0,Female,Oyo,43020.63
FB101426,23.0,Female,Plateau,46286.03
FB102718,37.0,Male,Cross River,133570.7
FB103805,41.0,Female,Delta,628.16
FB100214,51.0,Female,Lagos,5246.87
FB101614,48.0,Male,Abuja FCT,34789.77
FB104740,45.0,Female,Rivers,22499.02
FB101717,67.0,Male,Cross River,96562.03
FB102819,33.0,Female,Rivers,46852.9
FB102110,18.0,Female,Kaduna,91973.14
FB103515,20.0,Female,Rivers,20230.25
FB104358,46.0,Female,Delta,42664.53
FB101702,43.0,Female,Edo,2240.67
FB103896,25.0,Female,Delta,22131.96
FB104453,47.0,Female,Kwara,6691.02
FB103119,,Male,,53986.31
FB100725,42.0,Female,Oyo,236200.53
FB102571,51.0,Male,Edo,23197.36
FB100049,38.0,Female,Enugu,28055.9
FB104760,51.0,Female,Kwara,321488.64
FB100887,28.0,Male,Imo,8501.31
FB104184,59.0,Male,Anambra,47082.06
FB100516,43.0,Female,Anambra,74007.04
FB102209,33.0,Female,Enugu,3164.71
FB100139,38.0,Female,Lagos,23769.42
FB104291,18.0,Female,Kwara,72599.51
FB105507,50.0,Male,Imo,39504.5
FB102569,28.0,Female,Lagos,17589.49
FB100463,30.0,Female,Edo,54991.45
FB103405,43.0,Male,Kano,7501.79
FB103184,27.0,Male,Abuja FCT,22708.97
FB100594,45.0,Female,Kaduna,12516.73
FB100450,42.0,Male,Oyo,23560.51
FB104712,49.0,Male,Enugu,37250.28
FB102594,26.0,Female,Imo,243844.64
FB100312,58.0,Male,Oyo,20695.32
FB104410,42.0,Male,Oyo,159053.2
FB105261,18.0,Female,Anambra,33916.28
FB100451,38.0,Female,Abuja FCT,148196.9
FB104913,18.0,Female,Oyo,18754.28
FB100890,19.0,Female,Kwara,33142.9
FB104438,34.0,Female,Oyo,9444.21
FB105768,58.0,Female,Rivers,44609.78
FB103589,32.0,Female,Ogun,16371.01
FB105697,27.0,Female,Kwara,16980.83
FB100999,35.0,Female,Oyo,16004.21
FB103872,43.0,Male,Rivers,14900.07
FB101476,44.0,Male,Ogun,193514.33
FB105477,29.0,Male,Kaduna,30744.39
FB105532,54.0,Female,Enugu,25342.02
FB105129,32.0,Female,Anambra,35025.72
FB103540,,,,
FB104204,29.0,Male,Abuja FCT,34717.21
FB103697,38.0,Male,Enugu,4820.6
FB105606,46.0,Male,Kano,68546.57
FB101293,20.0,Male,Kano,29048.48
FB105362,46.0,Male,Kwara,16658.29
FB105732,80.0,Male,Delta,31092.92
FB101907,21.0,Female,Anambra,5052.22
FB103869,40.0,Male,Cross River,71444.8
FB104974,35.0,Male,Kano,151855.99
FB100368,41.0,Female,Lagos,107040.24
FB101937,28.0,Female,Imo,134738.25
FB101151,33.0,Male,Kaduna,47821.0
FB103606,21.0,Male,Abuja FCT,23209.76
FB102707,28.0,Female,Rivers,73795.64
FB105992,,Male,Kano,80234.04
FB100191,18.0,Female,Lagos,20366.96
FB100174,28.0,Female,Rivers,28715.95
FB103258,60.0,Male,Kwara,42563.79
FB103450,50.0,Female,Enugu,38580.54
FB103948,55.0,Male,Kano,31804.21
FB103939,30.0,Female,Rivers,56328.09
FB105294,43.0,Male,Kwara,24172.61
FB105927,30.0,Male,Edo,2813.09
FB104180,46.0,Male,Abuja FCT,48179.9
FB102905,52.0,Female,Abuja FCT,177395.44
FB101164,47.0,Male,Kaduna,92412.02
FB102170,50.0,Male,Cross River,44850.39
FB105302,,,,
FB101661,18.0,Female,Kwara,48231.79
FB100508,29.0,Male,Abuja FCT,21326.92
FB100166,38.0,Male,Lagos,17242.32
FB104043,18.0,Male,Enugu,27069.12
FB105155,39.0,Female,Lagos,20441.94
FB103080,39.0,Male,Enugu,94719.66
FB104077,50.0,Female,Kano,23751.41
FB100103,44.0,Male,Edo,63905.75
FB102481,36.0,Male,Imo,51018.94
FB103290,-1.0,Female,Edo,47550.26
FB104030,39.0,Male,Rivers,42858.65
FB101752,31.0,Male,Abuja FCT,8024.77
FB105433,40.0,Male,Abuja FCT,15151.8
FB105570,22.0,Female,Abuja FCT,183089.1
FB101658,37.0,Female,Ogun,12326.0
FB100152,37.0,Male,Kano,41318.27
FB105186,42.0,Male,Oyo,19498.93
FB101583,32.0,Female,Enugu,43211.37
FB103063,,Male,,188698.8
FB104224,27.0,Female,Cross River,52344.89
FB104464,24.0,Male,Edo,41752.19
FB102268,40.0,Female,Cross River,26012.04
FB102722,47.0,Female,Delta,28450.55
FB104012,18.0,Female,Oyo,31235.53
FB101822,27.0,Female,Kaduna,10663.15
FB104692,28.0,Female,Lagos,54353.64
FB103459,60.0,Female,Abuja FCT,35078.01
FB100309,44.0,Female,Enugu,46456.54
FB103706,35.0,Male,Plateau,56387.34
FB104034,38.0,Male,Cross River,24373.48
FB102644,30.0,Male,Cross River,98860.04
FB100495,40.0,Female,Imo,3843.32
FB100205,47.0,Male,Kwara,10539.59
FB101434,44.0,Female,Cross River,140347.75
FB101135,42.0,Male,Delta,21248.65
FB100868,24.0,Female,Cross River,11219.59
FB100305,46.0,Male,Oyo,34161.58
FB101849,50.0,Female,Imo,28424.51
FB102299,43.0,Female,Kano,153462.44
FB101988,44.0,Male,Rivers,178445.1
FB103858,28.0,Female,Enugu,132755.09
FB101534,40.0,Male,Ogun,77807.65
FB100843,31.0,Female,Rivers,45309.66
FB101987,42.0,Male,Lagos,44834.59
FB103862,,Male,,7521.42
FB103955,42.0,Male,Cross River,67593.56
FB102609,31.0,Male,Enugu,9712.35
FB103297,18.0,Female,Plateau,156526.82
FB101538,48.0,Female,Ogun,66725.61
FB100211,34.0,Male,Imo,105738.89
FB101957,18.0,Female,Delta,32825.82
FB103831,29.0,Male,Enugu,75291.7
FB102388,37.0,Male,Kwara,136311.28
FB102784,41.0,Female,Imo,12112.18
FB101349,46.0,Female,Delta,156658.98
FB102199,52.0,Male,Edo,102443.57
FB104652,50.0,Female,Enugu,101834.49
FB100680,37.0,Male,Abuja FCT,68680.5
FB100180,44.0,Male,Kaduna,196028.0
FB104259,29.0,Male,Ogun,125709.91
FB104823,44.0,Male,Lagos,35182.42
FB104605,19.0,Female,Lagos,13138.53
FB100278,31.0,Female,Oyo,22565.69
FB100289,18.0,Female,Cross River,127788.2
FB104563,45.0,Female,Anambra,14826.28
FB100993,47.0,Female,Oyo,64074.14
FB102664,44.0,Male,Plateau,5315.67
FB102846,42.0,Female,Oyo,11477.3
FB105435,54.0,Male,Enugu,49518.91
FB105973,45.0,Female,Lagos,7361.33
FB100270,48.0,Female,Oyo,10481.03
FB103520,47.0,Male,Kano,23033.74
FB104967,38.0,Male,Enugu,41611.43
FB105850,45.0,Male,Ogun,72467.0
FB104724,33.0,Female,Ogun,81972.43
FB100111,46.0,Male,Kaduna,6161.11
FB101391,22.0,Male,Anambra,11542.04
FB100220,42.0,Male,Enugu,35032.65
FB103322,25.0,Male,Oyo,262584.47
FB100083,48.0,Male,Anambra,292573.82
FB103535,53.0,Male,Plateau,12958.73
FB103499,37.0,Male,Ogun,56310.72
FB100461,39.0,Male,Kano,16812.32
FB105347,46.0,Male,Abuja FCT,11107.21
FB100551,65.0,Female,Plateau,31146.32
FB105112,,,,
FB105678,38.0,Female,Kaduna,72468.94
FB102843,54.0,Female,Enugu,21005.93
FB102146,18.0,Female,Oyo,28873.66
FB105234,53.0,Female,Lagos,103179.57
FB105300,53.0,Female,Plateau,17473.65
FB100650,29.0,Male,Abuja FCT,108146.99
FB100708,38.0,Female,Ogun,48798.34
FB104362,36.0,Female,Edo,23976.61
FB103128,56.0,Male,Ogun,8269.0
FB103975,19.0,Male,Kwara,106474.36
FB101424,30.0,Male,Edo,20069.67
FB101216,37.0,Female,Plateau,29977.74
FB104641,27.0,Male,Delta,78608.36
FB101924,36.0,Female,Edo,7506.56
FB102812,60.0,Male,Rivers,32621.34
FB102802,43.0,Male,Kwara,46288.18
FB100314,38.0,Male,Imo,121007.85
FB104903,40.0,Male,Delta,106314.53
FB101427,53.0,Female,Enugu,20650.28
FB103946,22.0,Male,Kaduna,11921.41
FB104603,51.0,Female,Oyo,4782.74
FB103085,26.0,Female,Plateau,42013.52
FB103978,37.0,Male,Kwara,390441.44
FB103306,22.0,Male,Ogun,406895.09
FB105980,38.0,Female,Imo,37847.63
FB103384,59.0,Female,Anambra,18176.17
FB101923,52.0,Female,Abuja FCT,21824.02
FB105492,50.0,Male,Edo,45011.72
FB100684,32.0,Male,Delta,13721.47
FB104454,45.0,Female,Rivers,77105.87
FB103915,35.0,Male,Cross River,82375.64
FB105212,25.0,Male,Imo,63424.61
FB103010,41.0,Male,Kaduna,56339.49
FB100326,34.0,Male,Imo,10751.73
FB105085,61.0,Female,Oyo,98810.46
FB103545,31.0,Male,Enugu,229768.48
FB102666,41.0,Male,Kaduna,134947.64
FB105260,32.0,Female,Edo,42624.25
FB105110,,,,29189.78
FB105694,45.0,Male,Kano,26680.52
FB102409,46.0,Male,Rivers,26703.28
FB103897,38.0,Male,Edo,134988.54
FB100348,42.0,Male,Edo,9170.76
FB101626,46.0,Male,Edo,116300.21
FB103316,,,,
FB100871,38.0,Female,Kwara,130361.43
FB103047,38.0,Male,Delta,81802.33
FB105403,30.0,Male,Kano,35843.2
FB102406,46.0,Female,Delta,14997.77
FB102218,53.0,Male,Anambra,26908.59
FB104768,27.0,Female,Kano,111345.27
FB102121,30.0,Male,Anambra,78319.95
FB104577,34.0,Female,Imo,21826.02
FB100085,26.0,Female,Delta,14803.35
FB102897,34.0,Male,Kano,32311.76
FB101877,29.0,Female,Kwara,4163.8
FB104800,18.0,Male,Delta,146617.92
FB105204,53.0,Female,Abuja FCT,44937.5
FB105100,41.0,Female,Imo,45959.79
FB100494,35.0,Male,Cross River,37405.55
FB105666,44.0,Male,Enugu,121836.12
FB103197,26.0,Male,Abuja FCT,88449.86
FB103617,29.0,Male,Kwara,149495.32
FB101270,28.0,Male,Cross River,9096.5
FB105006,20.0,Male,Abuja FCT,21751.85
FB105239,62.0,Male,Plateau,55973.0
FB105026,29.0,Female,Rivers,10878.86
FB100618,59.0,Male,Delta,19752.85
FB105202,32.0,Female,Anambra,114641.11
FB102705,31.0,Female,Ogun,20415.84
FB105829,44.0,Female,Rivers,22171.07
FB104315,20.0,Male,Abuja FCT,26439.48
FB102292,35.0,Female,Lagos,134918.24
FB103142,30.0,Male,Edo,18439.35
FB101413,54.0,Male,Kwara,33921.2
FB102201,26.0,Female,Abuja FCT,53287.37
FB103321,26.0,Male,Imo,17389.46
FB104538,33.0,Female,Kano,10197.54
FB100869,50.0,Female,Oyo,238392.73
FB102006,25.0,Female,Cross River,45186.25
FB104402,43.0,Male,Rivers,3962.1
FB100356,30.0,Male,Kaduna,56333.79
FB101162,37.0,Female,Cross River,75781.98
FB104619,27.0,Female,Kano,9567.02
FB104882,39.0,Male,Imo,26058.35
FB105112,,,,
FB101890,36.0,Female,Lagos,25352.54
FB100579,50.0,Male,Kwara,25404.6
FB105058,43.0,Female,Delta,58525.55
FB101691,40.0,Male,Kano,112384.9
FB100862,25.0,Female,Rivers,119920.02
FB105860,35.0,Male,Kaduna,12044.56
FB103402,26.0,Male,Plateau,31596.9
FB105851,18.0,Female,Enugu,199745.73
FB104710,41.0,Female,Lagos,49427.37
FB101116,18.0,Male,Ogun,96940.93
FB101541,18.0,Female,Ogun,10626.38
FB102827,26.0,Female,Ogun,14967.26
FB104680,56.0,Male,Anambra,171982.26
FB105599,44.0,Female,Oyo,34663.24
FB102684,31.0,Female,Kwara,208529.2
FB102420,27.0,Female,Delta,39468.75
FB105375,42.0,Male,Cross River,121727.83
FB105391,28.0,Male,Enugu,88301.6
FB105994,71.0,Female,Kano,238836.66
FB105550,42.0,Female,Delta,12204.16
FB105806,44.0,Female,Delta,13240.19
FB105379,43.0,Male,Kano,13445.2
FB103075,62.0,Male,Abuja FCT,13737.83
FB105838,38.0,Male,Anambra,24302.97
FB102052,37.0,Female,Lagos,47450.19
FB101776,42.0,Female,Oyo,575337.56
FB104245,54.0,Male,Abuja FCT,12479.37
FB104687,27.0,Male,Kwara,11751.13
FB101592,27.0,Male,Imo,156942.13
FB101723,36.0,Female,Rivers,14980.98
FB104758,62.0,Male,Kwara,134535.4
FB104127,39.0,Female,Enugu,174566.58
FB100490,48.0,Female,Imo,57988.69
FB105114,31.0,Male,Rivers,14747.18
FB101006,28.0,Female,Plateau,12914.51
FB103237,18.0,Male,Kano,71507.94
FB104195,43.0,Female,Kwara,31923.92
FB102314,52.0,Female,Abuja FCT,57980.0
FB101417,34.0,Female,Kwara,26112.72
FB100025,42.0,Male,Kwara,23775.47
FB101113,56.0,Female,Cross River,18760.97
FB103262,52.0,Male,Delta,49580.78
FB101552,28.0,Male,Cross River,54044.28
FB105195,18.0,Male,Cross River,138468.18
FB104554,57.0,Female,Kano,57675.65
FB100433,41.0,Female,Kano,52465.05
FB103792,46.0,Male,Imo,14689.06
FB102887,42.0,Male,Delta,8663.47
FB105692,,Male,Imo,30432.96
FB104470,56.0,Female,Kwara,275404.77
FB103185,,Male,,29535.69
FB103377,18.0,Female,Delta,2634.91
FB104517,37.0,Male,Kano,56097.02
FB103105,50.0,Female,Ogun,41709.12
FB105852,44.0,Male,Ogun,82840.12
FB101102,25.0,Female,Cross River,61062.12
FB103113,19.0,Male,Ogun,56008.6
FB104512,38.0,Female,Kwara,77974.41
FB104221,34.0,Female,Imo,8580.92
FB100194,50.0,Female,Rivers,19252.69
FB100615,30.0,Female,Cross River,8048.3
FB100643,18.0,Female,Ogun,63499.7
FB104368,40.0,Male,Kwara,27911.65
FB102509,40.0,Female,Imo,56272.54
FB105142,39.0,Male,Oyo,51298.91
FB100330,30.0,Female,Edo,19899.61
FB105340,27.0,Male,Lagos,40331.39
FB104189,48.0,Female,Kaduna,46806.76
FB103737,36.0,Male,Anambra,243617.34
FB103400,25.0,Female,Enugu,13391.92
FB100483,29.0,Female,Ogun,263296.08
FB100719,44.0,Female,Imo,81500.59
FB103313,42.0,Male,Delta,180047.85
FB102059,32.0,Female,Abuja FCT,11570.49
FB104022,50.0,Female,Kano,86507.18
FB100032,48.0,Female,Kano,161436.0
FB100664,22.0,Male,Kano,70257.45
FB105128,46.0,Male,Edo,27215.53
FB103588,53.0,Female,Kano,12565.76
FB101444,32.0,Male,Kano,55342.03
FB102771,53.0,Male,Enugu,29220.26
FB102451,24.0,Female,Lagos,24086.46
FB105940,39.0,Female,Imo,25166.83
FB101705,29.0,Male,Rivers,23309.5
FB104767,48.0,Male,Abuja FCT,21709.11
FB102654,28.0,Female,Abuja FCT,12374.4
FB103649,28.0,Male,Lagos,124697.88
FB102277,36.0,Female,Plateau,26094.7
FB101401,42.0,Male,Plateau,12034.59
FB103441,28.0,Male,Rivers,29498.19
FB100170,27.0,Female,Rivers,47479.62
FB100540,33.0,Female,Enugu,24731.09
FB103235,38.0,Male,Delta,25689.56
FB104556,51.0,Male,Delta,25441.41
FB103895,39.0,Male,Cross River,15171.81
FB102794,53.0,Female,Enugu,197670.42
FB100674,20.0,Male,Ogun,28360.65
FB104629,73.0,Female,Anambra,27537.19
FB102412,37.0,Female,Kano,47352.0
FB101815,45.0,Female,Delta,18075.01
FB103715,38.0,Female,Edo,7591.89
FB102100,41.0,Male,Delta,10946.45
FB103214,55.0,Female,Delta,21736.94
FB105774,56.0,Male,Edo,12806.6
FB102101,25.0,Male,Plateau,12497.48
FB105152,41.0,Female,Anambra,8944.36
FB102882,39.0,Male,Enugu,25572.4
FB101548,51.0,Male,Anambra,69002.55
FB104897,30.0,Female,Abuja FCT,142849.24
FB105082,18.0,Male,Lagos,63019.47
FB100355,40.0,Male,Cross River,32650.5
FB103809,20.0,Female,Rivers,56014.89
FB104240,33.0,Male,Edo,35040.89
FB103488,,,,109366.49
FB105571,20.0,Male,Plateau,159645.94
FB104332,33.0,Female,Edo,93488.51
FB102373,39.0,Female,Rivers,10995.72
FB101051,26.0,Female,Plateau,125238.88
FB102321,35.0,Male,Lagos,167364.07
FB103657,23.0,Male,Plateau,197425.57
FB103880,55.0,Female,Abuja FCT,79585.95
FB101751,38.0,Male,Abuja FCT,38419.4
FB102535,22.0,Female,Oyo,28520.08
FB101772,55.0,Male,Delta,51248.69
FB101196,18.0,Male,Lagos,17764.79
FB101878,39.0,Female,Lagos,343273.8
FB102016,23.0,Male,Kano,1598.81
FB102005,38.0,Female,Cross River,7737.86
FB104935,38.0,Female,Oyo,9408.69
FB101482,53.0,Female,Ogun,27316.88
FB100328,38.0,Male,Edo,35364.45
FB100648,49.0,Female,Edo,26388.88
FB102513,24.0,Male,Kwara,22375.34
FB101123,26.0,Male,Ogun,8405.61
FB102855,39.0,Male,Plateau,11617.2
FB103045,47.0,Female,Cross River,40250.43
FB102531,,,,8306.79
FB105456,19.0,Female,Edo,66512.24
FB103182,56.0,Male,Enugu,259388.2
FB105093,21.0,Female,Kano,11031.31
FB101259,35.0,Female,Imo,14234.91
FB103127,32.0,Male,Plateau,3210.48
FB103513,42.0,Male,Enugu,10509.24
FB103114,48.0,Female,Plateau,18127.46
FB101519,25.0,Female,Rivers,28932.7
FB101378,40.0,Male,Lagos,15770.39
FB104440,18.0,Male,Enugu,24139.79
FB101023,38.0,Female,Anambra,35945.88
FB104386,,Male,,74803.65
FB105160,41.0,Male,Kaduna,70192.21
FB102458,51.0,Male,Kaduna,24023.86
FB100912,40.0,Male,Oyo,59049.7
FB104125,32.0,Male,Rivers,11364.81
FB101675,31.0,Female,Plateau,24959.29
FB101746,44.0,Male,Kano,20153.87
FB103055,51.0,Female,Enugu,9029.17
FB101736,38.0,Female,Kano,11308.78
FB101629,53.0,Male,Ogun,176304.69
FB103916,46.0,Male,Cross River,26976.07
FB100430,40.0,Female,Kano,6854.64
FB101808,25.0,Male,Enugu,26567.11
FB103630,63.0,Female,Edo,36793.21
FB102615,61.0,Male,Lagos,63371.75
FB103501,47.0,Male,Imo,28082.55
FB103583,62.0,Female,Delta,32042.11
FB103558,60.0,Female,Ogun,24302.44
FB102222,18.0,Male,Edo,15717.17
FB105629,32.0,Female,Kano,11275.81
FB105023,43.0,Male,Cross River,45736.62
FB105429,50.0,Female,Abuja FCT,20186.53
FB103751,47.0,Female,Abuja FCT,40530.46
FB104651,44.0,Male,Rivers,5191.32
FB105402,50.0,Female,Imo,17554.66
FB103422,69.0,Female,Kwara,58737.84
FB101995,18.0,Female,Rivers,21625.1
FB103270,41.0,Female,Kaduna,1915.96
FB102224,44.0,Female,Imo,188411.08
FB101106,49.0,Female,Cross River,22086.03
FB105012,47.0,Female,Delta,184516.16
FB100818,25.0,Female,Delta,57870.26
FB105659,37.0,Male,Imo,15104.77
FB104417,47.0,Male,Enugu,35559.61
FB101697,-1.0,Male,Edo,7906.28
FB103516,44.0,Female,Lagos,12325.72
FB100136,53.0,Female,Oyo,36726.59
FB103332,28.0,Female,Plateau,13141.51
FB104765,48.0,Male,Kwara,140865.59
FB105394,18.0,Male,Plateau,22010.11
FB101180,24.0,Male,Lagos,8201.42
FB103536,20.0,Female,Ogun,132977.65
FB100888,30.0,Female,Kano,34865.72
FB102732,18.0,Female,Ogun,35476.68
FB102437,30.0,Male,Oyo,11897.37
FB102629,18.0,Female,Rivers,335994.23
FB103169,39.0,Male,Anambra,34556.98
FB100817,33.0,Male,Edo,23294.83
FB101111,47.0,Male,Lagos,29752.05
FB105183,24.0,Male,Plateau,65646.05
FB102341,57.0,Male,Abuja FCT,16823.89
FB104487,48.0,Male,Kano,13295.69
FB103870,47.0,Female,Abuja FCT,31113.32
FB101264,64.0,Male,Anambra,10467.42
FB100990,25.0,Male,Anambra,7961.88
FB103328,21.0,Male,Ogun,196766.39
FB101739,52.0,Male,Anambra,166872.33
FB102548,49.0,Female,Ogun,10573.16
FB100353,21.0,Female,Cross River,250264.49
FB105943,36.0,Female,Rivers,24714.02
FB105762,27.0,Male,Ogun,52569.39
FB104266,44.0,Female,Abuja FCT,166294.23
FB101489,45.0,Female,Rivers,45242.47
FB105272,34.0,Female,Plateau,59471.62
FB101228,30.0,Male,Delta,47256.47
FB104629,73.0,Female,Anambra,27537.19
FB105229,32.0,Male,Imo,229897.3
FB105764,45.0,Female,Ogun,12770.4
FB105698,39.0,Female,Kano,15007.47
FB100052,35.0,Female,Oyo,56639.16
FB103211,54.0,Male,Oyo,42252.89
FB102821,18.0,Female,Plateau,161960.61
FB105038,29.0,Female,Kano,11090.6
FB105326,32.0,Male,Edo,5814.31
FB103758,61.0,Male,Cross River,27665.06
FB101589,50.0,Female,Rivers,64035.37
FB101479,52.0,Male,Delta,10754.47
FB101469,18.0,Male,Kaduna,23583.01
FB102857,43.0,Female,Kaduna,22735.18
FB102596,45.0,Male,Rivers,18950.52
FB102078,44.0,Female,Abuja FCT,21479.37
FB103552,46.0,Female,Cross River,23708.93
FB105249,54.0,Male,Ogun,42152.13
FB102671,18.0,Male,Kwara,19585.18
FB100436,20.0,Male,Cross River,16252.09
FB102966,39.0,Female,Anambra,2848.51
FB105352,45.0,Male,Edo,16695.21
FB101588,18.0,Male,Delta,20919.93
FB104478,22.0,Female,Ogun,24510.17
FB101590,50.0,Male,Ogun,64495.89
FB102980,27.0,Female,Abuja FCT,367995.94
FB100973,42.0,Female,Lagos,35165.15
FB101238,34.0,Female,Cross River,179617.83
FB102342,24.0,Male,Kano,75501.35
FB103877,38.0,Male,Enugu,41693.62
FB104377,29.0,Female,Kaduna,146705.32
FB105192,33.0,Male,Kaduna,31292.46
FB102231,48.0,Male,Lagos,130499.21
FB105162,40.0,Female,Delta,8555.94
FB101497,25.0,Male,Edo,39546.35
FB100449,53.0,Female,Kaduna,14785.03
FB102369,20.0,Male,Plateau,78562.07
FB104762,26.0,Female,Ogun,14745.22
FB102422,53.0,Male,Lagos,65125.62
FB105465,32.0,Male,Plateau,278134.27
FB103935,57.0,Male,Kano,294435.14
FB101551,59.0,Female,Delta,117909.38
FB105396,38.0,Male,Lagos,59015.87
FB101146,39.0,Male,Delta,14926.71
FB103846,57.0,Male,Delta,30450.47
FB102092,31.0,Male,Enugu,53928.99
FB101313,56.0,Female,Cross River,78252.31
FB102015,49.0,Male,Anambra,7647.62
FB103362,31.0,Female,Edo,135521.4
FB102805,46.0,Female,Anambra,253511.12
FB104507,35.0,Female,Ogun,12398.86
FB101381,49.0,Male,Edo,18128.93
FB103341,47.0,Male,Edo,34329.81
FB100413,58.0,Female,Kano,20431.93
FB100941,21.0,Female,Lagos,18925.95
FB100801,29.0,Male,Cross River,15076.44
FB102575,67.0,Male,Kaduna,14222.11
FB103703,33.0,Female,Rivers,78386.79
FB100256,34.0,Female,Plateau,13382.19
FB105975,54.0,Female,Anambra,2191.2
FB102235,42.0,Female,Rivers,149074.07
FB100647,39.0,Male,Imo,32572.43
FB101767,65.0,Male,Kaduna,209795.1
FB104163,35.0,Female,Cross River,27784.92
FB102647,55.0,Female,Kano,30150.75
FB104811,40.0,Female,Ogun,96864.21
FB102704,35.0,Male,Delta,124293.99
FB100024,42.0,Female,Anambra,5222.1
FB101088,18.0,Male,Kaduna,44498.67
FB102917,40.0,Female,Cross River,22878.88
FB105199,34.0,Male,Kwara,4643.83
FB100112,31.0,Female,Oyo,120312.24
FB102311,26.0,Male,Imo,84878.47
FB102847,60.0,Female,Kano,64625.0
FB100056,38.0,Male,Abuja FCT,545559.05
FB101309,43.0,Male,Plateau,180124.68
FB100695,43.0,Male,Kaduna,17231.82
FB104886,19.0,Female,Imo,28747.41
FB101227,46.0,Male,Lagos,186459.77
FB101999,59.0,Male,Kaduna,53998.56
FB100276,53.0,Male,Abuja FCT,48043.54
FB105289,43.0,Female,Cross River,27024.96
FB103279,46.0,Female,Imo,169771.77
FB101833,47.0,Male,Anambra,69526.57
FB100682,53.0,Female,Cross River,30504.13
FB105035,32.0,Female,Kano,10634.98
FB104393,46.0,Female,Cross River,26134.83
FB103158,68.0,Male,Kano,20295.58
FB101137,23.0,Male,Enugu,10999.36
FB105716,18.0,Male,Kaduna,34114.56
FB105960,47.0,Female,Kano,51019.33
FB103096,29.0,Male,Rivers,104119.12
FB103524,21.0,Female,Kaduna,10214.95
FB104902,48.0,Male,Kwara,8580.96
FB101346,37.0,Female,Anambra,31321.3
FB105803,27.0,Male,Abuja FCT,46553.94
FB103618,34.0,Male,Lagos,49281.68
FB104051,31.0,Female,Rivers,4617.55
FB102384,51.0,Female,Anambra,87235.98
FB104040,28.0,Female,Anambra,127002.92
FB104235,37.0,Male,Lagos,197068.46
FB104326,45.0,Female,Edo,31209.72
FB105542,,,,35018.27
FB102683,55.0,Male,Cross River,26004.15
FB103349,23.0,Female,Anambra,14673.22
FB105684,21.0,Female,Kano,144221.89
FB103988,25.0,Male,Delta,80446.02
FB105060,70.0,Male,Lagos,21324.61
FB104998,18.0,Male,Lagos,16716.5
FB100081,53.0,Male,Rivers,14724.23
FB101972,32.0,Male,Enugu,99192.84
FB101714,43.0,Female,Oyo,121960.84
FB103684,21.0,Male,Kwara,20826.08
FB105166,62.0,Female,Oyo,30780.57
FB103727,24.0,Female,Enugu,11440.78
FB101946,27.0,Male,Plateau,4452.4
FB104660,32.0,Female,Kaduna,23231.83
FB103892,40.0,Female,Enugu,38780.04
FB104262,18.0,Male,Imo,11374.66
FB101610,24.0,Female,Anambra,83553.69
FB103334,43.0,Male,Oyo,78662.83
FB104367,18.0,Male,Plateau,18023.46
FB104194,30.0,Female,Plateau,9147.7
FB105951,18.0,Female,Ogun,12397.13
FB104690,37.0,Female,Ogun,11224.15
FB100665,57.0,Male,Edo,138779.0
FB102194,39.0,Female,Ogun,69135.9
FB104789,23.0,Male,Cross River,25020.83
FB105873,43.0,Male,Edo,1290.28
FB101017,51.0,Female,Lagos,755871.03
FB100557,39.0,Male,Oyo,54255.36
FB105251,48.0,Male,Ogun,39424.96
FB104476,25.0,Male,Kano,19909.49
FB101207,51.0,Female,Plateau,48954.42
FB104473,35.0,Male,Cross River,44502.9
FB103109,34.0,Female,Kwara,163916.44
FB101510,53.0,Female,Kano,21818.7
FB104643,43.0,Female,Rivers,55882.78
FB103794,43.0,Male,Kaduna,43770.81
FB104137,23.0,Male,Oyo,55041.95
FB104139,26.0,Female,Anambra,126650.0
FB100266,37.0,Male,Plateau,9584.31
FB102765,54.0,Male,Imo,15929.23
FB105765,22.0,Female,Delta,56159.53
FB102111,37.0,Female,Edo,132768.72
FB104816,34.0,Male,Kaduna,16961.96
FB101909,32.0,Female,Lagos,9873.07
FB103193,,,,
FB104019,36.0,Female,Plateau,433411.07
FB105783,40.0,Female,Ogun,27647.55
FB104295,56.0,Female,Enugu,6002.65
FB103674,26.0,Male,Cross River,173061.32
FB100998,37.0,Female,Abuja FCT,13765.74
FB103309,19.0,Female,Rivers,28345.15
FB101784,40.0,Male,Enugu,98166.4
FB101237,41.0,Female,Enugu,80315.57
FB105397,49.0,Female,Cross River,26744.07
FB103089,58.0,Female,Imo,95261.94
FB105284,31.0,Male,Rivers,218000.01
FB104936,33.0,Male,Imo,167697.48
FB103781,50.0,Male,Delta,94851.35
FB102186,23.0,Male,Kano,42145.04
FB104771,48.0,Female,Kano,19423.43
FB100908,18.0,Male,Anambra,16464.0
FB105253,32.0,Male,Lagos,4578.96
FB101303,30.0,Female,Oyo,3209.52
FB105682,35.0,Female,Ogun,74166.1
FB101627,42.0,Female,Anambra,42740.33
FB101522,47.0,Female,Cross River,3808.78
FB100835,34.0,Female,Kano,24257.79
FB100358,39.0,Male,Kwara,42844.47
FB100138,40.0,Male,Rivers,18765.24
FB100299,32.0,Male,Kaduna,54996.81
FB101556,34.0,Male,Abuja FCT,9600.55
FB101003,38.0,Male,Delta,14782.55
FB100382,52.0,Female,Edo,16755.9
FB104984,38.0,Male,Rivers,16297.56
FB100761,35.0,Male,Lagos,12639.94
FB104340,23.0,Male,Anambra,40651.69
FB103039,20.0,Female,Rivers,157995.7
FB104700,47.0,Female,Kwara,23560.19
FB104918,51.0,Female,Cross River,131326.04
FB105419,30.0,Male,Rivers,18883.66
FB101402,36.0,Male,Kano,5146.79
FB101948,56.0,Female,Delta,79348.44
FB105219,59.0,Male,Ogun,17583.98
FB101932,33.0,Male,Enugu,16296.28
FB103819,56.0,Male,Rivers,4859.8
FB104498,53.0,Female,Ogun,208416.11
FB104844,37.0,Female,Abuja FCT,50141.93
FB105194,61.0,Male,Lagos,68664.25
FB103927,24.0,Female,Enugu,14177.27
FB103985,58.0,Male,Cross River,73803.3
FB102685,21.0,Female,Abuja FCT,10528.64
FB102833,47.0,Male,Abuja FCT,79877.4
FB100058,37.0,Female,Kwara,10041.22
FB100076,29.0,Male,Abuja FCT,46886.22
FB100796,43.0,Female,Ogun,98157.47
FB102416,45.0,Female,Kaduna,71805.23
FB103070,31.0,Female,Lagos,34526.36
FB104446,25.0,Female,Delta,11120.18
FB100785,48.0,Female,Imo,9138.78
FB104708,,Male,,55416.36
FB105932,35.0,Male,Imo,10488.44
FB105048,46.0,Female,Rivers,50797.07
FB102217,30.0,Male,Enugu,78076.96
FB102862,32.0,Male,Kaduna,9544.43
FB103698,56.0,Male,Kano,42472.65
FB103607,38.0,Male,Delta,67519.16
FB104756,,Female,Delta,27594.7
FB104997,53.0,Female,Kaduna,151935.64
FB104693,27.0,Male,Abuja FCT,247989.01
FB100910,36.0,Female,Oyo,39519.01
FB102172,29.0,Male,Delta,37423.15
FB105799,30.0,Male,Kano,31807.36
FB102309,37.0,Female,Imo,32325.1
FB105700,35.0,Male,Edo,16514.04
FB101257,36.0,Female,Abuja FCT,52086.83
FB102495,18.0,Male,Edo,76998.82
FB105329,46.0,Female,Plateau,9932.52
FB104482,46.0,Male,Imo,6637.15
FB101178,33.0,Female,Abuja FCT,42519.89
FB104576,50.0,Female,Edo,68399.32
FB104970,30.0,Female,Kano,263466.43
FB100442,46.0,Male,Plateau,276890.68
FB101399,33.0,Male,Abuja FCT,50575.27
FB103123,44.0,Male,Edo,73609.65
FB105724,50.0,Female,Rivers,5765.27
FB105802,30.0,Male,Delta,11097.57
FB101054,33.0,Male,Delta,70509.74
FB103469,32.0,Male,Kwara,8680.03
FB104661,39.0,Female,Imo,6147.34
FB103130,56.0,Male,Rivers,85013.38
FB101415,18.0,Male,Kwara,13135.68
FB102372,58.0,Male,Kaduna,26539.68
FB104296,63.0,Male,Ogun,42169.04
FB104922,32.0,Female,Oyo,27932.16
FB103889,35.0,Male,Rivers,12912.9
FB103768,32.0,Male,Anambra,3525.95
FB105292,27.0,Female,Kwara,9009.15
FB101502,45.0,Female,Imo,8357.97
FB103203,36.0,Male,Kwara,50873.42
FB103958,,Female,Lagos,21961.79
FB102011,18.0,Female,Edo,85986.76
FB104608,53.0,Male,Enugu,48823.06
FB104320,59.0,Male,Oyo,15561.15
FB103658,25.0,Female,Anambra,142596.05
FB104905,30.0,Male,Kaduna,16778.39
FB104594,36.0,Female,Lagos,213485.09
FB104450,36.0,Female,Delta,45962.72
FB100006,41.0,Male,Kano,4426.62
FB102487,18.0,Female,Rivers,8012.69
FB100678,30.0,Male,Rivers,55881.26
FB101943,18.0,Female,Abuja FCT,30383.76
FB103826,37.0,Female,Ogun,61763.58
FB105601,29.0,Female,Kwara,31787.14
FB103425,23.0,Female,Imo,15829.76
FB104667,44.0,Female,Delta,29552.89
FB105993,39.0,Male,Edo,96586.07
FB102607,42.0,Female,Cross River,63241.54
FB104373,36.0,Female,Kaduna,26912.08
FB105597,33.0,Male,Lagos,92467.2
FB101064,47.0,Male,Ogun,80017.79
FB103842,50.0,Female,Kwara,97978.03
FB102242,37.0,Female,Lagos,6284.04
FB101474,35.0,Female,Kaduna,6041.93
FB104510,40.0,Male,Rivers,212963.05
FB101889,18.0,Male,Lagos,33035.01
FB101778,46.0,Female,Kwara,41580.48
FB102021,18.0,Male,Plateau,50494.13
FB105904,51.0,Male,Kaduna,94516.51
FB104329,38.0,Male,Kano,41728.67
FB102658,18.0,Male,Oyo,28492.84
FB102467,32.0,Female,Plateau,66021.12
FB102829,55.0,Male,Kaduna,17349.81
FB101130,43.0,Male,Edo,56654.36
FB101461,35.0,Female,Imo,33839.8
FB104705,37.0,Female,Ogun,13385.68
FB105510,45.0,Female,Kaduna,6085.66
FB103406,27.0,Male,Imo,3577.51
FB103728,26.0,Male,Kwara,83738.16
FB100222,21.0,Female,Oyo,75859.62
FB105643,31.0,Male,Lagos,8083.86
FB100048,41.0,Male,Cross River,48395.44
FB100573,23.0,Female,Edo,7449.81
FB101236,27.0,Male,Delta,7949.39
FB104626,32.0,Male,Imo,8549.55
FB105901,31.0,Male,Abuja FCT,22295.19
FB105468,46.0,Female,Lagos,23431.59
FB102282,48.0,Male,Delta,19385.79
FB105078,23.0,Female,Enugu,18307.41
FB100267,29.0,Male,Kaduna,38259.17
FB101104,33.0,Male,Rivers,36287.21
FB102305,38.0,Male,Cross River,3936.63
FB104783,25.0,Male,Plateau,64119.76
FB101935,19.0,Male,Abuja FCT,43197.49
FB100386,46.0,Female,Oyo,105853.35
FB101701,40.0,Male,Kwara,32574.02
FB101628,26.0,Female,Edo,16590.03
FB103346,34.0,Female,Edo,60662.1
FB102714,27.0,Female,Rivers,5159.7
FB103166,32.0,Male,Edo,26438.26
FB105381,33.0,Male,Delta,211292.52
FB101563,18.0,Male,Cross River,154837.67
FB102760,28.0,Female,Kaduna,17541.14
FB103682,51.0,Female,Lagos,84173.42
FB100209,53.0,Female,Edo,39115.35
FB100909,35.0,Female,Kano,12260.07
FB101289,41.0,Male,Kwara,251320.06
FB104591,35.0,Male,Edo,52436.68
FB103968,18.0,Female,Ogun,519517.39
FB101842,45.0,Female,Rivers,14248.56
FB102497,29.0,Female,Enugu,34411.24
FB105330,56.0,Male,Delta,47560.57
FB105130,38.0,Female,Rivers,97190.0
FB100958,27.0,Female,Ogun,18344.18
FB101793,28.0,Female,Abuja FCT,13227.59
FB102088,37.0,Female,Ogun,50903.1
FB102702,26.0,Female,Plateau,36566.96
FB100331,37.0,Male,Kano,19974.92
FB104299,24.0,Female,Lagos,53101.24
FB103996,59.0,Female,Oyo,98599.84
FB103076,27.0,Male,Oyo,13935.56
FB102459,55.0,Female,Edo,150545.38
FB101774,23.0,Male,Rivers,34912.21
FB104270,33.0,Male,Lagos,8117.3
FB104907,36.0,Female,Edo,45525.83
FB103822,50.0,Male,Delta,19775.0
FB103323,45.0,Male,Delta,12961.63
FB104938,62.0,Female,Kaduna,8128.09
FB102951,36.0,Male,Delta,116559.62
FB105002,53.0,Male,Anambra,15550.59
FB101185,35.0,Female,Plateau,19868.36
FB101710,30.0,Female,Plateau,33358.13
FB104644,38.0,Female,Lagos,96845.35
FB102478,35.0,Male,Oyo,116552.69
FB101366,45.0,Female,Delta,13796.97
FB100173,19.0,Male,Ogun,7721.7
FB100858,42.0,Male,Anambra,44781.47
FB104480,43.0,Male,Cross River,31147.95
FB102977,44.0,Female,Abuja FCT,93335.24
FB105455,37.0,Female,Anambra,52995.24
FB103518,18.0,Female,Enugu,13021.95
FB101952,58.0,Female,Cross River,25483.06
FB103295,35.0,Male,Kaduna,9941.39
FB105778,43.0,Female,Lagos,3963.14
FB102036,18.0,Male,Edo,30964.76
FB105447,,Male,Kaduna,48809.75
FB105019,46.0,Male,Abuja FCT,322624.39
FB100018,40.0,Female,Kano,4206.4
FB100000,44.0,Male,Lagos,31191.76
FB102174,25.0,Female,Plateau,19597.61
FB101356,44.0,Male,Abuja FCT,7791.3
FB104526,,Female,Kwara,25117.41
FB103707,,,,
FB102826,36.0,Male,Delta,125625.9
FB103248,50.0,Male,Abuja FCT,133262.89
FB100396,41.0,Female,Plateau,8915.77
FB105223,48.0,Male,Delta,11429.63
FB103439,34.0,Male,Rivers,6062.98
FB101812,62.0,Male,Kwara,12801.5
FB103718,27.0,Male,Kano,34072.29
FB104904,18.0,Male,Enugu,28986.18
FB100816,29.0,Female,Kano,112753.23
FB101572,43.0,Male,Ogun,60903.66
FB104209,30.0,Male,Cross River,20721.55
FB101800,27.0,Female,Lagos,16464.79
FB102280,24.0,Female,Anambra,240612.89
FB103855,42.0,Female,Oyo,8379.45
FB104810,42.0,Male,Plateau,20725.43
FB105808,,Male,Rivers,98062.86
FB105913,59.0,Male,Rivers,36225.88
FB104481,41.0,Female,Kwara,28245.24
FB105246,23.0,Female,Ogun,17108.55
FB105549,45.0,Female,Kano,29186.57
FB103555,25.0,Male,Cross River,43464.35
FB103667,41.0,Male,Oyo,50591.95
FB104252,20.0,Female,Abuja FCT,25946.82
FB104357,52.0,Female,Kwara,67728.5
FB100554,29.0,Female,Ogun,298174.6
FB101159,30.0,Male,Edo,10827.35
FB101213,45.0,Female,Imo,33914.23
FB103220,18.0,Female,Delta,31536.79
FB101325,26.0,Male,Kaduna,193148.06
FB103383,65.0,Male,Cross River,49525.24
FB103447,28.0,Female,Edo,20077.01
FB100700,24.0,Male,Enugu,65533.58
FB102700,22.0,Female,Oyo,23457.47
FB104352,60.0,Female,Kwara,75354.4
FB101847,49.0,Female,Kaduna,25678.38
FB104466,38.0,Female,Delta,12267.09
FB103977,55.0,Male,Kwara,365619.43
FB101455,31.0,Male,Enugu,53868.38
FB105091,47.0,Male,Enugu,71735.88
FB103035,45.0,Male,Plateau,6909.06
FB102943,28.0,Male,Edo,14507.15
FB100866,37.0,Female,Ogun,26016.92
FB104649,39.0,Male,Rivers,11278.57
FB101644,29.0,Female,Kano,26453.86
FB102140,65.0,Male,Delta,6883.81
FB104104,23.0,Male,Edo,52969.65
FB103547,46.0,Male,Abuja FCT,5499.23
FB101490,41.0,Female,Ogun,147206.09
FB100314,38.0,Male,Imo,121007.85
FB100729,54.0,Male,Cross River,76152.98
FB104715,49.0,Male,Cross River,14572.95
FB104095,45.0,Female,Oyo,23131.89
FB102620,36.0,Female,Enugu,14376.12
FB101936,23.0,Male,Abuja FCT,7153.68
FB105786,32.0,Female,Oyo,37193.32
FB101110,33.0,Female,Anambra,17813.36
FB104941,22.0,Male,Delta,59424.74
FB105439,20.0,Male,Kano,13708.41
FB102394,18.0,Male,Abuja FCT,30113.11
FB101185,35.0,Female,Plateau,19868.36
FB102007,36.0,Male,Anambra,19205.72
FB100193,42.0,Male,Plateau,286011.68
FB101515,18.0,Male,Cross River,17604.8
FB104863,,Female,Kwara,8001.68
FB100578,29.0,Female,Plateau,432647.85
FB102123,40.0,Male,Cross River,406705.84
FB101429,53.0,Male,Anambra,44959.55
FB100771,59.0,Female,Kano,21964.75
FB104697,40.0,Male,Abuja FCT,78590.44
FB102395,34.0,Male,Enugu,23391.64
FB103073,38.0,Female,Delta,24125.94
FB101846,53.0,Male,Plateau,116204.3
FB100131,18.0,Male,Delta,11768.4
FB100178,37.0,Female,Kwara,26435.83
FB105434,28.0,Female,Edo,69887.66
FB103922,58.0,Female,Kano,181994.47
FB103671,49.0,Male,Delta,13351.07
FB102580,41.0,Male,Delta,3706.7
FB105594,48.0,Female,Oyo,5437.99
FB103656,40.0,Male,Oyo,4267.67
FB102652,34.0,Female,Kwara,119410.63
FB105273,42.0,Male,Abuja FCT,98112.76
FB102073,43.0,Male,Kwara,32718.41
FB100658,24.0,Male,Kano,25958.46
FB101896,41.0,Male,Cross River,27868.95
FB104471,36.0,Female,Ogun,53217.22
FB102606,35.0,Female,Oyo,56345.03
FB102221,45.0,Male,Delta,76745.75
FB105760,55.0,Female,Abuja FCT,1481.0
FB102379,29.0,Female,Oyo,80345.7
FB101447,44.0,Male,Abuja FCT,2727405.85
FB100342,22.0,Male,Ogun,79562.51
FB105444,55.0,Male,Ogun,73970.25
FB102527,22.0,Male,Plateau,10575.73
FB100727,45.0,Female,Kano,5235.2
FB104787,43.0,Male,Enugu,14326.88
FB100976,26.0,Male,Kano,17691.81
FB103382,18.0,Male,Ogun,57238.26
FB104220,27.0,Female,Delta,169288.51
FB101928,19.0,Female,Cross River,69597.52
FB103802,41.0,Male,Imo,16246.29
FB105844,34.0,Male,Oyo,152947.34
FB101299,53.0,Male,Cross River,21139.68
FB105831,58.0,Female,Plateau,18191.56
FB105589,33.0,Female,Plateau,44202.51
FB100660,38.0,Male,Plateau,65033.78
FB101790,65.0,Female,Lagos,157074.1
FB105866,50.0,Male,Cross River,29381.86
FB104059,34.0,Female,Delta,36739.23
FB100493,57.0,Female,Ogun,95329.87
FB103200,42.0,Female,Abuja FCT,14832.68
FB104271,,,,
FB103198,39.0,Female,Plateau,8829.47
FB103940,20.0,Female,Kwara,27927.64
FB105603,43.0,Male,Kaduna,18986.11
FB105151,62.0,Female,Delta,12559.9
FB101085,50.0,Female,Oyo,33404.77
FB105744,29.0,Male,Plateau,137070.89
FB100694,38.0,Male,Kano,15855.0
FB101278,18.0,Female,Anambra,36450.59
FB104288,,,,
FB101621,18.0,Female,Imo,116378.3
FB102561,34.0,Male,Ogun,33637.72
FB104247,25.0,Female,Kaduna,82080.18
FB104110,18.0,Female,Anambra,105203.55
FB100067,26.0,Female,Edo,199771.17
FB104681,37.0,Female,Kwara,42330.01
FB103098,19.0,Female,Anambra,21499.63
FB102269,35.0,Female,Rivers,84361.57
FB104889,48.0,Male,Cross River,54466.84
FB104790,57.0,Male,Lagos,7706.83
FB100820,38.0,Male,Ogun,171689.45
FB101226,37.0,Female,Abuja FCT,16525.57
FB101677,30.0,Male,Enugu,30266.76
FB105083,57.0,Female,Plateau,41288.03
FB102867,30.0,Male,Delta,26655.8
FB104684,50.0,Female,Imo,54512.76
FB102367,41.0,Male,Lagos,104153.76
FB103125,30.0,Male,Kaduna,24499.04
FB104568,35.0,Male,Rivers,115306.78
FB102512,67.0,Male,Abuja FCT,9339.77
FB105310,32.0,Female,Enugu,59440.07
FB102723,20.0,Male,Cross River,253973.76
FB105422,33.0,Male,Abuja FCT,28915.18
FB105176,36.0,Male,Kwara,14094.19
FB105689,45.0,Male,Plateau,38652.91
FB101143,48.0,Female,Plateau,27537.59
FB100397,23.0,Female,Delta,115666.71
FB105612,49.0,Female,Oyo,1730.11
FB100786,41.0,Male,Oyo,8166.21
FB105879,43.0,Male,Delta,47415.06
FB104309,47.0,Female,Delta,207511.87
FB101398,45.0,Female,Edo,5092.62
FB101659,52.0,Male,Edo,466048.41
FB103429,29.0,Female,Abuja FCT,97573.66
FB102220,20.0,Male,Cross River,46419.2
FB100979,51.0,Male,Imo,46423.58
FB102331,30.0,Female,Kano,21623.86
FB101298,30.0,Female,Oyo,45817.07
FB105939,41.0,Male,Kaduna,18288.79
FB104607,,Female,,136280.96
FB104523,54.0,Male,Kwara,33964.31
FB100082,50.0,Female,Cross River,57185.69
FB103187,35.0,Male,Rivers,121580.68
FB105407,32.0,Male,Oyo,25009.3
FB104753,36.0,Female,Enugu,80812.62
FB104046,36.0,Female,Delta,21193.98
FB104786,31.0,Male,Kwara,1772.54
FB105210,51.0,Female,Abuja FCT,56234.21
FB102903,18.0,Male,Lagos,24413.46
FB100423,41.0,Male,Edo,540813.71
FB105355,53.0,Male,Oyo,372358.83
FB101904,46.0,Female,Edo,88599.24
FB105519,40.0,Female,Ogun,16043.75
FB101530,42.0,Male,Delta,25181.21
FB104310,27.0,Female,Kano,77815.56
FB101565,36.0,Female,Oyo,34845.26
FB104727,48.0,Male,Cross River,16227.63
FB102749,18.0,Male,Abuja FCT,210958.78
FB100839,50.0,Male,Ogun,22588.98
FB100500,56.0,Female,Plateau,100418.03
FB104993,33.0,Female,Imo,5148.29
FB100141,58.0,Female,Kaduna,9305.89
FB105021,34.0,Female,Enugu,41640.28
FB102605,39.0,Male,Abuja FCT,11088.19
FB103608,30.0,Female,Kano,200931.31
FB101377,37.0,Male,Kano,22096.5
FB104726,29.0,Male,Oyo,46766.24
FB105970,50.0,Female,Oyo,86659.29
FB102266,44.0,Male,Kano,13817.33
FB105255,25.0,Female,Abuja FCT,36324.45
FB101138,46.0,Male,Enugu,10263.27
FB102257,35.0,Male,Enugu,13305.17
FB103708,48.0,Male,Ogun,13322.65
FB101787,21.0,Female,Cross River,49794.08
FB103740,35.0,Male,Ogun,50264.93
FB100550,50.0,Female,Ogun,1501.35
FB100459,32.0,Male,Kwara,44958.67
FB102019,37.0,Male,Rivers,17021.39
FB100948,34.0,Female,Kaduna,210767.71
FB103949,20.0,Female,Abuja FCT,21284.9
FB103210,23.0,Male,Kano,14705.89
FB100532,33.0,Female,Delta,10597.39
FB103956,35.0,Male,Delta,65934.91
FB101829,40.0,Male,Rivers,414067.44
FB104168,25.0,Female,Delta,8199.66
FB105369,32.0,Female,Oyo,7329.18
FB104914,44.0,Male,Delta,17704.05
FB103625,42.0,Female,Imo,16143.42
FB101602,25.0,Male,Kaduna,17245.48
FB102238,32.0,Male,Kwara,83468.21
FB100639,40.0,Male,Kaduna,25847.57
FB105878,39.0,Male,Delta,243083.99
FB100967,72.0,Male,Kano,6951.64
FB105138,39.0,Male,Oyo,55865.72
FB103821,,,,
FB101683,31.0,Female,Lagos,44157.81
FB102248,27.0,Male,Kano,118721.18
FB100627,53.0,Female,Edo,9598.81
FB105438,46.0,Male,Edo,107163.36
FB104988,59.0,Male,Anambra,13480.33
FB100155,35.0,Male,Kwara,121619.74
FB102295,30.0,Male,Kano,45065.17
FB103626,51.0,Male,Delta,105186.24
FB104118,49.0,Male,Edo,12261.86
FB101089,-1.0,Female,Edo,36588.15
FB103859,34.0,Male,Abuja FCT,9327.54
FB102319,18.0,Female,Anambra,1610.73
FB102940,18.0,Male,Plateau,167997.02
FB105143,36.0,Female,Rivers,36685.97
FB100288,41.0,Female,Plateau,84791.6
FB100930,36.0,Male,Ogun,88600.17
FB102909,21.0,Male,Plateau,27125.75
FB103689,45.0,Female,Edo,56204.46
FB105715,34.0,Female,Imo,53233.38
FB102884,40.0,Male,Oyo,6089.24
FB104989,24.0,Female,Delta,5239.83
FB103312,29.0,Male,Kwara,3810.57
FB105524,35.0,Male,Enugu,395660.64
FB103000,23.0,Male,Anambra,18141.84
FB104511,24.0,Female,Enugu,95718.3
FB103509,54.0,Male,Lagos,38588.87
FB100832,54.0,Female,Cross River,35413.38
FB100942,37.0,Female,Oyo,49423.3
FB102354,50.0,Male,Edo,34800.35
FB104856,21.0,Male,Kaduna,25232.12
FB105247,28.0,Female,Plateau,27264.23
FB105674,55.0,Female,Plateau,47917.56
FB101698,44.0,Male,Delta,186843.08
FB105728,62.0,Female,Rivers,90400.79
FB104445,34.0,Female,Edo,65117.84
FB103648,27.0,Female,Cross River,11331.25
FB104093,45.0,Female,Rivers,72797.58
FB104579,56.0,Female,Plateau,134630.65
FB100985,45.0,Male,Edo,1430.2
FB104041,31.0,Female,Cross River,85421.72
FB103195,18.0,Male,Abuja FCT,36163.86
FB103254,22.0,Female,Kwara,174048.71
FB105809,40.0,Male,Kwara,98581.37
FB100981,44.0,Male,Kano,73846.0
FB105167,40.0,Male,Kwara,33734.93
FB103357,18.0,Female,Edo,60289.15
FB105538,30.0,Female,Rivers,11339.4
FB103544,38.0,Male,Kano,94072.28
FB104355,36.0,Female,Anambra,22071.46
FB104965,28.0,Female,Edo,14319.2
FB101473,39.0,Female,Kaduna,1352.55
FB104614,18.0,Male,Cross River,37104.76
FB103454,26.0,Female,Imo,13634.71
FB104824,42.0,Male,Anambra,46003.88
FB101457,46.0,Female,Kano,277470.45
FB101395,45.0,Female,Kaduna,19669.7
FB100264,41.0,Male,Anambra,13430.07
FB102748,36.0,Male,Imo,17732.55
FB103492,21.0,Male,Edo,19721.83
FB102692,48.0,Male,Delta,37254.04
FB103933,49.0,Male,Enugu,88546.76
FB100929,41.0,Male,Ogun,48356.41
FB104279,36.0,Male,Edo,130522.52
FB105725,30.0,Male,Kwara,14170.53
FB102400,44.0,Female,Lagos,34093.6
FB102178,40.0,Male,Anambra,25425.94
FB103918,47.0,Male,Anambra,33336.11
FB100246,39.0,Female,Edo,14081.08
FB101594,49.0,Female,Rivers,271734.9
FB101758,27.0,Male,Cross River,57920.89
FB105923,51.0,Male,Anambra,8595.77
FB104092,38.0,Female,Anambra,8443.16
FB100923,54.0,Male,Anambra,14005.53
FB105738,53.0,Female,Kwara,40875.15
FB100268,26.0,Female,Kano,23789.25
FB100669,32.0,Male,Kaduna,43803.01
FB103989,39.0,Female,Abuja FCT,5501.2
FB101910,32.0,Male,Lagos,48836.06
FB105252,38.0,Female,Cross River,84135.15
FB101152,63.0,Female,Oyo,1111154.82
FB105587,46.0,Female,Enugu,63657.82
FB104990,32.0,Male,Enugu,20866.61
FB105856,52.0,Female,Kwara,50126.73
FB104562,45.0,Male,Abuja FCT,38981.73
FB102696,39.0,Male,Cross River,42799.26
FB102591,35.0,Female,Enugu,54407.73
FB105144,30.0,Male,Kaduna,15894.3
FB101781,18.0,Female,Kano,135137.96
FB102413,39.0,Female,Oyo,87360.11
FB103013,51.0,Female,Cross River,6924.44
FB105313,54.0,Male,Imo,16556.83
FB102307,38.0,Male,Plateau,25832.41
FB103165,55.0,Female,Cross River,8151.91
FB100687,57.0,Female,Delta,28846.5
FB101915,35.0,Male,Cross River,20310.09
FB105898,18.0,Female,Anambra,15735.7
FB100612,35.0,Female,Anambra,31482.82
FB103071,37.0,Female,Abuja FCT,77007.41
FB103504,55.0,Female,Oyo,177732.94
FB102267,-1.0,Female,Kwara,18009.48
FB105836,20.0,Female,Lagos,367910.62
FB102533,38.0,Female,Ogun,212848.55
FB100039,39.0,Female,Abuja FCT,4079.27
FB101898,35.0,Female,Ogun,45857.9
FB101649,23.0,Male,Imo,126886.21
FB103573,45.0,Female,Cross River,1964.49
FB100258,44.0,Female,Enugu,12390.55
FB102924,26.0,Female,Anambra,19498.01
FB102434,39.0,Male,Oyo,20448.31
FB100847,39.0,Male,Plateau,306453.68
FB102822,47.0,Female,Anambra,5338.81
FB104461,23.0,Male,Plateau,31688.79
FB105156,30.0,Female,Enugu,88610.46
FB105627,34.0,Female,Delta,71865.46
FB104082,18.0,Female,Edo,976853.16
FB101233,28.0,Female,Ogun,37863.07
FB101127,21.0,Male,Edo,54176.1
FB103592,38.0,Male,Ogun,77307.3
FB101967,38.0,Male,Kwara,55667.02
FB100558,69.0,Female,Oyo,34085.23
FB100904,18.0,Female,Delta,97201.57
FB102614,45.0,Female,Kaduna,104164.35
FB103143,,,,
FB100484,37.0,Female,Ogun,7526.21
FB102211,54.0,Female,Delta,102791.36
FB101320,61.0,Male,Cross River,28571.06
FB104685,18.0,Female,Plateau,34375.48
FB102555,31.0,Male,Anambra,593219.51
FB100007,18.0,Male,Oyo,19564.73
FB102315,18.0,Female,Kano,20065.65
FB105150,62.0,Female,Rivers,12393.15
FB104443,42.0,Female,Kwara,31532.12
FB104374,18.0,Male,Rivers,25811.19
FB105343,18.0,Female,Ogun,27294.58
FB101450,37.0,Male,Lagos,22773.21
FB101201,30.0,Female,Kwara,26934.93
FB102426,44.0,Female,Lagos,42777.37
FB102648,39.0,Male,Kaduna,83675.95
FB101814,18.0,Female,Abuja FCT,18105.47
FB102726,60.0,Male,Lagos,10732.98
FB100773,25.0,Male,Enugu,50613.37
FB102274,43.0,Female,Kano,28164.67
FB101011,55.0,Male,Abuja FCT,8606.71
FB104099,66.0,Female,Lagos,39640.81
FB103168,46.0,Female,Enugu,22263.69
FB104776,45.0,Female,Oyo,28305.74
FB101991,78.0,Male,Kaduna,10552.91
FB101277,26.0,Male,Anambra,65387.87
FB101783,40.0,Male,Cross River,118391.22
FB105990,20.0,Female,Abuja FCT,26556.73
FB100446,51.0,Male,Rivers,131429.41
FB100880,59.0,Female,Imo,82153.13
FB105528,27.0,Male,Kwara,17263.03
FB105425,26.0,Female,Plateau,77812.19
FB102727,50.0,Female,Delta,169301.27
FB103048,23.0,Male,Delta,39983.46
FB100781,18.0,Male,Ogun,96033.27
FB102651,49.0,Male,Abuja FCT,66764.48
FB105914,27.0,Male,Kwara,41577.75
FB101749,35.0,Male,Kaduna,24530.18
FB102126,40.0,Male,Abuja FCT,10929.41
FB103783,33.0,Female,Cross River,9438.01
FB102791,59.0,Female,Kaduna,55839.72
FB102423,18.0,Female,Enugu,20283.97
FB105945,33.0,Female,Ogun,339176.05
FB105241,20.0,Male,Anambra,71210.02
FB100883,66.0,Male,Kaduna,29927.28
FB103455,18.0,Male,Abuja FCT,158460.28
FB101091,35.0,Male,Imo,164412.42
FB104400,27.0,Male,Lagos,10207.96
FB104183,,,,
FB100531,52.0,Female,Anambra,5357.83
FB103694,43.0,Male,Kano,90807.52
FB102438,20.0,Female,Plateau,58421.45
FB104932,39.0,Male,Plateau,35145.68
FB104475,41.0,Female,Kano,9587.19
FB104071,19.0,Male,Plateau,21772.79
FB104982,58.0,Male,Delta,63022.19
FB102290,40.0,Female,Ogun,12295.79
FB101727,18.0,Female,Cross River,347412.89
FB100610,22.0,Female,Rivers,51062.35
FB100570,34.0,Female,Edo,164930.18
FB103886,34.0,Female,Delta,59193.07
FB101317,60.0,Female,Rivers,118030.4
FB100343,34.0,Male,Plateau,24045.35
FB100587,28.0,Female,Oyo,26669.01
FB104742,18.0,Male,Kano,150953.6
FB100636,23.0,Female,Plateau,25641.07
FB100434,46.0,Male,Kano,331447.6
FB101903,38.0,Male,Abuja FCT,4165.72
FB103215,29.0,Female,Anambra,2038.67
FB100097,40.0,Male,Abuja FCT,55483.95
FB103268,25.0,Male,Lagos,78082.82
FB103527,39.0,Male,Abuja FCT,5439.21
FB103479,72.0,Female,Lagos,40411.57
FB105796,68.0,Male,Lagos,151073.33
FB102069,49.0,Male,Kano,36484.87
FB101537,28.0,Male,Anambra,268301.9
FB103754,,,,
FB104192,39.0,Male,Imo,7302.45
FB104838,24.0,Male,Delta,208644.14
FB105170,32.0,Female,Delta,4016.33
FB101517,38.0,Male,Kano,59370.92
FB100965,22.0,Male,Anambra,62715.83
FB105351,,,,
FB100528,37.0,Female,Imo,131926.72
FB100176,49.0,Female,Edo,30456.89
FB102470,45.0,Male,Kano,28964.01
FB104584,41.0,Male,Delta,52915.32
FB104928,26.0,Male,Kano,23783.06
FB103001,25.0,Male,Kwara,19874.73
FB105206,24.0,Male,Kano,20324.47
FB100572,35.0,Male,Kano,36943.2
FB103360,45.0,Male,Abuja FCT,119972.61
FB100592,25.0,Female,Abuja FCT,102216.49
FB105046,18.0,Male,Rivers,12346.88
FB103062,57.0,Female,Edo,15430.41
FB103585,31.0,Male,Anambra,27683.81
FB102374,26.0,Male,Abuja FCT,40440.81
FB103064,27.0,Male,Kwara,7327.87
FB105709,34.0,Male,Cross River,91655.8
FB104391,53.0,Male,Enugu,10085.66
FB104441,50.0,Female,Anambra,23727.21
FB104257,32.0,Male,Edo,46859.27
FB102208,41.0,Male,Enugu,4253.43
FB103739,62.0,Female,Oyo,24622.34
FB102492,45.0,Female,Delta,219559.29
FB104017,33.0,Female,Cross River,322519.36
FB100383,37.0,Female,Ogun,254709.94
FB100852,43.0,Male,Oyo,27850.79
FB101880,42.0,Female,Rivers,35875.1
FB100370,18.0,Female,Kano,8888.07
FB104395,18.0,Female,Ogun,22781.61
FB104290,40.0,Female,Abuja FCT,18398.19
FB105815,57.0,Female,Anambra,25242.28
FB105244,25.0,Female,Delta,15503.81
FB102272,42.0,Male,Imo,69061.01
FB101105,21.0,Male,Enugu,70612.81
FB105905,27.0,Female,Rivers,9169.6
FB102361,38.0,Female,Anambra,26005.91
FB104890,32.0,Female,Cross River,118021.67
FB101336,41.0,Female,Kaduna,20075.87
FB102189,41.0,Male,Imo,15457.52
FB105583,21.0,Male,Enugu,104772.77
FB105482,41.0,Male,Kano,30114.25
FB105097,33.0,Female,Plateau,67656.33
FB102246,30.0,Female,Ogun,21927.51
FB104176,43.0,Female,Abuja FCT,84754.15
FB105897,55.0,Male,Plateau,19794.46
FB101171,44.0,Female,Rivers,20360.7
FB103274,43.0,Male,Kano,68868.9
FB104318,54.0,Male,Anambra,10412.9
FB103921,46.0,Female,Kaduna,23510.16
FB101422,40.0,Female,Kwara,10861.36
FB102686,23.0,Female,Enugu,33702.98
FB105459,,,,
FB104795,49.0,Male,Anambra,25771.79
FB104739,39.0,Female,Edo,114511.17
FB105045,32.0,Male,Edo,10373.73
FB101464,58.0,Female,Cross River,107365.55
FB100874,40.0,Female,Cross River,109223.41
FB102297,37.0,Female,Kano,43213.06
FB102643,22.0,Female,Plateau,162708.28
FB103399,,Female,,140613.91
FB105265,58.0,Female,Imo,20350.68
FB101251,33.0,Female,Cross River,18518.76
FB103424,70.0,Female,Kano,12173.88
FB100840,43.0,Male,Edo,35361.71
FB104287,36.0,Female,Kano,56749.75
FB100581,19.0,Female,Plateau,5943.55
FB100204,39.0,Female,Ogun,63951.66
FB101641,18.0,Male,Edo,95234.85
FB102014,58.0,Female,Kwara,87758.26
FB103253,54.0,Female,Kaduna,62352.19
FB100905,31.0,Male,Kwara,42679.43
FB100631,45.0,Male,Edo,13190.59
FB104303,19.0,Female,Kaduna,249576.58
FB103668,37.0,Male,Anambra,5369.1
FB101974,34.0,Female,Rivers,8893.41
FB100162,24.0,Female,Enugu,9550.92
FB105318,27.0,Male,Kano,9800.41
FB105925,44.0,Male,Plateau,42937.31
FB105467,41.0,Female,Edo,11188.56
FB103616,41.0,Male,Abuja FCT,80779.09
FB100617,27.0,Female,Cross River,220362.34
FB100875,18.0,Female,Anambra,76547.2
FB101431,23.0,Male,Enugu,76841.14
FB102973,30.0,Female,Oyo,130941.79
FB104205,36.0,Female,Anambra,109869.89
FB100547,47.0,Male,Enugu,33230.11
FB104483,33.0,Male,Abuja FCT,50323.63
FB105529,30.0,Female,Lagos,89041.39
FB105120,59.0,Male,Anambra,17838.84
FB103480,52.0,Female,Edo,46878.02
FB105531,18.0,Female,Oyo,109955.34
FB104260,34.0,Female,Kano,45351.52
FB104962,38.0,Male,Edo,20476.19
FB102856,49.0,Female,Edo,56266.41
FB101861,18.0,Male,Oyo,5089.77
FB102659,35.0,Female,Oyo,65796.16
FB105586,22.0,Male,Oyo,25407.1
FB100640,39.0,Female,Kano,30708.14
FB105354,35.0,Female,Kaduna,19731.02
FB101009,46.0,Female,Kwara,9291.13
FB103366,39.0,Female,Delta,17179.23
FB105950,46.0,Male,Abuja FCT,9254.28
FB100637,53.0,Female,Kano,42441.78
FB103833,24.0,Male,Delta,21323.84
FB104971,64.0,Female,Edo,272200.68
FB104870,27.0,Female,Plateau,10079.69
FB102308,52.0,Female,Ogun,1601.58
FB105086,46.0,Female,Oyo,53747.58
FB103145,34.0,Male,Abuja FCT,182309.45
FB103893,39.0,Male,Delta,18005.1
FB102096,54.0,Male,Plateau,2517.37
FB103615,,Female,Plateau,232420.35
FB101956,51.0,Female,Rivers,14336.51
FB101372,18.0,Male,Imo,26205.69
FB105624,54.0,Female,Anambra,27350.85
FB100921,30.0,Female,Oyo,40220.39
FB105563,24.0,Female,Delta,10997.69
FB100546,47.0,Female,Lagos,38451.02
FB101449,34.0,Female,Kano,49814.52
FB102804,49.0,Male,Lagos,37853.03
FB102610,61.0,Male,Kaduna,36856.8
FB101900,19.0,Male,Edo,6246.03
FB102757,53.0,Female,Delta,6830.36
FB102028,57.0,Female,Imo,59486.18
FB102301,59.0,Male,Kano,153716.12
FB101885,51.0,Female,Ogun,21008.28
FB101642,18.0,Female,Plateau,189806.77
FB100972,46.0,Female,Ogun,24183.57
FB105848,29.0,Male,Ogun,9359.55
FB102097,18.0,Male,Kaduna,21047.44
FB105283,54.0,Male,Oyo,74760.67
FB104640,52.0,Female,Enugu,40828.82
FB105466,22.0,Male,Rivers,40658.35
FB105994,71.0,Female,Kano,238836.66
FB100836,32.0,Female,Kano,13165.42
FB100601,39.0,Male,Edo,66014.38
FB102184,29.0,Male,Oyo,46425.21
FB105383,18.0,Female,Kaduna,206249.03
FB104035,50.0,Male,Plateau,76279.88
FB105221,36.0,Male,Oyo,19121.43
FB101582,22.0,Male,Anambra,5286.91
FB105670,36.0,Female,Oyo,20598.71
FB105064,40.0,Male,Oyo,10252.58
FB104609,26.0,Female,Edo,23045.05
FB101070,40.0,Male,Delta,38406.29
FB101775,31.0,Male,Anambra,6472.74
FB105968,48.0,Male,Edo,19358.89
FB101283,25.0,Female,Plateau,74328.51
FB105059,28.0,Male,Edo,10559.63
FB104439,45.0,Male,Anambra,17795.2
FB105782,51.0,Male,Lagos,36150.4
FB101836,23.0,Female,Delta,89516.12
FB105233,27.0,Female,Kano,129873.89
FB101019,37.0,Female,Delta,5187.55
FB100970,42.0,Female,Edo,23604.36
FB101326,44.0,Male,Ogun,112830.12
FB103593,,,,
FB100475,34.0,Male,Cross River,53490.59
FB102810,33.0,Male,Oyo,5128.98
FB104557,38.0,Female,Edo,98917.24
FB101651,40.0,Female,Plateau,11750.75
FB105650,40.0,Female,Anambra,37753.18
FB105193,22.0,Male,Edo,23083.76
FB102528,47.0,Male,Imo,37101.18
FB104837,46.0,Male,Delta,185926.38
FB104573,34.0,Male,Delta,21419.03
FB105895,18.0,Female,Anambra,190177.97
FB101373,41.0,Male,Imo,10238.23
FB100739,26.0,Male,Abuja FCT,22444.39
FB105304,52.0,Female,Kano,17342.08
FB103559,27.0,Male,Kaduna,77339.67
FB100867,48.0,Male,Delta,6136.8
FB102974,18.0,Male,Anambra,7014.74
FB101140,18.0,Male,Abuja FCT,17234.68
FB100997,42.0,Male,Kaduna,117849.69
FB101337,24.0,Male,Oyo,4192.75
FB100541,33.0,Male,Delta,356618.83
FB101099,29.0,Male,Ogun,62109.83
FB101132,46.0,Female,Rivers,134828.42
FB105902,38.0,Male,Abuja FCT,19567.42
FB104141,48.0,Male,Oyo,1425.88
FB102258,32.0,Female,Delta,53021.85
FB104912,35.0,Female,Anambra,6717.44
FB103390,53.0,Female,Oyo,36668.28
FB102962,18.0,Male,Ogun,14089.68
FB100059,52.0,Female,Ogun,83044.04
FB103259,18.0,Male,Abuja FCT,52748.54
FB102206,24.0,Male,Plateau,2326.53
FB101938,50.0,Male,Rivers,47443.99
FB105032,20.0,Female,Imo,34278.68
FB103913,37.0,Female,Kaduna,28480.51
FB103494,37.0,Male,Plateau,34072.79
FB102813,42.0,Male,Lagos,103541.31
FB105266,32.0,Male,Cross River,89067.85
FB105449,29.0,Female,Oyo,24056.75
FB101078,33.0,Female,Kwara,25604.24
FB104595,25.0,Male,Kano,4968.51
FB105585,49.0,Female,Abuja FCT,52460.31
FB104331,48.0,Female,Delta,226473.88
FB103824,25.0,Male,Oyo,11328.3
FB105171,29.0,Female,Kwara,12519.7
FB102630,54.0,Female,Anambra,15414.73
FB105662,43.0,Female,Plateau,99207.41
FB105424,34.0,Female,Kaduna,18143.18
FB103903,43.0,Male,Ogun,241682.99
FB100940,50.0,Male,Kano,214730.95
FB101080,23.0,Male,Delta,47627.01
FB100187,65.0,Female,Anambra,15613.91
FB103832,,,,
FB104190,39.0,Male,Kwara,50867.64
FB102085,18.0,Female,Delta,30433.7
FB102249,18.0,Male,Lagos,9763.36
FB103795,26.0,Female,Plateau,70879.91
FB105956,36.0,Female,Lagos,16491.44
FB102023,47.0,Male,Imo,803007.95
FB104100,18.0,Female,Edo,141565.21
FB101492,18.0,Female,Edo,12631.5
FB104666,30.0,Female,Lagos,94738.23
FB104126,18.0,Female,Imo,11757.65
FB100226,25.0,Male,Oyo,63224.75
FB101013,61.0,Female,Anambra,141894.77
FB102583,31.0,Male,Imo,30770.9
FB101929,28.0,Female,Plateau,29292.03
FB104274,32.0,Male,Lagos,25774.9
FB105461,60.0,Female,Cross River,27290.85
FB101404,49.0,Female,Anambra,19841.0
FB102179,45.0,Male,Abuja FCT,76744.91
FB100697,33.0,Female,Delta,44495.72
FB101124,35.0,Female,Plateau,100089.01
FB103282,37.0,Female,Cross River,79059.38
FB104076,31.0,Male,Imo,6823.43
FB104169,39.0,Female,Kaduna,30080.07
FB101778,46.0,Female,Kwara,41580.48
FB102634,20.0,Female,Abuja FCT,80543.3
FB103091,18.0,Female,Imo,311205.62
FB105178,44.0,Male,Oyo,4063.28
FB105345,31.0,Male,Anambra,94740.5
FB103489,58.0,Male,Edo,4243.9
FB101656,65.0,Male,Delta,11893.71
FB101037,29.0,Female,Kwara,25650.54
FB105066,26.0,Female,Lagos,26876.56
FB102256,30.0,Female,Rivers,12975.84
FB103885,49.0,Female,Imo,29004.57
FB105011,55.0,Male,Rivers,38998.19
FB100313,25.0,Female,Enugu,31622.82
FB102649,47.0,Male,Ogun,49349.35
FB102281,26.0,Male,Enugu,46222.99
FB103801,44.0,Male,Imo,14271.0
FB104702,46.0,Female,Cross River,264595.77
FB102547,36.0,Male,Enugu,24822.08
FB101416,58.0,Male,Plateau,26865.75
FB101036,39.0,Male,Rivers,45118.48
FB102159,40.0,Male,Rivers,25079.15
FB102984,42.0,Female,Anambra,18930.6
FB103137,32.0,Female,Rivers,39854.06
FB105609,46.0,Female,Abuja FCT,23827.5
FB101754,44.0,Female,Ogun,20191.96
FB104653,48.0,Male,Lagos,54727.77
FB104096,37.0,Female,Plateau,40144.36
FB105584,36.0,Female,Anambra,32071.43
FB103732,65.0,Female,Abuja FCT,14092.22
FB102520,44.0,Female,Plateau,5644.87
FB100873,50.0,Female,Delta,63019.76
FB104868,43.0,Female,Oyo,21029.55
FB104550,33.0,Female,Anambra,111765.64
FB101506,21.0,Female,Oyo,7810.08
FB105613,73.0,Female,Kano,189485.36
FB101923,52.0,Female,Abuja FCT,21824.02
FB100448,35.0,Female,Abuja FCT,42675.7
FB104219,37.0,Female,Cross River,63682.22
FB103882,57.0,Male,Imo,35126.48
FB100453,20.0,Female,Kano,82526.85
FB104578,42.0,Female,Edo,68264.41
FB103257,39.0,Female,Delta,16746.06
FB100361,20.0,Male,Kano,82255.91
FB102183,31.0,Male,Plateau,37633.42
FB101134,31.0,Male,Oyo,33200.66
FB104899,36.0,Female,Edo,9883.34
FB103199,49.0,Female,Kano,7501.16
FB105484,45.0,Male,Edo,61219.21
FB103438,45.0,Female,Imo,16206.53
FB102155,38.0,Male,Imo,5322.62
FB101830,33.0,Male,Rivers,16303.18
FB101053,26.0,Female,Edo,73293.79
FB102460,59.0,Male,Kaduna,50805.88
FB100022,18.0,Female,Cross River,16451.49
FB102066,51.0,Female,Cross River,147131.45
FB101653,44.0,Male,Cross River,54058.78
FB103767,31.0,Female,Rivers,11122.1
FB104390,28.0,Female,Lagos,103935.88
FB102743,39.0,Female,Abuja FCT,58172.98
FB104078,40.0,Female,Rivers,11619.52
FB104943,36.0,Female,Oyo,25107.77
FB102468,38.0,Male,Kaduna,140503.74
FB102325,34.0,Female,Edo,72350.31
FB100460,51.0,Female,Imo,11740.89
FB101067,33.0,Male,Cross River,19322.74
FB100087,41.0,Female,Kwara,90210.54
FB101430,31.0,Female,Lagos,61837.44
FB103849,43.0,Male,Edo,92576.57
FB100282,53.0,Female,Oyo,23181.67
FB102483,25.0,Male,Kaduna,124389.05
FB100462,53.0,Male,Rivers,6798.75
FB100212,46.0,Male,Cross River,163651.54
FB102588,21.0,Female,Kwara,4730.0
FB104763,22.0,Male,Enugu,59038.01
FB104833,36.0,Female,Imo,23840.9
FB102907,18.0,Male,Oyo,77078.49
FB102581,36.0,Female,Imo,36961.34
FB101368,33.0,Female,Rivers,52921.85
FB100234,31.0,Male,Kwara,19275.69
FB104038,36.0,Female,Plateau,126729.54
FB100597,18.0,Female,Imo,58954.56
FB105372,59.0,Female,Kaduna,33514.51
FB102250,25.0,Male,Plateau,8202.88
FB104940,38.0,Female,Enugu,27810.21
FB102283,49.0,Female,Plateau,9394.67
FB100662,38.0,Female,Oyo,4133.94
FB104543,,,,
FB102285,30.0,Male,Lagos,26131.59
FB103431,63.0,Female,Enugu,48166.83
FB105737,31.0,Female,Kano,173909.24
FB104379,40.0,Male,Kwara,181296.43
FB105785,50.0,Female,Rivers,27490.74
FB105553,44.0,Female,Anambra,19979.83
FB103468,56.0,Female,Edo,21898.09
FB105235,44.0,Male,Delta,40215.89
FB102990,25.0,Female,Imo,216551.22
FB105411,18.0,Female,Abuja FCT,54681.99
FB100779,57.0,Female,Kaduna,26950.69
FB102544,39.0,Female,Kano,16565.16
FB104516,44.0,Male,Abuja FCT,9919.38
FB104545,47.0,Female,Cross River,24778.28
FB104448,44.0,Male,Kaduna,50763.93
FB104383,51.0,Male,Delta,44631.95
FB105003,51.0,Female,Kwara,15369.81
FB105882,37.0,Male,Kaduna,80656.99
FB100685,35.0,Male,Edo,238680.07
FB104945,54.0,Male,Delta,99449.59
FB104477,34.0,Male,Delta,115364.47
FB103243,35.0,Male,Kaduna,7725.83
FB101748,48.0,Female,Edo,34444.43
FB104004,33.0,Male,Enugu,112872.18
FB104703,22.0,Female,Kaduna,22714.79
FB102837,20.0,Female,Cross River,37127.64
FB103032,40.0,Male,Ogun,26897.09
FB102171,63.0,Male,Edo,112153.09
FB103878,25.0,Female,Enugu,464817.65
FB101850,51.0,Female,Anambra,179490.65
FB100487,32.0,Male,Ogun,4543.74
FB101688,34.0,Male,Delta,12569.25
FB102230,53.0,Female,Ogun,277700.47
FB103473,18.0,Female,Edo,97531.34
FB105598,18.0,Male,Plateau,256535.99
FB102320,48.0,Female,Abuja FCT,41834.61
FB100782,47.0,Male,Cross River,26649.87
FB100521,52.0,Male,Kwara,34809.33
FB100522,35.0,Male,Imo,95992.56
FB104500,47.0,Male,Delta,118273.38
FB102939,27.0,Male,Ogun,51710.73
FB104745,,,,34559.97
FB104915,24.0,Female,Enugu,14821.67
FB102398,44.0,Female,Rivers,4254.32
FB102207,40.0,Male,Lagos,70954.63
FB104581,46.0,Female,Abuja FCT,117570.98
FB100780,37.0,Male,Enugu,15963.61
FB105652,25.0,Male,Lagos,19847.58
FB104103,,,,6532.99
FB101511,32.0,Female,Edo,129222.47
FB101882,40.0,Male,Plateau,37025.96
FB100651,35.0,Female,Oyo,15814.47
FB104063,49.0,Male,Lagos,12821.26
FB101801,64.0,Male,Anambra,36342.79
FB100369,59.0,Female,Imo,110836.02
FB105309,54.0,Female,Rivers,4542.92
FB103841,35.0,Male,Abuja FCT,198095.46
FB100118,18.0,Female,Ogun,44582.64
FB100377,25.0,Female,Imo,657118.91
FB100216,34.0,Female,Cross River,79961.17
FB102216,40.0,Female,Edo,19580.44
FB104623,42.0,Male,Plateau,12207.43
FB101613,26.0,Male,Enugu,143570.4
FB102883,46.0,Female,Oyo,33259.67
FB104354,56.0,Male,Imo,13882.45
FB105460,59.0,Female,Rivers,8120.58
FB103632,36.0,Male,Enugu,17636.28
FB100962,64.0,Male,Abuja FCT,13209.31
FB105476,48.0,Female,Anambra,51415.58
FB102510,37.0,Male,Kwara,16177.42
FB105711,34.0,Male,Anambra,24928.85
FB104628,27.0,Male,Edo,10878.48
FB104686,30.0,Male,Lagos,52268.17
FB100359,33.0,Female,Edo,34110.48
FB101246,31.0,Male,Rivers,177725.45
FB103408,18.0,Male,Cross River,7120.55
FB104229,26.0,Female,Imo,208662.91
FB102415,49.0,Female,Ogun,9848.06
FB105660,42.0,Male,Anambra,77634.79
FB105135,33.0,Male,Oyo,23636.56
FB102185,18.0,Female,Kaduna,19917.5
FB104102,,,,
FB102567,18.0,Male,Edo,38378.41
FB103423,39.0,Male,Lagos,61320.19
FB102037,32.0,Male,Cross River,41128.41
FB105168,27.0,Male,Lagos,216616.14
FB100772,30.0,Female,Imo,60818.64
FB101284,49.0,Female,Anambra,28054.87
FB105593,51.0,Female,Abuja FCT,66390.52
FB103562,55.0,Female,Kwara,4326.45
FB105761,22.0,Female,Rivers,13263.94
FB102587,45.0,Female,Rivers,263437.94
FB105561,46.0,Male,Enugu,51312.73
FB101414,50.0,Female,Kaduna,24266.26
FB101234,46.0,Male,Oyo,28846.81
FB103931,19.0,Male,Imo,17906.98
FB100435,35.0,Female,Edo,15091.29
FB101674,46.0,Male,Lagos,31235.33
FB103299,18.0,Female,Rivers,246479.88
FB100365,40.0,Male,Ogun,12379.41
FB105527,48.0,Male,Enugu,16002.87
FB100231,28.0,Female,Ogun,45953.16
FB105174,48.0,Female,Kaduna,28654.7
FB100147,42.0,Female,Lagos,16946.21
FB105342,18.0,Female,Plateau,14253.85
FB103088,35.0,Female,Plateau,9593.33
FB104794,18.0,Male,Plateau,87408.82
FB103554,18.0,Female,Kaduna,53591.6
FB100407,51.0,Male,Kano,7086.05
FB105619,40.0,Female,Kaduna,41845.29
FB103692,34.0,Female,Oyo,51304.95
FB103456,29.0,Female,Enugu,130576.39
FB102090,41.0,Female,Abuja FCT,20740.95
FB100086,36.0,Male,Kano,52852.86
FB103576,26.0,Male,Kwara,75094.75
FB103271,18.0,Male,Kaduna,29874.45
FB100844,41.0,Male,Kaduna,27315.36
FB101031,43.0,Male,Cross River,32417.58
FB104857,43.0,Male,Oyo,33766.26
FB104674,45.0,Male,Kaduna,25208.81
FB105562,51.0,Female,Kaduna,97686.39
FB102987,43.0,Female,Kwara,17989.72
FB104409,44.0,Male,Rivers,48738.42
FB102628,32.0,Male,Enugu,16113.82
FB103864,42.0,Female,Delta,43614.39
FB103887,48.0,Female,Oyo,70454.39
FB100855,52.0,Male,Rivers,31811.42
FB103003,33.0,Female,Oyo,6347.47
FB100078,62.0,Male,Anambra,61158.02
FB102992,58.0,Female,Imo,19417.64
FB102247,49.0,Female,Enugu,229834.51
FB105965,31.0,Male,Lagos,398324.7
FB105555,26.0,Male,Kano,105107.39
FB105703,27.0,Male,Imo,193436.41
FB100758,57.0,Female,Anambra,72685.18
FB104166,39.0,Male,Kano,79517.3
FB103355,51.0,Male,Enugu,174841.68
FB100788,18.0,Female,Anambra,130772.35
FB102279,31.0,Male,Plateau,74678.25
FB103781,50.0,Male,Delta,94851.35
FB104306,40.0,Male,Kwara,30227.39
FB105049,32.0,Male,Plateau,19120.53
FB104840,,,,
FB103631,43.0,Male,Kano,161979.87
FB105931,46.0,Male,Lagos,219879.28
FB103867,39.0,Female,Cross River,5773.67
FB102176,34.0,Female,Delta,5766.48
FB100424,29.0,Female,Delta,20249.86
FB100392,45.0,Male,Kano,119235.86
FB104535,49.0,Female,Kwara,20482.09
FB105747,54.0,Female,Ogun,34089.57
FB102239,19.0,Female,Plateau,115760.73
FB100104,44.0,Male,Edo,2515556.58
FB102672,33.0,Male,Anambra,229198.94
FB105565,18.0,Female,Oyo,56063.1
FB103749,18.0,Female,Rivers,29804.61
FB102068,37.0,Male,Anambra,52667.47
FB104091,37.0,Male,Ogun,42360.87
FB103493,19.0,Male,Kwara,362291.24
FB101948,56.0,Female,Delta,79348.44
FB101459,39.0,Female,Anambra,151064.01
FB101768,46.0,Male,Kwara,14858.95
FB103298,31.0,Male,Edo,18608.87
FB104085,30.0,Female,Edo,145836.52
FB103945,40.0,Male,Abuja FCT,116534.8
FB105824,40.0,Female,Rivers,107424.46
FB101587,24.0,Male,Anambra,15872.15
FB104704,32.0,Male,Plateau,161358.82
FB101731,40.0,Male,Kwara,111958.52
FB105795,45.0,Male,Delta,10118.02
FB105880,38.0,Female,Rivers,89303.08
FB100182,46.0,Male,Abuja FCT,23357.13
FB101791,62.0,Female,Oyo,9459.88
FB102355,30.0,Female,Plateau,69687.99
FB101940,41.0,Male,Plateau,44050.41
FB100702,50.0,Male,Enugu,15796.21
FB102442,46.0,Female,Lagos,21555.88
FB105733,33.0,Male,Kano,41137.19
FB100496,34.0,Male,Plateau,17151.1
FB104728,48.0,Female,Plateau,38469.08
FB100464,58.0,Female,Delta,33781.71
FB103912,50.0,Female,Lagos,130895.48
FB105985,41.0,Male,Anambra,7368.59
FB100172,31.0,Male,Kwara,46875.71
FB102020,40.0,Male,Enugu,84327.74
FB105833,48.0,Female,Kano,20078.42
FB103764,18.0,Female,Ogun,3810.74
FB105417,59.0,Male,Oyo,28038.07
FB102540,25.0,Female,Enugu,42172.22
FB101546,36.0,Male,Plateau,57616.89
FB102009,31.0,Female,Imo,32961.64
FB102260,31.0,Female,Abuja FCT,118393.17
FB103084,35.0,Female,Lagos,58820.99
FB102112,20.0,Male,Lagos,64337.14
FB100900,62.0,Male,Rivers,33971.36
FB101446,47.0,Female,Abuja FCT,46024.82
FB101911,37.0,Male,Edo,44389.18
FB103542,33.0,Male,Edo,3586.6
FB102697,19.0,Female,Enugu,87857.39
FB104755,18.0,Male,Plateau,11827.92
FB103662,44.0,Male,Abuja FCT,79090.73
FB100741,60.0,Male,Enugu,23397.87
FB102293,51.0,Male,Anambra,99788.31
FB102452,46.0,Female,Plateau,100817.81
FB103813,52.0,Male,Rivers,62392.03
FB104969,21.0,Female,Oyo,4436.96
FB101206,23.0,Male,Abuja FCT,13236.68
FB100509,33.0,Male,Kaduna,57906.36
FB103716,43.0,Male,Cross River,13137.25
FB105044,48.0,Male,Rivers,190377.07
FB104350,58.0,Female,Delta,19024.6
FB104084,28.0,Male,Abuja FCT,32049.88
FB105775,54.0,Female,Anambra,32883.72
FB101549,36.0,Male,Anambra,68723.26
FB103029,72.0,Male,Plateau,70116.19
FB104585,23.0,Female,Rivers,38140.29
FB102202,36.0,Male,Enugu,92186.62
FB102566,43.0,Female,Delta,59810.95
FB103901,27.0,Female,Plateau,44849.98
FB102044,52.0,Male,Kaduna,23715.92
FB100767,31.0,Male,Delta,6284.41
FB105934,42.0,Female,Kaduna,59724.75
FB103774,47.0,Male,Ogun,230434.54
FB103699,42.0,Female,Edo,163093.53
FB101508,18.0,Male,Abuja FCT,1611.03
FB103134,50.0,Female,Kwara,62528.34
FB103761,40.0,Male,Anambra,59655.92
FB105920,45.0,Female,Oyo,12418.14
FB100421,23.0,Male,Plateau,55306.78
FB100123,31.0,Female,Abuja FCT,17700.32
FB105574,21.0,Male,Abuja FCT,98913.18
FB103825,52.0,Male,Plateau,23790.98
FB103292,58.0,Male,Oyo,40696.28
FB100819,64.0,Male,Delta,11222.92
FB101403,36.0,Female,Enugu,14525.17
FB101382,41.0,Female,Plateau,89534.42
FB102148,24.0,Female,Ogun,41726.62
FB105948,33.0,Female,Delta,49373.25
FB101575,48.0,Male,Imo,24194.29
FB101638,53.0,Female,Imo,42096.76
FB101795,51.0,Female,Edo,70582.18
FB103331,49.0,Female,Lagos,1847.71
FB105854,52.0,Female,Rivers,32582.5
FB105415,56.0,Male,Plateau,49663.4
FB100399,38.0,Female,Oyo,37523.84
FB103151,50.0,Male,Oyo,125549.44
FB102310,32.0,Male,Imo,242522.36
FB100882,34.0,Male,Abuja FCT,14363.26
FB103565,37.0,Female,Kano,29643.36
FB102411,27.0,Male,Enugu,35756.64
FB101179,18.0,Female,Kano,56926.61
FB101352,41.0,Female,Kwara,114645.19
FB103997,28.0,Female,Kaduna,412850.67
FB105868,33.0,Female,Delta,311214.92
FB102130,50.0,Female,Enugu,26490.1
FB100982,45.0,Male,Cross River,40076.23
FB100456,41.0,Male,Enugu,205910.85
FB101486,20.0,Male,Kaduna,323192.56
FB101079,54.0,Female,Oyo,67067.86
FB101950,30.0,Male,Oyo,31474.52
FB105230,21.0,Male,Kano,12226.78
FB100689,30.0,Female,Imo,270657.83
FB104803,18.0,Male,Ogun,58553.14
FB102429,39.0,Male,Kaduna,31080.06
FB100641,47.0,Male,Oyo,104023.55
FB102392,73.0,Female,Rivers,25947.44
FB102825,35.0,Male,Cross River,39786.63
FB101953,55.0,Male,Abuja FCT,7727.21
FB103538,48.0,Female,Kaduna,350049.38
FB104327,48.0,Male,Imo,9980.39
FB103058,48.0,Female,Edo,14462.6
FB104031,18.0,Female,Edo,108582.24
FB104552,25.0,Male,Imo,24896.67
FB102710,38.0,Male,Imo,9804.06
FB101083,27.0,Male,Kano,9105.78
FB104509,35.0,Female,Cross River,75543.63
FB105797,38.0,Male,Ogun,94290.33
FB104877,32.0,Female,Abuja FCT,114850.2
FB101884,46.0,Female,Delta,19767.35
FB104695,36.0,Male,Enugu,192087.99
FB100389,37.0,Female,Kwara,71878.99
FB102494,40.0,Female,Abuja FCT,504498.73
FB101851,26.0,Male,Kano,14463.55
FB103036,40.0,Female,Delta,59756.42
FB104155,26.0,Male,Enugu,706558.81
FB103603,41.0,Female,Abuja FCT,186943.06
FB100845,45.0,Female,Plateau,21538.69
FB100542,42.0,Male,Rivers,58281.84
FB103724,54.0,Male,Abuja FCT,27448.76
FB100091,24.0,Female,Imo,61742.0
FB103679,22.0,Female,Kaduna,308008.23
FB105723,32.0,Female,Kano,90049.32
FB103871,29.0,Female,Rivers,70220.51
FB104020,,,,
FB101979,52.0,Female,Kaduna,44580.77
FB103244,43.0,Female,Rivers,155297.11
FB104094,46.0,Female,Ogun,102871.38
FB103150,35.0,Female,Rivers,7442.19
FB105365,18.0,Male,Lagos,52595.38
FB104162,38.0,Female,Ogun,226211.25
FB104420,28.0,Female,Rivers,80142.33
FB102964,53.0,Female,Cross River,56590.82
FB103463,38.0,Female,Delta,10465.36
FB102529,36.0,Male,Cross River,22781.88
FB104456,35.0,Female,Enugu,49525.34
FB101676,43.0,Female,Abuja FCT,39532.25
FB101048,46.0,Male,Imo,11169.67
FB102949,38.0,Male,Rivers,120690.64
FB101960,62.0,Female,Cross River,46474.46
FB102530,34.0,Male,Delta,114875.36
FB104472,25.0,Male,Rivers,30886.92
FB104975,49.0,Male,Lagos,46636.82
FB104055,25.0,Female,Plateau,4336.09
FB100237,59.0,Male,Edo,27613.51
FB105140,42.0,Female,Kaduna,33918.04
FB104587,52.0,Male,Delta,23973.77
FB101133,18.0,Male,Lagos,51617.55
FB102880,38.0,Female,Imo,64107.0
FB101805,38.0,Female,Imo,41048.51
FB105030,39.0,Female,Enugu,47209.42
FB100163,53.0,Male,Plateau,86753.75
FB104590,36.0,Female,Kwara,23686.77
FB105787,30.0,Male,Imo,52132.85
FB105729,28.0,Female,Plateau,23862.22
FB104489,46.0,Male,Anambra,28407.29
FB104560,18.0,Male,Ogun,7597.25
FB104385,33.0,Female,Edo,203897.13
FB100265,46.0,Female,Cross River,5839.08
FB103839,28.0,Male,Cross River,13857.8
FB102001,38.0,Female,Oyo,61077.17
FB101811,18.0,Female,Kano,38239.66
FB103277,34.0,Male,Imo,7760.85
FB103961,21.0,Male,Cross River,149959.92
FB102978,36.0,Male,Cross River,70462.67
FB104319,44.0,Male,Enugu,18440.81
FB102906,40.0,Male,Ogun,14385.79
FB104349,36.0,Male,Kano,9911.92
FB101733,32.0,Female,Anambra,41987.23
FB101428,28.0,Male,Cross River,28181.55
FB100398,37.0,Male,Kano,76853.08
FB104080,36.0,Female,Lagos,95378.52
FB105077,39.0,Male,Kwara,115990.51
FB100947,36.0,Female,Imo,24172.91
FB103078,35.0,Female,Edo,13229.16
FB103919,34.0,Female,Imo,24394.28
FB103138,49.0,Male,Kano,29676.74
FB105426,35.0,Male,Enugu,23738.55
FB104995,56.0,Female,Edo,44828.34
FB105654,31.0,Male,Plateau,10466.28
FB105220,33.0,Male,Abuja FCT,20014.6
FB103229,28.0,Male,Plateau,41630.7
FB101826,43.0,Female,Kaduna,14643.93
FB101452,18.0,Female,Cross River,82920.46
FB100593,25.0,Female,Lagos,28364.78
FB102725,32.0,Male,Cross River,41026.56
FB100041,57.0,Male,Anambra,20535.34
FB100560,52.0,Male,Cross River,134018.53
FB104900,50.0,Female,Plateau,63168.16
FB104182,49.0,Female,Kaduna,53467.46
FB100489,18.0,Female,Kaduna,83822.45
FB100243,29.0,Female,Lagos,11051.23
FB103172,38.0,Male,Kwara,39467.82
FB101339,39.0,Male,Abuja FCT,27179.19
FB104826,40.0,Female,Oyo,192965.02
FB104201,46.0,Female,Abuja FCT,30145.72
FB100405,35.0,Female,Kaduna,22388.35
FB101442,18.0,Female,Cross River,20958.44
FB100261,29.0,Female,Cross River,68026.9
FB104028,39.0,Male,Imo,26450.45
FB103537,47.0,Male,Abuja FCT,144346.3
FB105548,21.0,Male,Delta,44563.72
FB101689,44.0,Male,Oyo,16299.68
FB103478,39.0,Female,Abuja FCT,264791.51
FB101725,31.0,Female,Ogun,9130.27
FB101203,21.0,Female,Kaduna,90463.86
FB100834,48.0,Male,Cross River,66264.32
FB101866,18.0,Male,Rivers,42598.32
FB102496,36.0,Female,Cross River,67741.14
FB103016,44.0,Male,Abuja FCT,13632.01
FB104574,31.0,Male,Delta,57443.69
FB102010,66.0,Female,Anambra,7585.16
FB104047,38.0,Female,Lagos,660225.06
FB100340,47.0,Male,Delta,10488.59
FB104231,43.0,Male,Kwara,10772.46
FB101601,40.0,Male,Cross River,148264.39
FB102796,28.0,Male,Rivers,55321.61
FB104920,23.0,Female,Enugu,157622.27
FB105712,23.0,Female,Imo,24172.23
FB100480,46.0,Female,Rivers,156696.76
FB103875,38.0,Female,Kano,51464.48
FB103725,32.0,Female,Abuja FCT,61259.14
FB103101,67.0,Female,Ogun,283284.85
FB102785,37.0,Male,Kano,20203.29
FB101523,53.0,Female,Kano,25087.37
FB103621,26.0,Male,Oyo,17898.97
FB104528,35.0,Female,Kwara,32002.01
FB105398,18.0,Female,Kano,21350.59
FB105641,33.0,Female,Enugu,24799.41
FB105726,18.0,Male,Lagos,11663.43
FB100799,38.0,Female,Oyo,16304.51
FB101766,36.0,Male,Ogun,9293.24
FB105719,42.0,Male,Anambra,37051.13
FB103025,55.0,Female,Ogun,111529.03
FB102453,31.0,Male,Anambra,10210.36
FB104403,26.0,Female,Delta,35148.68
FB105371,27.0,Male,Enugu,23589.27
FB104926,46.0,Male,Cross River,17925.8
FB103704,18.0,Female,Ogun,132984.44
FB105691,19.0,Female,Rivers,7608.46
FB100363,38.0,Female,Imo,53228.0
FB101271,35.0,Female,Ogun,25865.59
FB103166,32.0,Male,Edo,26438.26
FB102003,18.0,Male,Rivers,18162.73
FB105473,29.0,Female,Ogun,86906.56
FB104304,18.0,Male,Abuja FCT,15589.56
FB105705,29.0,Male,Rivers,3907.94
FB105428,42.0,Female,Plateau,8544.28
FB100347,45.0,Male,Imo,25835.35
FB103350,53.0,Female,Lagos,30898.44
FB104847,34.0,Female,Rivers,15113.06
FB103613,37.0,Male,Enugu,34341.82
FB105620,35.0,Female,Cross River,126962.06
FB102562,46.0,Male,Plateau,17119.99
FB103027,42.0,Male,Imo,189151.22
FB104239,66.0,Male,Ogun,8246.3
FB105579,46.0,Female,Oyo,264669.13
FB101423,30.0,Male,Kaduna,14458.12
FB100656,56.0,Female,Lagos,67076.65
FB103083,52.0,Female,Oyo,30656.58
FB105605,50.0,Female,Kaduna,33203.1
FB102102,39.0,Male,Edo,18234.18
FB100632,40.0,Female,Kwara,7668.79
FB105867,27.0,Male,Anambra,32035.62
FB102493,35.0,Female,Edo,39195.09
FB102665,30.0,Male,Rivers,27434.55
FB104397,22.0,Male,Kano,4928.48
FB104707,22.0,Female,Lagos,13601.69
FB104463,20.0,Male,Oyo,26104.38
FB104308,18.0,Female,Ogun,80754.0
FB102334,26.0,Female,Delta,37764.42
FB103548,73.0,Male,Kaduna,33856.29
FB105793,30.0,Male,Abuja FCT,12873.77
FB102500,32.0,Male,Abuja FCT,22053.89
FB103619,25.0,Male,Delta,12129.25
FB101465,49.0,Male,Abuja FCT,22002.39
FB104056,18.0,Female,Delta,8992.26
FB104215,28.0,Female,Ogun,33300.67
FB104917,66.0,Female,Enugu,115853.61
FB100115,28.0,Female,Cross River,46078.62
FB101821,25.0,Male,Oyo,34943.64
FB101494,23.0,Female,Kaduna,515475.13
FB102401,19.0,Female,Delta,16668.87
FB103874,47.0,Female,Imo,167898.18
FB101232,49.0,Male,Plateau,96376.72
FB102661,52.0,Male,Edo,45767.68
FB102817,27.0,Female,Delta,79042.08
FB101195,18.0,Female,Kwara,13062.99
FB105558,43.0,Male,Cross River,33438.74
FB101153,45.0,Female,Cross River,29687.57
FB103909,32.0,Male,Lagos,46989.77
FB104827,43.0,Male,Plateau,152582.23
FB105404,29.0,Male,Anambra,63501.16
FB100057,35.0,Female,Abuja FCT,50599.76
FB104529,18.0,Female,Lagos,128905.15
FB103883,71.0,Female,Kaduna,5450.88
FB103061,28.0,Female,Edo,45770.9
FB105196,52.0,Male,Plateau,24459.8
FB105773,40.0,Male,Enugu,7098.39
FB101735,36.0,Female,Enugu,33224.19
FB105480,18.0,Female,Imo,9025.42
FB102823,30.0,Female,Kwara,203821.66
FB102196,42.0,Female,Lagos,20211.4
FB100159,42.0,Female,Kwara,31471.66
FB104955,40.0,Male,Kaduna,105316.48
FB102475,41.0,Female,Oyo,144126.42
FB102564,39.0,Female,Abuja FCT,40441.42
FB104353,40.0,Male,Ogun,56957.18
FB105121,31.0,Female,Plateau,64037.66
FB104198,50.0,Male,Imo,43718.06
FB102608,41.0,Female,Ogun,20791.31
FB104701,18.0,Female,Plateau,28910.27
FB100707,29.0,Female,Ogun,100772.84
FB103046,35.0,Male,Cross River,13928.43
FB105187,39.0,Female,Lagos,68383.88
FB101093,19.0,Male,Kwara,27083.57
FB104639,31.0,Female,Kano,25906.44
FB101376,31.0,Male,Imo,30763.33
FB105987,29.0,Female,Enugu,8001.11
FB100072,41.0,Female,Cross River,85819.81
FB101922,58.0,Female,Kano,90314.44
FB104531,43.0,Male,Abuja FCT,15261.92
FB105658,49.0,Male,Plateau,56751.38
FB101764,18.0,Female,Lagos,11425.0
FB100743,19.0,Female,Rivers,5234.94
FB105427,27.0,Female,Kano,15574.14
FB101005,18.0,Female,Kano,15693.51
FB102668,31.0,Female,Enugu,15037.76
FB101190,25.0,Male,Enugu,12671.8
FB104375,49.0,Female,Imo,65817.99
FB102601,39.0,Male,Kwara,84780.87
FB101125,36.0,Male,Enugu,191428.65
FB101241,63.0,Male,Anambra,15625.79
FB105245,24.0,Female,Edo,39873.62
FB105451,18.0,Male,Rivers,66407.85
FB105781,22.0,Female,Rivers,212230.44
FB103351,18.0,Male,Lagos,7788.09
FB104008,28.0,Female,Abuja FCT,16086.64
FB101577,24.0,Male,Plateau,6036.6
FB103906,40.0,Male,Rivers,23432.72
FB103729,29.0,Male,Kwara,8243.7
FB101343,44.0,Male,Anambra,6706.76
FB100783,38.0,Female,Imo,64057.29
FB100440,70.0,Male,Edo,20252.72
FB101100,61.0,Female,Kano,29436.95
FB102637,32.0,Male,Delta,85964.92
FB105736,22.0,Male,Edo,30399.82
FB100649,41.0,Female,Kaduna,51733.85
FB101546,36.0,Male,Plateau,57616.89
FB105218,18.0,Female,Rivers,24730.98
FB104638,32.0,Male,Oyo,56241.0
FB102852,33.0,Male,Imo,3661.5
FB103503,58.0,Female,Cross River,160941.95
FB104371,39.0,Female,Enugu,96117.52
FB100630,45.0,Male,Delta,39482.23
FB101249,48.0,Male,Abuja FCT,52788.91
FB104147,49.0,Male,Abuja FCT,112445.88
FB100482,36.0,Female,Kano,177039.64
FB101584,36.0,Male,Edo,22981.31
FB101462,39.0,Female,Lagos,47928.44
FB103040,58.0,Male,Ogun,51649.63
FB104675,42.0,Female,Delta,61570.23
FB103273,18.0,Female,Cross River,14769.49
FB103683,60.0,Male,Abuja FCT,21670.75
FB104275,20.0,Female,Anambra,16049.6
FB103225,34.0,Male,Rivers,105576.66
FB101072,35.0,Female,Oyo,186997.36
FB102631,41.0,Female,Kaduna,57481.11
FB101660,40.0,Female,Cross River,13433.74
FB102425,18.0,Female,Anambra,599535.63
FB105216,42.0,Female,Plateau,34453.13
FB103097,18.0,Male,Anambra,30810.13
FB103976,34.0,Male,Abuja FCT,7873.37
FB105445,39.0,Female,Cross River,61124.64
FB105779,39.0,Male,Imo,10639.51
FB104316,57.0,Female,Edo,128172.96
FB104819,30.0,Male,Rivers,27867.13
FB101408,44.0,Female,Imo,54480.95
FB101845,44.0,Female,Anambra,91437.9
FB101798,25.0,Male,Rivers,109957.22
FB103957,33.0,Male,Kwara,36404.76
FB101475,53.0,Female,Cross River,85403.99
FB100035,42.0,Female,Delta,197173.68
FB100444,45.0,Male,Rivers,122955.03
FB102359,47.0,Female,Abuja FCT,41067.78
FB103654,24.0,Female,Enugu,12462.41
FB103179,18.0,Female,Kwara,6980.67
FB101286,34.0,Male,Oyo,34364.35
FB104506,18.0,Female,Ogun,42774.17
FB103416,23.0,Female,Abuja FCT,40945.26
FB102137,18.0,Female,Imo,32486.87
FB102636,22.0,Male,Abuja FCT,78339.85
FB104016,56.0,Female,Kaduna,86153.01
FB105881,18.0,Female,Rivers,39889.9
FB101681,18.0,Male,Rivers,8176.4
FB104419,56.0,Female,Cross River,69656.08
FB101692,52.0,Female,Ogun,19529.04
FB105373,35.0,Male,Plateau,12893.52
FB103362,31.0,Female,Edo,135521.4
FB103635,18.0,Male,Plateau,47087.21
FB100372,44.0,Female,Abuja FCT,16345.07
FB104669,38.0,Female,Lagos,37173.26
FB100140,39.0,Female,Kaduna,75232.89
FB105671,31.0,Female,Rivers,37539.72
FB104996,46.0,Male,Anambra,6984.87
FB100714,35.0,Female,Cross River,26782.54
FB103188,42.0,Male,Enugu,38985.95
FB105370,50.0,Male,Kano,42521.79
FB104248,44.0,Female,Enugu,137298.3
FB100406,56.0,Female,Kaduna,45080.73
FB100020,47.0,Male,Ogun,43848.91
FB101004,46.0,Male,Kwara,101857.2
FB102411,27.0,Male,Enugu,35756.64
FB102545,18.0,Female,Imo,16708.1
FB102390,41.0,Male,Cross River,50047.11
FB104859,45.0,Male,Ogun,18498.91
FB100042,27.0,Male,Rivers,20911.77
FB102830,37.0,Male,Lagos,13165.38
FB103371,18.0,Male,Abuja FCT,7032.46
FB103022,39.0,Female,Lagos,22969.39
FB103364,24.0,Female,Kano,258413.13
FB100011,38.0,Female,Edo,7576.28
FB101177,53.0,Male,Enugu,48405.83
FB101947,32.0,Male,Imo,109293.81
FB102501,18.0,Female,Kaduna,25258.06
FB102863,18.0,Female,Rivers,28179.64
FB103865,58.0,Male,Oyo,47468.55
FB101026,29.0,Male,Rivers,26001.29
FB103848,51.0,Female,Lagos,7709.35
FB102989,41.0,Female,Anambra,62003.18
FB100961,24.0,Female,Cross River,47248.28
FB102889,38.0,Female,Kwara,78258.4
FB103015,18.0,Female,Edo,22758.31
FB103338,38.0,Male,Kaduna,13534.83
FB104921,30.0,Male,Rivers,9168.31
FB100735,53.0,Female,Ogun,18568.81
FB101440,18.0,Male,Plateau,3523.57
FB102875,37.0,Female,Cross River,9354.27
FB103986,29.0,Female,Kano,20709.14
FB100916,50.0,Female,Edo,49803.3
FB105074,18.0,Male,Imo,23564.08
FB104089,47.0,Male,Cross River,27504.71
FB105622,54.0,Male,Lagos,33279.15
FB104750,34.0,Female,Lagos,155589.05
FB102772,33.0,Male,Ogun,5777.42
FB101624,40.0,Male,Imo,4704.66
FB105655,36.0,Male,Kwara,11154.51
FB100821,36.0,Female,Anambra,59731.15
FB101367,63.0,Male,Abuja FCT,20250.44
FB103712,18.0,Female,Delta,65758.29
FB105469,18.0,Female,Abuja FCT,75044.35
FB100850,42.0,Female,Lagos,62199.72
FB101000,29.0,Female,Abuja FCT,30977.9
FB104520,40.0,Male,Enugu,50273.44
FB104114,34.0,Female,Edo,81523.4
FB101637,26.0,Male,Abuja FCT,161294.49
FB101667,56.0,Female,Lagos,8297.08
FB103173,32.0,Male,Anambra,147264.59
FB104625,27.0,Female,Plateau,229789.87
FB101347,42.0,Female,Kaduna,175343.72
FB104747,25.0,Female,Oyo,9600.99
FB103230,33.0,Female,Ogun,8987.48
FB104269,42.0,Male,Anambra,73920.29
FB104671,56.0,Male,Kwara,59246.69
FB103232,22.0,Male,Enugu,88435.09
FB105790,36.0,Male,Enugu,60322.7
FB100703,19.0,Female,Imo,189371.7
FB104848,39.0,Male,Ogun,71428.87
FB103291,34.0,Female,Anambra,6648.88
FB103673,27.0,Male,Oyo,8809.92
FB102408,55.0,Female,Anambra,13878.84
FB101327,29.0,Male,Kwara,92964.94
FB105667,19.0,Female,Ogun,12432.91
FB104983,31.0,Male,Ogun,35910.1
FB105080,18.0,Male,Kano,30161.96
FB100986,46.0,Male,Plateau,44990.64
FB105520,31.0,Male,Lagos,10442.65
FB105228,31.0,Female,Delta,657121.9
FB105036,50.0,Male,Ogun,60181.76
FB104049,43.0,Female,Kwara,43614.01
FB103485,24.0,Female,Kano,34313.82
FB102474,32.0,Male,Abuja FCT,58568.54
FB103873,56.0,Male,Kaduna,50145.66
FB101198,26.0,Male,Kwara,12035.87
FB104181,20.0,Male,Kaduna,22482.86
FB101518,33.0,Male,Plateau,43805.3
FB101799,42.0,Male,Kwara,28276.21
FB101014,40.0,Male,Kano,21145.88
FB100128,54.0,Female,Rivers,16673.29
FB101364,28.0,Female,Kaduna,21293.64
FB104676,24.0,Male,Imo,43697.82
FB100891,18.0,Female,Kwara,83789.38
FB102793,29.0,Female,Abuja FCT,1784.59
FB105105,33.0,Male,Oyo,56543.63
FB105798,18.0,Male,Kano,582864.88
FB105213,37.0,Female,Lagos,20906.36
FB103249,37.0,Male,Edo,24492.26
FB101208,45.0,Female,Abuja FCT,52820.16
FB103868,73.0,Female,Kaduna,64334.94
FB104065,34.0,Female,Ogun,69114.75
FB105201,53.0,Female,Kaduna,36892.74
FB101239,20.0,Male,Cross River,77824.42
FB102289,30.0,Male,Kano,90651.56
FB102740,63.0,Female,Ogun,59615.71
FB100275,39.0,Female,Kwara,30599.99
FB101035,50.0,Male,Kaduna,141455.97
FB101229,44.0,Female,Rivers,61034.98
FB101008,34.0,Male,Anambra,4006.81
FB103828,57.0,Female,Anambra,3465.53
FB102532,47.0,Male,Abuja FCT,28987.95
FB101058,35.0,Female,Kaduna,12163.75
FB104513,32.0,Female,Imo,118048.21
FB100281,49.0,Male,Cross River,25371.31
FB101043,31.0,Female,Edo,30866.96
FB101316,40.0,Male,Kaduna,51146.0
FB100968,41.0,Female,Plateau,60746.36
FB102381,46.0,Male,Kwara,55415.92
FB105164,44.0,Female,Kano,117238.69
FB101939,18.0,Female,Kwara,29263.35
FB104359,44.0,Female,Edo,15053.27
FB101274,51.0,Male,Plateau,361236.1
FB100619,45.0,Male,Rivers,217779.05
FB104694,51.0,Male,Kaduna,88361.84
FB101742,24.0,Female,Enugu,20604.4
FB101390,49.0,Male,Kano,17769.85
FB104952,50.0,Female,Delta,9098.9
FB101579,55.0,Male,Oyo,51251.64
FB101655,22.0,Female,Imo,59541.05
FB103568,29.0,Male,Kwara,18540.36
FB102352,45.0,Female,Abuja FCT,31523.06
FB102212,26.0,Male,Oyo,10445.6
FB101468,30.0,Female,Rivers,28211.82
FB103178,65.0,Female,Delta,6638.03
FB103192,43.0,Male,Kwara,146496.46
FB101307,45.0,Female,Kaduna,75748.55
FB100575,25.0,Male,Oyo,3399.12
FB102360,51.0,Male,Cross River,64202.3
FB101280,24.0,Male,Imo,39904.96
FB105357,34.0,Male,Abuja FCT,6834.53
FB105033,34.0,Male,Enugu,58520.05
FB101993,45.0,Female,Kwara,19870.26
FB102639,27.0,Male,Anambra,39610.93
FB100269,51.0,Male,Plateau,19252.94
FB100629,28.0,Female,Kano,34154.65
FB104505,42.0,Male,Kano,8706.64
FB103081,21.0,Male,Kaduna,6729.32
FB103466,41.0,Female,Plateau,35931.48
FB105628,18.0,Male,Kwara,36524.03
FB104023,29.0,Male,Kaduna,16690.96
FB102046,36.0,Female,Lagos,46337.85
FB104775,42.0,Female,Imo,39321.12
FB102113,62.0,Female,Anambra,57622.95
FB100027,51.0,Female,Imo,101154.88
FB102040,46.0,Female,Kaduna,16847.88
FB103928,22.0,Female,Kwara,13703.85
FB105500,22.0,Male,Ogun,58462.19
FB103216,18.0,Male,Edo,8321.38
FB103814,18.0,Female,Kaduna,56075.47
FB100129,43.0,Female,Delta,85143.85
FB104508,18.0,Male,Rivers,16184.07
FB105977,27.0,Female,Plateau,21161.87
FB100013,23.0,Male,Cross River,54899.96
FB105214,52.0,Male,Kano,9179.82
FB101525,20.0,Female,Oyo,16640.84
FB102365,22.0,Female,Cross River,34376.62
FB103052,26.0,Male,Kaduna,116907.59
FB104005,34.0,Female,Anambra,58344.78
FB102340,34.0,Male,Abuja FCT,19262.94
FB100374,30.0,Male,Abuja FCT,7728.52
FB104431,32.0,Female,Lagos,5867.25
FB105224,,,,
FB100939,18.0,Male,Cross River,14966.1
FB105827,18.0,Female,Plateau,17000.3
FB102147,53.0,Female,Enugu,6769.05
FB103591,47.0,Male,Plateau,13041.58
FB105523,56.0,Female,Lagos,19018.73
FB105113,29.0,Female,Kaduna,39952.13
FB103623,36.0,Male,Plateau,36920.81
FB100529,45.0,Male,Delta,24156.87
FB103714,40.0,Female,Oyo,6550.87
FB101269,21.0,Male,Cross River,38577.62
FB104281,50.0,Male,Anambra,45676.59
FB101394,32.0,Female,Imo,44336.75
FB104009,65.0,Male,Abuja FCT,106471.47
FB101797,54.0,Male,Abuja FCT,128166.43
FB102979,32.0,Female,Plateau,347736.59
FB101441,30.0,Female,Kano,60081.38
FB104546,22.0,Male,Lagos,148651.89
FB105936,43.0,Male,Kano,14081.02
FB103811,27.0,Female,Ogun,16235.52
FB101273,20.0,Female,Enugu,19511.29
FB101712,18.0,Female,Cross River,117047.5
FB100955,60.0,Female,Enugu,422705.15
FB104503,35.0,Female,Ogun,106724.35
FB104862,28.0,Male,Imo,26121.02
FB105378,36.0,Female,Ogun,31765.7
FB100403,40.0,Female,Enugu,21447.78
FB102071,42.0,Female,Rivers,51165.37
FB105784,45.0,Male,Kaduna,17263.34
FB101977,30.0,Male,Enugu,18536.11
FB100158,46.0,Male,Enugu,25814.89
FB103888,51.0,Male,Cross River,11840.05
FB100902,18.0,Female,Abuja FCT,6357.88
FB100352,18.0,Male,Delta,70729.0
FB104130,31.0,Male,Imo,240433.88
FB100754,39.0,Female,Oyo,184477.56
FB102971,38.0,Male,Kano,6641.7
FB101980,28.0,Male,Kano,290536.58
FB102920,42.0,Female,Ogun,9737.95
FB100311,62.0,Female,Enugu,159525.98
FB100661,37.0,Male,Lagos,62016.26
FB101989,45.0,Female,Kano,11445.81
FB103665,76.0,Female,Ogun,80574.71
FB100306,41.0,Female,Abuja FCT,10529.77
FB102335,46.0,Male,Delta,6036.21
FB102356,43.0,Female,Kwara,53780.7
FB103702,27.0,Male,Kwara,226877.05
FB103804,33.0,Female,Plateau,34416.36
FB101927,33.0,Male,Rivers,30747.71
FB103427,38.0,Female,Abuja FCT,233959.16
FB100749,51.0,Male,Plateau,69687.74
FB103638,24.0,Male,Edo,33726.75
FB104942,,Male,,10894.97
FB101266,45.0,Male,Kwara,13219.45
FB104615,37.0,Male,Anambra,74520.3
FB105376,18.0,Female,Imo,10534.32
FB103595,40.0,Female,Plateau,37676.35
FB102134,23.0,Male,Plateau,100947.01
FB104109,35.0,Male,Plateau,8383.78
FB100514,45.0,Male,Plateau,11789.07
FB105440,26.0,Female,Kano,16290.39
FB100409,39.0,Male,Abuja FCT,117245.86
FB104536,18.0,Female,Cross River,187053.75
FB100974,52.0,Female,Edo,34319.43
FB104771,48.0,Female,Kano,19423.43
FB105420,21.0,Male,Edo,10544.71
FB100207,42.0,Male,Plateau,15941.24
FB100458,45.0,Male,Plateau,44590.23
FB102054,35.0,Female,Kaduna,46865.0
FB102430,31.0,Male,Ogun,14636.55
FB100250,50.0,Female,Plateau,296664.84
FB101079,54.0,Female,Oyo,67067.86
FB101107,31.0,Female,Anambra,48652.87
FB105672,39.0,Female,Lagos,21974.35
FB101713,41.0,Male,Imo,166539.08
FB103911,31.0,Female,Plateau,49623.96
FB100715,-1.0,Male,Anambra,89081.85
FB100552,52.0,Male,Imo,11569.22
FB101439,41.0,Female,Enugu,29552.93
FB102270,24.0,Female,Cross River,308573.26
FB103144,56.0,Male,Ogun,25678.51
FB105813,28.0,Female,Imo,18219.89
FB101925,31.0,Male,Ogun,62506.16
FB100634,28.0,Male,Plateau,141450.13
FB100316,35.0,Male,Ogun,22707.05
FB105718,35.0,Male,Oyo,147840.67
FB100427,56.0,Male,Kaduna,19383.53
FB105981,22.0,Female,Anambra,12221.9
FB100105,45.0,Male,Lagos,126642.34
FB103041,53.0,Male,Delta,42081.11
FB104238,39.0,Female,Rivers,6590.0
FB102169,18.0,Female,Kaduna,25614.51
FB101709,21.0,Male,Oyo,20223.78
FB100089,34.0,Male,Oyo,723738.98
FB102241,27.0,Female,Kaduna,66751.22
FB103174,22.0,Female,Abuja FCT,16431.13
FB104539,24.0,Male,Anambra,5698.13
FB101949,43.0,Male,Kaduna,55138.51
FB104044,43.0,Male,Enugu,20474.48
FB102848,32.0,Female,Plateau,15999.54
FB100001,46.0,Female,Oyo,193945.57
FB104337,33.0,Male,Cross River,97958.62
FB100935,23.0,Female,Imo,28669.44
FB105205,38.0,Female,Cross River,44165.5
FB102720,30.0,Female,Ogun,18095.99
FB100591,49.0,Female,Edo,6453.96
FB104559,36.0,Female,Oyo,165225.84
FB102936,42.0,Male,Kwara,13336.91
FB102448,18.0,Female,Enugu,10592.99
FB101576,18.0,Female,Kwara,24045.32
FB105076,32.0,Male,Edo,7715.22
FB100213,25.0,Male,Kwara,77238.75
FB100778,49.0,Female,Abuja FCT,15010.47
FB103496,50.0,Male,Kaduna,118300.6
FB104770,42.0,Male,Ogun,19318.11
FB102043,49.0,Female,Lagos,39647.44
FB105518,36.0,Female,Ogun,58470.07
FB101567,38.0,Female,Plateau,59118.69
FB100165,37.0,Female,Kwara,13534.81
FB103566,45.0,Male,Anambra,40507.61
FB104655,63.0,Male,Abuja FCT,12729.22
FB105789,53.0,Male,Kano,16460.95
FB102013,27.0,Female,Kano,27288.48
FB100273,45.0,Male,Delta,29046.41
FB103860,35.0,Female,Ogun,176660.68
FB104167,51.0,Male,Oyo,55659.3
FB104855,24.0,Male,Oyo,76555.17
FB103788,18.0,Male,Kano,35106.26
FB100394,37.0,Female,Delta,5842.67
FB100583,55.0,Female,Ogun,67528.16
FB105933,37.0,Male,Cross River,3143.77
FB105645,47.0,Male,Edo,100558.47
FB105823,52.0,Male,Oyo,33814.38
FB100520,59.0,Male,Enugu,21921.59
FB101763,35.0,Female,Anambra,353167.23
FB101875,30.0,Male,Plateau,52157.2
FB103965,45.0,Female,Lagos,159616.37
FB103344,18.0,Female,Kaduna,16904.51
FB102253,46.0,Female,Edo,48638.89
FB103224,18.0,Male,Lagos,52552.34
FB100526,44.0,Male,Kaduna,48375.13
FB102946,19.0,Female,Kano,6820.48
FB103899,39.0,Female,Edo,4831.56
FB100692,47.0,Female,Kano,50474.41
FB105756,,,,
FB104444,37.0,Female,Kano,27179.93
FB103633,49.0,Female,Cross River,39588.07
FB101050,42.0,Male,Plateau,13463.58
FB100590,40.0,Male,Enugu,167913.21
FB100519,40.0,Male,Delta,114898.93
FB103380,48.0,Male,Anambra,29289.37
FB103676,31.0,Female,Delta,132820.32
FB105009,28.0,Female,Enugu,261444.51
FB101607,47.0,Female,Anambra,257810.17
FB103610,52.0,Female,Lagos,2974.75
FB105810,33.0,Male,Edo,156068.49
FB101809,53.0,Female,Lagos,97159.76
FB100791,24.0,Female,Oyo,38864.94
FB100792,43.0,Female,Cross River,77840.42
FB104999,44.0,Male,Delta,73778.84
FB101855,19.0,Male,Rivers,8540.74
FB101980,28.0,Male,Kano,290536.58
FB103233,26.0,Male,Rivers,21348.09
FB103598,43.0,Male,Kaduna,32377.07
FB100933,51.0,Female,Rivers,125414.01
FB103963,26.0,Male,Edo,42454.06
FB105653,34.0,Male,Kaduna,10481.49
FB104179,30.0,Male,Imo,18920.98
FB104026,32.0,Male,Lagos,21203.64
FB104116,18.0,Male,Kwara,19208.68
FB100988,52.0,Female,Delta,102978.87
FB104691,21.0,Male,Edo,12017.91
FB103453,22.0,Male,Edo,24494.66
FB105557,36.0,Male,Ogun,62201.41
FB103778,55.0,Male,Kano,35702.69
FB105101,44.0,Female,Kano,38587.66
FB103093,43.0,Female,Anambra,131115.37
FB103155,35.0,Female,Enugu,137770.17
FB103201,33.0,Male,Enugu,63240.35
FB104908,39.0,Male,Kwara,36387.62
FB101098,43.0,Male,Edo,37088.51
FB101324,38.0,Male,Enugu,97978.65
FB102844,21.0,Male,Rivers,30179.4
FB100886,29.0,Female,Kwara,44984.27
FB104189,48.0,Female,Kaduna,46806.76
FB104716,34.0,Male,Anambra,18023.57
FB100515,34.0,Male,Delta,5793.88
FB105979,27.0,Female,Ogun,117308.22
FB101453,32.0,Female,Kano,10476.85
FB103553,18.0,Female,Abuja FCT,30813.32
FB103609,23.0,Female,Delta,5360.83
FB102506,38.0,Female,Delta,27960.51
FB102994,43.0,Male,Edo,23543.73
FB103999,59.0,Male,Kwara,357022.95
FB105770,29.0,Female,Anambra,123222.32
FB100906,58.0,Male,Lagos,97394.33
FB100028,27.0,Female,Edo,25844.84
FB102507,38.0,Male,Rivers,20682.85
FB102428,49.0,Female,Delta,103124.72
FB100762,33.0,Male,Kaduna,120285.51
FB103747,24.0,Female,Cross River,20946.21
FB100284,18.0,Female,Lagos,24669.8
FB100686,20.0,Male,Abuja FCT,6155.38
FB102353,56.0,Male,Oyo,21321.47
FB104894,,,,
FB100021,36.0,Female,Edo,26076.4
FB102752,31.0,Female,Imo,91670.77
FB100885,38.0,Male,Kaduna,234346.52
FB100917,30.0,Male,Plateau,54049.41
FB101040,38.0,Male,Kaduna,70356.29
FB101265,44.0,Male,Kwara,13108.04
FB105409,37.0,Female,Plateau,237019.71
FB100277,42.0,Female,Delta,23084.93
FB102084,50.0,Male,Oyo,16594.55
FB101245,37.0,Male,Edo,17005.62
FB102382,25.0,Female,Enugu,47786.72
FB100571,36.0,Male,Rivers,41694.9
FB101435,29.0,Female,Lagos,60127.67
FB103902,35.0,Female,Abuja FCT,19715.99
FB101247,21.0,Female,Imo,88834.09
FB103526,51.0,Female,Delta,51902.59
FB102514,54.0,Male,Imo,36899.74
FB101007,48.0,Female,Abuja FCT,29342.47
FB104543,,,,
FB105267,18.0,Female,Plateau,9558.54
FB102064,28.0,Female,Oyo,224544.48
FB104801,40.0,Female,Delta,23918.63
FB101690,66.0,Female,Kano,134538.2
FB105989,-1.0,Female,Plateau,425350.23
FB101985,32.0,Male,Kaduna,10802.18
FB100294,48.0,Female,Delta,14161.86
FB101547,26.0,Male,Kwara,148362.14
FB102012,29.0,Male,Delta,25589.53
FB100588,18.0,Female,Imo,32592.14
FB103329,36.0,Female,Kwara,50462.93
FB102403,28.0,Male,Kwara,74426.2
FB102129,36.0,Female,Kwara,13676.76
FB103998,42.0,Female,Oyo,14492.16
FB105325,35.0,Female,Rivers,47024.35
FB103741,30.0,Female,Oyo,25763.68
FB103508,37.0,Female,Cross River,14195.41
FB102719,42.0,Male,Imo,33994.66
FB104521,43.0,Male,Enugu,4874.52
FB105541,45.0,Female,Kwara,22629.5
FB105547,30.0,Male,Rivers,71556.12
FB100556,49.0,Male,Edo,62645.68
FB102469,50.0,Female,Lagos,7784.75
FB103738,18.0,Male,Abuja FCT,45023.67
FB104286,43.0,Female,Rivers,138155.27
FB105004,26.0,Female,Delta,89362.29
FB101716,-1.0,Female,Kaduna,32607.36
FB102604,24.0,Female,Ogun,38892.8
FB105015,48.0,Male,Enugu,102764.66
FB101704,35.0,Male,Kano,345085.82
FB102139,37.0,Male,Kaduna,54196.29
FB103239,34.0,Female,Kwara,50221.13
FB102383,22.0,Female,Cross River,27500.53
FB104311,34.0,Male,Kano,134527.31
FB101285,38.0,Female,Imo,7380.15
FB105648,27.0,Female,Kaduna,21661.62
FB105436,46.0,Male,Ogun,71019.62
FB103930,64.0,Male,Rivers,42727.7
FB104600,59.0,Male,Rivers,21511.25
FB101591,23.0,Female,Edo,25238.65
FB105388,18.0,Male,Kano,25894.68
FB102162,28.0,Female,Rivers,113542.58
FB102396,36.0,Male,Enugu,48566.78
FB100317,24.0,Female,Cross River,5882.03
FB105462,38.0,Female,Delta,10988.65
FB103111,36.0,Male,Anambra,287179.29
FB104036,29.0,Female,Cross River,15147.9
FB100795,24.0,Male,Kwara,1460.47
FB103020,50.0,Female,Imo,138736.02
FB101711,43.0,Male,Oyo,57527.96
FB103387,23.0,Male,Anambra,89704.18
FB100036,37.0,Female,Rivers,203029.8
FB104549,39.0,Female,Abuja FCT,20955.19
FB100913,23.0,Female,Plateau,171446.34
FB103972,43.0,Male,Anambra,12893.22
FB104133,48.0,Male,Kaduna,11220.58
FB100974,52.0,Female,Edo,34319.43
FB100983,35.0,Female,Ogun,30748.59
FB105385,54.0,Male,Enugu,206112.4
FB101418,62.0,Male,Rivers,217195.86
FB101560,31.0,Male,Oyo,18520.18
FB104135,18.0,Male,Kano,116259.62
FB104850,34.0,Female,Lagos,59359.89
FB104265,26.0,Male,Abuja FCT,7428.01
FB101355,27.0,Male,Edo,195947.98
FB105773,40.0,Male,Enugu,7098.39
FB100987,37.0,Female,Ogun,23685.77
FB102682,35.0,Female,Ogun,6994.01
FB101640,26.0,Female,Delta,37535.21
FB101290,42.0,Male,Lagos,55718.92
FB103681,51.0,Female,Ogun,19716.11
FB101380,46.0,Female,Ogun,14991.71
FB101933,42.0,Female,Abuja FCT,223905.42
FB105117,18.0,Female,Abuja FCT,42661.65
FB103160,54.0,Female,Imo,36009.65
FB102030,47.0,Female,Kwara,49374.76
FB100892,39.0,Male,Enugu,7307.77
FB104069,18.0,Female,Ogun,53153.75
FB104255,38.0,Male,Lagos,69084.47
FB100002,34.0,Male,Rivers,28069.79
FB102109,42.0,Female,Oyo,4992.79
FB100849,44.0,Female,Anambra,44246.87
FB102737,35.0,Female,Rivers,219786.95
FB102466,57.0,Female,Cross River,124817.96
FB101914,53.0,Female,Kwara,61635.85
FB101596,67.0,Female,Anambra,18408.99
FB101913,22.0,Female,Lagos,62088.52
FB102247,49.0,Female,Enugu,229834.51
FB102736,33.0,Female,Edo,20947.66
FB100726,41.0,Male,Ogun,635299.25
FB100053,62.0,Female,Enugu,44003.99
FB101796,67.0,Female,Cross River,7133.89
FB103845,43.0,Male,Enugu,18831.89
FB102553,24.0,Female,Delta,38203.68
FB102800,35.0,Male,Enugu,32404.56
FB100936,33.0,Male,Imo,85615.93
FB105013,41.0,Female,Kwara,27427.3
FB100824,53.0,Female,Abuja FCT,626886.01
FB104321,52.0,Female,Plateau,44504.45
FB103401,18.0,Male,Edo,228697.4
FB101389,37.0,Female,Cross River,61536.49
FB103564,40.0,Female,Rivers,153407.29
FB100884,39.0,Male,Cross River,66611.59
FB101868,32.0,Female,Delta,30476.21
FB100010,57.0,Female,Oyo,28329.14
FB103415,43.0,Female,Kwara,15901.96
FB101463,-1.0,Female,Enugu,45990.24
FB100806,49.0,Female,Rivers,33335.53
FB105333,49.0,Female,Rivers,99345.07
FB104068,26.0,Male,Enugu,70581.14
FB102108,62.0,Female,Delta,21376.71
FB105953,45.0,Male,Anambra,4972.37
FB105532,54.0,Female,Enugu,25342.02
FB102234,39.0,Male,Imo,55609.46
FB100963,18.0,Female,Kano,26513.13
FB104494,57.0,Female,Abuja FCT,22260.27
FB102632,53.0,Female,Edo,14757.91
FB100704,33.0,Female,Enugu,27558.98
FB100431,58.0,Male,Rivers,261833.86
FB104388,33.0,Female,Rivers,127570.97
FB100145,35.0,Male,Lagos,21114.16
FB102033,40.0,Female,Rivers,50360.82
FB105102,37.0,Female,Lagos,135440.79
FB101165,34.0,Male,Ogun,33565.06
FB103500,48.0,Male,Rivers,5138.68
FB102050,18.0,Female,Kwara,15417.82
FB103760,50.0,Female,Abuja FCT,6345.94
FB102624,48.0,Female,Edo,57888.76
FB104484,44.0,Male,Kwara,187633.88
FB104435,51.0,Female,Lagos,39736.63
FB104845,44.0,Female,Cross River,26056.48
FB104713,25.0,Female,Cross River,18514.97
FB104361,41.0,Female,Cross River,51647.99
FB102424,30.0,Male,Enugu,61531.04
FB101262,49.0,Male,Lagos,61756.63
FB101771,49.0,Male,Oyo,11102.06
FB103511,30.0,Female,Delta,37643.02
FB100271,44.0,Male,Rivers,177322.52
FB100244,59.0,Male,Ogun,95779.48
FB105906,34.0,Female,Imo,203734.03
FB104572,32.0,Female,Kwara,5567.69
FB102032,25.0,Female,Kano,18102.98
FB104958,55.0,Male,Enugu,20077.13
FB100813,32.0,Female,Delta,148615.54
FB103810,27.0,Female,Oyo,20845.7
FB104939,23.0,Female,Cross River,238943.54
FB101804,20.0,Male,Cross River,23000.35
FB104346,44.0,Male,Rivers,31840.21
FB102461,45.0,Female,Enugu,172061.29
FB100545,37.0,Female,Kano,34858.61
FB103241,26.0,Male,Cross River,25189.0
FB100738,36.0,Female,Kano,57611.97
FB100310,27.0,Female,Anambra,60999.15
FB103521,43.0,Female,Imo,6805.13
FB101131,54.0,Female,Rivers,11179.54
FB105996,32.0,Male,Plateau,12814.32
FB104111,45.0,Female,Enugu,59538.41
FB102769,21.0,Female,Ogun,103539.47
FB100920,36.0,Female,Lagos,4582.34
FB103587,55.0,Female,Abuja FCT,53941.15
FB103959,29.0,Male,Kaduna,60746.16
FB100038,39.0,Male,Plateau,26136.6
FB104459,18.0,Male,Edo,90085.63
FB104278,33.0,Female,Rivers,385820.13
FB102983,49.0,Male,Anambra,139558.83
FB105605,50.0,Female,Kaduna,33203.1
FB102667,27.0,Female,Ogun,20999.25
FB103223,28.0,Female,Edo,21864.21
FB101182,29.0,Female,Delta,196241.33
FB100614,50.0,Male,Kaduna,413153.84
FB105978,56.0,Female,Enugu,56178.57
FB101466,26.0,Male,Edo,103863.27
FB104497,37.0,Male,Rivers,40610.95
FB103042,36.0,Male,Anambra,25176.31
FB100934,23.0,Male,Ogun,23111.93
FB102419,55.0,Male,Kano,17693.51
FB105490,18.0,Female,Anambra,50495.48
FB104927,30.0,Female,Kwara,69621.93
FB100826,40.0,Male,Lagos,24624.99
FB101521,30.0,Female,Cross River,46473.52
FB102930,54.0,Male,Delta,140201.12
FB104232,50.0,Male,Kwara,23878.85
FB100628,59.0,Female,Imo,57579.44
FB104430,41.0,Female,Lagos,42149.23
FB103853,58.0,Female,Plateau,34455.39
FB100390,40.0,Female,Anambra,8359.23
FB104345,44.0,Male,Imo,45338.53
FB105938,35.0,Female,Enugu,25956.05
FB103990,25.0,Female,Anambra,20857.28
FB100400,50.0,Female,Abuja FCT,20585.68
FB103359,60.0,Female,Imo,93509.37
FB100046,28.0,Female,Imo,25325.62
FB105837,18.0,Male,Kaduna,15060.15
FB105999,36.0,Female,Imo,12823.76
FB103642,54.0,Female,Rivers,11359.99
FB103726,24.0,Male,Oyo,111724.05
FB105910,30.0,Male,Ogun,7662.48
FB102421,46.0,Male,Kwara,31075.86
FB101750,53.0,Male,Kano,18214.17
FB105884,38.0,Male,Kano,11035.53
FB104979,46.0,Female,Kaduna,58017.62
FB104062,33.0,Female,Ogun,96161.27
FB100338,23.0,Female,Kaduna,249570.69
FB100215,22.0,Male,Abuja FCT,3853.91
FB103663,53.0,Female,Edo,56894.25
FB101341,33.0,Male,Abuja FCT,81231.45
FB105564,28.0,Male,Cross River,106271.51
FB103894,37.0,Male,Lagos,125563.49
FB103640,27.0,Male,Kano,163554.85
FB100329,40.0,Male,Kwara,30983.3
FB103004,52.0,Male,Imo,14460.86
FB105814,70.0,Female,Plateau,265015.81
FB103115,41.0,Male,Kano,24344.7
FB105887,54.0,Female,Kaduna,17473.92
FB102322,46.0,Male,Delta,214900.42
FB104197,27.0,Male,Kaduna,97282.64
FB103549,26.0,Female,Delta,7724.9
FB101458,35.0,Male,Kano,75774.74
FB100171,41.0,Female,Kwara,20792.81
FB104203,64.0,Male,Imo,5560.51
FB105984,43.0,Female,Ogun,1847.66
FB103569,31.0,Female,Abuja FCT,160873.89
FB104226,26.0,Male,Enugu,18263.9
FB104960,24.0,Female,Cross River,46612.55
FB105008,24.0,Female,Ogun,60123.12
FB100938,30.0,Female,Plateau,28849.73
FB100060,48.0,Male,Rivers,13355.37
FB101240,30.0,Male,Plateau,240702.18
FB105081,41.0,Female,Ogun,32459.16
FB102120,18.0,Female,Oyo,96884.45
FB101524,43.0,Male,Kano,135533.16
FB100153,54.0,Male,Plateau,18944.55
FB100481,40.0,Female,Plateau,79213.67
FB104460,59.0,Male,Kaduna,55940.57
FB103920,37.0,Female,Imo,22188.61
FB101762,30.0,Male,Delta,9983.93
FB100750,48.0,Male,Kaduna,19805.12
FB101785,34.0,Male,Kwara,153765.21
FB104501,44.0,Female,Cross River,4286.61
FB102711,50.0,Female,Oyo,32853.6
FB105065,42.0,Male,Lagos,11614.83
FB104193,59.0,Male,Kwara,54577.35
FB101333,49.0,Male,Oyo,9360.22
FB105413,33.0,Female,Edo,49463.0
FB102854,27.0,Male,Kaduna,293199.48
FB100186,56.0,Female,Oyo,104317.86
FB101136,29.0,Female,Enugu,37705.74
FB102058,34.0,Male,Rivers,4541.39
FB105094,41.0,Male,Kaduna,372682.96
FB100148,49.0,Male,Edo,50920.94
FB104124,81.0,Female,Rivers,76432.11
FB103363,27.0,Male,Kano,28401.02
FB104788,18.0,Female,Kwara,83158.94
FB102866,51.0,Male,Rivers,29451.77
FB103776,18.0,Female,Anambra,10202.83
FB101386,35.0,Male,Anambra,6611.2
FB105753,52.0,Male,Imo,24665.82
FB105031,49.0,Female,Abuja FCT,257777.8
FB103629,30.0,Male,Kano,539073.34
FB105475,28.0,Female,Kaduna,112273.84
FB104797,39.0,Female,Enugu,22101.71
FB103028,38.0,Male,Abuja FCT,112217.62
FB102969,54.0,Female,Kano,422797.58
FB105282,67.0,Female,Plateau,7439.24
FB101708,48.0,Female,Ogun,45641.96
FB102953,35.0,Male,Edo,1495.98
FB100454,46.0,Male,Kwara,392220.79
FB100609,27.0,Female,Ogun,384486.53
FB104263,33.0,Female,Abuja FCT,45847.09
FB105153,38.0,Female,Cross River,55535.8
FB102074,31.0,Male,Imo,47471.42
FB104052,22.0,Female,Abuja FCT,4109.6
FB104949,58.0,Male,Ogun,102876.05
FB101622,35.0,Female,Rivers,84890.05
FB104683,33.0,Male,Imo,157806.91
FB105327,26.0,Female,Kaduna,179870.48
FB100040,35.0,Male,Edo,53788.98
FB102089,61.0,Male,Imo,24905.23
FB103924,29.0,Male,Lagos,25353.9
FB102175,18.0,Female,Enugu,38263.16
FB100074,44.0,Female,Enugu,50346.44
FB104866,54.0,Male,Ogun,9231.11
FB102489,43.0,Female,Edo,3157.5
FB102657,29.0,Female,Delta,27273.21
FB103180,49.0,Female,Cross River,125148.26
FB102076,39.0,Male,Delta,15968.68
FB100441,31.0,Male,Cross River,114528.27
FB102051,55.0,Female,Kwara,96260.21
FB102541,39.0,Female,Kwara,11201.69
FB101301,29.0,Female,Oyo,9812.05
FB103430,27.0,Female,Enugu,276795.85
FB101304,49.0,Female,Kwara,147614.96
FB100236,18.0,Female,Lagos,163335.51
FB105067,24.0,Male,Ogun,21523.75
FB102599,26.0,Male,Kano,100532.81
FB104616,38.0,Female,Cross River,31386.57
FB102573,36.0,Male,Kwara,28781.19
FB103280,34.0,Female,Kwara,159645.3
FB103186,52.0,Female,Kano,147542.46
FB103953,39.0,Female,Lagos,26736.63
FB102768,24.0,Female,Kaduna,24610.92
FB104831,33.0,Female,Abuja FCT,46617.52
FB104223,46.0,Male,Plateau,412737.11
FB102106,48.0,Female,Enugu,4697.24
FB102679,18.0,Male,Enugu,26840.58
FB102761,47.0,Female,Anambra,18471.93
FB104688,18.0,Female,Kaduna,139244.29
FB101387,31.0,Female,Anambra,26546.07
FB105713,18.0,Male,Oyo,18972.69
FB105506,36.0,Female,Kwara,15454.21
FB101279,42.0,Male,Abuja FCT,100377.88
FB105967,33.0,Male,Enugu,48402.32
FB101555,22.0,Female,Enugu,26596.83
FB105501,52.0,Male,Anambra,83341.63
FB103190,64.0,Female,Lagos,7463.26
FB104566,41.0,Male,Imo,49084.68
FB104802,49.0,Female,Kwara,194289.08
FB105708,37.0,Male,Plateau,20694.32
FB104841,50.0,Male,Abuja FCT,15472.71
FB103594,34.0,Female,Cross River,3914.55
FB101920,30.0,Male,Cross River,16634.47
FB100513,38.0,Male,Delta,41441.35
FB104177,66.0,Female,Imo,103909.37
FB101308,28.0,Male,Anambra,39743.24
FB100914,36.0,Female,Kano,37076.35
FB103452,33.0,Male,Enugu,49827.4
FB103695,54.0,Male,Abuja FCT,39569.27
FB104242,63.0,Female,Cross River,83524.44
FB103156,21.0,Male,Abuja FCT,70871.55
FB102198,26.0,Male,Oyo,12573.92
FB100774,47.0,Male,Delta,140032.04
FB104425,62.0,Female,Delta,15839.66
FB100943,27.0,Male,Cross River,57899.68
FB100822,24.0,Male,Lagos,58170.74
FB104277,50.0,Female,Plateau,44328.33
FB100164,46.0,Female,Delta,72488.27
FB104547,53.0,Male,Kwara,43090.71
FB103983,51.0,Female,Oyo,23907.79
FB102538,38.0,Male,Plateau,113649.54
FB105807,33.0,Male,Kaduna,37599.57
FB101311,39.0,Female,Lagos,171357.12
FB105908,49.0,Female,Imo,57690.24
FB105069,51.0,Male,Oyo,8728.48
FB105649,34.0,Male,Kaduna,22210.59
FB103300,21.0,Male,Imo,38727.08
FB103310,18.0,Male,Ogun,44887.59
FB100327,71.0,Female,Kwara,38759.85
FB102490,22.0,Male,Kwara,96354.34
FB105702,42.0,Female,Lagos,68064.62
FB104408,34.0,Female,Kano,39712.47
FB100832,54.0,Female,Cross River,35413.38
FB103079,39.0,Male,Abuja FCT,6495.83
FB103462,18.0,Male,Rivers,8486.98
FB105328,56.0,Male,Kaduna,13693.78
FB100054,41.0,Female,Rivers,33460.12
FB104064,35.0,Male,Rivers,49480.45
FB103451,43.0,Female,Oyo,21746.16
FB101901,22.0,Female,Cross River,43278.39
FB101481,31.0,Female,Lagos,11359.24
FB104873,36.0,Male,Kano,10171.08
FB104895,48.0,Female,Abuja FCT,52514.73
FB104150,56.0,Male,Ogun,21419.11
FB103335,41.0,Female,Kaduna,17461.21
FB100946,32.0,Female,Anambra,32190.58
FB103293,56.0,Female,Cross River,27281.39
FB102161,53.0,Female,Edo,11110.58
FB105148,18.0,Female,Kano,205262.51
FB103057,35.0,Male,Ogun,11682.79
FB100768,44.0,Female,Rivers,20211.95
FB105722,19.0,Male,Kano,69728.15
FB103495,45.0,Female,Ogun,104671.24
FB100285,38.0,Male,Kwara,229597.04
FB101865,49.0,Male,Delta,14603.03
FB104524,35.0,Male,Plateau,97389.83
FB105410,25.0,Female,Rivers,33839.22
FB102332,47.0,Female,Lagos,30530.4
FB102717,46.0,Female,Edo,18503.56
FB102079,29.0,Male,Kaduna,39838.34
FB103389,48.0,Female,Kano,30316.14
FB100722,43.0,Female,Ogun,17738.76
FB100951,53.0,Female,Imo,54535.46
FB105297,42.0,Male,Kwara,62951.77
FB102262,53.0,Female,Plateau,127863.99
FB100989,27.0,Male,Edo,56826.47
FB103212,30.0,Male,Edo,63618.41
FB101759,54.0,Male,Ogun,3170.04
FB104991,44.0,Male,Rivers,47490.27
FB104422,43.0,Male,Kano,16064.26
FB101724,32.0,Female,Imo,23040.82
FB100341,31.0,Male,Abuja FCT,62212.55
FB103701,36.0,Female,Rivers,29658.51
FB104243,43.0,Female,Imo,12294.45
FB100688,29.0,Male,Lagos,113993.32
FB103432,37.0,Male,Plateau,112839.96
FB104944,41.0,Male,Abuja FCT,10602.28
FB100966,31.0,Female,Ogun,32320.49
FB105748,31.0,Male,Kaduna,17496.98
FB102203,36.0,Female,Cross River,23779.11
FB102713,50.0,Male,Imo,35521.43
FB104757,40.0,Female,Anambra,8254.68
FB105356,19.0,Male,Cross River,4378.5
FB105566,42.0,Male,Abuja FCT,130471.86
FB103572,42.0,Male,Edo,61287.26
FB104805,39.0,Female,Edo,73079.21
FB101990,55.0,Female,Imo,220725.7
FB104120,40.0,Female,Kaduna,35904.3
FB104759,35.0,Male,Lagos,23268.01
FB104986,48.0,Female,Enugu,70555.83
FB105312,53.0,Male,Edo,26526.62
FB105767,50.0,Female,Edo,168486.7
FB103600,39.0,Male,Plateau,39008.2
FB105552,46.0,Male,Ogun,4617.68
FB103486,62.0,Male,Anambra,130674.68
FB105010,58.0,Male,Enugu,70580.36
FB100385,47.0,Female,Rivers,19560.87
FB105303,44.0,Female,Kano,32205.34
FB105554,35.0,Female,Rivers,8320.94
FB100536,38.0,Female,Oyo,8854.74
FB105677,,,,
FB104212,45.0,Female,Cross River,35040.01
FB103507,33.0,Female,Lagos,56687.32
FB100201,38.0,Female,Edo,38241.58
FB101332,44.0,Male,Imo,8071.93
FB103502,47.0,Female,Cross River,85359.32
FB102708,33.0,Male,Delta,4131.68
FB104662,19.0,Male,Lagos,54073.83
FB104021,19.0,Female,Rivers,102798.14
FB101854,43.0,Male,Lagos,37925.98
FB105437,56.0,Female,Enugu,4253.3
FB102872,18.0,Male,Ogun,54362.02
FB103030,38.0,Female,Lagos,80393.75
FB101205,48.0,Male,Ogun,197150.98
FB101645,56.0,Male,Enugu,2352.92
FB103417,43.0,Female,Kano,9953.61
FB103476,18.0,Female,Kaduna,17408.25
FB102861,28.0,Male,Rivers,18690.63
FB101792,38.0,Female,Edo,8752.91
FB103797,56.0,Female,Enugu,17554.79
FB103368,48.0,Male,Imo,52318.76
FB103367,45.0,Male,Oyo,63617.98
FB103533,33.0,Male,Lagos,28959.58
FB105487,25.0,Female,Cross River,47721.44
FB103449,37.0,Female,Anambra,7172.77
FB100603,28.0,Male,Plateau,17514.93
FB103056,44.0,Female,Ogun,13900.95
FB105569,31.0,Male,Imo,29697.21
FB100126,65.0,Male,Oyo,113064.28
FB103876,48.0,Female,Kano,16360.95
FB102935,29.0,Female,Abuja FCT,45668.08
FB104451,25.0,Male,Anambra,43316.8
FB103531,28.0,Male,Plateau,41309.04
FB102730,37.0,Male,Delta,75027.88
FB100827,42.0,Male,Abuja FCT,26240.48
FB101639,39.0,Male,Cross River,66800.35
FB100984,35.0,Female,Edo,126392.46
FB103281,35.0,Female,Kwara,183275.1
FB101574,36.0,Female,Edo,13543.93
FB102188,18.0,Female,Rivers,343271.38
FB105604,44.0,Female,Ogun,229799.75
FB102443,27.0,Male,Kano,213303.8
FB100362,40.0,Male,Kano,29661.89
FB102349,39.0,Male,Rivers,21675.89
FB100345,33.0,Male,Cross River,129996.5
FB100814,38.0,Male,Lagos,92786.0
FB104807,32.0,Male,Lagos,56813.68
FB103205,43.0,Male,Rivers,32593.21
FB105050,56.0,Male,Plateau,45288.68
FB105832,39.0,Female,Oyo,15849.95
FB103325,41.0,Male,Lagos,24861.48
FB104106,27.0,Male,Edo,12380.87
FB102116,30.0,Male,Ogun,63255.13
FB101834,36.0,Female,Cross River,52709.77
FB100793,40.0,Male,Kano,24252.36
FB101234,46.0,Male,Oyo,28846.81
FB102674,18.0,Female,Ogun,37700.65
FB100094,26.0,Female,Anambra,6861.41
FB104225,18.0,Female,Oyo,59831.99
FB103756,40.0,Female,Cross River,21780.19
FB102891,43.0,Male,Abuja FCT,365142.74
FB102371,38.0,Female,Cross River,57311.13
FB105037,49.0,Female,Delta,25811.21
FB105389,43.0,Female,Kano,39433.71
FB103228,22.0,Male,Imo,108615.68
FB105421,27.0,Female,Kaduna,69614.5
FB102853,50.0,Male,Rivers,50446.95
FB102912,30.0,Female,Plateau,5756.49
FB101865,49.0,Male,Delta,14603.03
FB104612,18.0,Female,Cross River,44309.67
FB101857,-1.0,Female,Ogun,30516.74
FB102645,58.0,Male,Imo,60015.42
FB102243,43.0,Male,Imo,19231.16
FB102336,44.0,Male,Anambra,11377.37
FB100950,47.0,Male,Kaduna,25154.66
FB103068,52.0,Male,Oyo,19374.2
FB101120,39.0,Female,Anambra,69068.52
FB102597,18.0,Female,Kwara,22662.8
FB102204,45.0,Male,Edo,95204.84
FB100419,50.0,Male,Lagos,28698.85
FB100922,40.0,Female,Rivers,11725.92
FB101254,20.0,Female,Delta,8478.56
FB100477,36.0,Male,Cross River,124122.64
FB102035,45.0,Male,Kwara,16727.32
FB101202,59.0,Male,Imo,158658.15
FB102626,31.0,Female,Plateau,7106.16
FB105857,45.0,Male,Anambra,5776.39
FB101970,42.0,Male,Ogun,140539.57
FB103110,53.0,Female,Kwara,35048.76
FB104018,18.0,Female,Ogun,7754.94
FB102151,25.0,Male,Delta,78729.3
FB103687,44.0,Male,Kano,317927.59
FB104916,32.0,Female,Delta,24606.23
FB101997,18.0,Female,Ogun,37470.28
FB104033,53.0,Female,Edo,100533.31
FB105971,48.0,Male,Plateau,60206.35
FB103054,44.0,Male,Kano,16327.14
FB101248,34.0,Female,Kano,26695.86
FB102192,30.0,Female,Enugu,23276.55
FB102712,35.0,Male,Oyo,74718.38
FB100992,50.0,Female,Plateau,63856.52
FB102190,40.0,Male,Kaduna,44082.09
FB104670,25.0,Female,Plateau,39550.91
FB103762,37.0,Female,Kwara,15216.75
FB103597,47.0,Male,Enugu,50395.83
FB104711,41.0,Male,Plateau,41205.61
FB101318,40.0,Female,Oyo,102277.16
FB101863,44.0,Male,Kano,117800.59
FB102343,27.0,Female,Plateau,12770.97
FB102449,46.0,Female,Delta,70556.53
FB102136,20.0,Female,Anambra,11073.28
FB101065,43.0,Female,Abuja FCT,37107.65
FB101193,35.0,Female,Cross River,13139.04
FB104227,23.0,Female,Rivers,81256.52
FB102621,47.0,Female,Kano,74598.38
FB100077,41.0,Female,Anambra,16551.19
FB102898,78.0,Male,Plateau,27337.3
FB104820,18.0,Female,Kaduna,54801.25
FB101314,32.0,Female,Abuja FCT,21430.23
FB105306,55.0,Female,Abuja FCT,17185.69
FB100872,25.0,Male,Ogun,47202.68
FB103850,49.0,Male,Cross River,10671.97
FB105822,44.0,Male,Enugu,79978.46
FB102965,25.0,Male,Imo,15128.41
FB103391,38.0,Female,Cross River,27115.16
FB102560,20.0,Male,Rivers,22476.58
FB105964,30.0,Female,Plateau,14535.83
FB102635,54.0,Male,Imo,625746.03
FB103530,57.0,Male,Ogun,70072.9
FB100375,25.0,Female,Edo,8210.32
FB101908,33.0,Female,Rivers,31694.49
FB104429,18.0,Female,Edo,4932.63
FB105257,40.0,Male,Imo,105109.05
FB105663,39.0,Female,Ogun,76361.27
FB104027,31.0,Male,Abuja FCT,60662.99
FB101604,49.0,Male,Anambra,59655.87
FB101118,38.0,Female,Edo,12716.64
FB103677,55.0,Male,Rivers,93946.15
FB103490,20.0,Female,Kaduna,153336.25
FB105922,38.0,Female,Delta,32217.55
FB102958,48.0,Male,Lagos,4624.92
FB101994,63.0,Female,Kano,15489.59
FB104846,70.0,Female,Oyo,28263.27
FB105281,38.0,Female,Kano,30723.38
FB102376,34.0,Male,Ogun,23212.04
FB101342,42.0,Male,Enugu,51419.44
FB100320,33.0,Male,Delta,227731.75
FB101619,40.0,Male,Cross River,101895.91
FB103713,33.0,Female,Rivers,10016.44
FB102060,30.0,Female,Cross River,31224.49
FB102219,33.0,Male,Kaduna,62953.86
FB101673,34.0,Male,Ogun,208906.13
FB100260,18.0,Female,Oyo,66018.89
FB105368,57.0,Female,Rivers,12084.78
FB102039,32.0,Female,Kwara,25947.2
FB104785,33.0,Male,Kano,19590.54
FB100901,28.0,Male,Kaduna,6869.96
FB103744,41.0,Female,Rivers,88382.4
FB102026,43.0,Female,Anambra,44995.9
FB104234,22.0,Male,Kaduna,19486.34
FB101917,25.0,Male,Kwara,23451.42
FB101828,38.0,Male,Rivers,3658.74
FB101573,28.0,Female,Imo,16590.89
FB104415,33.0,Female,Plateau,18644.52
FB104749,38.0,Female,Plateau,226762.08
FB105335,48.0,Male,Abuja FCT,33990.29
FB104654,40.0,Female,Rivers,113054.85
FB104208,37.0,Female,Delta,40224.41
FB104627,40.0,Male,Abuja FCT,21527.11
FB100224,31.0,Female,Ogun,11326.1
FB100723,31.0,Male,Edo,69216.91
FB105457,27.0,Male,Kwara,35606.35
FB101141,53.0,Male,Anambra,12341.44
FB102762,26.0,Male,Enugu,18531.05
FB100846,49.0,Female,Imo,8262.0
FB104289,18.0,Male,Delta,58343.93
FB105042,45.0,Female,Imo,44057.07
FB102551,41.0,Male,Anambra,39574.07
FB102928,18.0,Female,Kaduna,20539.89
FB100117,65.0,Male,Kano,72934.05
FB100645,43.0,Male,Kwara,563712.4
FB100003,58.0,Male,Plateau,84472.24
FB104170,39.0,Male,Delta,35679.82
FB100467,43.0,Female,Kaduna,20904.93
FB100005,31.0,Female,Lagos,21757.14
FB100919,37.0,Male,Kaduna,28884.82
FB102595,29.0,Male,Edo,34702.88
FB104324,41.0,Female,Plateau,10533.15
FB101063,22.0,Male,Ogun,123717.23
FB102590,40.0,Male,Oyo,22226.65
FB100242,28.0,Male,Abuja FCT,7597.09
FB105288,35.0,Female,Kwara,21433.51
FB101160,43.0,Female,Kwara,85547.76
FB102870,42.0,Female,Ogun,12187.48
FB103735,50.0,Male,Delta,25937.63
FB102397,36.0,Female,Anambra,9041.62
FB103517,58.0,Female,Kwara,139571.18
FB103421,62.0,Female,Lagos,14243.09
FB102563,34.0,Male,Enugu,35749.9
FB101605,53.0,Female,Rivers,9938.34
FB105869,22.0,Male,Ogun,42120.15
FB102324,18.0,Female,Kano,28216.99
FB102709,30.0,Male,Oyo,9926.68
FB105341,35.0,Female,Ogun,85566.03
FB101312,43.0,Female,Plateau,14084.12
FB103448,28.0,Male,Delta,10527.85
FB103812,73.0,Female,Cross River,91940.92
FB105661,39.0,Male,Lagos,211942.87
FB102362,36.0,Female,Edo,1110.46
FB101975,44.0,Male,Kano,14505.6
FB103514,22.0,Female,Delta,51779.79
FB101761,25.0,Male,Kaduna,217963.52
FB102739,31.0,Female,Delta,121647.37
FB105668,40.0,Male,Plateau,16369.91
FB102472,60.0,Female,Anambra,114013.03
FB104007,33.0,Male,Enugu,159426.68
FB104718,39.0,Female,Plateau,32228.92
FB101493,36.0,Male,Ogun,40243.73
FB104206,24.0,Male,Ogun,48380.08
FB102158,23.0,Male,Imo,125580.2
FB101169,38.0,Male,Imo,17564.7
FB105494,46.0,Male,Abuja FCT,88030.34
FB100232,36.0,Female,Plateau,28479.32
FB100066,24.0,Male,Enugu,61141.84
FB101603,27.0,Male,Kaduna,90509.58
FB103283,57.0,Male,Plateau,29355.34
FB103596,36.0,Male,Rivers,108045.77
FB104632,25.0,Male,Edo,76177.4
FB100125,21.0,Male,Oyo,99672.8
FB101296,37.0,Male,Oyo,38708.91
FB101976,66.0,Female,Oyo,68020.06
FB105495,36.0,Female,Abuja FCT,85532.5
FB105452,36.0,Female,Edo,5565.11
FB102075,37.0,Male,Oyo,125562.42
FB104580,30.0,Female,Delta,32460.95
FB103086,33.0,Male,Kano,8496.9
FB105271,38.0,Female,Kwara,1649.63
FB103345,44.0,Male,Abuja FCT,16760.79
FB105432,37.0,Female,Plateau,183300.06
FB102797,52.0,Male,Plateau,5339.84
FB100918,23.0,Male,Abuja FCT,40921.7
FB101646,54.0,Female,Abuja FCT,52671.29
FB105122,59.0,Female,Cross River,20500.05
FB105126,44.0,Male,Kwara,15595.24
FB104978,43.0,Male,Kwara,11636.97
FB104621,37.0,Male,Kwara,10749.28
FB100364,30.0,Male,Cross River,15426.85
FB103287,40.0,Female,Delta,129522.17
FB102125,51.0,Female,Plateau,45786.08
FB104123,38.0,Male,Ogun,23392.96
FB104569,30.0,Female,Imo,87201.26
FB100525,29.0,Female,Imo,56127.65
FB104821,41.0,Female,Kaduna,38951.5
FB100055,18.0,Female,Rivers,35271.65
FB100638,68.0,Male,Lagos,55974.39
FB100302,43.0,Female,Ogun,286208.37
FB102766,55.0,Female,Delta,45777.41
FB101276,62.0,Female,Kano,55746.82
FB104720,18.0,Female,Imo,27550.35
FB102055,52.0,Female,Imo,15442.7
FB105145,25.0,Female,Edo,7854.32
FB104432,44.0,Male,Plateau,147132.6
FB103644,49.0,Male,Delta,35699.09
FB104143,39.0,Male,Lagos,11776.58
FB102878,45.0,Male,Kwara,25220.83
FB104202,55.0,Female,Kwara,2693.67
FB105175,39.0,Male,Enugu,6785.32
FB102286,48.0,Male,Anambra,19093.42
FB102261,44.0,Female,Cross River,355959.25
FB105240,52.0,Male,Kano,27710.5
FB102296,45.0,Female,Delta,3331.81
FB101753,42.0,Male,Rivers,33958.54
FB105197,47.0,Female,Enugu,14110.31
FB101968,54.0,Female,Rivers,8382.86
FB105277,51.0,Male,Rivers,6863.47
FB103117,35.0,Male,Enugu,105483.12
FB102393,47.0,Male,Rivers,17752.37
FB100523,46.0,Male,Kaduna,6412.27
FB103900,27.0,Female,Imo,17190.68
FB105673,34.0,Male,Abuja FCT,159326.85
FB104699,31.0,Female,Oyo,73415.71
FB105364,18.0,Female,Delta,10728.44
FB103122,30.0,Male,Oyo,62791.01
FB104156,41.0,Male,Oyo,14241.67
FB101969,33.0,Male,Anambra,15524.49
FB100671,43.0,Female,Cross River,134552.66
FB104188,20.0,Female,Kwara,13080.89
FB100666,35.0,Male,Imo,187174.9
FB105263,30.0,Male,Lagos,12820.22
FB101887,18.0,Female,Rivers,61004.12
FB103266,58.0,Male,Ogun,144478.32
FB100280,41.0,Male,Kwara,356090.74
FB101719,21.0,Female,Kano,50110.56
FB102947,43.0,Male,Anambra,109908.46
FB104455,26.0,Female,Abuja FCT,14729.96
FB100899,51.0,Female,Cross River,37176.9
FB105900,37.0,Male,Edo,37705.39
FB100760,53.0,Male,Enugu,68892.84
FB101906,26.0,Male,Imo,40434.45
FB104042,19.0,Male,Cross River,47035.07
FB103823,18.0,Female,Ogun,344183.32
FB104138,69.0,Female,Delta,85789.08
FB103818,23.0,Male,Imo,24396.84
FB104300,33.0,Male,Rivers,15703.72
FB102593,33.0,Male,Oyo,45944.51
FB104164,38.0,Male,Kwara,31652.94
FB103031,33.0,Female,Anambra,502205.4
FB103579,26.0,Male,Abuja FCT,23309.76
FB102832,31.0,Female,Delta,7480.99
FB103472,18.0,Female,Anambra,119546.38
FB100137,25.0,Female,Kwara,60374.0
FB104892,18.0,Female,Cross River,45448.64
FB102180,41.0,Female,Lagos,14660.71
FB102128,27.0,Female,Kaduna,174023.46
FB103177,18.0,Male,Oyo,28034.71
FB104854,20.0,Female,Lagos,11129.86
FB104637,29.0,Female,Cross River,4659.34
FB105115,50.0,Female,Oyo,9727.52
FB105298,44.0,Male,Plateau,96075.22
FB104261,31.0,Male,Delta,11877.55
FB104344,64.0,Female,Kano,42692.75
FB101331,45.0,Female,Enugu,12795.1
FB102017,27.0,Female,Rivers,104023.64
FB104542,55.0,Female,Oyo,23283.38
FB102482,29.0,Female,Plateau,28021.23
FB101358,46.0,Female,Anambra,96158.64
FB101329,40.0,Female,Kano,66741.11
FB105998,37.0,Male,Plateau,91291.73
FB102150,32.0,Female,Delta,8085.45
FB104530,36.0,Female,Kwara,37847.05
FB102122,38.0,Male,Kwara,6651.32
FB104673,42.0,Male,Oyo,82846.38
FB103981,27.0,Male,Rivers,81535.7
FB101252,23.0,Male,Delta,14647.84
FB103278,36.0,Male,Oyo,123415.34
FB103374,31.0,Female,Lagos,29808.06
FB102814,27.0,Male,Plateau,54366.07
FB104719,48.0,Male,Ogun,32389.51
FB101848,30.0,Male,Lagos,52358.43
FB104858,41.0,Female,Abuja FCT,11244.3
FB103037,60.0,Male,Oyo,15554.41
FB100388,28.0,Female,Ogun,27659.64
FB100235,34.0,Female,Rivers,2886.75
FB101077,21.0,Male,Imo,18434.93
FB101984,64.0,Male,Enugu,150197.88
FB104363,79.0,Male,Enugu,98465.94
FB103962,33.0,Male,Kwara,70319.63
FB100770,37.0,Male,Anambra,255116.8
FB102165,46.0,Male,Delta,10208.12
FB104533,26.0,Male,Kwara,68240.41
FB100673,18.0,Male,Rivers,101493.69
FB100249,26.0,Female,Anambra,7934.06
FB101574,36.0,Female,Edo,13543.93
FB103419,30.0,Female,Imo,27342.31
FB102081,34.0,Female,Anambra,4817.47
FB101823,41.0,Female,Kwara,45890.52
FB105631,37.0,Male,Rivers,8070.26
FB105821,57.0,Female,Rivers,1389.32
FB104544,36.0,Female,Anambra,19239.34
FB100716,49.0,Male,Edo,19122.38
FB105819,35.0,Male,Kaduna,70922.34
FB105680,55.0,Female,Rivers,18989.36
FB102048,45.0,Female,Abuja FCT,18979.52
FB105264,52.0,Female,Lagos,37567.25
FB104178,37.0,Female,Lagos,13636.71
FB104809,51.0,Male,Kwara,17806.89
FB102724,42.0,Female,Enugu,7726.12
FB105499,48.0,Male,Rivers,26548.4
FB101460,28.0,Male,Edo,82413.61
FB101668,20.0,Female,Oyo,30826.62
FB102756,46.0,Male,Rivers,48273.92
FB102000,26.0,Female,Delta,35090.16
FB104571,41.0,Male,Lagos,23617.14
FB104613,31.0,Female,Delta,18219.48
FB100404,54.0,Female,Ogun,13574.28
FB100384,29.0,Male,Delta,266650.32
FB105464,24.0,Male,Plateau,28859.38
FB102152,21.0,Male,Imo,6262.54
FB101633,26.0,Female,Kwara,23961.2
FB105909,39.0,Female,Plateau,75247.47
FB104784,66.0,Female,Edo,23890.49
FB103925,64.0,Male,Anambra,25891.54
FB105336,26.0,Male,Kwara,13198.16
FB104158,35.0,Male,Anambra,91552.46
FB104948,32.0,Female,Ogun,26975.99
FB100223,42.0,Male,Imo,12914.84
FB102193,29.0,Male,Ogun,7510.53
FB103136,36.0,Female,Delta,11046.78
FB104469,44.0,Male,Lagos,30681.45
FB101824,48.0,Female,Abuja FCT,22601.28
FB105590,18.0,Male,Kaduna,22145.39
FB105124,48.0,Female,Ogun,36561.26
FB104972,35.0,Female,Plateau,5113.67
FB100797,18.0,Male,Oyo,11959.68
FB102871,38.0,Female,Abuja FCT,7242.77
FB100009,26.0,Male,Abuja FCT,7680.7
FB101944,39.0,Male,Oyo,92463.86
FB101838,38.0,Male,Kano,30783.46
FB104804,19.0,Male,Delta,62882.4
FB100255,41.0,Female,Plateau,34363.08
FB104485,32.0,Female,Cross River,184874.03
FB105481,28.0,Male,Plateau,50052.35
FB101581,32.0,Male,Ogun,16914.72
FB102956,54.0,Female,Lagos,56764.23
FB100924,50.0,Female,Kano,58099.58
FB105386,49.0,Female,Plateau,160101.38
FB102508,18.0,Male,Imo,343312.26
FB105024,43.0,Male,Anambra,58519.91
FB105320,41.0,Female,Ogun,18759.26
FB103775,42.0,Female,Kwara,299235.17
FB104835,40.0,Female,Enugu,55673.92
FB104136,31.0,Male,Oyo,23684.47
FB104964,46.0,Male,Rivers,66337.65
FB102779,37.0,Male,Enugu,85188.92
FB100539,57.0,Female,Abuja FCT,92525.9
FB102745,32.0,Female,Kaduna,111723.83
FB105470,,,,
FB105556,38.0,Male,Rivers,23835.8
FB101145,60.0,Female,Ogun,106589.88
FB105127,38.0,Male,Cross River,8210.11
FB104468,25.0,Male,Anambra,427204.97
FB100667,39.0,Male,Ogun,25064.44
FB103019,48.0,Female,Rivers,89235.73
FB100357,37.0,Male,Edo,122226.61
FB105063,44.0,Male,Ogun,1817.65
FB102831,-1.0,Male,Ogun,7140.93
FB102783,52.0,Female,Enugu,77713.2
FB101353,39.0,Male,Ogun,37283.02
FB105131,45.0,Female,Plateau,30575.36
FB100470,21.0,Male,Kwara,94816.91
FB102703,18.0,Female,Kano,128707.05
FB103330,48.0,Male,Kano,18155.44
FB103637,56.0,Male,Cross River,16742.27
FB101396,32.0,Female,Kano,13103.46
FB103584,52.0,Female,Enugu,37888.79
FB105458,37.0,Male,Rivers,20337.61
FB105262,40.0,Female,Plateau,33031.66
FB103376,34.0,Male,Ogun,54303.07
FB101256,45.0,Female,Plateau,27434.28
FB103512,52.0,Female,Delta,56354.44
FB101250,45.0,Female,Kano,105345.76
FB105348,55.0,Female,Kano,385993.93
FB105846,57.0,Male,Edo,21675.9
FB104298,32.0,Male,Anambra,115027.72
FB103284,40.0,Male,Delta,149903.91
FB102933,29.0,Female,Delta,16856.8
FB104175,18.0,Male,Ogun,19684.96
FB105268,52.0,Female,Oyo,10005.32
FB104910,41.0,Male,Rivers,56070.75
FB101852,36.0,Female,Kano,50938.48
FB105693,49.0,Female,Plateau,83536.14
FB105928,34.0,Female,Lagos,112505.22
FB102105,34.0,Female,Abuja FCT,20093.42
FB100133,59.0,Male,Kano,7531.46
FB105236,31.0,Female,Plateau,12727.58
FB105029,44.0,Male,Kano,7453.44
FB100928,56.0,Female,Abuja FCT,27582.83
FB100823,35.0,Female,Kano,107398.66
FB105526,43.0,Male,Anambra,36337.88
FB101531,36.0,Male,Kaduna,20286.98
FB101214,52.0,Female,Anambra,25147.53
FB100504,51.0,Male,Kwara,20155.68
FB104285,28.0,Male,Ogun,57096.23
FB101996,18.0,Female,Kwara,82967.93
FB103072,45.0,Male,Kaduna,28506.14
FB101958,36.0,Female,Ogun,66380.03
FB101384,31.0,Male,Anambra,29257.37
FB100894,42.0,Female,Oyo,158656.3
FB104924,27.0,Male,Ogun,77205.2
FB100455,33.0,Female,Cross River,46215.26
FB105639,,,,12352.0
FB103709,37.0,Male,Lagos,27648.64
FB105614,34.0,Male,Rivers,36694.02
FB104849,53.0,Male,Kano,7057.08
FB104748,54.0,Male,Abuja FCT,80812.33
FB104268,46.0,Female,Kano,235010.66
FB103522,48.0,Female,Edo,19719.83
FB104134,28.0,Male,Enugu,86853.85
FB103602,18.0,Male,Kwara,43152.92
FB100713,64.0,Female,Kano,10791.03
FB104186,41.0,Female,Enugu,2478.05
FB102214,39.0,Female,Plateau,21351.76
FB105301,26.0,Female,Cross River,9852.56
FB102923,76.0,Female,Anambra,12163.68
FB101810,20.0,Male,Abuja FCT,53456.73
FB103486,62.0,Male,Anambra,130674.68
FB103141,49.0,Female,Edo,111392.53
FB101827,39.0,Male,Kano,54206.4
FB101155,33.0,Male,Abuja FCT,261642.01
FB101324,38.0,Male,Enugu,97978.65
FB104312,51.0,Female,Kano,45813.33
FB100510,44.0,Male,Anambra,19320.65
FB101680,23.0,Male,Delta,5675.54
FB100499,30.0,Female,Edo,68175.54
FB105517,26.0,Female,Lagos,12290.22
FB101856,41.0,Male,Imo,3477.76
FB101388,34.0,Female,Lagos,27843.44
FB103719,18.0,Female,Imo,72690.3
FB102386,46.0,Female,Oyo,37098.04
FB103236,39.0,Female,Kwara,2647.01
FB101540,53.0,Female,Abuja FCT,42378.48
FB101217,40.0,Male,Rivers,24185.79
FB102681,38.0,Male,Anambra,13091.15
FB102993,27.0,Female,Edo,37987.68
FB101191,42.0,Male,Kwara,34423.08
FB105293,48.0,Male,Plateau,51731.28
FB101542,35.0,Male,Kaduna,51072.37
FB103301,49.0,Female,Abuja FCT,57750.58
FB103324,52.0,Female,Abuja FCT,45286.7
FB102539,42.0,Male,Anambra,184587.54
FB100953,18.0,Female,Kaduna,10514.98
FB104846,70.0,Female,Oyo,28263.27
FB104330,67.0,Female,Imo,7790.99
FB100732,30.0,Female,Lagos,69385.71
FB105889,33.0,Male,Kano,14378.29
FB101156,40.0,Female,Ogun,62787.88
FB105638,62.0,Male,Rivers,36772.55
FB103294,26.0,Female,Kano,48829.94
FB102982,55.0,Male,Rivers,41709.81
FB105305,35.0,Male,Kano,124794.5
FB105161,51.0,Female,Delta,26821.78
FB102156,44.0,Female,Anambra,55369.19
FB101062,38.0,Female,Delta,66292.43
FB102616,24.0,Male,Edo,27374.31
FB101167,49.0,Female,Abuja FCT,68372.47
FB103222,48.0,Male,Oyo,13523.31
FB103636,49.0,Male,Ogun,28328.19
FB102938,18.0,Female,Cross River,55207.6
FB104491,36.0,Male,Imo,90135.07
FB103140,39.0,Male,Cross River,44552.4
FB104980,24.0,Male,Oyo,15325.09
FB100143,36.0,Female,Rivers,69365.78
FB102281,26.0,Male,Enugu,46222.99
FB103577,32.0,Male,Plateau,3720.02
FB104946,33.0,Male,Anambra,28622.24
FB102782,38.0,Male,Plateau,77581.25
FB100717,35.0,Female,Plateau,49554.98
FB101819,36.0,Female,Kano,60089.25
FB102502,47.0,Female,Rivers,8940.48
FB104360,33.0,Female,Kano,44855.64
FB104171,71.0,Female,Abuja FCT,8406.42
FB100395,43.0,Male,Abuja FCT,45636.2
FB105883,35.0,Female,Ogun,11584.14
FB104492,35.0,Male,Kwara,227141.76
FB101365,54.0,Female,Abuja FCT,231773.46
FB105543,40.0,Male,Kaduna,34644.46
FB100595,39.0,Male,Edo,8371.36
FB103952,52.0,Female,Cross River,33582.75
FB105392,58.0,Female,Kano,99530.99
FB104968,42.0,Male,Anambra,93348.72
FB102914,40.0,Male,Rivers,162485.76
FB102326,38.0,Male,Oyo,72095.57
FB103766,39.0,Male,Ogun,22374.96
FB103440,40.0,Male,Kano,34589.29
FB103851,29.0,Female,Oyo,108446.7
FB104132,18.0,Female,Plateau,29290.59
FB105580,55.0,Male,Enugu,12461.9
FB102143,32.0,Male,Plateau,44545.1
FB104865,21.0,Male,Enugu,129604.12
FB105073,22.0,Female,Anambra,30786.68
FB101571,36.0,Female,Edo,18711.57
FB104079,43.0,Male,Anambra,15707.05
FB101122,59.0,Female,Delta,40732.91
FB102786,33.0,Male,Ogun,24052.94
FB102967,59.0,Male,Abuja FCT,59037.1
FB102504,28.0,Female,Delta,31079.93
FB103465,27.0,Male,Oyo,92825.98
FB100675,22.0,Male,Edo,5003.14
FB102808,35.0,Male,Kano,25371.61
FB103348,50.0,Male,Kaduna,125503.02
FB100728,47.0,Female,Edo,55230.7
FB100412,32.0,Female,Kaduna,179642.3
FB103146,44.0,Female,Rivers,58680.3
FB101516,43.0,Female,Abuja FCT,12326.13
FB100825,45.0,Male,Anambra,51967.61
FB103267,29.0,Female,Anambra,89529.93
FB103974,50.0,Male,Kaduna,36671.07
FB100616,36.0,Female,Abuja FCT,620127.43
FB100114,28.0,Female,Oyo,76692.37
FB100417,37.0,Male,Abuja FCT,46987.47
FB103069,38.0,Male,Imo,103920.66
FB101625,45.0,Male,Cross River,50411.49
FB105751,45.0,Female,Cross River,145104.88
FB104185,32.0,Male,Imo,13262.15
FB102896,41.0,Male,Imo,42338.31
FB105683,32.0,Male,Kwara,240453.88
FB102082,32.0,Female,Plateau,86959.72
FB100753,47.0,Female,Enugu,103863.8
FB102546,19.0,Female,Edo,236691.36
FB103969,57.0,Male,Imo,26553.37
FB103373,25.0,Female,Delta,64218.13
FB104107,31.0,Female,Enugu,47280.82
FB102444,40.0,Male,Rivers,73098.6
FB104380,50.0,Male,Anambra,8736.07
FB101066,46.0,Female,Enugu,69633.12
FB103913,37.0,Female,Kaduna,28480.51
FB105287,23.0,Male,Rivers,58475.92
FB105536,23.0,Female,Kano,39361.42
FB105387,63.0,Female,Kaduna,46083.5
FB103498,47.0,Male,Cross River,20330.39
FB102738,35.0,Female,Oyo,35533.32
FB105052,26.0,Female,Ogun,19912.63
FB104000,37.0,Female,Plateau,20868.26
FB101568,50.0,Female,Anambra,11810.23
FB102427,53.0,Female,Anambra,478312.45
FB103746,30.0,Male,Delta,36386.8
FB105642,29.0,Female,Oyo,16278.81
FB101687,18.0,Female,Abuja FCT,11773.05
FB100851,46.0,Female,Kaduna,123089.85
FB103546,19.0,Male,Kwara,134643.62
FB100895,18.0,Female,Kano,41213.81
FB104592,35.0,Female,Kano,33768.25
FB100335,54.0,Female,Ogun,3711.79
FB102839,42.0,Male,Cross River,20983.73
FB103087,42.0,Female,Plateau,27183.39
FB104611,-1.0,Female,Kwara,6749.67
FB101348,52.0,Female,Ogun,8574.59
FB101015,48.0,Male,Cross River,12445.31
FB102816,39.0,Female,Imo,50427.75
FB101631,26.0,Female,Imo,131930.76
FB102489,43.0,Female,Edo,3157.5
FB103730,30.0,Male,Enugu,35057.8
FB103251,43.0,Male,Delta,8046.32
FB105636,28.0,Male,Abuja FCT,85975.03
FB102070,46.0,Female,Abuja FCT,220178.91
FB104452,32.0,Male,Edo,15643.77
FB105946,26.0,Female,Rivers,26728.3
FB105408,39.0,Female,Lagos,45355.28
FB101635,35.0,Male,Abuja FCT,13901.37
FB104646,18.0,Female,Kano,56828.85
FB102479,37.0,Female,Oyo,63158.29
FB102265,40.0,Male,Imo,102716.98
FB102959,46.0,Male,Plateau,10840.57
FB105323,63.0,Male,Delta,52505.68
FB105754,53.0,Male,Cross River,116734.81
FB103059,45.0,Male,Cross River,24871.86
FB105053,45.0,Male,Oyo,32267.33
FB102141,53.0,Male,Abuja FCT,105917.07
FB105104,38.0,Male,Anambra,17024.97
FB103118,29.0,Male,Edo,38475.58
FB105188,50.0,Female,Plateau,86737.98
FB105746,40.0,Female,Edo,151404.17
FB104045,24.0,Female,Ogun,92109.22
FB103356,-1.0,Female,Rivers,49673.66
FB102744,28.0,Female,Ogun,23791.83
FB105092,29.0,Female,Cross River,895842.72
FB103506,49.0,Male,Oyo,81250.24
FB101679,43.0,Male,Lagos,12361.06
FB104249,18.0,Male,Enugu,117077.08
FB103147,22.0,Female,Abuja FCT,76619.04
FB102294,32.0,Female,Enugu,11071.98
FB100580,18.0,Female,Kwara,451367.36
FB101470,50.0,Female,Kaduna,21738.82
FB104799,45.0,Female,Oyo,25422.9
FB104070,29.0,Female,Ogun,16194.42
FB105308,42.0,Male,Edo,27205.29
FB103343,31.0,Female,Anambra,13122.3
FB104992,22.0,Male,Kaduna,23576.39
FB104583,21.0,Male,Rivers,12102.53
FB103672,32.0,Male,Kaduna,11852.54
FB100559,40.0,Male,Enugu,115349.26
FB105237,42.0,Male,Lagos,9986.67
FB105215,32.0,Female,Anambra,112475.49
FB102849,36.0,Male,Anambra,71258.53
FB100512,60.0,Male,Imo,58685.97
FB104729,51.0,Female,Oyo,29098.39
FB101081,44.0,Female,Delta,127282.45
FB101664,23.0,Female,Lagos,90964.67
FB101012,18.0,Male,Cross River,44455.08
FB101931,37.0,Female,Oyo,28647.73
FB101150,51.0,Female,Oyo,12114.2
FB102838,40.0,Female,Edo,159478.18
FB100116,38.0,Female,Oyo,17734.01
FB100740,47.0,Male,Kano,24097.99
FB105845,30.0,Female,Kano,252387.4
FB105177,47.0,Male,Enugu,615399.93
FB103675,26.0,Male,Plateau,41735.41
FB100830,55.0,Female,Kwara,31892.45
FB100119,29.0,Female,Enugu,92751.27
FB104752,62.0,Male,Imo,107988.71
FB105811,35.0,Male,Anambra,12477.61
FB105763,41.0,Male,Rivers,56015.83
FB102254,46.0,Female,Kwara,33641.46
FB100635,52.0,Female,Kwara,70972.8
FB104465,33.0,Female,Kano,44109.85
FB104364,43.0,Female,Kano,28098.48
FB104142,24.0,Male,Kaduna,102623.66
FB100991,29.0,Female,Enugu,93773.05
FB100876,29.0,Female,Rivers,4847.91
FB104869,49.0,Female,Cross River,56766.6
FB105315,53.0,Female,Cross River,40796.33
FB105222,44.0,Female,Rivers,45118.37
FB100004,31.0,Male,Edo,65960.81
FB103051,23.0,Male,Oyo,53365.3
FB103124,18.0,Male,Imo,109893.52
FB102660,40.0,Male,Cross River,9718.33
FB102491,41.0,Male,Ogun,30886.49
FB105173,49.0,Female,Enugu,169114.69
FB103854,28.0,Male,Anambra,13830.35
FB104933,42.0,Female,Kaduna,41281.05
FB104777,32.0,Male,Delta,330816.89
FB101715,44.0,Male,Abuja FCT,159667.42
FB101148,43.0,Female,Plateau,169695.08
FB103261,33.0,Male,Kano,88234.3
FB100574,58.0,Male,Delta,14304.69
FB103769,28.0,Male,Rivers,25795.85
FB103736,21.0,Female,Oyo,147544.37
FB104146,48.0,Male,Plateau,404116.59
FB100853,46.0,Female,Cross River,293569.63
FB101982,30.0,Female,Rivers,54145.34
FB102774,31.0,Male,Cross River,156508.03
FB104929,45.0,Male,Kano,347841.32
FB105211,38.0,Female,Lagos,35788.74
FB101166,18.0,Female,Plateau,24520.58
FB100971,41.0,Female,Rivers,24896.65
FB102701,44.0,Female,Kano,40142.98
FB104495,58.0,Female,Cross River,96860.26
FB103847,46.0,Female,Kano,180080.73
FB102368,27.0,Female,Rivers,37699.76
FB104115,38.0,Female,Plateau,4754.83
FB104780,33.0,Female,Anambra,15006.25
FB104131,35.0,Female,Kaduna,33025.27
FB102950,37.0,Male,Oyo,2265.37
FB105625,,,,
FB100524,57.0,Female,Ogun,165727.56
FB102455,31.0,Male,Cross River,156030.02
FB105016,44.0,Male,Oyo,20021.68
FB101841,40.0,Male,Oyo,140383.92
FB100537,50.0,Female,Lagos,21096.61
FB102806,51.0,Male,Kano,40234.26
FB105596,34.0,Male,Rivers,18441.7
FB104341,18.0,Female,Kano,90611.12
FB103175,74.0,Male,Anambra,11593.61
FB100784,18.0,Female,Kano,20293.22
FB104057,26.0,Male,Anambra,30463.26
FB101409,43.0,Female,Plateau,4357.09
FB102537,40.0,Female,Oyo,40573.49
FB100154,45.0,Male,Enugu,29073.67
FB103009,36.0,Female,Rivers,104853.35
FB101686,56.0,Male,Imo,265114.29
FB102901,32.0,Female,Edo,268548.92
FB101964,22.0,Male,Ogun,43891.67
FB104721,25.0,Female,Enugu,39637.76
FB103863,21.0,Female,Ogun,6139.93
FB102733,41.0,Male,Lagos,47779.86
FB101895,45.0,Male,Kaduna,23071.3
FB105442,49.0,Female,Kano,119306.21
FB100569,45.0,Male,Anambra,78534.24
FB101816,34.0,Male,Edo,82339.34
FB102065,34.0,Female,Abuja FCT,36407.01
FB100127,18.0,Female,Rivers,21318.76
FB103394,23.0,Male,Rivers,77355.69
FB103327,30.0,Male,Plateau,267916.65
FB105411,18.0,Female,Abuja FCT,54681.99
FB102975,39.0,Male,Edo,37343.86
FB100980,-1.0,Female,Lagos,49717.36
FB102300,35.0,Female,Abuja FCT,101846.82
FB100190,27.0,Female,Imo,18782.26
FB101139,46.0,Female,Imo,60406.41
FB105088,36.0,Female,Plateau,66471.71
FB100699,53.0,Male,Imo,17631.04
FB105812,66.0,Male,Lagos,4878.17
FB100606,28.0,Female,Lagos,97189.39
FB104276,44.0,Female,Kaduna,36618.77
FB100301,49.0,Female,Oyo,161329.1
FB103420,29.0,Male,Imo,19505.14
FB105859,26.0,Female,Delta,247338.59
FB101060,69.0,Male,Rivers,86082.78
FB102565,43.0,Male,Delta,91878.6
FB103228,22.0,Male,Imo,108615.68
FB101069,21.0,Male,Ogun,7228.03
FB102524,52.0,Female,Anambra,29574.07
FB102205,29.0,Male,Plateau,33955.86
FB101243,32.0,Female,Kano,34546.02
FB100016,37.0,Female,Rivers,11344.84
FB103120,35.0,Female,Kwara,12923.91
FB101205,48.0,Male,Ogun,197150.98
FB104642,40.0,Male,Ogun,2267.05
FB104754,32.0,Female,Kaduna,90405.82
FB100815,44.0,Female,Imo,14314.2
FB103067,27.0,Male,Kano,10281.74
FB105817,50.0,Female,Abuja FCT,44252.4
FB105600,49.0,Female,Delta,7353.87
FB100959,35.0,Male,Delta,21605.44
FB104893,40.0,Female,Delta,229601.5
FB100225,37.0,Female,Imo,103845.19
FB103354,57.0,Female,Lagos,26383.67
FB102485,57.0,Male,Oyo,33218.08
FB100562,59.0,Male,Abuja FCT,10290.95
FB103436,20.0,Female,Imo,22010.64
FB101693,27.0,Female,Rivers,39575.18
FB101045,42.0,Male,Edo,50540.07
FB103446,21.0,Female,Kwara,59564.2
FB104565,53.0,Female,Anambra,332671.14
FB100954,22.0,Male,Cross River,42499.07
FB101124,35.0,Female,Plateau,100089.01
FB102735,57.0,Male,Ogun,55265.69
FB105972,64.0,Male,Ogun,38112.56
FB104735,43.0,Female,Kwara,205620.97
FB105862,56.0,Female,Kano,16894.63
FB101218,36.0,Male,Delta,90097.88
FB105254,44.0,Female,Imo,10465.34
FB105511,47.0,Male,Lagos,100180.55
FB101527,60.0,Female,Enugu,14151.14
FB103987,39.0,Female,Kano,51690.18
FB105365,18.0,Male,Lagos,52595.38
FB101300,18.0,Male,Rivers,71803.08
FB105957,23.0,Male,Kwara,48317.8
FB105699,37.0,Male,Abuja FCT,28808.09
FB100160,39.0,Female,Oyo,69889.64
FB104067,18.0,Female,Enugu,31739.6
FB100956,46.0,Female,Abuja FCT,63002.45
FB103791,37.0,Male,Delta,162878.35
FB103234,44.0,Female,Edo,17504.62
FB102869,29.0,Female,Kaduna,40490.68
FB103777,49.0,Female,Kaduna,48567.96
FB104433,41.0,Female,Enugu,14296.62
FB104973,18.0,Female,Kano,18482.1
FB102961,46.0,Male,Delta,39742.95
FB102200,44.0,Male,Kano,118080.62
FB100098,26.0,Female,Enugu,43006.12
FB105921,47.0,Female,Kano,20352.72
FB102557,36.0,Male,Oyo,64298.7
FB103183,34.0,Female,Edo,2888.18
FB100253,30.0,Female,Anambra,14039.22
FB103923,26.0,Female,Imo,39209.51
FB104199,46.0,Female,Delta,34840.79
FB101445,39.0,Female,Rivers,3485.54
FB105539,22.0,Male,Ogun,202519.2
FB101648,59.0,Female,Ogun,12835.15
FB104682,52.0,Female,Lagos,6968.24
FB104723,27.0,Male,Kano,19772.31
FB103991,37.0,Male,Kano,290165.48
FB101696,37.0,Male,Kano,33415.26
FB103191,31.0,Male,Delta,31597.37
FB104499,29.0,Male,Kano,87666.92
FB101154,44.0,Female,Abuja FCT,96415.38
FB102255,22.0,Male,Ogun,116261.31
FB101682,28.0,Male,Anambra,311322.63
FB103170,25.0,Male,Delta,32047.25
FB102056,58.0,Female,Imo,6744.57
FB104090,18.0,Female,Kano,50356.15
FB105941,33.0,Female,Anambra,39671.91
FB103108,38.0,Male,Plateau,9736.8
FB104548,21.0,Female,Oyo,9391.13
FB103723,48.0,Female,Kaduna,21325.81
FB105423,54.0,Female,Kano,150920.41
FB102049,36.0,Male,Lagos,39320.72
FB104976,26.0,Female,Lagos,12621.32
FB103643,51.0,Female,Anambra,114921.44
FB104936,33.0,Male,Imo,167697.48
FB100623,38.0,Female,Lagos,15568.88
FB100262,28.0,Female,Delta,4987.2
FB105730,45.0,Female,Oyo,58762.36
FB103369,76.0,Female,Kwara,11722.72
FB104061,43.0,Female,Cross River,35761.58
FB105534,57.0,Female,Enugu,56923.97
FB101802,48.0,Female,Plateau,15214.6
FB104736,18.0,Male,Lagos,20775.64
FB105042,45.0,Female,Imo,44057.07
FB102385,38.0,Male,Lagos,12428.07
FB105759,48.0,Male,Kano,26580.82
FB101959,50.0,Female,Kano,34017.94
FB102976,28.0,Male,Anambra,88481.95
FB100488,32.0,Female,Abuja FCT,2524.33
FB101843,70.0,Male,Abuja FCT,48593.88
FB101734,32.0,Female,Plateau,28551.98
FB102911,23.0,Male,Lagos,135483.08
FB103219,44.0,Female,Delta,64901.32
FB100146,30.0,Male,Abuja FCT,92462.86
FB105630,30.0,Female,Enugu,19320.59
FB101986,42.0,Female,Oyo,39949.34
FB101369,58.0,Male,Abuja FCT,92908.79
FB102811,25.0,Female,Delta,61347.9
FB100659,30.0,Female,Kano,29564.56
FB101794,54.0,Male,Delta,23485.71
FB102511,35.0,Male,Kaduna,6252.06
FB103397,35.0,Female,Ogun,169253.14
FB104282,18.0,Female,Kwara,37052.0
FB101147,27.0,Female,Anambra,64522.26
FB103272,39.0,Female,Anambra,24191.32
FB100608,29.0,Male,Kano,49359.9
FB103582,28.0,Male,Anambra,31965.2
FB101930,32.0,Female,Rivers,15240.74
FB100197,53.0,Male,Kano,21674.83
FB102931,33.0,Female,Imo,5047.69
FB102327,47.0,Male,Kwara,388644.97
FB104389,53.0,Male,Imo,30072.15
FB100766,42.0,Female,Kano,30873.0
FB104496,35.0,Female,Abuja FCT,4941.27
FB104218,40.0,Male,Imo,45001.48
FB103255,58.0,Male,Edo,95847.64
FB100202,32.0,Male,Enugu,72051.39
FB103510,64.0,Male,Delta,6075.13
FB104931,44.0,Male,Ogun,11153.3
FB105535,28.0,Male,Anambra,6119.86
FB101733,32.0,Female,Anambra,41987.23
FB105791,32.0,Male,Abuja FCT,60521.42
FB102777,37.0,Female,Cross River,7361.21
FB101707,30.0,Female,Ogun,30892.6
FB105172,46.0,Female,Enugu,17313.54
FB105249,54.0,Male,Ogun,42152.13
FB105757,37.0,Female,Abuja FCT,196087.02
FB103474,33.0,Female,Enugu,78651.87
FB105855,64.0,Male,Ogun,38119.11
FB100854,36.0,Female,Oyo,12431.86
FB105685,28.0,Female,Rivers,5036.26
FB104737,18.0,Male,Imo,37600.93
FB104097,39.0,Male,Imo,108884.11
FB102160,37.0,Male,Ogun,32273.73
FB100698,20.0,Female,Kano,12471.79
FB101368,33.0,Female,Rivers,52921.85
FB102999,44.0,Male,Kaduna,10023.54
FB103696,20.0,Female,Imo,24844.35
FB101636,49.0,Male,Oyo,80277.84
FB103457,51.0,Female,Lagos,8825.5
FB103581,45.0,Female,Edo,8321.2
FB101291,37.0,Female,Edo,139514.77
FB104659,31.0,Female,Kwara,10850.81
FB105616,40.0,Male,Oyo,30995.58
FB101853,31.0,Male,Kano,160720.63
FB105232,34.0,Female,Kano,16652.97
FB103763,51.0,Male,Kano,23301.72
FB103304,27.0,Female,Kano,45419.44
FB105986,25.0,Male,Anambra,14862.75
FB105727,69.0,Male,Enugu,71001.83
FB103743,53.0,Female,Plateau,60305.94
FB103445,51.0,Female,Imo,1762001.09
FB101998,18.0,Male,Delta,25531.61
FB100663,25.0,Male,Cross River,30992.6
FB104779,30.0,Male,Imo,25100.51
FB105353,38.0,Male,Delta,13585.84
FB103748,31.0,Male,Imo,375874.97
FB104413,23.0,Male,Imo,52545.36
FB104744,31.0,Male,Rivers,48812.21
FB105530,22.0,Male,Cross River,18308.57
FB105575,37.0,Male,Oyo,23149.95
FB100709,57.0,Male,Plateau,63488.83
FB101282,26.0,Male,Kaduna,23181.02
FB105864,31.0,Male,Kwara,65200.65
FB105068,22.0,Male,Plateau,4834.4
FB102675,45.0,Female,Oyo,54885.33
FB104029,40.0,Male,Delta,12201.57
FB101306,35.0,Male,Enugu,36055.93
FB105496,30.0,Female,Oyo,22815.03
FB105504,37.0,Female,Rivers,33307.91
FB102237,48.0,Male,Abuja FCT,63925.19
FB103302,37.0,Female,Abuja FCT,5586.83
FB105592,31.0,Female,Kaduna,11549.55
FB102038,33.0,Female,Imo,3991.0
FB101529,22.0,Male,Ogun,23499.89
FB101663,37.0,Male,Plateau,18992.53
FB105450,25.0,Female,Kano,20193.22
FB103002,35.0,Female,Lagos,91205.45
FB101905,25.0,Male,Edo,57653.76
FB103627,47.0,Male,Imo,268807.01
FB105739,21.0,Male,Kwara,9428.75
FB105147,39.0,Male,Kaduna,26945.56
FB104891,23.0,Male,Rivers,51822.1
FB102693,55.0,Male,Kaduna,6878.93
FB103060,36.0,Female,Rivers,42724.66
FB101597,18.0,Female,Enugu,4591.62
FB102729,24.0,Female,Enugu,29033.13
FB102625,25.0,Female,Edo,20081.79
FB105915,30.0,Female,Cross River,18427.45
FB103157,52.0,Male,Cross River,79855.5
FB103314,30.0,Male,Cross River,58927.66
FB101722,47.0,Male,Ogun,10351.54
FB105279,36.0,Male,Kaduna,162749.59
FB101059,18.0,Female,Kano,29432.93
FB104636,24.0,Male,Lagos,113154.44
FB103242,47.0,Female,Imo,567090.13
FB101678,39.0,Male,Abuja FCT,3492.57
FB101757,43.0,Female,Abuja FCT,61265.6
FB104191,39.0,Male,Kaduna,142507.34
FB105116,26.0,Male,Oyo,10781.34
FB100563,41.0,Female,Kwara,15840.05
FB102790,62.0,Female,Edo,111900.15
FB100863,31.0,Male,Rivers,88332.52
FB101484,18.0,Female,Delta,48877.04
FB105134,36.0,Male,Lagos,63309.3
FB100206,18.0,Female,Oyo,148070.61
FB104488,41.0,Male,Imo,34325.39
FB100870,36.0,Male,Kaduna,30160.73
FB104493,29.0,Female,Rivers,18479.96
FB100502,47.0,Male,Oyo,55984.71
FB101028,31.0,Male,Delta,95018.62
FB103840,44.0,Female,Ogun,14971.75
FB102690,30.0,Female,Plateau,18365.89
FB105581,18.0,Male,Edo,486783.96
FB105056,29.0,Male,Imo,40059.38
FB101570,49.0,Female,Edo,3498.36
FB102773,64.0,Male,Edo,60832.28
FB102731,52.0,Male,Abuja FCT,15948.09
FB100804,42.0,Female,Plateau,27512.92
FB105847,31.0,Female,Lagos,11908.81
FB103645,18.0,Male,Kwara,17927.66
FB102454,41.0,Male,Plateau,14678.1
FB104598,57.0,Female,Delta,172046.73
FB103104,37.0,Female,Plateau,17575.77
FB104875,31.0,Male,Cross River,42521.26
FB105959,45.0,Male,Delta,21012.94
FB100200,18.0,Male,Imo,18782.62
FB103099,34.0,Male,Lagos,24487.82
FB102278,24.0,Female,Lagos,53969.84
FB103561,31.0,Female,Kano,34576.61
FB105892,23.0,Female,Enugu,46854.99
FB104474,42.0,Male,Ogun,67225.73
FB104514,41.0,Female,Lagos,17199.07
FB105794,34.0,Male,Plateau,12524.88
FB100391,42.0,Male,Anambra,71085.9
FB105618,20.0,Male,Kano,37931.1
FB105258,23.0,Female,Abuja FCT,147227.11
FB101495,57.0,Female,Ogun,70426.87
FB102695,28.0,Male,Plateau,43384.97
FB102027,24.0,Female,Anambra,45569.68
FB105248,18.0,Female,Ogun,39971.64
FB105463,27.0,Male,Kaduna,20885.27
FB102568,44.0,Male,Plateau,80970.11
FB100064,39.0,Male,Cross River,20872.27
FB103884,47.0,Female,Lagos,131029.95
FB102062,41.0,Female,Edo,10882.69
FB105276,21.0,Male,Imo,7271.21
FB100492,37.0,Male,Ogun,10155.79
FB100379,26.0,Male,Imo,78459.74
FB104859,45.0,Male,Ogun,18498.91
FB103993,40.0,Male,Enugu,24654.22
FB104887,34.0,Male,Imo,208176.31
FB101076,38.0,Female,Oyo,46806.2
FB100878,36.0,Male,Imo,103586.47
FB100337,19.0,Female,Ogun,15435.13
FB101016,44.0,Male,Oyo,63323.84
FB101275,18.0,Male,Plateau,4592.06
FB103798,18.0,Female,Abuja FCT,11409.46
FB104551,47.0,Male,Abuja FCT,165372.69
FB103342,38.0,Male,Oyo,42516.05
FB104911,27.0,Male,Kaduna,21913.49
FB100995,48.0,Male,Delta,83259.75
FB101981,38.0,Male,Enugu,84602.88
FB104297,36.0,Female,Cross River,29206.14
FB100161,27.0,Female,Oyo,362806.9
FB105675,20.0,Female,Imo,65667.11
FB104798,25.0,Male,Edo,34845.53
FB101500,18.0,Female,Abuja FCT,14095.02
FB103843,31.0,Male,Rivers,65995.08
FB105225,43.0,Male,Lagos,15175.79
FB102613,32.0,Male,Kaduna,57378.25
FB103461,43.0,Female,Abuja FCT,16499.74
FB101021,31.0,Male,Kano,42941.34
FB103073,38.0,Female,Delta,24125.94
FB103943,53.0,Male,Oyo,5879.65
FB101585,25.0,Female,Enugu,70903.2
FB101955,19.0,Female,Delta,46183.94
FB103152,18.0,Male,Lagos,106542.96
FB100034,42.0,Male,Enugu,17860.88
FB104014,18.0,Male,Imo,39783.32
FB100775,36.0,Male,Imo,29026.34
FB102556,37.0,Male,Delta,7749.13
FB101478,50.0,Female,Edo,27995.22
FB105486,61.0,Female,Anambra,62474.59
FB101363,51.0,Male,Delta,158835.37
FB102612,76.0,Male,Kwara,11151.61
FB102824,56.0,Female,Delta,101977.15
FB102041,59.0,Female,Plateau,4434.61
FB100241,18.0,Male,Kaduna,45424.64
FB102061,50.0,Female,Kaduna,45631.96
FB102363,40.0,Female,Plateau,21219.51
FB100600,39.0,Female,Oyo,22644.08
FB102435,77.0,Male,Imo,162125.74
FB105393,51.0,Male,Cross River,33226.49
FB102888,43.0,Female,Plateau,24549.05
FB100646,37.0,Female,Plateau,91339.61
FB103890,32.0,Female,Kaduna,110939.8
FB103556,55.0,Male,Kaduna,12789.46
FB103202,44.0,Female,Lagos,158049.88
FB101528,30.0,Female,Cross River,45470.9
FB101267,32.0,Female,Lagos,26249.47
FB101899,25.0,Male,Rivers,11879.07
FB104658,34.0,Female,Rivers,12124.8
FB103005,37.0,Female,Lagos,59348.98
FB102734,33.0,Male,Enugu,41657.11
FB100189,66.0,Male,Kano,14926.18
FB101806,35.0,Female,Kano,56128.66
FB100975,18.0,Female,Kaduna,145526.52
FB102747,43.0,Male,Edo,8926.23
FB102047,54.0,Female,Kwara,11670.85
FB102558,59.0,Male,Anambra,18988.76
FB101082,58.0,Female,Delta,11889.33
FB100474,37.0,Male,Oyo,47461.46
FB102904,73.0,Male,Edo,28177.31
FB104843,18.0,Male,Oyo,6795.68
FB104117,51.0,Male,Plateau,86432.65
FB103385,37.0,Female,Enugu,37679.72
FB104555,62.0,Male,Cross River,65776.61
FB101184,23.0,Female,Ogun,141406.33
FB105051,18.0,Female,Rivers,17311.16
FB105311,43.0,Male,Kaduna,160819.02
FB102433,40.0,Male,Plateau,34892.82
FB105611,37.0,Female,Oyo,5838.69
FB102391,18.0,Male,Kaduna,12377.68
FB100769,22.0,Male,Enugu,1541.5
FB101685,36.0,Female,Imo,9751.5
FB100130,25.0,Male,Imo,34013.82
FB102919,22.0,Male,Lagos,18950.66
FB103171,36.0,Female,Imo,30285.11
FB103444,29.0,Male,Rivers,32648.82
FB105578,32.0,Female,Lagos,30143.91
FB104426,18.0,Female,Lagos,4016.18
FB105334,38.0,Male,Imo,18752.59
FB100466,19.0,Female,Abuja FCT,3233.48
FB105734,34.0,Male,Kano,41564.5
FB103092,37.0,Female,Oyo,15935.75
FB103772,51.0,Female,Abuja FCT,60934.87
FB105191,26.0,Female,Plateau,40537.67
FB105226,49.0,Male,Cross River,133927.94
FB105390,21.0,Male,Enugu,6037.98
FB100860,44.0,Female,Kwara,27296.09
